Timestamp_LSL,LM_0_X,LM_0_Y,LM_0_Z,LM_1_X,LM_1_Y,LM_1_Z,LM_2_X,LM_2_Y,LM_2_Z,LM_3_X,LM_3_Y,LM_3_Z,LM_4_X,LM_4_Y,LM_4_Z,LM_5_X,LM_5_Y,LM_5_Z,LM_6_X,LM_6_Y,LM_6_Z,LM_7_X,LM_7_Y,LM_7_Z,LM_8_X,LM_8_Y,LM_8_Z,LM_9_X,LM_9_Y,LM_9_Z,LM_10_X,LM_10_Y,LM_10_Z,LM_11_X,LM_11_Y,LM_11_Z,LM_12_X,LM_12_Y,LM_12_Z,LM_13_X,LM_13_Y,LM_13_Z,LM_14_X,LM_14_Y,LM_14_Z,LM_15_X,LM_15_Y,LM_15_Z,LM_16_X,LM_16_Y,LM_16_Z,LM_17_X,LM_17_Y,LM_17_Z,LM_18_X,LM_18_Y,LM_18_Z,LM_19_X,LM_19_Y,LM_19_Z,LM_20_X,LM_20_Y,LM_20_Z
76507.652,0.549053430557251,0.31806227564811707,-1.9724181754554593e-07,0.5374616384506226,0.23803813755512238,0.015144594945013523,0.49643266201019287,0.18837040662765503,0.02011108212172985,0.45912879705429077,0.1821368932723999,0.0210381168872118,0.42914286255836487,0.20134936273097992,0.02060868963599205,0.46114251017570496,0.1689513921737671,0.008027167990803719,0.39744848012924194,0.17581228911876678,0.006357579957693815,0.3949141204357147,0.2014061063528061,0.008028091862797737,0.4090176224708557,0.21300724148750305,0.00822420883923769,0.4365476667881012,0.19697163999080658,-0.004998689983040094,0.3638303875923157,0.1893056035041809,-0.009223118424415588,0.3696048855781555,0.21927575767040253,-0.004261785186827183,0.38989493250846863,0.2347903549671173,0.00020619662245735526,0.420482873916626,0.2402707040309906,-0.016772320494055748,0.3508896231651306,0.231712207198143,-0.02438858337700367,0.3607557713985443,0.259507954120636,-0.017847293987870216,0.3800114691257477,0.2704167068004608,-0.011930214241147041,0.41604530811309814,0.2945976257324219,-0.02687782607972622,0.3661611080169678,0.2878527045249939,-0.03745322301983833,0.35543543100357056,0.29991814494132996,-0.034893862903118134,0.3521614074707031,0.30691683292388916,-0.030499719083309174
76507.75,0.5598530694114634,0.3631361109658706,-1.2024633442499843e-07,0.5481053522706122,0.2965255277462242,0.0002483394490953774,0.4960823223879246,0.24305799825132385,-0.0064256998824388095,0.44213671074336314,0.22540412345029284,-0.014202093280107346,0.396849908365691,0.23283006168011883,-0.024914504051947395,0.4683315611754388,0.2159400896234319,-0.03424508912330682,0.39351241105844165,0.19091993069890564,-0.06249012414031542,0.345445127728109,0.20310883886781875,-0.0805105586920373,0.3159891903893022,0.23153462119338927,-0.09036054562743695,0.4562741231192869,0.23937087473029217,-0.04711543480466119,0.37467673839616383,0.20621724145740247,-0.0732034036510426,0.32724326625074507,0.22537979388442997,-0.0858785622402645,0.29821377139535726,0.260500693997434,-0.0926158918559976,0.4520810220046298,0.2816818307925668,-0.05909633294593159,0.36995465467963157,0.2483420437054917,-0.08263405996138981,0.324486182494597,0.2678275982031331,-0.09014896304394901,0.296527408348896,0.2990086541016419,-0.0929258171200282,0.45337460266746676,0.33878849593434096,-0.06975381124056568,0.3916344180490449,0.31592972770299704,-0.09313759916118444,0.3523183234825249,0.3161480069653062,-0.10060387660044642,0.3242449258880271,0.32628194091017315,-0.1028295809180552
76507.776,0.5250604805658643,0.3494801631427624,-4.773482744597018e-07,0.43574987940105525,0.37397877799462015,0.013183914180453962,0.3683993223448373,0.3491790879908384,0.02593104202864236,0.32355115259364864,0.33037144833318777,0.033370842192791524,0.289039698126833,0.3179766919303456,0.03955307217106627,0.3567375042599948,0.21472165331429546,0.03612662579677071,0.2992860151452575,0.2637717683721059,0.04219270167757458,0.27533299032800485,0.31885445146604713,0.04119555451831766,0.26566296854203153,0.3687837843872862,0.040236920900628775,0.3650847475504366,0.209529547899798,0.023687340833201377,0.3009199141651856,0.27825987682871045,0.02800568249801183,0.27291044917355256,0.3410377622329004,0.015254520099246285,0.2579796565326088,0.3994528069753047,0.005138308137419834,0.37276386133126266,0.22564438401235998,0.010682722745735347,0.3085701993709629,0.29661514399372746,0.008368646503589316,0.27691500803860747,0.3596537528178722,-0.0054841973340523514,0.2590057424241256,0.4142277908782912,-0.015071583825461421,0.3803990593391562,0.26217986393317577,-0.0014699199478552943,0.3229596072943076,0.31053489805898826,-0.006526333338185086,0.29282514847254637,0.35333379555955585,-0.011242490730390312,0.26949728040314586,0.3931294229515984,-0.013351437506070929
76507.809,0.480995485250549,0.3891091723845331,-4.511071692114747e-07,0.4359009184869307,0.34807181879599336,-0.0006027827787347048,0.36857429612799986,0.32298706253126397,-0.005772771987705698,0.31179124757849114,0.3333448527182232,-0.010813022028043809,0.26939884125396374,0.35635363824067573,-0.017207777498366827,0.3457629982873223,0.2631117131381932,-0.028658455788711783,0.26651674255808905,0.3150439246616277,-0.041495864946029457,0.23439977120278,0.36915773507690636,-0.04475195746037838,0.21988164054976003,0.4175668382942549,-0.045305333046361154,0.3567797357565539,0.2774380797217636,-0.034982264866769655,0.2776512897756802,0.34075455565875695,-0.045945982743058,0.24788725690802166,0.4013032816113659,-0.04910072218364589,0.2310029129520714,0.45373014949136825,-0.05316046716767544,0.3691995492597784,0.3075524474127452,-0.040133721766502546,0.295967431412637,0.3645342765765696,-0.04906577748756297,0.2620398968403144,0.42212489035726714,-0.05018044135984085,0.2410201452751205,0.4726752387877876,-0.05312079440477764,0.3819155821872085,0.349277652303814,-0.044577580779293705,0.3274246216925358,0.3938670799921189,-0.05747612146440915,0.2968522403536157,0.43112477626371815,-0.06133014504857228,0.2748702273611113,0.46731038821206455,-0.06300905500076118
76507.865,0.601418148145772,0.5910533966099875,-6.19926762735463e-07,0.5200396166375668,0.494252720438743,0.014014197792263318,0.4231752365476401,0.4563042103007413,0.003052032082749453,0.34300553358644376,0.4650337297290465,-0.012414758031241245,0.28604976796492937,0.4934649986449443,-0.03217230327429885,0.40320871127320174,0.41813302546549463,-0.04699172355435226,0.2726720152070706,0.4268407226239833,-0.08371412040178289,0.22133959994800112,0.4878966222879879,-0.10205268005902784,0.20339683803156386,0.5389240855010111,-0.11008400039475696,0.4218120618375352,0.47161169962700056,-0.07090665903912638,0.2871602982133941,0.48773993416479056,-0.09954855682968979,0.2280710112858366,0.54985395020088,-0.10344995993366413,0.2065558492133491,0.5996394230093215,-0.1063670719432959,0.44214218856021026,0.550191657900329,-0.09239841903478255,0.30677618047614164,0.571790151804205,-0.11805306857801136,0.25026615717685924,0.6225477858438615,-0.11307872476084352,0.22972850091663108,0.6595873673925795,-0.10862747125530747,0.4611793946897677,0.6440124062986209,-0.11133966238326343,0.3481167666399866,0.6799110936628842,-0.13601588487283434,0.2925573270070351,0.7072035723620522,-0.13445982527543093,0.26341669233697695,0.7277787443180216,-0.1296653399955548
76507.897,0.6205405731104222,0.6380391335394362,-2.912692265867633e-07,0.5376286474723201,0.5401975051873471,0.02303976156131038,0.4436077325629071,0.5026674340410385,0.015175046476908826,0.36636090312657255,0.5094754312155608,0.0028714209088692468,0.30972528256065457,0.536145299664127,-0.013873095433167375,0.4221080319197108,0.47206560225564337,-0.04632633362098138,0.2961328294795927,0.47359207792624547,-0.07811591244142299,0.23303751145810767,0.5107668699363157,-0.09140784762331283,0.19903175875520476,0.5473216507758747,-0.09560249803384399,0.43650605704692697,0.5336570083916496,-0.07226781558796522,0.3021664960278052,0.548228256354135,-0.09801246853625062,0.24343920966602597,0.589432133869245,-0.09815525688101578,0.21908120481943655,0.6245857108079655,-0.09657191839156924,0.4552279770633443,0.616800274241545,-0.09416699843699476,0.32447060709159653,0.6389725543494568,-0.11316688816646758,0.27053124011349344,0.67323038315214,-0.10472801642257662,0.24632823050437846,0.6971854287608589,-0.09783909172170561,0.4765639629445432,0.7105040659698699,-0.11276140158543306,0.37486182466178464,0.74983075804742,-0.1311836969447011,0.3186025553643273,0.7691099318598539,-0.1288301988783748,0.2807817559081065,0.779484511531455,-0.12385800886619223
76507.93,0.6139578881933976,0.6693939528826454,-1.6646505568680273e-07,0.5347960307953725,0.566672278102565,0.024716277026249015,0.44160279305795397,0.5285757654921941,0.018743463479541415,0.36364234806526813,0.5402805116798657,0.00910754258059161,0.3060460513363537,0.5690295850729755,-0.00451658665716332,0.4230476813097476,0.5015711832443205,-0.049787519733184286,0.29363631925407135,0.49548840232747215,-0.08157573660511469,0.23142310798346116,0.536149379044725,-0.09119216301792132,0.20097155429002792,0.5756560614008358,-0.09104883093707833,0.4377979600217386,0.561512972210013,-0.07479802535201577,0.30149649077944535,0.569398787197029,-0.10091263946643293,0.24083180107175656,0.6179598011106479,-0.09587182644176782,0.22244253085821447,0.6587948258484131,-0.0880707255836518,0.4574700639535275,0.6430270856408892,-0.095414479815249,0.3285854619244914,0.6699967984316946,-0.1130903720647337,0.27768674561637285,0.7072113589231676,-0.09850904926851985,0.2625143590351686,0.7275074304234691,-0.085062151948413,0.4795468192180998,0.7342784145791772,-0.11265910955473427,0.3764329163447197,0.7798718805623212,-0.1284154008926119,0.328325047542196,0.7976656524320456,-0.12126235499288011,0.3042533339142009,0.7969210896002236,-0.11101120543450331
76507.978,0.6124732374858612,0.6876010328599915,-1.9108792945876882e-07,0.5369665105034265,0.5819347881480477,0.023945105273410525,0.44640643336122826,0.5431799002484372,0.016633258023942724,0.3674569835835303,0.5500674919676067,0.00640416532385263,0.3073653208754602,0.575742634213098,-0.007261714965151281,0.4241669077211017,0.5168037781727515,-0.05596779954886964,0.2914767066575505,0.5145313382549043,-0.08487793846883937,0.23126526712488552,0.5537308767060595,-0.08918209807621835,0.20334244460147574,0.5918046695427458,-0.08531339853929774,0.4394101053792795,0.5771445843985052,-0.07955234954065836,0.29870268003452727,0.5899355144877901,-0.10284113406490741,0.24429456776010922,0.6357849289537476,-0.09306829143725164,0.23188697298807928,0.6682005025742672,-0.08221108954528862,0.4577259822107426,0.6579200944343491,-0.09797226605851642,0.32152958875041315,0.6900144425342464,-0.11452204705927106,0.2814430223397886,0.728214213223526,-0.09426331561806517,0.27870271674127567,0.7432807429237164,-0.07691521883931242,0.4777670161216188,0.7477556729270914,-0.11298272063959484,0.370688047586856,0.7990901978248669,-0.1290172626119781,0.32978524469194925,0.8151425311575703,-0.11893617610710076,0.31637828566041337,0.8077513395639109,-0.10598111897057653
76508.014,0.614845513429176,0.7012899590676148,-2.073592961577513e-07,0.5424447831912281,0.593313172774235,0.025300882098618797,0.4553610344663366,0.553458049126268,0.01787178274210454,0.3781233749851572,0.5572719717971037,0.007569826829235944,0.31730499549518515,0.5803720327135471,-0.005820230739968847,0.4302130093640688,0.5285643823062929,-0.0585916399516241,0.2928722583719671,0.5266713876843393,-0.08671404638655068,0.2332227384879959,0.5651464519511624,-0.08876761251582636,0.20617003448144092,0.6024914502994928,-0.08309532776503113,0.44421951689481237,0.5902183955189773,-0.08242262028768456,0.2971244252960133,0.6060403603412476,-0.10487914673278573,0.24640980566131246,0.6492382431251247,-0.09238118157335844,0.23733849302197776,0.6768576828962212,-0.07958450842061354,0.460451653189498,0.6721090994679377,-0.10067242684465681,0.3182133341274508,0.7027160828197279,-0.11629036649460497,0.282842848842034,0.7368299509002647,-0.09245923134886756,0.28494151931295864,0.7479118866289918,-0.07263996469059832,0.4783086506900007,0.7623304505957551,-0.115467145761796,0.36801700022133893,0.8096251788666271,-0.13098994665986796,0.32949135794786977,0.8219417947144003,-0.11879370196644642,0.3193269993533783,0.8119598522157278,-0.10407028698690778
76508.041,0.6163390048149113,0.7118054322611976,-2.014011659457559e-07,0.5450844210247563,0.6025012492349612,0.024955985315054253,0.4589793346704913,0.5630389923573221,0.01779764383037579,0.3828172863507463,0.5692429802322936,0.007519211346992855,0.32318512614844186,0.5948073818927931,-0.005733331820060306,0.4342386641017978,0.5389208696288879,-0.05629420582481144,0.2952924568641549,0.5367523600464534,-0.08520503983879782,0.2359188919857764,0.5747805858294817,-0.08883821866043357,0.2091551891379676,0.6117499671549519,-0.0842560761921706,0.4456910962024751,0.601839659646418,-0.0800159704521502,0.29802213795868426,0.6151453985239819,-0.10257476104563364,0.24737520524660306,0.6571418486008684,-0.09162640081661487,0.2381092409395596,0.6841608067149693,-0.08007327068767832,0.4598141762832809,0.6837806510406774,-0.09840174725120765,0.31631278977538446,0.7136377783428675,-0.11418332835815062,0.2836013845291062,0.747811123223759,-0.0915843203211221,0.2880048940834957,0.7582978342938959,-0.07261713381883941,0.4759805020199525,0.7729240322161839,-0.11349447657023795,0.3653867813348867,0.8201123469967379,-0.1291729012631575,0.3297446221937555,0.8302982311575713,-0.11752108044465084,0.32321527618079277,0.8171006975653641,-0.10327400707966887
76508.072,0.6145060709288364,0.7216793048505932,-2.3236862437912215e-07,0.5444562687891785,0.6117125676567016,0.02462309095428912,0.4604462645144061,0.5691340201059609,0.017870740899589198,0.38503298919392354,0.5743047821944086,0.00850427339658053,0.32504916810332085,0.5979186427412914,-0.0037511609521358293,0.4346548799672917,0.5442492196468977,-0.06005223452056361,0.2950909551060347,0.5428883128986363,-0.09026382245003847,0.23586063322174938,0.5829709750957106,-0.09346451442658117,0.20906154371303165,0.6210952400704818,-0.08804700493069839,0.4473349465316032,0.6070482590104127,-0.08374460006224804,0.29647872522228313,0.6226991114533817,-0.10799052517167712,0.24758831915357796,0.6686757907152192,-0.09523527608730346,0.24126994486485281,0.6978828448803404,-0.08157131742057182,0.461641302178645,0.6894899174686325,-0.10215908289024903,0.31586753292139397,0.7201672047009572,-0.1194640634372811,0.28462432696328843,0.7562221233902935,-0.0946698428735445,0.290227776325979,0.7672309000209402,-0.07325721486020752,0.47783706206324417,0.7794639812036002,-0.11730055296624087,0.36338895624850653,0.8239121431858859,-0.13367102792317104,0.32930522126445266,0.8340807304019451,-0.12041760960748493,0.3247296521064557,0.8219297580335835,-0.10439014864403721
76508.105,0.6118955700878427,0.7313985377599558,-2.2295001465218775e-07,0.5445324162770583,0.6211802847117196,0.02378745039704689,0.4613806551653205,0.5749865796646418,0.015961101695665,0.3856840091882751,0.5765393732233343,0.005603344625259443,0.3256772016515529,0.5986469203581836,-0.007770604626112573,0.4367900982888657,0.5485570534802506,-0.06309973260197457,0.29709941964965286,0.5438660551157299,-0.09238425904980374,0.23778773463465033,0.5827555147847392,-0.09447218665519345,0.2115588800194056,0.6205535276179083,-0.08858181730005049,0.44949821882003077,0.6116781910198871,-0.08663042340573887,0.29796890621412025,0.6244996054447002,-0.11082211459936726,0.24921771785080984,0.6700944661851973,-0.09783800926906343,0.24354557802222596,0.69894550825032,-0.08451551817860103,0.46294907066323043,0.6951316079213317,-0.10463266302913796,0.3163666102121413,0.7206756778900915,-0.12229006129744875,0.2841845131872174,0.7589641622802751,-0.09787996976509136,0.29013107004623856,0.7734449210358504,-0.0771660591539063,0.4777454605585949,0.7865602687157548,-0.11926525239451381,0.3639724391391854,0.8224337233936015,-0.1354805333901471,0.3319486522643603,0.8374323163946376,-0.12161386425088448,0.3302549440020326,0.8342033825550048,-0.10550462493188931
76508.137,0.6105183203291168,0.738039784963467,-2.62826655438488e-07,0.5426828638749007,0.6278033731911234,0.02447392944548977,0.4569557464682219,0.5826108489023194,0.01687305021819723,0.3795089765433294,0.5861256478563748,0.006807857745556281,0.3188796267131488,0.6079573374992387,-0.006202638904093319,0.4369248943515651,0.5553261295175622,-0.06607756274519133,0.2983718713973239,0.548544227553647,-0.0935777741442928,0.23956413848652744,0.588525856000912,-0.09175046323392681,0.21510976819181507,0.6256168509962071,-0.08372389638638707,0.45138874089057707,0.6202490462407031,-0.0907669833318393,0.3000697579711092,0.6319974298716153,-0.1168072334089504,0.25249537693189283,0.6776553660657053,-0.10284088935393748,0.24940831386619336,0.7063123414697339,-0.0884271547642593,0.4663679827593463,0.7047732202547434,-0.10961492387011436,0.3216707648283191,0.7297415941902552,-0.12911681961508545,0.28805302830279633,0.7679881343336633,-0.10562265291553084,0.2928409631577128,0.7830434317179954,-0.08547481452620395,0.4824874905815342,0.7961660950042222,-0.12478328838280757,0.3703669382725492,0.8313648963333005,-0.14424265941074377,0.3346010428500314,0.84187299064185,-0.13385255774767577,0.32838646831687346,0.8345458863237615,-0.12024957482587623
76508.168,0.609565683218456,0.7460185428204693,-2.7619528417710913e-07,0.5421708209794168,0.638399184534591,0.021100461057292654,0.4557441822070311,0.5917803713579854,0.012557051987618606,0.37820317841692824,0.5947656046461075,0.0027235050089009453,0.3185541473599446,0.6185171235446989,-0.010446799271985493,0.4375460084155071,0.5626802042247833,-0.07246266676538114,0.29887285936729435,0.5607542998862639,-0.10107918830200087,0.24074600940166607,0.6014833607210834,-0.10020980864706858,0.21808002488430264,0.6370554948592329,-0.09304368724203604,0.4549813247580078,0.6298762386772576,-0.09612496491108469,0.30255031935196575,0.6453754847304847,-0.12326294448274835,0.2557794248253453,0.6902364926833553,-0.11079765325790566,0.25555743299551575,0.718165109333331,-0.09786282837288424,0.47242265420831187,0.7160892536933605,-0.11391867404278641,0.32615828566457394,0.7413450665421375,-0.1360394738280753,0.2902949636786346,0.776597119544135,-0.11591254549720185,0.2951569005088016,0.7889460398626257,-0.0981395663613034,0.48956689114930185,0.8084483762013175,-0.12786469481859492,0.37490560972834985,0.8442082798026158,-0.15140738165856948,0.33858889152633026,0.8508782710353516,-0.14410644886129448,0.33318094820820715,0.838668460003391,-0.13268891808291552
76508.199,0.6085689598826354,0.7556303913595528,-2.573963289841879e-07,0.542133965720892,0.6497270959011363,0.01802218299633901,0.45551817732834216,0.6003776006439709,0.008360162365570597,0.3772383548736008,0.6010216976823033,-0.0018784498788653615,0.3172653762631721,0.623460331609943,-0.015819710345028194,0.43790303341703446,0.5692596917745513,-0.07368680610609393,0.3008773747944779,0.5728602439003099,-0.10210748511707828,0.24208950384450967,0.6130188029543738,-0.10284337552662913,0.21815226780837937,0.6472146030627133,-0.09748336877214088,0.45613914790892823,0.6387097009835467,-0.09648823338357841,0.30440748742482054,0.6553330947137012,-0.12389844818712402,0.25882381198767435,0.7011188622769702,-0.114088775836094,0.2597496164300257,0.7298040289879365,-0.10371413634600314,0.47363325342926527,0.7272284545446545,-0.11356446959509287,0.3275786628803579,0.7519733929560342,-0.13665374571394337,0.28968981336143024,0.7902547273624879,-0.11994714939493571,0.2927236403711373,0.8047907277316845,-0.10508846089193287,0.4903984081290039,0.8222317658927949,-0.12682108311843396,0.3742636253271518,0.8576919761420055,-0.1503166619751316,0.33962350351053916,0.8644674113688838,-0.14369077177470424,0.3362199528350723,0.8516829972506703,-0.13360058294558513
76508.232,0.6091685571037541,0.7629265945817185,-2.0811132791415403e-07,0.5420280015022543,0.6589001253181742,0.018608799616788383,0.45310988263769786,0.610562642557741,0.008280777006670875,0.37258166064844483,0.6127227179908231,-0.0022841628851877167,0.3110037538714532,0.6367406336847266,-0.017220121707923645,0.43922210805345063,0.5789362129504912,-0.07826754397318793,0.30257667865122656,0.5812179350908732,-0.10636707797151636,0.24126192499110366,0.6184636185620334,-0.10639052349801914,0.21415081283701964,0.651129872627403,-0.10107790449676168,0.46007640503901454,0.6488945284657285,-0.10197397016886732,0.30420746886126476,0.665745272870859,-0.13068587874227872,0.2561002338165348,0.7066247932282087,-0.12111121558388165,0.2551861803196686,0.7322826690420807,-0.1109033429839566,0.47937791772269683,0.7382922066697013,-0.11938480006932077,0.32646575334843786,0.766446904626646,-0.14485689189803075,0.2840083259625014,0.8033592305938226,-0.12941387778823105,0.2833754964632336,0.8174578849162882,-0.11523631870531435,0.4972249345932607,0.8345547593047091,-0.13244918136315043,0.3779501378511202,0.8728650834632206,-0.15863900853432106,0.34414007431880217,0.8779397052494455,-0.15300392315855554,0.3424337149954926,0.8628927160673273,-0.14350224276040235
76508.263,0.6124995640526921,0.7726878884694781,-1.6757693427200583e-07,0.5449104263698109,0.6673842392880291,0.01777661450961737,0.45536893607063383,0.6185860409535222,0.006402116100839346,0.3724729196412833,0.6219254753155075,-0.004335276468573558,0.3092774292605007,0.6476638231808667,-0.01939362903004498,0.4439483091086028,0.5870587937565851,-0.08404168857277335,0.30532901634716614,0.5866060747800531,-0.11399471082377707,0.24118194974113505,0.6234950461342138,-0.11408340097287047,0.21324295197298537,0.6567717136779772,-0.10806644005382325,0.46560193124268134,0.6583751433235807,-0.10739022426107611,0.3055515714117969,0.673799799766274,-0.1376815124071613,0.2545417693751055,0.7120170856178033,-0.12653106935464886,0.2535793801709511,0.7359637306683642,-0.11415878661344031,0.48466965480183744,0.7488169240575551,-0.12437208901431818,0.3273778375020337,0.7778846077386026,-0.15144448579176967,0.28090621351479356,0.811964201305001,-0.13487809305763443,0.2787785074581217,0.8238910821938934,-0.11889712421632942,0.5023135086291884,0.8461349648964381,-0.13684840309870397,0.3803587081254009,0.8888479748519086,-0.16483617750853594,0.3457852858453025,0.8932359128038934,-0.1588480613887696,0.34535400443011666,0.8766336003619492,-0.1480402316498066
76508.297,0.6166941646220815,0.780719899350542,-1.3310164205943812e-07,0.5476756159058757,0.6752299497713883,0.01548913073989432,0.4582385762341711,0.6247599240191538,0.0020284341783822803,0.3750711233052354,0.6272640251775609,-0.00987491630629497,0.3105539162671177,0.652943684977107,-0.02559456709658472,0.4496441981362682,0.5960872158834637,-0.09127058615048678,0.30877794334472525,0.5955941654565384,-0.12259961742703161,0.24287868947742952,0.6304451358649923,-0.12217990410510009,0.21396600979707794,0.6616584887631719,-0.11495426543401914,0.4712998134989954,0.6702565080883488,-0.11309682555821556,0.3084162584323603,0.6848916767023392,-0.14270443528948826,0.2537309617954922,0.7166518948820879,-0.12843458015674988,0.2507344458089678,0.7358737740919951,-0.11348729074167503,0.4896788443417719,0.7614057043598705,-0.12840475649338526,0.32928954622476475,0.7877902808833821,-0.1538667476607249,0.28365347723121853,0.8115211672174861,-0.1321776444846575,0.2850416323678242,0.8149209301162862,-0.11220807325553625,0.5058562770011021,0.8588101378933564,-0.1396975144338867,0.38260420204011775,0.9048574893193678,-0.16732591157497456,0.34452533442684447,0.9047412916676131,-0.15938442353170343,0.3430424996460717,0.8824363690091992,-0.14615947515572245
76508.328,0.6222448909152563,0.7884992212847884,-1.0339330453747146e-07,0.5539458462421192,0.6802278513286046,0.014242713126982557,0.4650096781128713,0.6278673479966792,0.0004696887855639806,0.38231761308687595,0.6290548794290637,-0.01100518381069606,0.316982083185593,0.6562904843245031,-0.02638444575871685,0.4564204729425259,0.6002760564400271,-0.09380169896931193,0.31384881940395526,0.6000437342138855,-0.12583775624844826,0.24753965098617445,0.6347170136225054,-0.1267106161726507,0.21805853204250572,0.6654719140705432,-0.12006093815750436,0.4767733280962399,0.6775303832330386,-0.1141344118576183,0.3134402617490962,0.6926694583114251,-0.14276057305139428,0.25505588583272526,0.72153792004518,-0.12900134470215607,0.24894016549427025,0.7392540438576164,-0.11494609283830376,0.4932770066158938,0.7713376479903798,-0.12787409637993438,0.33164317297230406,0.7973772594527977,-0.15330924623622502,0.28468477547467774,0.8181135089982974,-0.13234073473331834,0.28556445043560774,0.8191170059682618,-0.11272864323970823,0.5080198495004586,0.8702701781154688,-0.13748940539624338,0.381352609741441,0.9160929292891962,-0.16440662611569867,0.34230208251118593,0.9139038239818299,-0.15557984194479682,0.3413133652814598,0.8889294073085916,-0.14165143806886304
76508.362,0.6267837361643686,0.7948400721611554,-8.476746376701792e-08,0.5574555865481078,0.6860935590489152,0.014596815513833888,0.4686508361400063,0.6306321993881148,0.0012147002402464217,0.3864969691893229,0.6267400788726277,-0.009560567557360395,0.32107106091837073,0.6530780372680055,-0.024110406665027347,0.46048253248161186,0.6070699283983475,-0.09440991800104813,0.3180865042465001,0.6041139581004529,-0.12556010374894835,0.25182752880436365,0.6370338331402026,-0.12534140783778575,0.22247836255216455,0.6680048175272743,-0.11828787305061977,0.4801344131347375,0.6860011271437247,-0.11443798567379532,0.31539814893241974,0.6990607419402838,-0.14252763993492668,0.2571293277429452,0.7247650687973477,-0.1284694921091121,0.2496944772056073,0.7408612294947147,-0.11470025534846055,0.4959632154438497,0.7810923862983505,-0.12769245611425867,0.332828860574977,0.8064637062568544,-0.15295125301973558,0.285630794630569,0.8243531101644298,-0.1329837436845788,0.28440908831656114,0.82369920576505,-0.11464171136894898,0.5101344039725324,0.8806118165453352,-0.13665176302450688,0.38576869925833696,0.9240604356323417,-0.1642827749371748,0.34343612545505203,0.9200986070424164,-0.1574421942670061,0.3361622340578436,0.8943270568572755,-0.14555243837417065
76508.442,0.6354129073174477,0.8064208720793521,-7.265919750840344e-08,0.5666303655999532,0.6947078941565313,0.011672449608079581,0.4784478381111942,0.6379287120058297,-0.0019820846028486294,0.3957017878938294,0.6327781622198215,-0.011172758891753851,0.3291982750024983,0.6557991421723164,-0.023841077559087213,0.47177394754493474,0.6201219552527932,-0.10373175957730642,0.3300660991145275,0.6138372980293283,-0.1367914930760336,0.26057247285700913,0.644538349365934,-0.13633960899452902,0.22791972865975402,0.6743261009375515,-0.12919275434373706,0.4903456058421925,0.7009306772768383,-0.1218226239793707,0.3263399457239788,0.7128649880665783,-0.15312698933082533,0.26970123626962283,0.7327530971104759,-0.13990811543491205,0.2647421823769968,0.7447700188587181,-0.12668349653467803,0.5037130734463997,0.796940319868698,-0.1331761188267905,0.3387236663568396,0.8219927542970334,-0.16293093332580755,0.2822849357331069,0.8357694135280481,-0.14986773112675697,0.2718064396928371,0.8328085868217562,-0.1364967880308909,0.5161093991705591,0.894911002915266,-0.13962295613106504,0.39492753393460217,0.9386540465201353,-0.17290415302644552,0.3491509406093906,0.9303162803450064,-0.17318841574168034,0.3366626444919738,0.9020031350496189,-0.16685027117419043
76508.447,0.6370875914681668,0.8083047081135487,-6.419793625742559e-08,0.5686097628607722,0.6982377127998345,0.012926424712319232,0.4761547073273652,0.6449066638104463,-0.0012370317652670867,0.3907829463258247,0.6453589362355707,-0.01206344817490204,0.3248250391242742,0.6726069251987552,-0.02721817723613481,0.4705867546020453,0.6203110446582825,-0.0980398054191185,0.33148864785768095,0.6182044727754697,-0.13067608667776132,0.26359275285093453,0.6472051895687476,-0.13303854980836843,0.2296327889918145,0.6754665501693838,-0.12923821127543647,0.48979072626336523,0.7012362130777355,-0.11771302808681043,0.327631529030275,0.7150481705785936,-0.1482428090436447,0.2702005008935624,0.7351660964791074,-0.13860033253650153,0.2608627882566612,0.7470845428664675,-0.12917776369219452,0.5051814449121934,0.7970532443157712,-0.13069113975909702,0.3407789569346945,0.8246223619803402,-0.15939025648074853,0.2875451414934409,0.8374492640848745,-0.1475353234941399,0.2771878900804638,0.8314153713168283,-0.1360728617697199,0.5185940980660673,0.8946489542500282,-0.13884803624025543,0.39605513018701255,0.9421434433659466,-0.17135265684828122,0.3496720271203321,0.9391250363839704,-0.1720717399695584,0.333831504305526,0.912538193790123,-0.16692566159044628
76508.473,0.6421899251038763,0.8151035148747348,-2.4567748389850518e-08,0.5747030422325914,0.7035540999146925,0.011761991761878081,0.48360474891261807,0.6478587867619152,-0.0024970151519491117,0.399938089531012,0.6447459525511677,-0.013206591486244413,0.33390791883434545,0.6691108474561753,-0.028389745109728595,0.4782128211085159,0.6264101352661084,-0.09797853489587535,0.33966977621609756,0.6225996022000654,-0.1314592419637186,0.2683385632416961,0.6469298143158602,-0.1355243889730728,0.22997002008453094,0.6712064429041606,-0.13219627294686406,0.495477188993056,0.7090082167920649,-0.11638882479544631,0.3319150529569263,0.7211219679041557,-0.14596076788352003,0.2710610835229923,0.7360447946324563,-0.1362364645129592,0.260003651955158,0.7459458739091037,-0.12616027363844617,0.5093697260776591,0.8055038476538827,-0.1280275162713773,0.3461338256889554,0.8304861097717159,-0.15488977223774777,0.29524274725364424,0.8335115317418833,-0.1403188383411183,0.2903182559209047,0.8213616509807491,-0.12601722906753063,0.5207781369681933,0.903576713075909,-0.13527223442671923,0.3946829683951144,0.9490648127566472,-0.1656442250077032,0.3472832651378995,0.9397843854828686,-0.16361374112553825,0.3340825804657141,0.9079627470328582,-0.15548953366012896
76508.505,0.645260388952579,0.819036064119262,1.3067387898752304e-08,0.5772872704447246,0.7090257126963663,0.009461311223691257,0.4833307349346363,0.6542458286247519,-0.006690657617302366,0.39814834075726335,0.6505773960350187,-0.01981629064458553,0.330688752154737,0.6703087077369997,-0.03778125693843601,0.48038142963370234,0.6332523804724467,-0.09661199983436232,0.3436059034147819,0.6291028818468205,-0.1311818826755386,0.27134033972921184,0.6521261682603119,-0.13842435013403936,0.23070333584138808,0.675201198620913,-0.13807104007731724,0.49752294005654635,0.71818511371693,-0.1153789930090773,0.3373267156134406,0.7308524250535476,-0.14547587867054745,0.27563616264492224,0.7437596244235316,-0.1391653025295693,0.26217937869862884,0.7506725460704583,-0.13261635458011722,0.5130191505863718,0.814863824835597,-0.12784535953831802,0.35440934493322745,0.8385366722606565,-0.15423238875389847,0.30433482753018914,0.8383722557329572,-0.14243979702439055,0.29855549164601397,0.8228692927863986,-0.1313496368721867,0.5270531621776513,0.9118560692808305,-0.1363723953459033,0.40513118261904324,0.9557664989593959,-0.16542460282051688,0.3582036587020255,0.947292592256849,-0.1641893986739802,0.3438175370646923,0.9170413522689391,-0.15788402235824767
76508.537,0.6515011985444151,0.8270972134602753,6.020825793136937e-08,0.583771590827045,0.7151120182098921,0.005722440524502945,0.48962160323095727,0.6577695761803631,-0.011221339974372888,0.4063704720573204,0.6487817620113366,-0.024083182547315903,0.3394049054428853,0.6659764833418892,-0.04137936781755881,0.4881651405011128,0.6428873402872013,-0.10371128707520537,0.35669873782354394,0.6317525316534682,-0.13828295042443914,0.28287041857052164,0.6524159124154671,-0.1436333314649158,0.23932584163120366,0.6739132675979455,-0.14212810067412682,0.5046765464723599,0.727310095467466,-0.12044478223206394,0.34756447728356715,0.7403998006684397,-0.15289420351084146,0.28254855614348423,0.75138002632774,-0.1458235671737402,0.26411615691087137,0.7553148899710925,-0.13831557157279387,0.5196797898281542,0.8239266896173263,-0.13081320460235005,0.36378717217540524,0.848791376901128,-0.15916766748751623,0.3146991598315955,0.8444869059321377,-0.14670390640752318,0.30913054450907557,0.8258747370290221,-0.13437641083369667,0.5336351385070588,0.9201179227615613,-0.13754679466302994,0.41402549136682515,0.9607763977135381,-0.16770486005844065,0.3637070746603657,0.9513649949437137,-0.16693507691714973,0.34621707148259795,0.92259875962042,-0.16061614061164053
76508.57,0.6568366198424891,0.8350369460512974,9.774021655021009e-08,0.5900472285698938,0.7234244578163448,0.005815653811945775,0.4965766436849226,0.6658035171342809,-0.010827561263421596,0.41388118743605096,0.6567094735700029,-0.02421812064995701,0.34713461964061226,0.672374090321369,-0.04247928460634775,0.4953410151950428,0.6511794143235121,-0.09813362145392365,0.36435777651494483,0.6363372571652816,-0.1325410530662015,0.28925951844037895,0.6552099998055937,-0.14075528648904018,0.24244247182634535,0.6757164393069904,-0.14230162259913806,0.5118935683585613,0.7365226166780386,-0.11602721252707529,0.3575960246127144,0.7457138696195189,-0.1485906945702177,0.2888970838421062,0.7579317389176128,-0.1465736440818484,0.26393090043376904,0.7632572187065431,-0.14397544768430978,0.5271838765016823,0.8348268426780183,-0.1279541224315433,0.3762087764174699,0.8579596864564549,-0.1553671845348341,0.32798442371863734,0.8521072882360463,-0.1480694971630651,0.31959153546308045,0.8313262150914269,-0.1408853248016323,0.5414696310811937,0.9317465786165029,-0.13642947323834143,0.42598979151200544,0.9678701966970407,-0.16426735757731484,0.37430308504405246,0.9612289556310507,-0.16547664975242707,0.3519100165340335,0.9356109617532476,-0.16247590910699183
76508.601,0.6642103284226107,0.8429790479226382,1.478577660861526e-07,0.5975982342213179,0.7299473736076916,0.0037177441242743415,0.5032592053213606,0.6720517254442054,-0.014322436828525395,0.42046197153856485,0.6621773960137535,-0.02850596205646517,0.3525857076924468,0.6693329244522678,-0.04727561154362116,0.5067535501002252,0.6588887192240379,-0.10335819908467611,0.3738209484279603,0.6431336652080617,-0.1388409451688487,0.2987014879928653,0.6582720217846328,-0.14757951553034782,0.2504316135447599,0.6747950389907311,-0.14903155484791475,0.5223267639666176,0.7468647862662083,-0.12039436441928164,0.36547003518451715,0.7560495067747541,-0.1527938162931576,0.29686503647250184,0.7652070727452348,-0.15001707923929047,0.2714417774403638,0.7676239411298775,-0.14658724425721043,0.5366596261305607,0.8455529650805335,-0.13125146757103517,0.38275197628213437,0.8668883064012404,-0.15736937683336108,0.33430532989764056,0.8576657777041105,-0.14744099726454138,0.32623289339234013,0.8350859609639133,-0.13810185981099177,0.5504887832937055,0.9415949998541941,-0.13896657033982793,0.43277046670368075,0.9751208035758608,-0.16339254514605248,0.3839110581985877,0.9660651189557551,-0.16014273941279045,0.36571157100813967,0.9404875646868964,-0.153567770554467
76508.632,0.6707567909938645,0.8496804497083289,1.686942819121423e-07,0.605500506499045,0.7339856321819248,0.001959359011200736,0.5176705600131538,0.6588245729056443,-0.016132817552983434,0.4414121840096387,0.623155083612561,-0.02986756712908654,0.3720992293824464,0.6272714937753749,-0.04772245765988904,0.519151358351063,0.6686545400534956,-0.1051126925309218,0.3855891051355315,0.6498744437973211,-0.14173220651382784,0.3093954974335164,0.6614966391898965,-0.15060424572152753,0.2599173824313615,0.6760982872690341,-0.15133389647920895,0.5354549818940982,0.7569340076125093,-0.12168335419958264,0.37658935318739556,0.7628688331959506,-0.15652157145942133,0.30403758947728393,0.7685887574011033,-0.15475020044912854,0.27526295919441357,0.7685477808662552,-0.15089952034593843,0.54765083307337,0.8536099223019084,-0.1321161833473942,0.3906673846503411,0.8718495888608587,-0.15974841108373838,0.3400474097360493,0.8585579838965278,-0.14910740294374547,0.3304354532351099,0.8322378590288971,-0.1380500292634717,0.5581138072071185,0.9467170142312065,-0.13976180726449347,0.43439704578809224,0.9770687873077231,-0.16280742233691925,0.38753452845299957,0.9633508138844102,-0.15682883438910392,0.37377034180571966,0.9333805425779607,-0.14775641983148402
76508.665,0.6790551555617044,0.8565053699550536,1.9425099768019618e-07,0.61465453657438,0.7405604694016091,-0.0004274136694001995,0.5272769718098107,0.6573854028622068,-0.01877241782796476,0.4521800886594797,0.6128513833017976,-0.032176148412497135,0.3840362256772705,0.607823062864086,-0.049184795129023975,0.5323462169021574,0.6688942101369025,-0.10652574135848814,0.40113691419167996,0.6478341672310016,-0.1441316721915932,0.32368543239935077,0.6595148921170922,-0.1535413358973805,0.27533426190368726,0.6763731020556988,-0.1536035648448602,0.5505707376744134,0.759007468372984,-0.12109754780367493,0.3935646536969803,0.7627154438606667,-0.1566081732174047,0.31587255173135315,0.7676054409419165,-0.15443235652766507,0.2837520748554215,0.7689269345152712,-0.1496227149095486,0.5611752815348544,0.8569659600011087,-0.12979910820569146,0.4013426264719361,0.8735878699504678,-0.15775640694090026,0.34960866292453063,0.8592157408960799,-0.1455912211081636,0.3426099802643862,0.8319088605953813,-0.13239963324620393,0.567443815463685,0.9516171704741055,-0.13600989653466997,0.43947683215139355,0.9801345004547993,-0.15935047425560292,0.393036260615367,0.9624242246105724,-0.15246888534457023,0.3834354810745103,0.9273372363747701,-0.1416206496846246
76508.697,0.6882212945778459,0.8594693308447376,1.8191742033651292e-07,0.6271707693307511,0.7427678915093353,-0.0030454986071588143,0.5423030832982731,0.6498719254217006,-0.021214568910334363,0.4683866064453814,0.5945019013468169,-0.0335324974785314,0.3999127694247443,0.5916250994620713,-0.04936996995453181,0.5493328449402374,0.6742627035600356,-0.10855323879552722,0.4181241599372423,0.6495346150465726,-0.14574197432033678,0.3407924893514332,0.6588170270639904,-0.15450943158586242,0.2931497075241513,0.6712220758457579,-0.15401071271375857,0.5667619846990143,0.7629425014305029,-0.12175252841251863,0.4152947340206827,0.757971146027671,-0.1546151151882171,0.33539999968605383,0.7572079417454044,-0.15045149848299133,0.30042040339139864,0.7531064688172115,-0.1450582994587777,0.5755284014233266,0.8597029149792103,-0.12955142121241914,0.421080299637549,0.86809832069772,-0.1560534708600351,0.36533358377771585,0.8526241642838421,-0.14356712341708244,0.353893410734512,0.8250813149319614,-0.13083586935381547,0.5795016301284359,0.9543944875504801,-0.13510501321880272,0.4547095002836803,0.9781935838913587,-0.15742142812997,0.40817591319177615,0.9602671976467421,-0.14995185939859781,0.39761332790171766,0.9278086141822446,-0.13914638811439595
76508.728,0.6945787138733415,0.860423587410038,1.7481456507839717e-07,0.6371227248030767,0.7442174076846794,-0.005247569205334493,0.5518385027590683,0.6467516775544222,-0.025080966148537918,0.4749849623290471,0.5883936814706787,-0.0386821575041251,0.40542638188742913,0.5820808862150101,-0.057032093505146236,0.5719928300774973,0.6703831325097478,-0.11224947322054869,0.44001023221638724,0.6468409298140326,-0.14748903487576562,0.3623052512878022,0.6533564620565413,-0.15676354430130357,0.3102111686730598,0.6624232610802789,-0.15830378868114986,0.5894974064856946,0.7595491052653242,-0.12497722381840405,0.441613767780467,0.7488051348118817,-0.1544016635180039,0.36238115644558766,0.7438524602619103,-0.15209903463533697,0.32262398152555494,0.7357647946188511,-0.1508779863707928,0.5958895888649419,0.8574126903804623,-0.13180793267323887,0.4439561646621536,0.8556703824874266,-0.15548835906314376,0.3874742625123039,0.8398104184772809,-0.14546596248576543,0.37033413688644107,0.8126513344423786,-0.13759989649881266,0.5952528439041667,0.9541886102196777,-0.1364320483281373,0.4707462593645537,0.9754910797559816,-0.15860762600040737,0.42497967742374215,0.9559801724049684,-0.15290760871991196,0.41185840153696196,0.921671907278648,-0.1455401075481466
76508.761,0.6985026697458507,0.8603946820183017,1.1950866334001084e-07,0.6474630628211089,0.748428950697657,-0.006483795306831913,0.5666072661386019,0.6451306029044541,-0.027725020465567567,0.49203845989057654,0.580433828348046,-0.043202708994475446,0.4243139717685883,0.5696052405075441,-0.06460127785340386,0.5942486212937259,0.6665901285192414,-0.11407727330849873,0.46816638434518515,0.6339467420160401,-0.14993530575235242,0.39059303662138,0.6383220435018494,-0.161062580135072,0.339664674757893,0.6475344870350545,-0.16519138340965767,0.6094169671852149,0.7549931507565801,-0.1287831278964385,0.46819761795799625,0.732903845234677,-0.15909449523569108,0.38479241901906275,0.7261244999204369,-0.16118823384006783,0.33977079958409184,0.7192069416428858,-0.16544428004618178,0.6157708717977016,0.853671597594693,-0.13777153926870955,0.47799384998529043,0.841284351205256,-0.1630107266519493,0.41384200506101365,0.8209239331595489,-0.16078186502009084,0.38594915615269454,0.7932344294992532,-0.16120975466432017,0.6142391795603946,0.9529019314708035,-0.14441461170323847,0.499056146974069,0.96522330185406,-0.17097710194750038,0.4503827858482283,0.9476732674359923,-0.1720847972753275,0.42969820102221234,0.918474614887776,-0.17194581669006445
76508.827,0.7069114625813878,0.8727998257653794,-2.3573101206158467e-08,0.6583295469789274,0.760148463610375,-0.00732356323017054,0.5788048071746064,0.6527600905679946,-0.02577403504307096,0.49735246660995913,0.5874031028162517,-0.038271165439458014,0.4354311092511107,0.5567880883871815,-0.056466760244322386,0.6260849746499785,0.6509887666569806,-0.10511894086421447,0.5268360395576853,0.5950660567695358,-0.14482944240657042,0.44911151416649564,0.5948648744511402,-0.1627761767708382,0.39690712356964075,0.6088238052056016,-0.1716791142436418,0.6415750601209519,0.7288561825697241,-0.11960490124679804,0.5361574151347221,0.6727225346270178,-0.15126691290016828,0.446212845888995,0.6697792159994508,-0.158045071951574,0.3906277200007938,0.6772668292730941,-0.16645257608616687,0.6455644625830101,0.8242840477306335,-0.12947267296106005,0.5374822432820592,0.7849952151736758,-0.15868889340806402,0.46155847745506107,0.773313834568963,-0.16207029123156985,0.418212481135417,0.7597592967714559,-0.16672164924626923,0.6399471590700236,0.9299364268992574,-0.136729464473834,0.5432211528484849,0.9267997824129129,-0.16911130234514787,0.4931176943833694,0.9050515563330924,-0.17523459993338167,0.46634525966554374,0.8720907348483489,-0.17871129264931185
76508.873,0.712575265703684,0.8959745275296409,-2.459224354873782e-07,0.6681034682987397,0.7847252094557524,-0.0016508930453389518,0.6060095053448429,0.6914816387495681,-0.021407882880764166,0.5424811000818204,0.6379580358589372,-0.03890926605672075,0.49521278926604173,0.6041003749898426,-0.05984866321427431,0.6498716268434347,0.6485721560535908,-0.08550916825738798,0.5496488444713103,0.5724922583496234,-0.13239897594081457,0.46909099788843434,0.5738948791394938,-0.1564309260890348,0.4133049401951007,0.5948279830629211,-0.16712349113390887,0.663073562103263,0.7154399058669619,-0.10395050969870143,0.5576774633148953,0.6471386852701045,-0.14052566920102078,0.46730106748537353,0.6467630375831765,-0.14710336085845793,0.4087095035089035,0.6609199607914705,-0.15157387959771337,0.6611723767413243,0.8058059503881488,-0.11973884992997263,0.5563280779639457,0.7633076981865249,-0.15108674447165205,0.4821200855197626,0.7505557812980002,-0.14866503468598966,0.4386786243440532,0.7412268525878224,-0.14578526829507427,0.6448890929890382,0.9055618053692794,-0.13345689749828307,0.5507311075374829,0.888235698661536,-0.1618205517674915,0.5022446259233132,0.8664206764748628,-0.16114266366212515,0.4763757235330412,0.8407456899187246,-0.15763209381366805
76508.88,0.7115412479429768,0.8949386516478668,-3.082678875722822e-07,0.6701852912012457,0.7841871367885902,-0.0018319232769415837,0.6081097745801359,0.694585479708051,-0.022754017055476396,0.541900642012692,0.6468335390634283,-0.04235955524136577,0.49200409792874655,0.6218727886904529,-0.06521217794734632,0.6476878142471064,0.6453315919596477,-0.081174715559791,0.5453751862099435,0.5672464066872352,-0.1294752263551901,0.463679688383059,0.5689633707741263,-0.15506160532444077,0.40743659263100396,0.5886105719785312,-0.16724154692233872,0.661364807531988,0.7121662699520662,-0.10116610941459853,0.5538979110326532,0.6414164133815761,-0.1410337188734245,0.4667057927663614,0.6423214875165285,-0.14924779048839137,0.41334509465410246,0.659925049860078,-0.15381150995751056,0.659788922541763,0.802187518210991,-0.11899417686575618,0.5552901734858265,0.7593386275302866,-0.1520428936846301,0.48349842943232196,0.7456741188762772,-0.1505088611605194,0.4433640450896104,0.7351440666314841,-0.14791813165308465,0.645043639718505,0.8977255658417935,-0.13502475979100392,0.5517581963337941,0.8818125656551559,-0.16410917374260103,0.5063399541460405,0.861157157623336,-0.16375348609287696,0.4835492281999938,0.838231674316731,-0.160383495503478
76508.905,0.7070232527316074,0.9067171408977466,-3.3441217869453176e-07,0.6596642751648654,0.7981818415325366,-0.001249326104978655,0.6035638867069122,0.7015331363682616,-0.02367430840573833,0.5481858326123071,0.6431976604151405,-0.04452620889802745,0.5002464152180535,0.6102587534474739,-0.06730654048908398,0.656430764502124,0.642654834965849,-0.08880404550113036,0.5676409129486052,0.5520813786184555,-0.1428600411914229,0.48318689198614373,0.5513634006094487,-0.16804738665476238,0.4284464909647238,0.5721759668426929,-0.17793187487414835,0.6754513400822303,0.7014105747154847,-0.10967432663436226,0.5801199465855523,0.6207711821762171,-0.15535828145204925,0.4944949779206784,0.6294023823429733,-0.1581856961762893,0.44873938365419136,0.6564808752750957,-0.1558701279603976,0.675022653902038,0.7875666174198694,-0.1286226368776198,0.5734815690467227,0.7383220735701148,-0.1680004126332498,0.4978189147562939,0.7340074108097131,-0.15963683825787192,0.4593031284230327,0.7328359161837442,-0.14892428329781734,0.6602344968312657,0.8806527642593565,-0.14562981192699906,0.5686272664860913,0.8587023448153628,-0.1791980013749764,0.5205054120730829,0.840396773327644,-0.17674329102956365,0.4986460937360729,0.8192040375275716,-0.16903096290021333
76508.938,0.7056186099740231,0.9340125857699917,-5.93653961451495e-07,0.6496590003599819,0.8271654986976457,0.001448458592971727,0.6034433952866616,0.7209413632838539,-0.016549941493366263,0.5659140921858026,0.6452581947710969,-0.0344323458674666,0.5268371130700201,0.5956860308898875,-0.052319670347000004,0.6689344496000538,0.6437519663200033,-0.07704036210435922,0.5910819659527231,0.5444031847825496,-0.12510798767257386,0.5205949296314992,0.5632266439720037,-0.1444299529624117,0.48271513380303305,0.6005278923913677,-0.15074213673491746,0.6880696740101185,0.6933720485351128,-0.09730523873407892,0.5870757376014148,0.6015843049618921,-0.137423661295944,0.513894954628549,0.6213749403397292,-0.1387947754013675,0.4852369384994927,0.6557859781963233,-0.13652570338943223,0.6897019175153735,0.7682148924742999,-0.11571907030301543,0.5835701025753808,0.707589818678996,-0.14910647837320998,0.5177147155831602,0.7218906069439307,-0.14104087010389693,0.4916098659077487,0.7418268661327049,-0.13235668462869365,0.6792613898213279,0.8523977893193214,-0.13269839532644925,0.5886886763972488,0.8281555852111199,-0.16229463993729096,0.5406122374762395,0.818545999566103,-0.1627120381117036,0.5190929571856386,0.8094198457560414,-0.15827704845324048
76508.969,0.6937554376127056,0.9536188051255194,-7.656008215602785e-07,0.6118478736556178,0.8517941020975703,0.0008922774122908175,0.5820643337640695,0.7366087099551137,-0.009364874159051031,0.5709033531496384,0.6532843356527094,-0.022786083624934138,0.554428956250358,0.599416196815568,-0.03577811142084661,0.6771039965196433,0.6396029438928206,-0.04085061306428381,0.5990653143839552,0.5458580810367104,-0.0818623870210951,0.5361663063302528,0.5828279401000281,-0.10190395818620844,0.515237209170671,0.6330584803936957,-0.10971909951770599,0.6974829158742966,0.6836354953041222,-0.05857028321948573,0.5963615416596646,0.5867616168931344,-0.09408951068725448,0.5296255485969646,0.627618716526025,-0.09963920678603796,0.5131523629939769,0.672709565434144,-0.09934146434056562,0.700715807490946,0.7485653140794362,-0.07691051294794929,0.5953507433535108,0.6841647951253568,-0.10853150573147542,0.5312324866551296,0.7196619118077571,-0.10534523868436038,0.5119205129959555,0.7551074457602088,-0.09870800025058991,0.6902256453842508,0.8247879342599788,-0.09474265274325544,0.6052542848447313,0.7890627845831837,-0.11842952504146435,0.5561496132689632,0.7902240603301757,-0.11882447994164186,0.5371983272335288,0.7946310243893829,-0.11478837078344842
76509.001,0.6981426029144925,0.9776515064430856,-9.873404991859471e-07,0.6058383685192891,0.8858734126640074,-0.0006624047990743357,0.5739728792660275,0.7663696204372712,-0.004279175488448182,0.564505408569699,0.6778535221706414,-0.012608303007307971,0.55818292087409,0.6192185427569737,-0.017862141369374036,0.6738838619716951,0.6500435229442518,-0.012793659287247704,0.5907277045451385,0.5634215603609563,-0.04938448431259813,0.5360189921344166,0.6184612625999357,-0.06588594885165122,0.5265147258045265,0.6704002844737006,-0.07101334145143717,0.7002322918351901,0.6839245959222716,-0.02809342968076596,0.5942089758058963,0.5990772144535639,-0.06260422365034624,0.5363692315065642,0.665677785591461,-0.06280220803960693,0.5341147399124918,0.7143601259945307,-0.05549443109208081,0.710106066408209,0.7379303656613638,-0.046996539184511785,0.6050694063866713,0.6738239591345987,-0.08132311307935594,0.5520715086348043,0.7306632270423709,-0.07103469494292898,0.5489560971662258,0.7734741955569014,-0.05570530839451108,0.703537830441808,0.8057417069627624,-0.06642157165122083,0.621404651849493,0.7710319230021222,-0.08774685251210891,0.576980280213899,0.7898989701193704,-0.08231280167576341,0.5682614042310283,0.8118975525742153,-0.07200727134617832
76509.031,0.6938846778462888,1.017790076406421,-1.110320110490479e-06,0.6076988339837677,0.9341283823247299,0.003550245637663761,0.5688703214009183,0.8102283120030352,0.002691314746044662,0.5542224718036582,0.7260532686682971,-0.005270579229418004,0.5506393283496244,0.6693853327081235,-0.010307451999547452,0.6636263187789629,0.6750654095911512,0.006856501128273573,0.5841235572804588,0.5970606876828652,-0.027214193151774268,0.5319218082367428,0.6603160093084655,-0.046785666719091394,0.5247703754255103,0.7197444240737075,-0.054892901308484184,0.6934929968883202,0.6999680072397123,-0.011539678027299834,0.5953765250574872,0.6314227180148263,-0.04602644013865968,0.5440433306163397,0.7085579253618917,-0.050848978834355144,0.5451128871624221,0.7649794682444255,-0.046226170698069224,0.7098576322291836,0.74480116837616,-0.03422710991329712,0.6113227634268091,0.6876844435618116,-0.06862831698853208,0.565767757178197,0.7586762889230809,-0.05902527154375678,0.5694578474592762,0.8096343017940248,-0.04366871292214596,0.7114526892357632,0.8049807836672989,-0.057443336573901195,0.6336300633513742,0.7555567725903981,-0.07752883277968103,0.5922286166257815,0.7913748437306423,-0.067963561824163,0.5905285493728004,0.8306510587362177,-0.05436822674126539
76509.065,0.7212516086973103,1.0584647643786687,-1.1595807512797483e-06,0.6239489747583309,0.9817449901918436,0.0041532817887786205,0.574035605012429,0.8780137721850393,-0.0001658382389271608,0.5460840007427584,0.8026461235097438,-0.012661064379863439,0.5308001825592834,0.7496221583574378,-0.022458856495794814,0.6514207192377026,0.7260280354341337,0.01757459929632438,0.5668830511890219,0.6543205270774942,-0.019222077888377268,0.517099434387284,0.7330400617116382,-0.042371988341734945,0.5142988540119069,0.801860652264415,-0.05146335575618586,0.6784392318445578,0.7404335401312788,-0.0009143522930568308,0.5780570378720986,0.6781509585915949,-0.03823393291248973,0.5290634064388842,0.7704352213744504,-0.0455097587768987,0.534699096357156,0.836697005735197,-0.04083614158123544,0.6969215190168574,0.7734962007185616,-0.024437415268941505,0.5985916162596868,0.7283241042354891,-0.05990555834054677,0.5578044105289522,0.8172348049323658,-0.049440948150234074,0.5663214020234757,0.8803551894243192,-0.031948531023994954,0.7053960344383319,0.8218008728882503,-0.0485837892347971,0.6239679984384197,0.7856349384547618,-0.06626864983906286,0.5900206278126295,0.8440484696940629,-0.0527628855329428,0.5965364730834845,0.8957925058360673,-0.035640969119533926
76509.097,0.7192635260563982,1.0929777648052645,-1.152300394070563e-06,0.6180975558063968,1.006935043948568,0.009132966996838045,0.5622183259357225,0.9120452471244483,0.006200270216311479,0.5322749332465209,0.8451062386858779,-0.005325311336093921,0.514696217540426,0.7931384800241681,-0.016033560444559142,0.6303083408470612,0.7733011093124225,0.020221566351629267,0.5409191062364068,0.7342943045470955,-0.013819271648977456,0.5007090465419394,0.8170538515734215,-0.03936003325093981,0.5054920556962914,0.8886144604545727,-0.05078922384542055,0.6565010751394996,0.787985400527274,0.0013107175458916933,0.5537554481879678,0.7621511163161305,-0.030461622613812214,0.514965173735082,0.8545614559736461,-0.04085678081035907,0.5260483920365734,0.9198615098881417,-0.04126674019860852,0.6755165937068977,0.8229138105570534,-0.021482224031041587,0.576243213423345,0.8087863021201805,-0.05141302031987032,0.543087746824843,0.8966733114290832,-0.04364759599657235,0.5555616580977902,0.9548548721159815,-0.030598611192145776,0.6880453651713431,0.8736932412561101,-0.044230290313787855,0.604051265775195,0.8652408994424051,-0.05916651825044769,0.576248347041451,0.9253451769725363,-0.0464652824520525,0.5862558794214953,0.9690579406517342,-0.031217690859775972
76509.128,0.7160688617970447,1.131573835768687,-1.1954395829257475e-06,0.6328228858165688,1.0805548295714358,0.004385271637756114,0.5681410550292431,1.01161255438023,-0.00044631147592463,0.5256112565714807,0.9612578985953804,-0.010595636729881786,0.500793458438289,0.915783826979036,-0.019999482440438785,0.625730393534547,0.8508731403095405,0.00963537651520364,0.5321831427104105,0.8485147113323882,-0.01528062608920867,0.4925094093377967,0.9190617404984027,-0.03676549647491893,0.4943242982700267,0.980999578942754,-0.047453463500937286,0.6436777427069275,0.8537239251780357,-0.0036683573175571287,0.5395603658570253,0.8839284834840619,-0.019048472247724817,0.5067530529959559,0.955349403519934,-0.03086102366108528,0.5116391181784422,1.011158425784239,-0.03860065438416267,0.6589891587699377,0.8765908108687893,-0.018827426006615463,0.5597135367253016,0.9159696701161035,-0.032633138351909945,0.5345939594389109,0.9846960044293971,-0.03181450624646642,0.5405934479211946,1.034547794392177,-0.030149604891783026,0.6719107465943644,0.9147261621137667,-0.0343923976306958,0.5880468825204784,0.947759996910991,-0.04411752597316086,0.5658883214797363,0.9967855988827918,-0.03739574359045278,0.5690492581186445,1.0329210230479566,-0.028307953325625173
76509.561,0.19801178981568968,1.0064881201703728,5.5904267491591543e-08,0.18723273089441234,0.9196821203545988,-0.02473895480908328,0.20845593318388544,0.8411526338412404,-0.053866840465072126,0.2414924813084376,0.7990200902255652,-0.07193714196847653,0.2736272972871845,0.7787425744050722,-0.08960045964065025,0.19026415085984943,0.8652936097109225,-0.13945075964610779,0.22508331903192647,0.7614066984055426,-0.19130645289151435,0.25878576308136275,0.699690876521741,-0.21540386371804304,0.2855250899395223,0.6527234000059021,-0.2271777084058211,0.21607697577796992,0.934329788955728,-0.13791989988086437,0.30171795951495384,0.8453595970143231,-0.18449458092972393,0.35765276734711604,0.7980952899326665,-0.19513497939215096,0.3986968408431366,0.7630493354794872,-0.20168224164935122,0.2526650941612262,0.9860175877597354,-0.1310521817695783,0.34347816942008125,0.9190568468138663,-0.17057381683527228,0.394157448030662,0.8715159020996112,-0.17757848931545706,0.424352078471171,0.831743882606326,-0.17718200165885858,0.2923964941789664,1.0201349499719732,-0.12174164352320832,0.3658159213525756,0.9678142696599312,-0.1461582550286999,0.4045790193057561,0.9311823485052065,-0.14552178583355455,0.42837710978584814,0.8988340425025413,-0.14189776862723316
76509.624,0.14263491101899595,1.036019363385496,8.367012268564088e-07,0.13659801232658914,0.9344982882665747,-0.024878435077210895,0.16447515698433152,0.8497960398943916,-0.05976976522806976,0.2099792253320199,0.8043459937527675,-0.08189125406482417,0.25274175689160555,0.7755527784259671,-0.10398330503063047,0.15074945653988195,0.8623396197800713,-0.15780897531587476,0.1921285847215578,0.7500755842597109,-0.21918588039854275,0.2330415800707461,0.6781972160165334,-0.25487829380774235,0.26608090352812674,0.6249638988045204,-0.27521102470149794,0.17925993218682296,0.9332676216069629,-0.1573374779852973,0.28395139622480037,0.8406912072604668,-0.21241371803570425,0.3512777635151622,0.7833779717296724,-0.23171597351544473,0.39526992548634454,0.7407398272716464,-0.2450659110599687,0.21788654263481086,0.9910831237866922,-0.15011560407885835,0.3264862499852653,0.9161375600231113,-0.18981521590591408,0.3768832219643415,0.8555767702756768,-0.19946762883542443,0.4032733698499484,0.8122902953820346,-0.20395051008184092,0.25956257201534566,1.0311843120385036,-0.14078195043101416,0.34880864279730606,0.9766856075902708,-0.16579953108263398,0.3870939751642737,0.9304677971132106,-0.169873379586801,0.4091742290714023,0.8911355725029098,-0.1714258901759308
76509.655,0.1329802024772566,1.0436824771620736,9.614033178256554e-07,0.12440634930793358,0.9425877395403983,-0.023870550872955185,0.15667692222050966,0.8548801043555856,-0.05526654060414384,0.20839993662811732,0.8082734243022504,-0.07455400060259122,0.25432424713775825,0.7812297854177204,-0.09396124882510558,0.1434507696494189,0.8628855330493698,-0.14579248251342186,0.18834787184545185,0.7503458620768072,-0.1999017750656874,0.22994826435704344,0.6775900249617547,-0.23216120884386232,0.26355532576169355,0.6220782424618276,-0.2511854499936798,0.17360710948300562,0.9354277296087714,-0.14571182589110354,0.27833514058745684,0.8402316185380562,-0.19435646677652346,0.34510696341375185,0.7808502290033822,-0.21324703990034405,0.38840266889175606,0.7366938785975118,-0.2270251282077926,0.2126800423845157,0.9948639372750991,-0.13918479413833026,0.3215118792035405,0.9168802794557681,-0.17258295283430058,0.37288015601064245,0.8539198934148019,-0.1826267782051827,0.39859925357975234,0.8111829686288253,-0.1886599631308625,0.2537794547192971,1.0350870915322148,-0.13109904073454587,0.3447415978075244,0.9774480018496803,-0.15122837162342467,0.38188408167014676,0.931512005785992,-0.15489926180350358,0.4025154722934523,0.8933827437298599,-0.1569911885471592
76509.688,0.1295074174693916,1.0469272724963594,9.801363039562814e-07,0.12232442309140529,0.9441048127128964,-0.02519059044168639,0.15222140022179448,0.8583937733101193,-0.05979664263725065,0.20102570391734728,0.8133883878712695,-0.08093907574650876,0.2471341711717649,0.7841170155150752,-0.10222909183359519,0.14036361737206415,0.8647046205735677,-0.1620206528570663,0.1843518110014848,0.7523321629127315,-0.22211268302386836,0.22508311993153485,0.6780251417914702,-0.25710759898677343,0.2584104424286097,0.6216928003068578,-0.2774506404323615,0.17143774915419477,0.9359247732347744,-0.16073522751480376,0.2754492411768472,0.8416972970572625,-0.21749745293182438,0.3430011008224883,0.7816200736247989,-0.2384306018215896,0.3864581077247,0.7375537972423452,-0.2530809142095706,0.21131609594196665,0.9932422306773518,-0.15194042222717266,0.31885550350579467,0.9177602827172648,-0.19178187333327815,0.3688886004054922,0.8549497806253724,-0.20249910299037555,0.39365445351238,0.8136712161101578,-0.20812940000965613,0.2527890328171148,1.032825685480572,-0.14100468184449455,0.342494550213609,0.9774663889618955,-0.16526478851715362,0.3795323622629482,0.9312991032385441,-0.17013270073253844,0.3992079725900618,0.8943133762973203,-0.17276137349000964
76509.736,0.12374542017520411,1.047103694241349,9.698104043305324e-07,0.11675870979684472,0.9446455221833321,-0.023770843638045217,0.14781050247726155,0.8600795334568964,-0.057359291214837356,0.19744989331307544,0.8157119650741465,-0.07729165652382351,0.2437481884766772,0.7871597711557191,-0.09739788400957569,0.13594060244296383,0.8671309314759563,-0.16126226413170835,0.18089381934343463,0.7531723769047719,-0.21988597715024294,0.22210519617482768,0.6793746858542513,-0.2536127740308012,0.25536878714783845,0.6233901553990139,-0.2728420805553276,0.16789859099200136,0.9385522464455638,-0.15975196387080529,0.27518843638232654,0.8416575267359189,-0.21307039631236338,0.34221462903055416,0.7822547304014088,-0.23124787648608602,0.3839299168803611,0.738495399161483,-0.2442893663559201,0.2078720207019669,0.994977422757203,-0.15070827158630873,0.31758426437057563,0.9181899233889779,-0.18821908503523296,0.36673099306961643,0.8555538417268123,-0.19789938235838334,0.39005473298397925,0.8139779874609363,-0.20310823135772116,0.24962417238591653,1.033658177859716,-0.13930382395616905,0.34092346670678947,0.9775682370070166,-0.1617277786382559,0.3776750588131521,0.9321030056919501,-0.16555144243457875,0.3958716228847403,0.8955578961402859,-0.16766867653354806
76509.741,0.12298221801976036,1.050009052563682,9.675704764749603e-07,0.11651812555647864,0.945882054577777,-0.02341259505522949,0.14731267807950033,0.8600355723503005,-0.05746438249312681,0.19789831674089192,0.8140008922651071,-0.07793526068293419,0.24382461806065217,0.7854370311145012,-0.09846589943349666,0.13711792479068774,0.8669411908102979,-0.1603357895412518,0.1815800278065008,0.7550475041076293,-0.21974181075141996,0.22216289197101136,0.6809059150653015,-0.25473489642037944,0.2545071414909456,0.6243218785348869,-0.27488495424927517,0.1679349466564393,0.9385908632732114,-0.15899275802608723,0.27495291687555146,0.8455451711946279,-0.21311141313026538,0.34167090991179533,0.7842868441268556,-0.23275198327902352,0.3831912994914686,0.7380057324150212,-0.24683712600553573,0.20729546946689423,0.9953723013678208,-0.15002743298526217,0.3165646806690633,0.9226281505553986,-0.18825677476210584,0.36604769138669435,0.8565486683959715,-0.19952659833939299,0.3905279461166625,0.8114368630804262,-0.2058218626518127,0.2484809215593106,1.0336763867316272,-0.13855174976632662,0.339712673463391,0.9808686116695947,-0.16167400187005876,0.3764554254556538,0.9341445721242281,-0.1663678437968809,0.3962793828687943,0.8954502599779809,-0.16901506208807401
76509.768,0.12269158274825029,1.0439083751912364,9.910471246381237e-07,0.11398979208315488,0.9411451940576995,-0.027131249061315872,0.14519152395184953,0.8561589199933163,-0.06239076061506371,0.19606539961817032,0.8138317446423332,-0.08374466702200911,0.2425743666280945,0.7872573333195009,-0.10506192675670124,0.13096923180120842,0.8701565409904678,-0.16257329946432905,0.17683848196638027,0.7555459676942385,-0.22091174957848725,0.21758638372177602,0.6813628508523134,-0.25444343424117,0.2506949081285498,0.6246029176389042,-0.2738153572300779,0.1641141631987004,0.9433380879727854,-0.16015894179716816,0.2712527450004432,0.8470647086010324,-0.2125157281316636,0.33892987764253435,0.7857012270085728,-0.23099935973655225,0.38189141878737115,0.7388290533952706,-0.24476659340422555,0.20489601962898643,0.9991833396537464,-0.1505981859258927,0.31495073532556284,0.9221461312970669,-0.18749359006000194,0.3637513685358445,0.8571574861771896,-0.19788519811942104,0.387436416989036,0.8119357932142237,-0.20406565994476883,0.24656114332082735,1.0356060421904605,-0.13908755791625882,0.33770401267291283,0.98040511383214,-0.16162732204639052,0.37444015302030176,0.9336928304386745,-0.16615815607803974,0.3940522623808702,0.8941892438818839,-0.1690134128760255
76509.799,0.1195233039673103,1.0502603899280183,9.66174540793948e-07,0.11018588140139515,0.9505233447818646,-0.025121524190531798,0.14074877937883146,0.8648417652861384,-0.05881545584555825,0.19069800075150173,0.8201432075097012,-0.07922800095679565,0.2363081822923657,0.7908490750620145,-0.09969272851272713,0.12711074702785585,0.874347005084962,-0.15686849461150268,0.17357408354018952,0.7561586691546957,-0.21351327940141343,0.21460801564649354,0.6822099162602316,-0.24606326011063528,0.247970995564898,0.6258257396261653,-0.26472686786830313,0.1606467465032748,0.9460112754368568,-0.15534724181016166,0.26882495496652314,0.8461652080171934,-0.20714430424769106,0.3360835109564485,0.7852116492507454,-0.22593329385646707,0.3787351246572559,0.7389037707393478,-0.23949356435921043,0.20146592304152847,1.0017260350687605,-0.14669663589904539,0.31309282604669986,0.9217829241083073,-0.18299959272833816,0.3620695382426378,0.8576800718352894,-0.19367381008294315,0.3854276440743724,0.8131186396790332,-0.19979972701190282,0.2432732439510115,1.0385047713164142,-0.13594505473834995,0.3352843436188532,0.9816067882935959,-0.15756499741967198,0.37229856623469404,0.935475098184709,-0.16168095911600383,0.39093423923595993,0.896138224559271,-0.164151758388622
76509.832,0.1169287292110777,1.055028867639429,9.883621483694542e-07,0.10794795480112049,0.9532705403232177,-0.02474287112417878,0.13795287056541106,0.8689538276760318,-0.06053485548750117,0.18917903534755093,0.8245253539951013,-0.08212877633926435,0.23584645350928618,0.793682472439076,-0.10389194552151036,0.1241107248979964,0.8735066401605185,-0.16710352903006256,0.1705150601369654,0.7577118773811757,-0.22874775393076174,0.211329946104339,0.6816250610183714,-0.26520360637379714,0.24436986037088038,0.624236497239933,-0.2861019963797619,0.1580806331888419,0.9446788348933057,-0.16540840168874357,0.26708666254723,0.8467257875376561,-0.22080886756691898,0.3346725709205834,0.7848374332551576,-0.2403540931094888,0.3768426804699642,0.7396079715968248,-0.2545637613406064,0.19985708129744945,1.0009685842126765,-0.1558104587250314,0.312191010942345,0.9219720007772882,-0.19420295925679495,0.36062216774054007,0.8571443752339151,-0.20392616840195982,0.38334527323445744,0.8143734048449581,-0.20944124148126206,0.24340914925845664,1.039963378188061,-0.14377346930188653,0.3338826752723306,0.9826662364972157,-0.16618812849576658,0.3700555749808894,0.9357248622699864,-0.16904901488616608,0.3878900523501099,0.8975557869830341,-0.17056151743459508
76509.864,0.11569949223410644,1.053541427093565,1.0154934454641206e-06,0.10718446537225508,0.9527220155286145,-0.02524272937688284,0.13660317009006445,0.8663027584246207,-0.06111041294327866,0.18578584958710653,0.818982972768624,-0.08367240056390501,0.23218938127028105,0.7875454516399127,-0.10649509161157727,0.12395268777031646,0.8741352483729607,-0.16141561604320093,0.16975037814809793,0.7570768581672565,-0.22205122282436468,0.2111855001925621,0.6812337852823883,-0.2583864875379991,0.24493941029518493,0.6238000831883536,-0.2794199751480057,0.15856688699018595,0.9457007847891195,-0.16042038591602936,0.26509041142073575,0.8444309255472342,-0.21385905741191863,0.3327487019238816,0.7821435510986232,-0.23287480304481264,0.37583187431726156,0.7364665908996113,-0.2466942442658836,0.20035627626514663,1.002861102675245,-0.15216579068491823,0.3104845961725092,0.9197378583797177,-0.188369667126931,0.3588681406559575,0.8551924779052844,-0.196758627093423,0.3817577868918852,0.812697950088034,-0.20160972848626124,0.2431326621998068,1.0429895515959637,-0.14198883488936287,0.33340344117556175,0.9831534716606282,-0.16309091128464442,0.36902990243791156,0.9358204096915355,-0.16502654503986677,0.3867877789482863,0.8977670275401034,-0.16581599535092684
76509.896,0.11975432998158722,1.0447046451204245,1.0286355718316497e-06,0.1108433015074025,0.9434479783013167,-0.02759092632453921,0.1374626074796409,0.8573132304445709,-0.065938950537243,0.18513813550240157,0.8132935318062552,-0.09028527830340266,0.22931309855589438,0.7832941387249155,-0.11467209019708381,0.12385505057709179,0.8706823499369681,-0.16946096084377377,0.17058601593152356,0.754194824400446,-0.23178450235452783,0.21174119080230405,0.6791247396929277,-0.2687268342718886,0.24529594385628617,0.6218862760953174,-0.2901419742035396,0.15806136709973237,0.9438180137482419,-0.16759219492915098,0.2645757494997717,0.8454791299421898,-0.2228797853647528,0.33206500375649484,0.7823707907924407,-0.2420089803757639,0.3753476291531114,0.735383926399271,-0.256231648201516,0.19963515194216686,0.9991626310528148,-0.15829420536707842,0.30964496448492324,0.918995333133892,-0.19633589617966474,0.35727978833401575,0.8529588531186462,-0.2054905270677912,0.3800799114577716,0.8088632059779813,-0.2110559138197175,0.242743594557184,1.036695236110969,-0.14707212752768342,0.33323897550702886,0.9810028301839526,-0.16973379950536732,0.36846993172294645,0.9330319553777776,-0.1728142973459894,0.3857511421948163,0.893194368068541,-0.17470011191423157
76509.928,0.1215431859630477,1.0385429869757825,1.0315041568330195e-06,0.11246785820754612,0.9373297822324695,-0.028335593685315588,0.13950998107061902,0.8540708047767698,-0.06700542054321608,0.18486452241523751,0.8124357109049903,-0.09149882864417265,0.2290775764165649,0.7832880255847673,-0.11634788927002575,0.12479258087418219,0.8680643812610399,-0.17231527713991626,0.1700003927900724,0.7521161863018945,-0.23566664355922057,0.21106847604325218,0.6765990714605912,-0.2726259442138828,0.24528360180988149,0.6191860469925767,-0.29422400680404087,0.1601124487824428,0.9403888234281789,-0.1705238798149942,0.2634572151572603,0.84199106134448,-0.2276067578286522,0.3305900073943737,0.7802362246509436,-0.2472032481681522,0.37387260792899557,0.7344056673409164,-0.2616570613894722,0.20132767912977356,0.9963523832157949,-0.1612950788171775,0.30725176198234566,0.917084175877659,-0.20133034293276428,0.35570061634831973,0.8538306428745841,-0.2110810585126693,0.3800659729518777,0.811556276534837,-0.21689366154870401,0.24334210913653415,1.035537338491045,-0.15011455213783487,0.3310721652965779,0.9811983960602215,-0.1747010608178598,0.36746482686040854,0.9349505463832498,-0.17892765774290964,0.38678522090201517,0.8966737095528389,-0.18168796214084637
76509.96,0.12025162760633915,1.042299427166584,9.991292110900587e-07,0.10895920777444862,0.9427674803615073,-0.025217180568878707,0.13739792008491955,0.8552837814997903,-0.05812092195920035,0.18591072080250068,0.8090841804236167,-0.07890081961185594,0.22960699074885405,0.7817329762603811,-0.0996686527856597,0.12249524651938833,0.8706544218702601,-0.1477149653138963,0.17150294414163594,0.7504145661411065,-0.2019918934824508,0.21356833841917316,0.6759987830719856,-0.2334609606506879,0.2471077675090646,0.6180794675169062,-0.25174723235942836,0.15649798054921144,0.9444422255453535,-0.14732218162252594,0.263228506367089,0.8396263366273422,-0.1947269094824576,0.33030686766228423,0.7780455858454501,-0.21140146120124892,0.3731791274958995,0.731791648600185,-0.22362449863382802,0.19741925381243927,1.003304761811407,-0.1406959778731465,0.30617332345909254,0.9177809429188689,-0.17332860104217665,0.3565776395501115,0.854028024597875,-0.18146998050970972,0.38088277762940725,0.8101691000885555,-0.18611382578047647,0.23991405479461647,1.043303598551243,-0.1326403919346765,0.33089835269741336,0.9811934037678338,-0.1519316395882414,0.367689037591772,0.9353036469387548,-0.15378276199952734,0.386220045847328,0.8964525413155506,-0.15451852594066978
76510.024,0.12287425754419658,1.0502639480851341,9.980330219978572e-07,0.11266010912557664,0.953764137205618,-0.02332233566025606,0.139423658723623,0.865918964275687,-0.05357320301549238,0.1888375124547614,0.8168629197344895,-0.07276707809907858,0.23620984801368472,0.7891843216033316,-0.09148894885261553,0.12774339222916414,0.8732151042531973,-0.13491056428023862,0.1761446471274191,0.7521224666734223,-0.18655015920727583,0.21767431030329196,0.6777679841177695,-0.21714426939060164,0.2511137212610845,0.6192489062666013,-0.23509627864731797,0.15956858981851388,0.9445087742512128,-0.13532733618540305,0.26723764793411303,0.8410815830643739,-0.18037887672419478,0.3339736696270402,0.7782780372608216,-0.1977754493547264,0.37752774331745415,0.7301006846368197,-0.2101670975076984,0.1996928675215251,1.0040570382014224,-0.13009367653633724,0.31094155201636514,0.919772129745694,-0.16048259286559355,0.36139784441973705,0.853222546620489,-0.16851042992587345,0.3858413700040365,0.8067416948716335,-0.17295289830389848,0.2411308647469177,1.0440279662513763,-0.12372002464011769,0.3328757514252067,0.9850969622274699,-0.14273025702376393,0.3697031419817032,0.9380974271429047,-0.14495097464476078,0.3896295347782017,0.897211740406766,-0.14526815112413827
76510.056,0.12309058163733703,1.0565407848975796,1.0064488379100471e-06,0.11327754258756124,0.9602099784378679,-0.023686501598124722,0.1394366083923884,0.8710273932461705,-0.05386028244603573,0.18813550114749222,0.8182856100264813,-0.0732074147347374,0.23443890018734517,0.7865506287368156,-0.09219393781114434,0.1303818185220158,0.8777671371936692,-0.1321954807490349,0.17858716973367522,0.7550369857221804,-0.18312631259842146,0.21993224171472642,0.6796434818067829,-0.2139673906669603,0.25367949014532765,0.6198286408408352,-0.2324492097625068,0.1633532633578162,0.9483201609540556,-0.13284268810298477,0.27092104485139584,0.8454433819215431,-0.17642052184650364,0.33723893881702155,0.7827333514698752,-0.19366465454541548,0.3805620925009099,0.7348278025182968,-0.20645822663259095,0.20342294260780835,1.0078777026129633,-0.1281510542800739,0.31604711001413816,0.9227087841634304,-0.15684575190994024,0.36517499647332624,0.8542760515236203,-0.16406411857878017,0.38817257349418516,0.8073008435591967,-0.1687049035518295,0.2438287877841782,1.0478524040519352,-0.12258737802408731,0.3353460891076013,0.9897265801413017,-0.1413776492582576,0.3724749086725804,0.9408570340883313,-0.1437481850182515,0.3931483800559535,0.8982832529330039,-0.1443672408563212
76510.088,0.12519587941964722,1.061732676202427,1.0086998957937333e-06,0.11502218198124861,0.9624988535853467,-0.02534872497766371,0.13996074718379395,0.8728093648010605,-0.05709056439810622,0.1884990759016401,0.8207785233609598,-0.0777270851839336,0.23619427487434697,0.7916586049913872,-0.09788892951052725,0.13283438037965495,0.8838544077024565,-0.13591071688354345,0.18156423936928404,0.759188826363412,-0.18905902532242827,0.22323854034517385,0.6834008240607367,-0.22078170739028177,0.2578008896409929,0.6243661728648824,-0.2393350574863549,0.16745068506075678,0.954813220638128,-0.13593420749168894,0.27427799210912285,0.8498358214933578,-0.1824260607959812,0.3405043376063819,0.785626060806614,-0.20056900492833088,0.38410463190715355,0.7369960303569318,-0.21330892873249752,0.2084685569902762,1.0131673895247624,-0.13058397358763477,0.32038129424612666,0.9268338706419578,-0.16186360572544442,0.3687931131904847,0.858794044021907,-0.16950076912951342,0.39101455139446245,0.8116906406318755,-0.1735597795693062,0.2496986917851033,1.0517268895642267,-0.12430207498214664,0.34032741578427844,0.9921066196774261,-0.14382575131878347,0.3764532549844253,0.9430153286002427,-0.14582684633888235,0.395493983021258,0.9002429862754286,-0.1458114453195806
76510.12,0.12270272089545618,1.0610328649680958,9.970347788767211e-07,0.11459433684760434,0.9624754199822838,-0.02496113842299423,0.14094642328855997,0.8716777125980664,-0.05564721030828077,0.18996149967066994,0.8199582515786776,-0.07516710475829692,0.23645696161387322,0.7925803290354126,-0.09408598251936687,0.13511288767918994,0.8833047062687371,-0.1325620368820957,0.18433733056285473,0.760027690374097,-0.1846618987252461,0.226546860021149,0.6849716188507111,-0.21681397358080706,0.26105358292962705,0.6263195187061908,-0.23575671880047872,0.16992752428743627,0.9550684527688071,-0.1323822907327548,0.27610406077267774,0.8537692765777748,-0.17651694307465848,0.34218105703082013,0.7915789947535734,-0.19399669250055357,0.3856654815818459,0.7434154084621459,-0.20667747056715866,0.209590940404343,1.0129579263657869,-0.12703069339381978,0.32024597937234023,0.9303765401893488,-0.1560961271860061,0.36896561816210627,0.8629473819421067,-0.1636744240590661,0.3923559962181377,0.8154685295315781,-0.16814979879022632,0.2495607990637106,1.0514858081624987,-0.12082287796035171,0.3397352742120668,0.9947624877171387,-0.13850425213140732,0.3764982708626156,0.9469269034629504,-0.13994334687232501,0.39685031295544104,0.9043231644976504,-0.13981715094493805
76510.169,0.12406875931552114,1.0718997913143808,9.31529501491176e-07,0.11640371354743219,0.9751889816437784,-0.021891660974808914,0.13982296978489372,0.8796031030806515,-0.05112254361402263,0.1860750708990477,0.8193930764673679,-0.06963358055718658,0.2301121235988783,0.783550019562117,-0.08761728085321058,0.1376481086518324,0.8875161045192078,-0.12928846428322907,0.1860310237133091,0.7635948937745205,-0.18113575434329096,0.22773005191243237,0.6883230831922363,-0.21324807551197186,0.2612705546793056,0.6302312578620064,-0.23195299752465065,0.17210521128235096,0.9582917143557395,-0.13038448845945086,0.2781225846131749,0.8562370651653809,-0.17304613463002863,0.3436489933312694,0.7935647947047528,-0.1896399140224704,0.3866012016921234,0.7453760306336102,-0.20171313416135528,0.21147508652549912,1.0167604559769006,-0.12627001724205938,0.3232541753562708,0.9332454063094435,-0.15421325486894327,0.3715136013208023,0.8640588932315649,-0.16133583980262253,0.39596963531298174,0.8141798172308937,-0.16562654421777234,0.25086523188292487,1.0568785517044221,-0.12096537595987158,0.34041867620552396,0.9982131474300333,-0.1385957248848748,0.3770087062236015,0.9481938917459607,-0.13983272153442716,0.3990927100055804,0.9035781629597549,-0.1393290013227465
76510.175,0.1200805369603227,1.0783423352979127,9.419586879066364e-07,0.11322480444435076,0.9823378182172499,-0.021549865711551337,0.1389127488704458,0.8853245144655213,-0.04938714876313982,0.1858651426090728,0.8225303440810479,-0.06677127095739138,0.2308082767453675,0.7852440696344656,-0.08343632235144958,0.13632328274783084,0.8875274952244405,-0.12325691027840839,0.18727925753244662,0.7633280797939248,-0.17274646322071957,0.2294418699128038,0.6886500957939393,-0.2038455047250976,0.26306318401464074,0.6293806615092773,-0.22204745387409233,0.17175121959043943,0.9586935850470399,-0.12389210975648897,0.2783728187358782,0.8556367537239957,-0.16369481635351327,0.34470089135716325,0.7928823728809814,-0.17940597616255072,0.38795669146684736,0.7437794138867024,-0.19104884462433427,0.2112145935666522,1.018619358690259,-0.11963624493510827,0.32140264874367785,0.9335362873725328,-0.14494169962947337,0.37005287577489304,0.8659939175373053,-0.1507078385569984,0.3944633075897028,0.8172140484239112,-0.15423870261886877,0.25043776540204415,1.0605927442213272,-0.11446361161064901,0.33963907864208265,0.9984416818235445,-0.13004407360404432,0.37614486572980316,0.9495716394526716,-0.1300379402758289,0.3975133786635363,0.9065277406503194,-0.12864563208338667
76510.199,0.11566277050034256,1.0829303588543082,9.282494800268162e-07,0.10992703881861789,0.9842628462739581,-0.019685937264941396,0.13949704086492212,0.8900414368721129,-0.046032129614165904,0.19060995138001327,0.8309270106433978,-0.06268588126142391,0.23847064389438136,0.796869163579084,-0.07860727012054253,0.13702797527009197,0.8891960148460525,-0.11705768854966632,0.18884406972757792,0.7653896519222584,-0.16478671440975046,0.2306327768102881,0.6909271662967752,-0.19460235778198595,0.26416531804928245,0.6311804015203143,-0.21167464540791128,0.17071002648086184,0.95960002363917,-0.11852122988825121,0.27975446087775596,0.8578642325413985,-0.15649657927525912,0.34691637535027614,0.7941096848977273,-0.17181895366369745,0.39118415830128134,0.7445713219217412,-0.18289999298976095,0.20874843345116512,1.019633929649706,-0.11522472956070191,0.3214835064211663,0.9366267439343922,-0.13941539938281944,0.37118153748102267,0.8671737702325633,-0.1456153146435617,0.3964382230858977,0.8173472455589871,-0.14906529481992215,0.2467999765471934,1.0622536705574783,-0.11096996674324011,0.33808376782743277,1.0017307377827147,-0.12568361769436237,0.3759254910271414,0.9514507608360822,-0.12559748609155794,0.3981374145997121,0.9076732643748828,-0.1237879691995976
76510.234,0.114337856795376,1.0757812094453414,9.086635583202946e-07,0.1102775643963611,0.9775825788005829,-0.02082391522145045,0.14140630379657806,0.8860591355439403,-0.04690645833178776,0.19224181448220967,0.8279933250065844,-0.06306542700307737,0.24014275314859948,0.7954771748123075,-0.07848741602734619,0.13970421631946753,0.8885401497304016,-0.1171886187691445,0.19233744926612895,0.7659944569427591,-0.16365889468246153,0.23295864797704002,0.6916556574354573,-0.1917964502891699,0.265426414436975,0.6318970099273812,-0.2075749041101485,0.17451176118257883,0.9584574165085535,-0.11719383910430974,0.28197331890712823,0.8574746686899082,-0.15346650769349382,0.34805555161390256,0.7937926779118142,-0.16712658562532956,0.39215184652762053,0.7448062826704446,-0.17717711042263068,0.2122764414444778,1.0169591291367137,-0.11256608471947833,0.32231116035329965,0.9361042409459703,-0.1349984430512531,0.37034973062744636,0.8675850014509691,-0.14031858372180925,0.39547018982746296,0.8190986086739879,-0.14331302455419584,0.24872968655233296,1.058658346533146,-0.1071996100211394,0.33897150258017844,1.000364309561674,-0.12057039986370706,0.37650063872714234,0.9500333902204394,-0.12055130243855647,0.39906328908522554,0.9067457618435635,-0.11894949555439827
76510.264,0.11815934766068854,1.0629461168250278,8.627548466309552e-07,0.11204999144647967,0.9658354779801602,-0.019939350624133666,0.14068656754288722,0.8731079148467148,-0.04511282220502999,0.19051279849289537,0.8144261675167607,-0.05993008829428251,0.23728827391541457,0.7835302119206138,-0.07401729380047385,0.1426391168042364,0.886869090540375,-0.11842919581212208,0.19448689841688915,0.7629886128028494,-0.1636884004909413,0.2347034440126175,0.6899378395341499,-0.18997362544678673,0.26703149708501817,0.6331987020078239,-0.20409843769872718,0.17813428879313262,0.956557294626188,-0.11789487641685638,0.2852160435587219,0.8531081126441152,-0.1530269840745081,0.349651795065246,0.7905961200899053,-0.16598145551672863,0.39282172587249753,0.7436636202645333,-0.1753344961047128,0.21627844638772017,1.0116930911056625,-0.11219334586553151,0.32426741044134205,0.9308775672377964,-0.13406589660972365,0.37144181415529004,0.8643554772399925,-0.14024212980708586,0.3967097621024359,0.8179657528693307,-0.1436485675001492,0.2528761991008602,1.049314979961764,-0.10535019163790507,0.34170561270516797,0.9929722027405127,-0.11757032679441264,0.379604658414833,0.9455361338834802,-0.11734789070330018,0.4035152583671943,0.9042561283437167,-0.1156578451869352
76510.297,0.12262689100109432,1.0593049637053111,7.920884760544636e-07,0.11521057292778372,0.964588112229184,-0.01852843393273419,0.14228610011676904,0.8729546956260533,-0.04183943668385144,0.190863395240803,0.8137951945805881,-0.05499271014314291,0.23606699777149798,0.780521574912537,-0.06716001132063913,0.1443605993547721,0.8870850823187101,-0.11379347113799301,0.19502657948066862,0.7622034948391075,-0.15829743556308976,0.23485602411865408,0.6883943241927214,-0.18410722758335366,0.26641611991462416,0.6316262891049991,-0.1979450880431012,0.18065896659632677,0.9557145389234223,-0.1134580767996794,0.2844018547877365,0.8519075062397952,-0.14878052458533417,0.34568788087969804,0.7911681984329421,-0.1616540085871394,0.38652116103212447,0.7441544328326539,-0.1705585033560044,0.21947020312573956,1.008896153480108,-0.10815317603626562,0.3269565951712392,0.9294493259418555,-0.13126232528753992,0.3727292592020808,0.8638618400265176,-0.13753334870231518,0.39682566334430286,0.8160868160939062,-0.14032919047150105,0.2566223414689406,1.04405052004685,-0.1014297353883259,0.34434816756877085,0.9867019596622432,-0.11430357451749788,0.3815244125347165,0.940659140471822,-0.11391281814624794,0.4048328931202563,0.8988004875625853,-0.1118011453995062
76510.328,0.12434041849409938,1.0557703081921523,8.051774245895093e-07,0.11615892921500383,0.9591201462545133,-0.017718349228727746,0.14436698453912333,0.8697478031578945,-0.04101689182355545,0.196486404324797,0.8147003551936065,-0.0542716034218135,0.24201524164352475,0.7849409433613804,-0.06633824796426702,0.1450871713189745,0.8840804079028096,-0.11192570588292307,0.1960450519516541,0.7596056299383184,-0.1555661573849844,0.23547964077165637,0.6860521850857269,-0.18075409635217915,0.26597543373234894,0.6295154240794306,-0.19412764221169673,0.18028589399428016,0.9534084384289053,-0.11194204699384903,0.2862079535888388,0.8495427630691156,-0.1465974168138155,0.34684233042639023,0.7893485250945546,-0.15866080438354044,0.3867056082553924,0.7429559242710809,-0.1667692677882331,0.21878270147661516,1.0069813115564432,-0.10694850210531033,0.32822810322879503,0.9273210744193765,-0.12913532789798954,0.3733760658230928,0.8622769073033852,-0.1339993340913383,0.3961562698390683,0.8150986842158049,-0.13573590208322858,0.2560191762896022,1.0422621158596872,-0.10059469333547796,0.34557693998208233,0.9832922502685664,-0.11225941609958069,0.38187916687342166,0.9380727468586785,-0.110307935800011,0.40379916241555225,0.8966500772983377,-0.10699943471143662
76510.362,0.12470651896917402,1.051952029196547,8.1828276481406e-07,0.1168906890548538,0.9574070514108926,-0.017753231236682047,0.14657035913722843,0.869240285050879,-0.041327102695960835,0.19990412658066953,0.815309729366233,-0.05485098280194212,0.24611568010317855,0.7862201321384777,-0.06726545542304978,0.1457726081457275,0.8796117322202466,-0.11299989655743141,0.19765962752503097,0.7552465000029902,-0.15623498340482683,0.23689368200735972,0.6823054797631339,-0.18094904037145323,0.2673231734434074,0.62623914488699,-0.19406739451318156,0.18021686890769956,0.9482555187115125,-0.11321924152635453,0.28653659805638754,0.8441157311780357,-0.1475735735048126,0.34810358544092185,0.7837345738605712,-0.15975670137962505,0.38948370616223843,0.7372046848656091,-0.1680482095525478,0.21799648451506065,1.002291440307824,-0.10829365811499891,0.32751530518772665,0.9227774838393794,-0.13017734830767627,0.3727829501288732,0.8580966447428003,-0.13544855441937415,0.39613946267276884,0.8108518741364983,-0.1377598543981041,0.25481111971023,1.0382671352025812,-0.1020184209805845,0.3440618558778625,0.9807253010919671,-0.1141845145534134,0.3806715881879576,0.9352340064263696,-0.11312040346615743,0.4034512199253865,0.8927014336798542,-0.1105230024008508
76510.423,0.1253457951148675,1.0471312512741047,8.186578143075279e-07,0.11738087232013632,0.9519259921921377,-0.013892199722636894,0.14699221483775904,0.8606358409564003,-0.03592671803414731,0.1991665839583551,0.8041048131286557,-0.04846225020843174,0.24421986786766525,0.7722214436558358,-0.06029465006840212,0.14776987422454277,0.8689529736146859,-0.11008091350753464,0.19928794476567224,0.7454474793571647,-0.15233696786759415,0.23832981408068757,0.674087436839187,-0.1767461881834232,0.26798626084208954,0.6188546113813782,-0.1896942525645215,0.17977736777577488,0.938784659925719,-0.11211762456176565,0.2892652871870202,0.8350673715346312,-0.14554912884981652,0.3513636865118087,0.7744882643929952,-0.1578195953515401,0.39246472109229863,0.7267191690603695,-0.16606057298142823,0.2159382195839457,0.9955158030266563,-0.10847126164266757,0.3272618934675549,0.9144451164636463,-0.12910438021752832,0.3721928010007325,0.8493594759258835,-0.13375081433652117,0.39576416083935834,0.801757097610335,-0.13565803157718187,0.25182437361678905,1.036043389687873,-0.10312680838412155,0.3406567239003229,0.9736356319644868,-0.11431818095012673,0.37807329786612154,0.9282135339157055,-0.11196988180955511,0.40228385641079795,0.8879637412245031,-0.10826142867552091
76510.456,0.12639536761381837,1.0458576354035485,8.378367261396414e-07,0.11658667057611403,0.9489601429302839,-0.013501688792121403,0.14744737462446578,0.8592828209824692,-0.035275445613998584,0.2021339191716385,0.806934094518192,-0.04780522644278773,0.24850429034818602,0.7790181603269661,-0.05959573363784774,0.14866932400968633,0.864575278579826,-0.10817795038778692,0.20121166867561116,0.7397896454776774,-0.1483658311708165,0.24088989730923596,0.6688218597612482,-0.17012679696250627,0.27049654031424386,0.6147039673458964,-0.18093886332029707,0.1825126592580786,0.9354363723428402,-0.11013600822307938,0.29026300221641216,0.8262199650133765,-0.14326106526460816,0.3524046872838488,0.7661190547319023,-0.154022355652412,0.39216045360928803,0.721622917956256,-0.1605234532329211,0.21868233367245843,0.9924627167161529,-0.10650519712699569,0.3268752810371378,0.9060746870965831,-0.12784720571269537,0.37257272508599815,0.8415735046955866,-0.1324940232051253,0.39580763481170445,0.7954126016019544,-0.13367694798384613,0.2528802291889536,1.0321686937882188,-0.10099130086985142,0.34042687755889234,0.9664340225896411,-0.11191075517465239,0.376315072956849,0.9212491919999858,-0.10914998365400563,0.398004040914973,0.8820430990387195,-0.10493932406537125
76510.488,0.12623609814202222,1.0403816786364828,8.266599335662292e-07,0.11790736410983575,0.9414605676273906,-0.01369025297582784,0.14920665965215765,0.8525320003846285,-0.03573442720606063,0.20315892357918655,0.8002527771030694,-0.04869272102459503,0.24910968826382843,0.7706747753775397,-0.06078630282093935,0.15007151294862037,0.8593175825010008,-0.1086490704386931,0.20241199091299752,0.7356777043727798,-0.1493759468824757,0.24147564192852733,0.6652288547643396,-0.17145718846297178,0.2711812087699374,0.6102079755355794,-0.1825788039685832,0.18285786749131375,0.9300172777162228,-0.11096420836308077,0.29005062072374127,0.8220406366542533,-0.1450757373438288,0.3517617656862169,0.7618061658544119,-0.15633316106447578,0.3912412384973058,0.7169342701797674,-0.16326426411801015,0.21824305581613485,0.9869781373299173,-0.10773548553718021,0.326914120145551,0.9002220660653099,-0.13003912182439292,0.3726816526804306,0.8370657606598061,-0.13461658522287417,0.39498072285530755,0.7915171407647517,-0.13564421010308006,0.2522032263206629,1.0261947792522212,-0.10270858742053852,0.3406915769789751,0.9621234552086046,-0.11421689437439747,0.3765678959793503,0.916797622263743,-0.11173496119051113,0.3973331515694511,0.8768298824159664,-0.10772982011584654
76510.521,0.12661991159896221,1.0353217560542833,7.925152669283306e-07,0.11887732128961666,0.9371552447270154,-0.013247021235949192,0.14958514541794204,0.8462709638528982,-0.03383642593583364,0.2009477148117023,0.7904528810537907,-0.04585049555361615,0.24474886185796632,0.7577753361664483,-0.05692799736335727,0.15154481759906283,0.8562600168421509,-0.10348448677357437,0.2037239719144164,0.732433940623249,-0.1425462782952825,0.2421027936727909,0.6625156409246521,-0.16295973723304388,0.2715490821334213,0.6083585299579132,-0.1730303892414638,0.1841626683770753,0.9263471222212932,-0.10629855227829542,0.28966687823150994,0.819404295857458,-0.13928663311404085,0.3488720523142589,0.7599480611661581,-0.1504255702975977,0.3866833256804909,0.715022244653084,-0.15721734861888678,0.21882137182936626,0.9824056384695614,-0.10393790749424764,0.32674961301255134,0.8970760247327105,-0.12641527298363434,0.3724849966704748,0.8344239732052655,-0.13195441981911854,0.39537845355361173,0.7879782343097301,-0.13360872242693841,0.2518500564270263,1.0208323950856306,-0.09976941594627398,0.33951539982748336,0.9585555554016639,-0.11238357719090558,0.3763174376558946,0.9138154058704299,-0.11133684926636882,0.39834274794099256,0.8730870737490113,-0.10831439092372777
76510.552,0.12833120616939825,1.0265020841625547,7.597661245558524e-07,0.12096829429110798,0.928626155067318,-0.014835303881657741,0.1519992881555747,0.8391840498637362,-0.03505750606514061,0.20183339829904243,0.7844919838270464,-0.04624354670283207,0.24448122601018263,0.7519743278818354,-0.05651381973686499,0.15329919189556265,0.8518103816373322,-0.10341692493023566,0.2048481260173088,0.7293276839959967,-0.141365171915054,0.24228726238518294,0.6596768506177754,-0.16109417294420034,0.2710224068945789,0.6055257212918869,-0.17093740486298725,0.1853432523493095,0.9224012776836251,-0.10504953001933356,0.2882511535446893,0.8179721314827209,-0.13661082239788164,0.3442376679052387,0.7597809350826344,-0.14704937981202065,0.3792349465924859,0.7158756483197145,-0.1537777709504881,0.21893054043310253,0.977974167287246,-0.10172163671516292,0.3260969570005948,0.8949460732682039,-0.12355906011011789,0.37185153836442403,0.832183178514367,-0.12933351891860292,0.3948793192454949,0.7851731322220501,-0.13156988031632652,0.25043394885836784,1.0146030239843338,-0.09669720464936593,0.3382993888775139,0.9542024387053126,-0.10960869032723629,0.37582973063090364,0.910532727071702,-0.10928392114240741,0.3982634472468612,0.8703603601084701,-0.10708525573388115
76510.601,0.1298957421024578,1.013168607811173,7.284217065947723e-07,0.12290329053074736,0.9164465740315267,-0.01619482846165524,0.15341265546381438,0.8286782855478417,-0.037313369808590194,0.2006270890837674,0.7742944296978529,-0.04806144659868849,0.24171189974892518,0.7401067385966605,-0.057942664347228855,0.15514043804278044,0.847831611546325,-0.1119436500824195,0.20573952687376837,0.7256415115241278,-0.15140953912987995,0.2432046143498591,0.6556132690640744,-0.17209324158420825,0.27125288662419383,0.6015443272234295,-0.18252268559353885,0.1864937823729021,0.9183006503688446,-0.11184622917465335,0.2884349532868391,0.8152316192837032,-0.14434908926276518,0.34153327107833265,0.7586541632350923,-0.1533019815980651,0.3728577377460446,0.716177962168015,-0.15908038716444795,0.21972319473772287,0.9723149973273436,-0.10637684387957515,0.3266944687462578,0.8924100780005199,-0.12810386520994319,0.37089508742780053,0.8292887521703741,-0.13203060758366278,0.3925356860604235,0.7815543313168171,-0.1332478566818204,0.2507727059776392,1.0069575617387903,-0.09914176956260858,0.3386551565588669,0.9476910544198822,-0.11116229576497418,0.375034248683197,0.9054812082557728,-0.10922882299547348,0.39608729411129695,0.8672571977122902,-0.1062260514019872
76510.608,0.13094681926372836,1.0126957176659301,7.199627854675337e-07,0.12368091074370298,0.9158742772509015,-0.016171188388082944,0.15389303514781819,0.8278655480216403,-0.037445022027017404,0.20345828852591433,0.7747391737098288,-0.04852534923480021,0.24536799486235733,0.7427080278803567,-0.058750627611509225,0.15645934282764712,0.846474404782202,-0.11132881528726178,0.20488794554475093,0.7239568365886263,-0.15201109376741576,0.24244358516785017,0.654455178961794,-0.17360062929236353,0.2709531308799178,0.6010787246846201,-0.18455706848679093,0.18724035187346272,0.9172531340123989,-0.11194631053622234,0.28835706194047817,0.8136395727976574,-0.14582410506187474,0.3424997667580623,0.7574344083117929,-0.1551653798362706,0.37581557186573,0.7143213442508821,-0.160819138109967,0.21999695866536711,0.9718948995773303,-0.10741117226721372,0.32755049198339403,0.8937101858470726,-0.13096632693679136,0.37122933757199655,0.8309364120544173,-0.1349524329962311,0.39221809037522487,0.7825604481699916,-0.13544719122153673,0.25113309111640997,1.0077037328260638,-0.10109485673351788,0.3402570218034096,0.9475450731804893,-0.1149535066615965,0.3771638816551709,0.9038315097078814,-0.11329565641662716,0.3984804670937027,0.863578874671762,-0.10985927990659956
76510.633,0.13150171439524327,1.0082755928331129,6.745010226045922e-07,0.1249393859875759,0.9120867902311475,-0.01391564302618786,0.1551205050123135,0.8248887710796117,-0.033774960274123356,0.20380084326437073,0.7714913852922753,-0.044242480045923606,0.24554026067545062,0.7400337553734654,-0.05400841647799818,0.1583536335114471,0.843845074656046,-0.10516463348043203,0.20595388032371567,0.7209691880481615,-0.14388160030230826,0.24262012107525943,0.6522879522393279,-0.1643641879881207,0.26999222308297943,0.5999299077717638,-0.17455796266266116,0.18827104017093912,0.9126802770276506,-0.10675694360256145,0.2882056372560091,0.8121188432053305,-0.1384382142879673,0.33870619217153825,0.7567812150838036,-0.1468673478416763,0.36769070210472127,0.7143041178969013,-0.1520551780157392,0.2199519936959904,0.9667524989565152,-0.10342925984141078,0.32839550259754147,0.8888095017067672,-0.12594980191835764,0.37156351744988425,0.8266824500762333,-0.13044241476455778,0.39100931846999504,0.7791018821557316,-0.1315044031615046,0.2506534282414007,1.0025677463671916,-0.09812552596089746,0.3403019843055975,0.9433455666483413,-0.11183330542039971,0.3779845365012389,0.9004404983720128,-0.1108231710832677,0.39910627480354444,0.8604182946810643,-0.10798597391033873
76510.666,0.13215745533414425,1.0065315085606883,6.543663061461891e-07,0.12552958201661388,0.9108661985468606,-0.012929565170260757,0.15415027294759406,0.8222485116472623,-0.031926160731210025,0.200694718182392,0.7663520995493965,-0.04220324556284727,0.2416823957091347,0.7319096426319475,-0.05161928301142216,0.1606244679457006,0.8399320284016333,-0.09870890429350587,0.20737793079659517,0.7175227915783942,-0.13583189587496838,0.24322009852823437,0.6493540519531946,-0.1553277571820333,0.2698527764812071,0.5979477976689199,-0.16480102805326793,0.19073953366822397,0.9073810857150336,-0.10084274094128279,0.2897693343173115,0.8084697917202628,-0.13228411388852845,0.337501634208175,0.7537020149979541,-0.1402178300807495,0.36439137595376037,0.7121740441070545,-0.14420852001222523,0.22187154256267522,0.9614143024386445,-0.09834523631402987,0.32862547347466153,0.8842902078630712,-0.11997084167426951,0.3695832505984979,0.8222118598304311,-0.12270593103671827,0.38769413224936666,0.7757193289302603,-0.12200242136976129,0.2518909851094581,0.9986919638062536,-0.09407115143676073,0.3406402804590512,0.9385477262540619,-0.10681182984066238,0.3776816987659544,0.8945236101351467,-0.10443619981770015,0.3984762327952676,0.8548664880195501,-0.10008714618291321
76510.695,0.13387456140481468,1.004979564242152,6.506287693749434e-07,0.12639552962096529,0.9088769730374291,-0.010958686614053876,0.15439097896031373,0.8190767068790057,-0.028749201664746784,0.19957077057612996,0.7611945168537779,-0.038274603237636956,0.239057606952648,0.7235615496712532,-0.04679206496344314,0.16078096483529208,0.8367843481461192,-0.09603767725960122,0.2078235105577676,0.7135555920282588,-0.13237201203877638,0.24457067341821925,0.6456961035205911,-0.15093312983069224,0.27132560985438553,0.5951046748063166,-0.1595309919113667,0.19064112032139863,0.9027899634281304,-0.09899551024637365,0.2906701566013189,0.8023832210222408,-0.13109323631005473,0.33945420620949573,0.7476866908726703,-0.13909196126467588,0.36625969583018336,0.7067637025777609,-0.14251551206982396,0.22240806541602162,0.956163419645734,-0.09709675324758267,0.3296802019750719,0.879635508773354,-0.11890022239151458,0.3710088141619021,0.8174051390950583,-0.1212822684764377,0.3884139203079936,0.7707727290466455,-0.11989124007219829,0.2530470880486715,0.9937349316897275,-0.0932803130584522,0.3419254313200156,0.933334873514499,-0.10505736522423159,0.3783284426873324,0.8894284863744951,-0.1015627070191502,0.39754371148524925,0.850384884846253,-0.09622015956195944
76510.737,0.13832637043136808,1.001018514821904,6.559570793831242e-07,0.12944666330516713,0.9038851317660868,-0.010874723025707286,0.15584416995946127,0.8159809664790946,-0.0286383666983051,0.1991450654087884,0.7600050630277122,-0.03828241286701025,0.2360319202593906,0.7219620531299094,-0.04735522844931904,0.1613287122432845,0.8308690424058253,-0.09644196287330963,0.2076437900797302,0.7108092830195898,-0.1329657969494977,0.2449356364337248,0.6431696408010965,-0.1530640528892594,0.2721231703664614,0.5916841668205176,-0.16324648603005665,0.19197884309121124,0.8969477452034539,-0.0999008934090886,0.28869791021387736,0.8001827569208518,-0.13187257708577696,0.33787782669021543,0.7450672882876508,-0.14138617849161808,0.36431878986756544,0.7025081226256893,-0.14653307496092174,0.22420706287182074,0.9507161965040458,-0.09841579793771114,0.3285741737193679,0.8762150411866544,-0.11961458350599471,0.3714324477968438,0.8149652991036591,-0.12334524707893453,0.39039832994728946,0.7684040917314635,-0.12385177999136456,0.25427812276507006,0.9879083092461118,-0.09509867767222105,0.3403687481927175,0.9312855407330256,-0.10740301916058127,0.37687011607367865,0.88898484931601,-0.10521946575376138,0.39821992565911873,0.8500838117221076,-0.10137992053483413
76510.759,0.1387533412618068,0.994538449431632,6.922013167944037e-07,0.13133791311978396,0.8973415497989259,-0.011928817934859837,0.16025723198251168,0.8123471667925894,-0.03147369246105567,0.20552880519544775,0.7604558019218463,-0.042428471107066816,0.24487789750953168,0.7278651790246838,-0.05289145075387258,0.16158137750494278,0.8243440090912215,-0.1017819401940036,0.20786628385459235,0.7069404218533307,-0.13996270393496968,0.2452756152964278,0.6397708473708958,-0.16091297730258175,0.2724144639423525,0.589331554912572,-0.1714403826239871,0.1918283573166095,0.8916914761639847,-0.10474627484248515,0.2884513139933268,0.794894660547151,-0.13734369253102433,0.3371530709586104,0.7412054733637267,-0.1442601483242793,0.36188334798760324,0.702773572392951,-0.14735645230206373,0.2238428049000114,0.9472305305896475,-0.10281077022182886,0.3299168855079698,0.8693122333650826,-0.12374095302448447,0.37141025696323854,0.8121584598200852,-0.1230564004829986,0.3866461419160267,0.772398413408366,-0.12010570978206732,0.2537862630158546,0.9853769818002537,-0.0993594390992189,0.3410563038174371,0.9274012926315194,-0.11196230152628495,0.3771693743428138,0.8839822216470317,-0.10821274237747096,0.3965984897804466,0.8454218557619677,-0.10264748873760432
76510.824,0.14207312387254725,0.9910516694616688,7.890056209812887e-07,0.13393208108148968,0.89406435537724,-0.011035091177548641,0.1640883178314347,0.8106180722592039,-0.03272769604531584,0.21448625913977665,0.7652319333231833,-0.045820801626255674,0.25681124987949344,0.7389215890570584,-0.058199951648580314,0.16134073441197325,0.8183586075471544,-0.10723252449605489,0.20866716527081747,0.7028896640747723,-0.14659543226978633,0.24504243608632145,0.6367428761832321,-0.16748950527047438,0.27207599311467534,0.5868090894721135,-0.17801921465839285,0.1897806209876563,0.8850739400868336,-0.11092070368492084,0.2917443154828801,0.7815944248013749,-0.14568307840938496,0.3482815253586316,0.7264122979811365,-0.15364901696416614,0.3832530570392449,0.6871675445469282,-0.15725673659733613,0.22133858789922392,0.9413672360615555,-0.1088198898856262,0.32821307384241377,0.8665191400133005,-0.13056065811018866,0.3673988704445318,0.8152109146284398,-0.12795516586343847,0.38222937290854236,0.7815019778859564,-0.12311220124801783,0.2513193196898184,0.9833572604616558,-0.10512008837003377,0.3393335763284475,0.9238110724538844,-0.11611468851502575,0.3734443263003049,0.8825729461511259,-0.10934038577098833,0.39134978504099294,0.8482776768189062,-0.10147799144820663
76510.856,0.14504805223655554,0.9917964531187894,8.530241071695463e-07,0.13641517825753804,0.8940110191073811,-0.011152439072474148,0.1659793208103351,0.8115122177481466,-0.033916756568449155,0.21631253633294037,0.7687698856645758,-0.048346214048156276,0.2579253991858882,0.7434884909350117,-0.06178424593293442,0.16138125769379968,0.8146141175713421,-0.10786281740168538,0.20926434834619734,0.70163469306404,-0.14762646704777066,0.24487092222329496,0.6355333863162179,-0.17021881085590956,0.2716797307854444,0.5842787583917418,-0.18249930058134028,0.18707530895867214,0.8807477387733172,-0.11148691338946468,0.28917644222554295,0.7812133264693581,-0.1462241643923706,0.3498071561508413,0.7253198620172312,-0.15546421271184527,0.3892776458152329,0.6850953578556827,-0.16113876445278782,0.21822493967554096,0.9377744686956679,-0.10906239794792394,0.32791911338107377,0.8624313822190233,-0.12932675585143075,0.3639359069763545,0.8125723745284436,-0.12436276699533054,0.373081237923461,0.7833249686135489,-0.11872377623254667,0.24946927343287922,0.9803275710888067,-0.10548771799572174,0.33889704450793345,0.9197502814901733,-0.1148192301254457,0.37046391783711546,0.8798732318501454,-0.10584034374525984,0.3837059724741872,0.8505465893416128,-0.09677342064038175
76510.888,0.14359771120859385,0.997053793243106,8.927348088081991e-07,0.13549667164476864,0.9000302484549869,-0.009624507654057295,0.16806820280536625,0.8187611639513229,-0.03253620118619804,0.22112441069730765,0.7783913337145899,-0.04782438709442209,0.26374791388980057,0.75624699107984,-0.06251056906488024,0.16074212220254763,0.8150551970653169,-0.10535693785717136,0.20819487851213955,0.7027834883724179,-0.1461229637050945,0.24369462615264081,0.6366198200486517,-0.17156944698581925,0.2704722472355378,0.5839307795752643,-0.18677414243358212,0.18556470773048825,0.8793656345092278,-0.11009855864464971,0.28631400231835874,0.7806193745519624,-0.14338665018895244,0.3478228581464513,0.725469582693255,-0.1534826606810048,0.388096474083456,0.6848277614202364,-0.1608642849294153,0.21616606911555275,0.9377908046721951,-0.10887101400596132,0.32256195325717574,0.863438713847625,-0.1261577613749999,0.35826759247163703,0.8145862147188783,-0.11951514704299555,0.3673567814141679,0.7863498332694039,-0.11435285432312713,0.2466526040316001,0.981194911112689,-0.10699423921708559,0.333971074547877,0.9239586608860479,-0.11668755945604495,0.36708152258648036,0.8853697346084021,-0.10827397205439206,0.38357137809479935,0.8560859232564958,-0.10001361699451838
76510.919,0.14412054113471984,0.9994000208289562,8.709432631434747e-07,0.1361870846575698,0.9025163661802998,-0.008246870660506446,0.16812564250165932,0.8203684518399958,-0.02942253682471177,0.22154745800705553,0.7795891763837545,-0.043855394497387394,0.26576852601704376,0.7594870488769048,-0.05833743794132751,0.16116729610108785,0.8139684908371368,-0.09919418814412737,0.20749355183774718,0.7010499982530117,-0.13826340806536058,0.24393667236996922,0.6356112972365661,-0.16226037516212538,0.2716434287815177,0.5840735753391901,-0.17625843702975927,0.1857948750097154,0.8781163708478616,-0.10517832156557917,0.28592327364585984,0.7803448948404493,-0.1378082263100832,0.346580827817224,0.7266552297593383,-0.14852998551104582,0.3854302627862821,0.6869472012540603,-0.1559931257532251,0.21594495129103525,0.9366135782527959,-0.10556787589857487,0.32041123490126455,0.8596501769997844,-0.12431991190751815,0.36386407144430866,0.8073256032817588,-0.12243429473429791,0.3817579702364964,0.7729569594409493,-0.12051761664884672,0.24519624240799182,0.9808978203950897,-0.10486675296548609,0.3306320236308896,0.924340440765419,-0.11485177113651059,0.36440708707116876,0.8874947438405226,-0.1081120648682083,0.3819532372965134,0.8579526527707345,-0.10152246155164399
76510.952,0.14356223225050244,0.9990463040370379,8.445901094433365e-07,0.13585876540380767,0.9016066310598488,-0.00656570369419931,0.1679008315768338,0.8192853153656805,-0.02631011608103262,0.22109281989986693,0.7773853056481037,-0.0398641832029932,0.26578883999044123,0.7562369230734608,-0.05388730216687127,0.16147888377549463,0.8127385567820103,-0.0954137452893516,0.2082495720529608,0.7013019211821955,-0.1320938557691191,0.2447518760875929,0.636572083355589,-0.15368240819346185,0.27240696549052246,0.5853326824043861,-0.16587779177993814,0.18659465310456938,0.8773120183329864,-0.10209411118683456,0.2874804843144859,0.7805318074791957,-0.13307895068192355,0.34720644214993285,0.7270227191284538,-0.14307584549087343,0.3844149124166114,0.6869902512603899,-0.15003601565347563,0.21667251240037286,0.9349550616000446,-0.10319821508550367,0.3215280222613976,0.8549568258166453,-0.1225395178994948,0.36743734152924595,0.799349088635719,-0.12342262334971375,0.38816971304369546,0.7603689355697089,-0.12344072171286564,0.2453187258216262,0.9779926007970928,-0.10271905262998811,0.33042754357384446,0.9210851842797981,-0.1124571410561235,0.36353593454911587,0.885309055073755,-0.1066165627450636,0.3800706504713942,0.8561716262933508,-0.10110782891662502
76510.985,0.14234359318535356,0.9978166730885136,7.974798646134838e-07,0.13432768896092667,0.9001348615885875,-0.004364647177495011,0.16790462547843477,0.8186802255389111,-0.021808832158037642,0.22167948423818923,0.777390482626168,-0.03338864059638749,0.26630542005503266,0.7578913163304541,-0.04561661571220641,0.16385261689752947,0.811483006966676,-0.0908179998140446,0.20906044526117565,0.7001884749746685,-0.12602658297969171,0.24473972200925395,0.6356240541642177,-0.14666678050133442,0.27156747766552086,0.5842178694023914,-0.1581553969326862,0.18944685868566313,0.8752748369428671,-0.09778431594271281,0.2875983068568881,0.7784656595147158,-0.12758071079557814,0.34647165610731473,0.7256358021458738,-0.13759712256822668,0.38337773478831005,0.6849713287471163,-0.14439797442473537,0.21875383875730178,0.9322547430980626,-0.09916593544504118,0.32053921925319523,0.8527905580448979,-0.11907682046988002,0.367282453291953,0.7966351030629085,-0.12223999845622648,0.3900254307753893,0.7558899450724587,-0.12340817711725652,0.24643648209475777,0.9750238508833626,-0.09846636338476736,0.3302522544043787,0.9169488677878854,-0.10802369598840003,0.36218608171084077,0.8827512917026279,-0.10265648238600138,0.37769426853527743,0.8550004381256662,-0.09753298866342411
76511.034,0.14359433645595202,0.9948163223055615,7.891234773212328e-07,0.13420732283199507,0.8969178395025202,-0.004924230319972842,0.16657360937440382,0.816243749030769,-0.022004439848130768,0.21998674381869485,0.7759691743186109,-0.032556452578330265,0.2643617279834946,0.7565107265413475,-0.04333092301778464,0.16426119480426002,0.8111761573227315,-0.09216314469184775,0.20990054752159676,0.6979570691306218,-0.12736152373133597,0.24633773947189946,0.6329481958432226,-0.1471856141474315,0.27306395876598355,0.5819785406834183,-0.15776911044538292,0.19152411294990576,0.8745847146223155,-0.09770001142479606,0.2901011313149906,0.7739221480334307,-0.12826139280501483,0.34897467729764686,0.7214747234318584,-0.13783163278975558,0.38511141864914844,0.6817696535875702,-0.14380255988735477,0.22152190968391008,0.9294334157537404,-0.09755761180894414,0.322482050126021,0.8508419877299958,-0.11790045295951994,0.36806070145982833,0.7950569676556399,-0.12126727436556228,0.3890307952212461,0.7553232310962834,-0.12190521195509732,0.24931497660461924,0.9701449574398981,-0.09519112425582534,0.33229008351262596,0.9117853601827574,-0.10400911385041278,0.3630233513050563,0.8778010684806701,-0.0986614494526217,0.376696824901769,0.8511939793063733,-0.09335738276134632
76511.039,0.14372105824261527,0.9946577934750572,7.782929988215176e-07,0.13454734726668932,0.8968813470718903,-0.005190623618083565,0.1671792656545395,0.8167567030872794,-0.022131521127844944,0.22001857068726316,0.7764708386987331,-0.03279127385483234,0.2644434237254567,0.7567938484184858,-0.04343272248869634,0.16431582222306,0.8111826765765999,-0.08995916571842393,0.20966332242587785,0.6979445374203809,-0.12503417381911494,0.24606900103762303,0.6330964638540031,-0.14461270691080857,0.2731111890390891,0.5821862116414779,-0.15495990476641006,0.19090620730899296,0.8742359313037104,-0.09581173332303214,0.28901509403274667,0.7737524952810151,-0.12675457417896555,0.34811173548860447,0.7214073288741457,-0.1366809878957427,0.3847781540898019,0.6817808066902816,-0.14266991836735815,0.2206902203368849,0.9291660172868156,-0.09624286964634798,0.3220809387471545,0.8508653680207506,-0.11733708420728481,0.3680334880921362,0.7953980440243831,-0.12114402913469939,0.38910911272340615,0.7554260479245809,-0.12173230883185464,0.24877449460568382,0.9700371990644567,-0.09451749579114721,0.3320528075566905,0.9109726039672782,-0.10378600791131472,0.3628238782573226,0.8771660329765265,-0.09858324768515309,0.37598103940167266,0.8504897558635601,-0.09317123013538538
76511.065,0.14762982769705799,0.9889111610425615,7.657191019115792e-07,0.13733039275926948,0.8917188293922468,-0.00647581534278367,0.16862772816927413,0.8115775566770558,-0.023902625154605506,0.22020638540502938,0.7699426064140968,-0.03442501619727533,0.2629296515623487,0.7492216205722758,-0.045215382814397985,0.16670293685514637,0.8097425338074296,-0.09490920058257432,0.21165511110543692,0.6974731934761135,-0.13133764428275144,0.24762820415938178,0.6320448654754354,-0.15224775601131169,0.2741088655142901,0.5806050388186667,-0.16374385156670268,0.19568048612743696,0.8720287270245954,-0.0993023678706375,0.29193465956311815,0.7720774649977236,-0.12996024591180114,0.3496083232248215,0.7196570651142952,-0.1398228244252612,0.38508069605437484,0.6798615326731857,-0.14652135239115557,0.2268869069803983,0.9250048085123288,-0.09814967264496782,0.32495049816999977,0.847713647150727,-0.11784933277531477,0.36858465639596044,0.7929803064888182,-0.12124160842697224,0.38829582695516013,0.7550624503423501,-0.12237603322849336,0.2551461588289406,0.963852764568536,-0.09506074711445851,0.3367951711483942,0.9060787278177201,-0.1051452635812317,0.3681261970920391,0.8686047257679391,-0.10223450699829545,0.3836478404791071,0.8385141290579189,-0.09876213591408682
76511.096,0.14907791581759935,0.9796509868095248,7.415018839880028e-07,0.13971964393507078,0.8855618165869242,-0.007540466607871852,0.17019578850202285,0.8069433802448133,-0.023935777187407328,0.21938061143067414,0.7632178354820315,-0.03289515030123869,0.26079408576442026,0.7397717674326295,-0.041894278352501285,0.16868486529510054,0.8048460232330181,-0.09433272486903752,0.21429219785874687,0.6935994975144434,-0.12988207372743757,0.24979289084297587,0.6290306796488689,-0.14954334398660907,0.27659674366132014,0.5782968146598956,-0.1600697256741362,0.19771596043719983,0.8666466399479095,-0.09781112144340388,0.2923715437074241,0.7680404538393268,-0.1277142976609855,0.3489244607994568,0.7159937745122282,-0.13703376530518535,0.38480456982892536,0.6765124387905586,-0.14339137365389684,0.2286918565381129,0.9192001975959442,-0.09601434157122948,0.32572224069806827,0.8442474208057593,-0.1160677540951983,0.3692738289916888,0.790314831716829,-0.12025606392592827,0.3906286983130635,0.7519716246684883,-0.12182641603997066,0.25706960575547194,0.9577265688548102,-0.0922869174623671,0.33883057440003683,0.9007386182389884,-0.10406819032412085,0.37165026462247985,0.8631582736077688,-0.10292528289466166,0.38977585385830016,0.8316830879683388,-0.10048501551727937
76511.126,0.15140000677600118,0.9741736783055974,7.290877545002995e-07,0.14279136040858825,0.8804470875465054,-0.007470074143569465,0.17280146567892601,0.8018311349730448,-0.023259316494727095,0.22080855681937164,0.7567027895975131,-0.03160497706389363,0.26076972162157636,0.7309857852368064,-0.03968111951457989,0.17144279284082498,0.7991684668530656,-0.09215410114931245,0.21685666455647026,0.6895893951615687,-0.12689198809071056,0.251580291724905,0.6256442485371516,-0.14598123441928665,0.27746507186192604,0.5747116852745511,-0.156075006219496,0.19994887275289944,0.8614615283697765,-0.09549259569909221,0.29410056041569893,0.7634600270327928,-0.1245550871178591,0.3495568656892475,0.7114408336305273,-0.13354642874904052,0.3852872631370721,0.6712597598571569,-0.13949634842920777,0.23046931212008986,0.9141691533850481,-0.09362660505406369,0.3277731754392591,0.839727398382275,-0.11324563014742875,0.37018319220925194,0.7856599242792093,-0.11684425615840444,0.39165735429593257,0.7465346040114376,-0.11775471461980334,0.25885957198501486,0.9525599325865648,-0.08986788952157133,0.3404620057014344,0.8952618477116175,-0.10109489349694695,0.37262774602187987,0.8572850094617092,-0.09925421548111635,0.3913759182725503,0.8250389981270251,-0.09609400684153549
76511.16,0.1548222190229554,0.9713322009345963,7.236831690254143e-07,0.14555139968175804,0.8771246298769262,-0.005993852450874507,0.17499818247538215,0.799025262625184,-0.02098994250825152,0.22300801261407066,0.7555531235135128,-0.029216317872495085,0.2628308365984495,0.7319570339765613,-0.0370575207123212,0.17495764381859702,0.7952882967896473,-0.08713264663330476,0.21927659204557653,0.685012482407862,-0.12040835580126308,0.25352644365244814,0.621637252550013,-0.1383645142144686,0.2789836008567458,0.5716121090578062,-0.1476027100871447,0.20293561220053144,0.8558709234450713,-0.09109473606948752,0.29617788243498894,0.7577680991162662,-0.11922474071120301,0.35094087586492084,0.7059731173460484,-0.12754005803785254,0.3858356024390286,0.6665407301985271,-0.13265089462297414,0.23274766440529757,0.9076492005854552,-0.09000368631194991,0.3293632382068684,0.8332981079257228,-0.10916469806697043,0.3710193014866622,0.7795763607101808,-0.11238233158757768,0.3914578073641744,0.7403595236942264,-0.11271921238509044,0.2604324300429874,0.9461372600661238,-0.08697996463034086,0.34225654180623344,0.889401764793303,-0.09754779247972578,0.37345193514883607,0.8519307442820131,-0.09505552528243118,0.3906498499998766,0.8194319390961426,-0.09123035939339244
76511.223,0.1613962744351124,0.9715784509067854,7.023656916227028e-07,0.1483635011755792,0.8748487180457972,-0.0010772364125597855,0.1761113081718362,0.7950792728426946,-0.013547942772938606,0.22519652086118994,0.751402563297436,-0.020051139715200617,0.26448643048525855,0.7286628988224867,-0.02643090758762261,0.18019492517242752,0.7872371671897096,-0.08073971253613499,0.22410050066538242,0.6767625533023834,-0.11178788036504761,0.2578837916228506,0.6135018207700804,-0.1287326087926419,0.2828244231428508,0.5645440293221999,-0.1375119402958591,0.20979105998862785,0.8451420374425885,-0.08600249318821009,0.3012447694184081,0.7450785575515546,-0.11198069556974997,0.35438445075335395,0.6938656721954837,-0.11939482412428791,0.386912844085731,0.6563862935443568,-0.12379601191813186,0.24044426598871088,0.8950514671030677,-0.08578184466040607,0.33489556429126366,0.8179050670647428,-0.10267320703259951,0.375184117686792,0.7652801965694859,-0.10468378528570743,0.39336577604560374,0.7279315521167019,-0.10442680553503728,0.26740774244957616,0.9338936525031876,-0.08324220278826269,0.3466732142878767,0.8759545878832145,-0.09201645881897497,0.37622600537616907,0.8390601384378445,-0.08836205997905434,0.39199160464271826,0.8072753428815767,-0.08367342257609256
76511.256,0.16181013995277796,0.9704389199993599,6.972396192446969e-07,0.14955009748268383,0.8744648120099493,-0.0006541116877830397,0.1782874429277984,0.7937256906509335,-0.012582142228118737,0.22754838234009997,0.7494443440289074,-0.019604112130023485,0.2682406343965552,0.7290878248120471,-0.026880752109348156,0.18264329628493234,0.7818044260539541,-0.0748940064097117,0.22714834981224832,0.6708408162920054,-0.10445102784376696,0.26051342192914917,0.6083113750972275,-0.12018529181853621,0.2853993218574915,0.5605256528088073,-0.12813974218494392,0.21134161422153988,0.83784835659574,-0.0810424450683736,0.3028148912007535,0.7400870109740075,-0.10610824943088998,0.35611134143816,0.6892894679939752,-0.1138474512821116,0.3882034664100518,0.6529607100058245,-0.11860671325849376,0.24123475417441922,0.8876935581970095,-0.08219085422625437,0.3355115789495797,0.8111349452672468,-0.09915046794705841,0.3760763253070193,0.7611943838167524,-0.10214552276130183,0.39440068160692077,0.725242762173929,-0.10268181818119225,0.2671059289714696,0.9272327058160033,-0.08115511130767249,0.34657384313313855,0.8692150790680961,-0.09029144605490329,0.37688910181990243,0.8333956538659392,-0.0873829127904159,0.39268067203905543,0.8017921051522043,-0.0834465031917229
76511.289,0.1628548561150229,0.9677357972777549,6.75180821147824e-07,0.15281916730685596,0.8708421453052061,0.0004800886748099406,0.1809876544717526,0.7880921560812585,-0.010950633861014615,0.22998470378963537,0.7420611625752729,-0.018401473334054032,0.27059359391695315,0.7217589576617429,-0.026061056191138465,0.1885128020662382,0.7766320449879252,-0.06892879151546549,0.2315118666777114,0.6676682257396264,-0.09613127835328857,0.26351108061712947,0.6076473890526813,-0.10951870056305926,0.2872313448594694,0.5611941006522563,-0.11602107467388342,0.21592857956046319,0.830613846358848,-0.07617081488275812,0.3061205693774093,0.7347047966509284,-0.099485019987535,0.357826797352078,0.6847440032244866,-0.10555196169564972,0.3890549718409389,0.6495057368828209,-0.10896409312955113,0.24403217816297554,0.8803542265745427,-0.0788428766487085,0.3353596072978047,0.8064616071456008,-0.09494300555449821,0.3759572237917994,0.7574090253706391,-0.09696773477358779,0.3953797923570487,0.72159135058372,-0.09688180374262963,0.2686768261200414,0.92138802126385,-0.0794551501254415,0.3457576309671725,0.865721269254362,-0.08798046056207753,0.37721967315892624,0.8297901398678758,-0.08473724555833267,0.39471975443035395,0.7974067328234306,-0.08069412166154834
76511.32,0.16311191986900891,0.9623087072559867,6.560757908861254e-07,0.15443501258076237,0.8653244001082392,0.0005295174406821229,0.18404144345245396,0.7854575074982463,-0.01072971291573044,0.23477698091637655,0.743628781137345,-0.018050901079597125,0.27619433797242465,0.7269469737325537,-0.025427473090438527,0.18956839342745954,0.773291426110998,-0.06786227428639378,0.23377662766316876,0.6647626548899819,-0.09497651662216813,0.2663064438804751,0.6049171221539643,-0.10796127602859738,0.2905539238005479,0.5589982214936607,-0.11400168557770098,0.2179169516322657,0.8266904897713636,-0.07493636785554733,0.3079287940812661,0.7297934518810792,-0.09805408793000124,0.35945289203185976,0.6806799284023953,-0.10381729489359527,0.3909805711911157,0.6465271622697186,-0.10674414884741613,0.24652942503989794,0.8758655089493282,-0.07750878627871663,0.3371999298826538,0.8011159254149707,-0.0936509337887331,0.37693572711798623,0.7538808330026306,-0.09537364535410706,0.39606084097068034,0.719583287591243,-0.0947255904704099,0.27166306219284725,0.9167880324303661,-0.07807099629475374,0.3483721427155667,0.8602830278390902,-0.08638178128529364,0.37897815370839294,0.8248256481070156,-0.08289860111439555,0.39575804601853876,0.7926702296087551,-0.07848203565778224
76511.352,0.16214394326357984,0.9590736096140213,6.345547375362041e-07,0.15347992753072612,0.8623650276078967,0.001594421994011539,0.18332407164484088,0.7821366716473453,-0.008654755277069636,0.23340104315707969,0.7390607985846563,-0.014945411375236726,0.2737316474421713,0.7209436133885102,-0.02135862366211356,0.19097209639734047,0.7702781108116633,-0.0665904820896043,0.23739529398703077,0.6623714619083263,-0.09264062191648735,0.27000275494558523,0.6024178940504846,-0.1046430946591387,0.29384460801542234,0.5566040114015244,-0.11001021276119591,0.21999201366149193,0.82329355699731,-0.07355773359516495,0.3093993848326439,0.727447375519702,-0.09579766985753463,0.36045049201330553,0.6783653682265154,-0.10108950924708444,0.3916234080099881,0.6442689156442157,-0.10366962510677868,0.24877886614729877,0.8718189733706464,-0.07589714796429227,0.33909130648037733,0.7974177495122997,-0.09109733653958495,0.3788929788626496,0.7507378754506595,-0.09278676486351423,0.39764159864779736,0.7162540984261823,-0.09219248299951428,0.2732076950275472,0.912451883750326,-0.07609831493647028,0.3495756286483431,0.8574028395795084,-0.0838200764597136,0.38022110873788423,0.8218564094640628,-0.08068652040992308,0.3970523887795879,0.7892949878921406,-0.07650212785274711
76511.386,0.16523352497489835,0.9564972887450736,6.055510065249422e-07,0.1564430667083799,0.8597585535052227,0.002567424866644084,0.18581884862761408,0.7799772540816243,-0.007162251614043246,0.23463813541561412,0.7375834346029241,-0.013311501410759475,0.2749078163197269,0.7197703820870011,-0.019558570532080363,0.19399434479052385,0.767613380849301,-0.06357580228474032,0.23899331447058156,0.6603707628314972,-0.08927986679915097,0.27126109719424524,0.6006401351329338,-0.10136252605532367,0.2951415860448166,0.5554787757882327,-0.10666008454397756,0.2227445295159423,0.8189481263730144,-0.07109920411926722,0.3105880667483894,0.7232546732785774,-0.09243845179115069,0.36129154902162675,0.6744524190765557,-0.09795636878425072,0.39269574829544324,0.6408134025796055,-0.10077083707607974,0.25104161067075315,0.8658373541325497,-0.0740406198985785,0.34137210705197596,0.7913550128188468,-0.08878955355897422,0.3796893935715319,0.7454749212047586,-0.09063036604088613,0.39688843803196405,0.7119713579851471,-0.0901469149274709,0.2750567025381695,0.9054733238249907,-0.07476871452116923,0.34997399126323175,0.8513539275659876,-0.08134478846515178,0.37958658987686755,0.8175122529692397,-0.07733554151106026,0.3952780392970033,0.7869043491400192,-0.07264375189353921
76511.417,0.16756521810567365,0.9557677095991852,6.06493323227594e-07,0.15797673816531696,0.8582070771268959,0.0028073718054426617,0.187753953645301,0.7787977903740579,-0.006656415071821501,0.23628125464640906,0.7363245386470897,-0.012584548021821556,0.2765074372123053,0.7184279675993726,-0.0186218037192208,0.19552556440133367,0.7640116018538369,-0.06283475109695759,0.23983034739674852,0.6581133310493342,-0.08793130601980555,0.2720661023809151,0.599235740418973,-0.09953386449963841,0.2959630200849147,0.5547713222683849,-0.10451878028986077,0.2237142536055909,0.8157857829609783,-0.07040900911271622,0.31094033096279555,0.7216692932332929,-0.09200821066685642,0.36127476653209856,0.6732999809441821,-0.09752279497527419,0.3922553568719954,0.6397246335911891,-0.100156013045006,0.25180671187760306,0.8628338113714956,-0.07337416240071125,0.34135755128551387,0.7898270689237978,-0.08840970948636481,0.3798199774138862,0.7438488677281471,-0.09026071443958726,0.3973062816243297,0.7102196375245494,-0.08959299801414625,0.27574689532416047,0.9021346725659116,-0.07409917739505306,0.3505663888594376,0.8480058737826068,-0.08047439083344606,0.38037686933789805,0.8144654464000869,-0.07620253956879351,0.39616150705192615,0.7842417491325249,-0.0712807114942598
76511.464,0.16806066262816952,0.9524105604107213,6.183084311724802e-07,0.15948671278261087,0.8545726451870462,0.0018813311420375388,0.1907298567665467,0.7761382747278532,-0.00852303493517624,0.23987544983333717,0.7358970094391316,-0.015586733002990988,0.280337018585435,0.7204027696669014,-0.022888778012158193,0.19654998430901954,0.7609621186594838,-0.06405990718189312,0.24025762419797916,0.6563496936365776,-0.09012994076327445,0.27218973547131553,0.598096759899277,-0.10234494233310354,0.2961999399375712,0.5539267124803144,-0.10767442740516214,0.22433229481447858,0.8125351645188592,-0.07185954632883958,0.31130062106119344,0.7187045018358275,-0.09435025316618105,0.3613256947436774,0.6697176012679039,-0.10025064602536823,0.3923163562106619,0.6361397342674334,-0.10316146685890838,0.2522882743868077,0.8599342912602671,-0.07521303926650061,0.341456662058416,0.7870550397643362,-0.09118093295529728,0.3790870573801409,0.7421919446880351,-0.09314037405538876,0.39609490606814224,0.7099543089075524,-0.09230122168936589,0.276492563627444,0.8997121042198762,-0.07647793166178753,0.35174214532011466,0.8442804625352598,-0.08345255437607323,0.3814383223299788,0.8097550037904033,-0.07937504861905131,0.39673165796730675,0.7790067664060731,-0.07452536138850357
76511.47,0.1688224215653138,0.952522949362054,6.081365249537056e-07,0.15942402737637107,0.8548313602165787,0.0025974506164102773,0.19004732388848572,0.7763749507798786,-0.0071957725404184335,0.23836605705457456,0.7352619766551068,-0.01367629592262811,0.2781629767013597,0.7190542013000172,-0.02054297800324187,0.19718086059693912,0.7613531370923418,-0.06370707741599983,0.2405685829599375,0.6562860498349044,-0.08944130033040049,0.2723541720513554,0.5978567525034165,-0.10139185628462945,0.29631838001414806,0.5535445977663752,-0.1065536268614134,0.22523167537879038,0.8126776793662341,-0.07152975309342018,0.31129339929389854,0.718460610133593,-0.09394960913451465,0.36094433771670786,0.6694919365720602,-0.09969926927813637,0.39168011303065736,0.6355787619043036,-0.10242287988340303,0.25304480044793626,0.8597712833430204,-0.07478546502187348,0.34081493538323976,0.7868349690763332,-0.09078327812993131,0.37831691789861127,0.7417256073024365,-0.09282259102294876,0.3952394308355694,0.709064024780379,-0.0919457432264394,0.2767837887028074,0.8994129195755598,-0.07582686904708644,0.3516520811356527,0.843472470336897,-0.08280540257524699,0.3810856918812431,0.8090020553290248,-0.07868876421019186,0.39605678500906943,0.7783630133481441,-0.07376019669497424
76511.497,0.16871991978508927,0.9498848643133656,6.136232657909111e-07,0.1600170476018837,0.8519803191176236,0.0026040661810978467,0.19139255457260343,0.7750290922027397,-0.007639315998130388,0.2401456611568703,0.7366800064967439,-0.014715333315368116,0.2805980159532273,0.7230137832317474,-0.02220391545595587,0.19738155853467443,0.758535585993814,-0.0628588928368391,0.24092136610266254,0.6546189876013816,-0.08825686652128448,0.27290236734945217,0.596702023396312,-0.09992042795929347,0.2971480685158584,0.5531614358340304,-0.10495951930785213,0.22507282448976135,0.8094445515248059,-0.07103697174110112,0.3109531104044526,0.7159768551415141,-0.09320708131409994,0.3603859103887231,0.66776743161408,-0.09880832254562927,0.3911292622860605,0.6346558591165912,-0.10145753827277387,0.25254904834686737,0.8563422104241476,-0.07475629901956045,0.34059831116088657,0.7829263923455212,-0.09056872173991158,0.37827784164778466,0.7382078490863407,-0.09254930308828786,0.39554016547561677,0.7060884936814051,-0.0917722109777082,0.2761172596453252,0.8962740434941725,-0.0763033922712325,0.3508312989568653,0.8399442776465682,-0.08324999750385019,0.38094902333917663,0.8060133144865566,-0.07922270162447743,0.39702542273308494,0.775914774206088,-0.07446944353004674
76511.527,0.16933055236347053,0.947169883647769,6.048735959417841e-07,0.15990464423596407,0.8503585756461598,0.0032271169236425487,0.19068939696543274,0.7736303105947834,-0.006237654546898161,0.23996546551678183,0.7353470698645845,-0.012539480020277827,0.2806068057274838,0.7223726168741866,-0.019206438048379855,0.19701219688820346,0.7567073612060994,-0.06144656028208722,0.24151761032639124,0.6517907824735836,-0.08536765059812165,0.2732956446177383,0.5941676577662126,-0.0956262615123556,0.2968381807136765,0.5509848178941591,-0.09964931164284328,0.22521618952891193,0.8069853547526898,-0.06924513282327319,0.31140663973123983,0.7131371727077872,-0.08990191238171086,0.36020480652940895,0.6652161007456732,-0.09454046951909217,0.3900957376783382,0.6326462409549712,-0.09646647561524131,0.25308991806580594,0.8533785863725474,-0.07251644802727499,0.3400843403098381,0.7805598498946104,-0.0871501201693484,0.3771143661018364,0.7359651267609195,-0.08891713618072952,0.39409293460641653,0.7037417732269245,-0.08808673511556384,0.2769512650222742,0.8928481543632848,-0.07354213862640871,0.3506438491706535,0.8373710437008886,-0.07978465295139216,0.3803428224567359,0.8039813615667197,-0.07571966422764739,0.39640146370947865,0.7739241943156506,-0.07094258234578568
76511.559,0.1675580423046669,0.9455425769856562,5.887533850241549e-07,0.1603560163980441,0.8492555209607683,0.0036083040051101793,0.19193428450404607,0.7740656667604602,-0.005281953961009438,0.2412719177321095,0.7372972771021233,-0.01145965099817867,0.28227895656241314,0.7249670366421831,-0.01800520637342954,0.19755957812575173,0.7541421935017388,-0.0572988728923145,0.24133304715685983,0.650831701586079,-0.08075106743403349,0.27204505037416155,0.5927207904576987,-0.09147190685146084,0.29505533588350036,0.5484318563419367,-0.09613324341907363,0.22536887707760167,0.8035032586435994,-0.06545580449198309,0.31048707943552484,0.7117087474532059,-0.08520062477049556,0.35881829100396295,0.6651384444283457,-0.09053192795059624,0.3890220345909907,0.6329027292848693,-0.09329718870596414,0.25263372839394527,0.8496305063259564,-0.06939246960207732,0.33795506044467816,0.7774699317310575,-0.08349810565283401,0.37515638875569574,0.7338760909555988,-0.08592588918184892,0.39324373909112104,0.7015023707055665,-0.08592817480972804,0.2761647583930408,0.8894627193201178,-0.07119398232915544,0.34903743510773955,0.8349925063760916,-0.07741331040856549,0.37878977754190246,0.8023535505771291,-0.07387817552187491,0.3954796089703239,0.7723541849566683,-0.06972740657653705
76511.623,0.16902879263972898,0.9445118953179156,5.717368266764957e-07,0.1607237363644939,0.8473719321598189,0.004649972565842866,0.19199492349107938,0.7722107675319184,-0.0035753021350163356,0.24061238216816128,0.7358133597606211,-0.009200925674872866,0.28152953429228245,0.7238584635135455,-0.015193905564649357,0.19811271812275874,0.7508051290467816,-0.05570938042596592,0.2403845228256297,0.6487739455945699,-0.07941729763735178,0.271168756463008,0.5908300260630366,-0.09074334754645685,0.2943805785564235,0.5469962600729682,-0.0957791351389736,0.22531098026978116,0.7994152853420946,-0.0641397289525984,0.30800753140004755,0.7082236602355574,-0.0839442440973026,0.3555986495803199,0.6609318947277236,-0.0895406675196409,0.3854844569025041,0.6283529233271271,-0.09249749459845782,0.2521864713084038,0.8446826075564413,-0.06832973483703103,0.33628741224289244,0.773569723089929,-0.082536451084404,0.37242796360512315,0.729862761156757,-0.08494150907986954,0.390094170373376,0.6978416589579753,-0.08488313276564391,0.2753149341187455,0.8835642087030435,-0.07032084867629364,0.3472592224349403,0.8301289078646015,-0.07670073515380364,0.37760367690902547,0.7983322416332641,-0.07316851312979034,0.39579361092825105,0.7691054394355905,-0.06892460426232071
76511.656,0.16924371865065765,0.9423092215334123,5.671692537257384e-07,0.16221510611765685,0.8458181636634106,0.005204264968866202,0.19337258543834598,0.7715976979218786,-0.0029780899815279164,0.24142993842626656,0.7333795755109054,-0.0086498866139259,0.28205504033880346,0.719608862728118,-0.014837227772027768,0.19808040078758082,0.7491001175592387,-0.05636490544685582,0.2402485043111756,0.6478837799692779,-0.0803113385731147,0.2706789546901416,0.5900068389405284,-0.09209967679799812,0.2933685436056978,0.5454548608011668,-0.09757550020878293,0.22534757858879723,0.7977144732342578,-0.06486293578225615,0.3086990251917938,0.7068945604083926,-0.08443764883385269,0.3560481735768751,0.6603004068531516,-0.0898418762787494,0.38507308094229364,0.6280031543564025,-0.09283988319495493,0.25252091767779217,0.8432351710779742,-0.06895884041502184,0.3360100826771802,0.7708027175148264,-0.08216981543154539,0.3722602031005652,0.7273960230364198,-0.08362340643042639,0.38970907690999285,0.6958325970838334,-0.08329144466855613,0.27546270965417546,0.8825860805188801,-0.07092144639746169,0.3468949966646423,0.828974390545724,-0.07616718296302794,0.376512282674953,0.7969704275497914,-0.07182650660549843,0.3937370635761064,0.7680128912141831,-0.06724696782075454
76511.688,0.16959986830024132,0.9428707903511431,5.57149605303414e-07,0.16226302679889454,0.845657521228207,0.00697053146327485,0.1930351203201708,0.7717205405185328,-0.00022561553401222872,0.24075344070792945,0.7329790354256235,-0.005111942889754221,0.28101061058740734,0.7183403717205035,-0.010535440473640474,0.19815830946355306,0.7482486183624996,-0.05483842772706386,0.2399237798314298,0.647591704086287,-0.07843144991044937,0.27029164257005445,0.5896918813455686,-0.09031517225106182,0.293103260992102,0.5450599737472371,-0.09590770480177999,0.22524110344123924,0.7968292544216985,-0.06390565052098282,0.30886975528794125,0.7058088022939675,-0.08313320350833842,0.3563993713125085,0.6594554559974726,-0.08858666114935976,0.3853574374252214,0.6273589762792661,-0.09163265914027907,0.25249547393179633,0.8424310054612019,-0.0683682252359667,0.33643826349982875,0.7691871526809907,-0.08121924584563554,0.3728635709171663,0.7263280944855469,-0.0824358636920227,0.38999255397828675,0.6952766998624508,-0.08195635989987272,0.2754182150894813,0.8817555578134496,-0.07053345115766602,0.34724875122988835,0.8275467829921955,-0.07542303644185423,0.37664183320483896,0.7960184851756352,-0.07069069364235557,0.3934353971060724,0.767368789724516,-0.06579852277440836
76511.719,0.17009592623944988,0.9403629519983178,5.719078261868475e-07,0.16335107393033094,0.8445736651152429,0.00463232128906109,0.1943155428334221,0.7704191309944757,-0.003633017329993049,0.2415817908323597,0.7317513175354403,-0.009363765477993613,0.2819585549184848,0.7173617521895587,-0.015500579454800888,0.19807671896390616,0.7482027689893357,-0.0563446804719791,0.23985537216532576,0.6475467716386735,-0.08070146462114086,0.27028305519613377,0.5897605131799954,-0.09301979498448769,0.2929745506293219,0.5450209376581341,-0.09892856528983891,0.2252380651056479,0.7966047548866758,-0.06471468224683892,0.3083580960519568,0.7062722293452482,-0.08463428593461837,0.356007011438658,0.6595764757127461,-0.09053709784145972,0.3853481295973357,0.6266153403528932,-0.09399972787667832,0.2523597261003028,0.8416597466671865,-0.06878706917241459,0.3353618048539401,0.7694317721035495,-0.08242572022362822,0.3719556568556456,0.7262827018040702,-0.08421144276102327,0.38980254691566385,0.6946025556522765,-0.08414382631516387,0.2752796945530342,0.880038226409382,-0.07081224142086057,0.34651989893081353,0.8269164980552266,-0.07651399938859525,0.37618691754831046,0.7954154503581579,-0.07249418173688234,0.3935750356754595,0.7667383514360296,-0.06819925461964503
76511.752,0.17104092841140087,0.939510803786401,5.726642985346103e-07,0.16419641782518893,0.8435091431378277,0.005109608581655775,0.19505264616633713,0.7701693147040423,-0.0030314252633517336,0.24193536258264334,0.7317602225344217,-0.008849279530971503,0.28213707384308767,0.7166495667088045,-0.015039626390419324,0.19882348344484083,0.7470577267497919,-0.05488532676573664,0.24021762566963165,0.6472313838023254,-0.07903086208552193,0.2703065507994123,0.589898356492156,-0.0912009783452098,0.29284965707404476,0.5455612853268027,-0.09691049194828136,0.22510083948053664,0.7951892346743401,-0.06362771068605569,0.3081869232681737,0.7056642977251673,-0.08345894039322012,0.35590512141643876,0.6587140274021711,-0.08950396477783812,0.3854660545566658,0.6258871646402252,-0.09292162726878393,0.2518310016838496,0.8406068790276946,-0.0681408804527841,0.33481286088901935,0.7690661509602215,-0.08182173415426307,0.37127850818438224,0.7263607963554813,-0.08378143683924086,0.38910213046337927,0.6951969536410428,-0.08364599934963649,0.27486305501946834,0.8795230282475116,-0.0705656754307667,0.3461738716711165,0.8267887988308282,-0.07626243725944054,0.37592017440204223,0.7953410368074916,-0.07225792057080611,0.3933173994990761,0.7666175192712059,-0.06783568992261496
76511.786,0.17191564307000345,0.939543090885345,5.793362236254018e-07,0.16454348466726196,0.8436127738465312,0.004711131156920352,0.19542167102079222,0.7700356502796051,-0.0033258966346670325,0.2422044395444144,0.7306898304423683,-0.00886043335571249,0.28234783284832254,0.7149075481355227,-0.014696822781404724,0.19888843174102427,0.7469078509857825,-0.05508984180384102,0.24048784072565876,0.6465772593840795,-0.07885113929402303,0.27056291611579386,0.5891462522285457,-0.0907328694534057,0.2930629647771174,0.544719721225194,-0.09631061369141179,0.2255556707181622,0.7949234536848191,-0.06341145181987837,0.3080304005157463,0.7050823241915497,-0.08289987545646887,0.3556626259008825,0.6578616522682099,-0.08882277128472399,0.38523408858358077,0.624554634201286,-0.09228627338616452,0.25247066521363654,0.8398746481692222,-0.06750725020930075,0.3349034091227811,0.7690013413232841,-0.08080673811739543,0.3718496663392881,0.7256998877618308,-0.0828189286401484,0.390479372705992,0.6941294478369672,-0.08290343122925295,0.27531249759456794,0.8779153187226513,-0.06956032786690335,0.34579821561978386,0.8257835503446301,-0.07501196882153055,0.3757372029831714,0.7943587157487902,-0.07113043176020226,0.39369339482171184,0.7657328090044333,-0.06690338326265083
76511.816,0.17185875383562946,0.9385943499454384,5.706488344976328e-07,0.16507181495437898,0.8435848868093445,0.005585638828610884,0.19602860164815947,0.7699238551243884,-0.001968133783628985,0.24218258766747477,0.7302735339003006,-0.0072590024721032615,0.2821479283886762,0.7139899318841151,-0.012962945650448757,0.1995358178012691,0.7456030480095363,-0.053603375137748425,0.24119003306328426,0.64545013366732,-0.07702135964909394,0.27094194093810225,0.5880322536424438,-0.08883988847015432,0.29301523326853657,0.5432871440805854,-0.09452105579177526,0.22548619120854832,0.7927806569249447,-0.06251083642115048,0.30830051613208637,0.7037224761788959,-0.08163133441089732,0.3555085265312836,0.6569554106621374,-0.08757928177161493,0.3849435745924802,0.6232584773456752,-0.0912044937141135,0.25189051881825125,0.8373812535474039,-0.06721700493961554,0.33485422123573844,0.7667070702761019,-0.08012836349948929,0.3726108992520193,0.7238087390217749,-0.081948635128511,0.3926456887009536,0.6919758292555606,-0.0821791877857779,0.2745812190542088,0.8752419240490358,-0.06988775811568533,0.34532782200413836,0.8231369621966781,-0.07506342476485145,0.376054568986399,0.7927014306731978,-0.07097499217238576,0.3954565064008866,0.7647026360326739,-0.06681159561290843
76511.85,0.17203927363597185,0.9370857810947726,5.587982210554053e-07,0.16576988229558315,0.8416500509479776,0.005958558851228823,0.19691586992565088,0.7682266519712246,-0.001617544238304092,0.24301229700178906,0.7289402027396364,-0.007028602446368733,0.2832034657206789,0.7126305830320636,-0.012896176975574897,0.19981860390034403,0.7430063997726352,-0.053574952949519423,0.24160150294840027,0.6433679008213798,-0.07697722777496696,0.2712626784945206,0.5862287767002985,-0.08853517187333529,0.2932197822990984,0.5421696598257918,-0.09403233269699877,0.2256292754413109,0.7904808866205975,-0.06295490279613704,0.3080832604246049,0.7019042645814358,-0.08243132927544536,0.355255015378849,0.6552722946507772,-0.08856946448187049,0.3848051297429242,0.6217976337509699,-0.09231569143524634,0.25212153467693643,0.8354875714122567,-0.0681345902944061,0.33593286313503057,0.7649906849107074,-0.0814507916390367,0.37483625370360135,0.7220016898169006,-0.08370754477698389,0.3964765788392729,0.690014615208331,-0.08426316551534284,0.2750547917712213,0.8742988380319778,-0.07121043734505345,0.34626543287556,0.8213909010985493,-0.0768277147621301,0.3775666118142328,0.790710612635306,-0.07316370234446518,0.3979951877857912,0.7626147796243887,-0.06932202181743699
76511.897,0.17138979992715067,0.9368815367581137,5.638046719080494e-07,0.1653250554948423,0.8417639683097163,0.005899767752310466,0.19633186314661005,0.7680614530260931,-0.0013423239194485781,0.24246524451109877,0.7290860336189052,-0.0066353327689940315,0.28276586859070724,0.7137150880749299,-0.012516959640407324,0.19971395098421696,0.7420794735977828,-0.051532528924989454,0.24143258426533268,0.6431227766249472,-0.07469965312528058,0.2713861868770152,0.5861011260569038,-0.08650797068562045,0.2935388459291182,0.5418252543245825,-0.09241240940047746,0.22471150985709906,0.7889841428774911,-0.061171769113271636,0.307243504708889,0.7017538639742085,-0.08023260003245969,0.3552095244103895,0.6560185580139111,-0.08691445737165984,0.38607405183219085,0.6222129843539318,-0.0913264329939792,0.2502885553330067,0.8338358178377608,-0.06684948437123488,0.3323451327732589,0.7636840467052131,-0.08079133409275664,0.3726873792866458,0.7204743836978874,-0.08444848529305622,0.39671774753120753,0.6872151261491612,-0.08616912675040489,0.27264918350622785,0.872535531144255,-0.07041418038013385,0.34355097546837293,0.8205595453371309,-0.07746130077000882,0.3763781259000204,0.7922584469278349,-0.07502167968501218,0.39915378787662026,0.7657498494964887,-0.07215547910053872
76511.902,0.17105575789044558,0.9359259960726312,5.639292473951904e-07,0.16495305248554568,0.8400669783046829,0.005663391442984813,0.19607936289400962,0.7660201399807384,-0.0020987297526563367,0.24287944464107428,0.7273351534991653,-0.007783468411326064,0.28315490919656894,0.712318124246678,-0.014278338249956751,0.19949941220344686,0.7420137529289613,-0.053564572222100884,0.2416319730313988,0.6422706626006484,-0.076884093846468,0.27151394733888695,0.5851648447441368,-0.08878811234727511,0.2933121565022673,0.5410549575008577,-0.09482933504072423,0.22498796076641597,0.7888872021882055,-0.06316942697830404,0.3082315311243538,0.7021119940449189,-0.08226309167707849,0.3558848267610404,0.6563007962948616,-0.08872644499476742,0.38600717676221896,0.6225954408822486,-0.09313336070228766,0.250546161975674,0.8335706334694097,-0.0687063081665563,0.3330451339159144,0.7635671857990701,-0.0824967080363526,0.3733025234041069,0.719988073317739,-0.08596578378795199,0.3973175112619903,0.6867750504141192,-0.08782973943884598,0.27276932323166675,0.8721771701912234,-0.07211859191460808,0.3435519898514412,0.8206634686839044,-0.07929618191269856,0.37641617759079693,0.7920605620492142,-0.07695797424996399,0.39942110497787275,0.7654473714051769,-0.07432858471054257
76511.927,0.17119846737192146,0.9376374823348673,5.607909451738608e-07,0.1650146856507208,0.8421018456114283,0.0063533527896216455,0.19637634242684943,0.7671674309774908,-0.0007636636975758939,0.2430884686358207,0.7270345675150481,-0.005935827792806774,0.28380828003973035,0.7105402615595282,-0.012023924492917797,0.19941954330523587,0.7417102711930948,-0.05247666514435926,0.2410578372858091,0.6426664967463881,-0.07580938892584843,0.2712571708378865,0.5853385904743656,-0.08773639296016665,0.29352874293879533,0.5410093157326331,-0.09379512135785284,0.22420250958238805,0.7884991965463637,-0.062330707216974895,0.30733943500894995,0.7015243290705502,-0.08137852077271326,0.35585323316162226,0.6560508681136181,-0.08814532401724515,0.3872884935082886,0.6227086215929953,-0.09276662176358443,0.24962817866713094,0.8334586670513745,-0.06810138918290465,0.33142643138005795,0.7616612485696203,-0.0824925396722914,0.3723218021848158,0.7176161674165783,-0.0869279419372427,0.39739648263334176,0.6843557526835601,-0.08939052721151865,0.2719882681663598,0.8720543266278287,-0.07157927815835799,0.3424599135723168,0.8197634387145185,-0.07949826361031398,0.3763268740755028,0.7923115628991712,-0.07787678973772395,0.40089192712137817,0.7672933826326495,-0.07573396876605601
76511.96,0.17005712725292468,0.9404144307084626,5.3648974681952e-07,0.16401422799922777,0.8441624084512664,0.009642407883678747,0.19442278039018185,0.7688416727148398,0.004176109574849199,0.24130887426997244,0.7278041378660618,0.0002593040389852006,0.2820464822259895,0.7109044366769647,-0.004862564289070134,0.19871321744730677,0.7419226519094064,-0.05081997234401352,0.23964756628031783,0.6431571212982073,-0.07457555461347659,0.26995352551277085,0.585255596389559,-0.08756168285870852,0.2920130223977892,0.540536121429489,-0.09443543192744404,0.22275630861966697,0.7882347923464372,-0.061736733832180354,0.307104011134575,0.7013842625605208,-0.08040585604466792,0.35567285032416907,0.6562277193426772,-0.08722217049728297,0.38694454020627583,0.6226512861480797,-0.09207185673802382,0.24778533385146284,0.8333157674236966,-0.06829051399255111,0.33009907865678045,0.7603318778043233,-0.08306880707513573,0.3715145955962498,0.7157913784470314,-0.08822280279375874,0.3974455088546642,0.6824362916461053,-0.09126651954813537,0.27038006161521666,0.8724818758993954,-0.07208347124531293,0.3420195194236632,0.8199003121573948,-0.08142866843978312,0.37714295087262767,0.7939479905608849,-0.08065451472489056,0.40363961487665984,0.7704596888425446,-0.07897197029277513
76512.024,0.16918428234819957,0.9411600275189064,5.64113674063747e-07,0.16400218101356065,0.8475583595955907,0.003933476030573907,0.19517760785847005,0.7722908752036304,-0.004470968789826591,0.24052807844078497,0.7355635385965918,-0.011861821520535758,0.27985335450509435,0.7198339679111623,-0.020906714836251103,0.1958564596057225,0.7471585733753363,-0.04828232815629412,0.23489083351247828,0.6447442583155727,-0.07101548146991012,0.26447570389868585,0.5870143161093923,-0.08154439924296694,0.2883439971985383,0.543626123264213,-0.08676807802881085,0.22248019932429072,0.7870957617025125,-0.06004593228015085,0.30250254930204323,0.7036438129191833,-0.08041809169640796,0.3495159836767444,0.6604894971438466,-0.08793773391147901,0.38434315550162,0.6280412670214043,-0.09230188098879297,0.24612414130071983,0.8318975942391343,-0.06847390619525451,0.3261379026049257,0.7692146224578715,-0.08653161892465251,0.37137963883127306,0.7307235232519547,-0.09316541639011124,0.4028141384748124,0.7010656608612317,-0.09646916614798456,0.2653301831348171,0.8751136732143578,-0.0747587961740947,0.3265741417138209,0.8304562724424562,-0.08654223787158584,0.3570223668574087,0.8072021227210573,-0.08584346410234833,0.37984226827061407,0.7861048863004871,-0.08388235961544187
76512.057,0.17015215463109484,0.9436547076221433,5.442864895265712e-07,0.1647268660168806,0.8518401504031994,-0.000914370293496892,0.19562489139595096,0.7761661410297137,-0.011184600985820239,0.2409766647604417,0.7402812931755626,-0.020242397438950073,0.2765899379542599,0.7233878899695417,-0.02978487047899017,0.19479900483045526,0.7544226440663061,-0.045251245896658465,0.23631440544645832,0.6512082416162254,-0.06623336047563007,0.26584227011798073,0.5943018001434855,-0.07525768679898563,0.288813660276529,0.552058737780093,-0.07955222505917603,0.224402737579126,0.7915576354548833,-0.05443201197894467,0.2971742021854676,0.7071784999727264,-0.07160997705447436,0.34095297557026727,0.6648355941129571,-0.07666877318572349,0.3750813986473991,0.6343004737597849,-0.07957632120701,0.24977826364595032,0.8331477958876872,-0.06133249828180629,0.31921385276532366,0.7708441351753101,-0.07557029994354338,0.3607632577983777,0.7361923357974864,-0.07892542755779962,0.3905489557133114,0.711919784872998,-0.08050271249692562,0.27073962037117655,0.8716354257949073,-0.06730431973423458,0.3188040038048269,0.8294224669573765,-0.07676066117069363,0.3436924847145002,0.8034930018986819,-0.07564135739872037,0.3634287083600263,0.7810969819217327,-0.07357063126901014
76512.088,0.17407139614395384,0.9467544508809015,5.055810082401003e-07,0.1709594693569608,0.8573951359739139,-0.0021122814904264127,0.19948843241416622,0.7804296220313974,-0.013736465174706114,0.2427981501909616,0.7420705029639515,-0.025176066822283454,0.2785159285847819,0.7274531699473997,-0.03682232347758069,0.1953340978162602,0.7570864512472478,-0.04155966298884171,0.23918151620198566,0.657500573746359,-0.0644014213344066,0.2710762203574601,0.6002402888162811,-0.07613732299350007,0.29508017456530955,0.5579651737254943,-0.08268102351859527,0.2195282697899966,0.7945098660887823,-0.051905259283442404,0.28821550938003504,0.7181993573052917,-0.07155194524772925,0.3293729513865254,0.680014389840164,-0.07793157085039591,0.35995163553924187,0.6521804229171518,-0.08157061304719258,0.24291305666381605,0.838591647087412,-0.06059210687433623,0.30801519827004065,0.7794661298389458,-0.07615184529653991,0.34672863421808714,0.7476806247458537,-0.07803652048896823,0.3715621436290451,0.7257238704220028,-0.07821355834352674,0.264876960476766,0.880487938828595,-0.06902501943402274,0.31304443130267817,0.8418179210386063,-0.08005817051994042,0.3380482645870193,0.8160516760705476,-0.07908939528627663,0.35557592802419014,0.7940626019582745,-0.07668590144265043
76512.118,0.17098210809893152,0.9461169150981655,4.897426000882092e-07,0.17417346391127655,0.8581689972755613,0.0021895650767831667,0.20447461881048115,0.7833927232180963,-0.008271346949405657,0.2462547815168625,0.7488072574834979,-0.020375460024645214,0.28283844083046045,0.7368251640075439,-0.03298836642477933,0.20081760035590746,0.7568604552350493,-0.0359125003693421,0.24625764805309136,0.6632460162197499,-0.05860668895927932,0.2787822702576197,0.6090661467362526,-0.07050087637250535,0.3029669577615792,0.5694279957516436,-0.07786175534719435,0.22180408198565219,0.7929683995975525,-0.04923511334961056,0.2973639934805525,0.7245064093164434,-0.07006677114595435,0.335538233104634,0.7078370787320692,-0.07521549793273238,0.3596563807166413,0.6965290545112522,-0.07771118894174153,0.24323959005297602,0.838601464692325,-0.060713949736092884,0.316588462589169,0.7856666589056667,-0.07768314369839509,0.3448884066978955,0.7836270878370182,-0.07466223971188489,0.35661657159286897,0.7844468955181392,-0.07086660584688773,0.26454350346511607,0.8841594000303232,-0.07188846709908618,0.3212041884776671,0.8558750302531359,-0.08343284555463903,0.33956175319751275,0.8519952508899573,-0.07972092945493311,0.34688755258356,0.8475080303359913,-0.07516967936763888
76512.152,0.17780348878729835,0.9596024031338212,4.3444911349003025e-07,0.1797033800738974,0.8720592661478128,0.001027102991847369,0.2073130346814646,0.7946239378889212,-0.008182505806503964,0.24503488218894476,0.7500258184081016,-0.01829435353950953,0.28019266508541535,0.7302088057180852,-0.028301649730024962,0.20444647574526933,0.7724072740602385,-0.034975511346869964,0.2483468529531935,0.6765990476384658,-0.05948012843311133,0.2824797206658228,0.6188929073712484,-0.07371414135712061,0.3085126668707407,0.5759489953897197,-0.08255124658650373,0.2259869153028674,0.8045848252551879,-0.04611760769010582,0.29537697997056317,0.7337998542243416,-0.06628693391605099,0.33660776647657176,0.7092459045520535,-0.07204371256039475,0.366311822688856,0.691332939211432,-0.07535186326260672,0.24971277632050556,0.8459125406249762,-0.05582718068442369,0.31560839925102774,0.7874537346005686,-0.0715410390761229,0.3503679536149101,0.7705860780454802,-0.07001976758334934,0.3718081233704371,0.7622073612845,-0.06782012264703101,0.2741825295727937,0.8870295735198349,-0.0654475451042932,0.3252245213128434,0.8544548572321305,-0.07860795436865485,0.3501471856125783,0.8405599160784304,-0.07777773841955711,0.36692537831265576,0.8290672389955215,-0.07507260562429156
76512.184,0.18316981763618806,0.9616214552308265,4.2660398066914894e-07,0.1869367558169826,0.869455886159933,-0.00016313166287028964,0.2175436629547239,0.7906870654201871,-0.008380421746103662,0.25637905787890525,0.7436140435279427,-0.01744585923382681,0.29137818100294377,0.7193529955184229,-0.026012434447357853,0.2145670048690134,0.7775207715327251,-0.028674034554386725,0.256512083856716,0.6843496496524223,-0.04968357589974478,0.28929520266048625,0.6277771349101028,-0.061132969181981966,0.3142804961434335,0.5854747100733506,-0.0683428914736012,0.2394528722385713,0.8097854288109492,-0.038483428911115725,0.3057399331958477,0.7403234106887199,-0.05704737942142283,0.34448513730467273,0.7182278844163068,-0.06218418467253209,0.3720941259243298,0.7039401331685436,-0.06471095515853474,0.2656176874192696,0.8506556284990634,-0.04726310698527537,0.32796863998606834,0.7922312229802712,-0.06245952120751295,0.36059028093680967,0.7805061121759872,-0.060159129190442986,0.38119577558910267,0.7770766055252744,-0.056743124745771326,0.2912083866202516,0.8911968035856361,-0.05608936206580118,0.3392628227333335,0.8556232601519392,-0.06826140108344697,0.36589245077261917,0.8438417910499905,-0.06694766331337287,0.38414811567646917,0.8363071548360296,-0.06371950424987688
76512.218,0.197363269501018,0.9648804740056278,4.039778462854217e-07,0.19754124716675497,0.8742001319695883,0.0024896320940316586,0.2257214946168725,0.7943562688128086,-0.0037740281817758613,0.26505108088765733,0.745770277179964,-0.01209940993341517,0.3017263213056662,0.7226191824464621,-0.019780567910669948,0.21817864060973205,0.7830544769535777,-0.018432808117809906,0.2591200608144435,0.6905283777124307,-0.03783892057384095,0.29473975980277145,0.635534932203579,-0.04897510950819609,0.32105773014792244,0.5967334584826998,-0.0558560211176043,0.2456158519435282,0.8091113021034007,-0.029811159853538553,0.31385080151494177,0.7359666809372418,-0.0475264952983744,0.35298517708347665,0.7216881416874333,-0.05340389397343602,0.3767282208847338,0.7179361108678507,-0.0559002208164585,0.2749574466559492,0.8455775190969507,-0.04052937430096072,0.34117538888215965,0.7810388154686916,-0.05523652394715381,0.37235274621357234,0.7748452612038323,-0.0523158011646995,0.38718145756260375,0.7786430965594009,-0.047874775061118015,0.30396655929090916,0.8839854220089101,-0.05109589371284816,0.3539566221970891,0.835754503345595,-0.06171505550829374,0.3803443867949029,0.826929287910302,-0.05817676576102333,0.3944230484949331,0.8249336616370434,-0.05324445360758987
76512.25,0.1978904466230847,0.9607662696316954,4.886423947553279e-07,0.19773585509382052,0.8719561590114977,0.0013971261317665593,0.2268194837035689,0.7972805824234976,-0.007849805965028326,0.26650955836861234,0.7540864170455968,-0.018320803602969903,0.3028855256842478,0.7345772572672391,-0.028607464546093208,0.21750293712721888,0.7825984851176281,-0.030288368251014202,0.2523559861152799,0.6862583582145664,-0.05571498276229246,0.28755669832112846,0.6286681170745605,-0.07143323860347794,0.31538883873041723,0.588736899283872,-0.08058180123079994,0.24026716039189872,0.8107685413657618,-0.041926682887952475,0.3084697858892946,0.7352665676423087,-0.06382386451041257,0.350354447316315,0.7146551159620161,-0.07158169451181684,0.37731625085782783,0.7053312508832013,-0.07501289777783807,0.2665681938963522,0.8479496376147119,-0.05240625395702811,0.3324818783774141,0.7849798182844078,-0.07006310682521363,0.36762975960280614,0.7736201799106576,-0.06905985554580733,0.38723063023124893,0.7730917901850157,-0.06545291457169952,0.2941064952090886,0.8859290911403271,-0.06256659323225018,0.3449490641214911,0.8422372623498885,-0.07493980402144394,0.37281627407598256,0.8300521596987398,-0.07203015556312067,0.3902810757778343,0.8234310400185015,-0.06713721005566674
76512.28,0.20039469883243713,0.9612634683788408,5.178340099191399e-07,0.19756286573354828,0.8716256591175462,0.0030385953314407913,0.22387995376895733,0.800058078292191,-0.006318290650373155,0.26271334320176687,0.7587218673259761,-0.016427651701481062,0.29971211002468184,0.7390804811889397,-0.026812481240547924,0.21905818289722057,0.7853472992090189,-0.03529893941832147,0.2512861905960012,0.6892300120291077,-0.061595670884308736,0.2856607406295868,0.630811663069096,-0.07756053881915145,0.3129044652181927,0.5903281762439648,-0.08659041386676163,0.24462503305338312,0.814191309007757,-0.047230353028396954,0.3116851573744821,0.7354006704014664,-0.06934050894416435,0.3543324528092454,0.7053243901127076,-0.07703600790256823,0.38261198104287525,0.6896650660044884,-0.08050495995498463,0.2719698844443822,0.8516540846757116,-0.057471947362692,0.33893310633890106,0.7870520983432938,-0.07579307732300763,0.37595306014993646,0.766414554101305,-0.07720346690053007,0.39829951161824817,0.7580436411028022,-0.07546097588300678,0.2988833391837794,0.8902349589030961,-0.06674442326389494,0.3524329820660867,0.8531388113908521,-0.08034181610587345,0.38253787792460614,0.836939603275743,-0.07960852807123014,0.40301189769000895,0.8250265053788594,-0.07627935373810196
76512.327,0.19955558516484798,0.9603666837438743,5.212913912123391e-07,0.19846788368358728,0.8719544239358261,0.0012426341001097884,0.22840347464976146,0.8003213615912935,-0.007498690789623268,0.2705570078647154,0.7602320307112486,-0.015966886977600698,0.30915373084287645,0.741776710335024,-0.023969037939641433,0.21876356353766427,0.7850989515857522,-0.0362914206917979,0.24853830346377173,0.6886344184711359,-0.06498346251905902,0.2835969013009354,0.6301893283669275,-0.08393611496150441,0.31264164645717796,0.5890289440636938,-0.09476579910540862,0.24252253123927434,0.8161337719319581,-0.047081965820898554,0.3105435691795562,0.7387936823854074,-0.06882343199498882,0.3547477549872489,0.7026507928049625,-0.07820266122771896,0.38527968164366944,0.67796908973688,-0.0833190705150985,0.2693213577159562,0.8544386247200048,-0.05664606446568031,0.33863661773736947,0.7937273735070386,-0.07509001659744206,0.37979573543212375,0.769439510321448,-0.07838516347517743,0.4062052630451957,0.7552479926983374,-0.07771951227221477,0.29700201497496354,0.8924586394809255,-0.0653697148697032,0.3509048589160035,0.8525525367952173,-0.07910995377749049,0.3805491358665103,0.8332408496018551,-0.0787446139895387,0.4015440070903297,0.8160819488193459,-0.07551536390100075
76512.333,0.19875489760629736,0.9596002655446862,5.346920856508203e-07,0.1983777591477632,0.8715075172692851,0.001701033607677403,0.22922517953556307,0.8006156503939975,-0.007561316207194577,0.27251744025048186,0.7612218128046656,-0.01657244157147059,0.3123418997326315,0.7429046313696572,-0.025247984196083883,0.21799456449006505,0.7848522738041428,-0.03874797142973233,0.24754438299231746,0.6875767449619541,-0.06864364817325865,0.2828706882221644,0.6297611083308805,-0.08826669132455735,0.31206813158947166,0.5889506534867839,-0.09953773791587796,0.24042789913967846,0.8158428723444694,-0.050217763123654356,0.31018693018238214,0.7368986338909371,-0.07361447880116818,0.35500382971075445,0.701976771445168,-0.08357591629461016,0.38526780888778983,0.6787016460065678,-0.08894770997438166,0.2662725067648951,0.854572108135034,-0.060273745350986015,0.3381478052732663,0.7921407532270163,-0.08049290784759087,0.38013459435829994,0.770802508121656,-0.08448891248280063,0.40648229274832826,0.7594259274018299,-0.08408777128476896,0.2934864828403347,0.893679916095315,-0.06926620073847893,0.34977285870910974,0.8546005135510795,-0.08454720484613662,0.38071632627127316,0.8375931300719274,-0.0849096159910413,0.4022960739307364,0.8222335264249511,-0.08211788712987791
76512.36,0.20075291095161676,0.9625239661933543,5.208047271618156e-07,0.19954409739079648,0.8743812055227241,0.0006748147252790572,0.23041466465010405,0.8023181215733907,-0.008340542840825024,0.2737810287980577,0.7617502144202588,-0.016914160368409568,0.31403558982816343,0.7424687131856007,-0.02509046880223892,0.21921057033426444,0.7879919170187277,-0.0382231844482878,0.2463289789603628,0.6905104030461704,-0.0682398516376739,0.28067136954669847,0.6310366721035471,-0.08799084052434691,0.30975967245143504,0.5893413719153673,-0.09928303016313338,0.24331633373206957,0.8183152735380936,-0.04913470280047727,0.31039528675067535,0.7389035570494359,-0.07212203185378645,0.3551662215923473,0.7017869770579181,-0.08200917902908995,0.3864755505023856,0.6771123215777411,-0.08737311714749434,0.2700539908207468,0.8563316856662192,-0.058918132090777245,0.33884028818746353,0.7928831019586413,-0.07923389989787209,0.38078765803063686,0.7693027288341623,-0.08390633079046658,0.40823152964502274,0.7562000696295718,-0.0839276585877743,0.2978731137087174,0.8947838177621458,-0.06769070323680501,0.351999809697609,0.8550543480829756,-0.08307459468161303,0.3827839883918748,0.8367493087984824,-0.08385601942755862,0.40463207578936333,0.8209315012369759,-0.08141186692707902
76512.423,0.2118077581323471,0.9681311362857655,5.065648855109299e-07,0.20579790230832645,0.8789109096607884,-0.0008189867214995494,0.23390167750992236,0.8048752477277274,-0.008886169077053299,0.2760872815953129,0.7632580717558229,-0.016217148320323754,0.31550931851981645,0.74433486798972,-0.02262620716400058,0.22165415518621306,0.7924343527164316,-0.03494391567642559,0.24792196986243914,0.6935268050875701,-0.06429901851400603,0.281640801108682,0.6321919785999048,-0.08318306228047775,0.31112411344177315,0.5904086075381816,-0.0935594976396386,0.24943776751315908,0.8218446715732097,-0.044609527355138574,0.3117703567729405,0.7413921485501622,-0.0661869175149468,0.355224050367115,0.7003064982648095,-0.07476226817350953,0.3882319914554021,0.6711812945936463,-0.07939723696257348,0.27888838540622407,0.8575324703344697,-0.05376471504412712,0.3432888881733318,0.7916433461857822,-0.07354154350298087,0.38288869608757653,0.7663585533129317,-0.07678765826605978,0.4102505948810675,0.7508609768722603,-0.07580751571211806,0.30874809336037173,0.8931011627686611,-0.06233007223394914,0.3599963161149894,0.8500421839684946,-0.07800749736237188,0.3913641521912808,0.8306183698543403,-0.07851540361529306,0.4145614656356612,0.8145510706330694,-0.07572276084592833
76512.458,0.20362724922315642,0.9656182592051825,5.600869937304286e-07,0.2035412933184307,0.8789599877897702,-0.00038112672570594794,0.23495378973939599,0.8057055959428603,-0.009762945886786664,0.27684241067472776,0.763675479574255,-0.01834844481714124,0.3152455340303038,0.7412317548878246,-0.026316948630387454,0.22343375587127567,0.7929071402627643,-0.03951681281090215,0.25041182488170843,0.6941567548131504,-0.06946187836671792,0.28400473622517536,0.6332471533755658,-0.08909565385128507,0.3121902319137134,0.5908544522137577,-0.10013444904763165,0.2478346592277501,0.8239513727661334,-0.04966506419989846,0.3142674095929533,0.7429591224086415,-0.07077191443310832,0.359035442426685,0.7050735033697224,-0.07838610161114216,0.39055189370881754,0.6793052590481792,-0.08286266153811413,0.27434838686081253,0.8625872806521931,-0.058949622596654844,0.3443952556890718,0.7992602238797808,-0.07751856635988909,0.3859696834029584,0.7795245540226291,-0.07911163386837387,0.41251516472282634,0.7695940515266988,-0.07760952112202178,0.3016921829075543,0.9016291011902596,-0.06758677688453008,0.3575607418674508,0.8627529437616119,-0.0806771004423913,0.3888633572389019,0.8473464361401544,-0.07895840082734823,0.40972185861592986,0.8350617627386814,-0.07531790352372164
76512.49,0.21609469901314532,0.9743707786747564,4.827075757783311e-07,0.21070061047713728,0.8840421491723535,-0.00021530660857988293,0.2382489900691456,0.8060003509038344,-0.00859227332914054,0.27936942373535256,0.7603927993392058,-0.01674283236947863,0.3172719233002588,0.7377539367682149,-0.02400426836987717,0.22592331361121956,0.7977145527985972,-0.03243740809637001,0.2513105688278333,0.6992167888782567,-0.05938254029763122,0.2836437963367652,0.6360332366162812,-0.07604095992318591,0.31162725421954224,0.5926197125882976,-0.0854889626022794,0.2542142856658544,0.8264096284432233,-0.04285527185367646,0.31608686616215786,0.7465467500009262,-0.0631158670599328,0.36021151880332924,0.7092311938910338,-0.07000010672868312,0.3938005043896317,0.6839831159243578,-0.07367351206847533,0.28448188620128,0.8621008737025168,-0.052768952421971146,0.34817069342238194,0.7952354973672875,-0.07107260637883926,0.3856629943074166,0.7728528347282784,-0.07184814380558874,0.41075750551307433,0.7602618847811936,-0.06957636741067373,0.31652214706310927,0.8979595774159799,-0.06226477899524179,0.3652527317031008,0.8495788359565244,-0.07681625825088763,0.39430338585456176,0.8311813778816703,-0.07597167105382945,0.41481960623631436,0.8175874769032228,-0.072568396679414
76512.521,0.2118260202939746,0.9686671528577899,5.529002242424112e-07,0.21369986887403836,0.8808583206808961,-0.0013103166624534996,0.24502614218138474,0.8070450089573571,-0.011350384055033701,0.28718973700101696,0.7654733953276329,-0.020713331659181135,0.3249722788829675,0.7438435937599254,-0.029196392250328718,0.2296005956275985,0.7952969480527096,-0.03885415519272017,0.2534311596757413,0.698010338866884,-0.06925225117532398,0.2854887236202489,0.6371636747859,-0.08925787745209311,0.3136673302853131,0.5951310545851063,-0.10070309035308794,0.25184554358045663,0.8261959225162784,-0.04945011557260378,0.31442137034108436,0.7466491801912392,-0.07239189989410251,0.35905520169708044,0.7064249509618203,-0.08202812471026022,0.3930461899139328,0.6791457900941116,-0.08777547287619322,0.2767069084622329,0.8641106007439,-0.059397532486417576,0.3426772379383242,0.799959348795121,-0.08068175967867874,0.38557320803040024,0.7750155925432985,-0.08553216109058126,0.41576593572955606,0.7614657709063654,-0.08608706398582312,0.3037196953121731,0.9025895626228674,-0.06866737750245197,0.3567528539999618,0.8652994384795629,-0.08534036961016862,0.38951222119112944,0.8477909178840933,-0.087010659698916,0.4138346769923009,0.8340388229335132,-0.08564698224226688
76512.553,0.22118360282514496,0.9708840157902134,5.015180437703173e-07,0.21731746328233037,0.879995091011931,0.0016461775374310972,0.24514540722126935,0.8063299639173391,-0.006487694373482093,0.28497935505717303,0.764571988376195,-0.01443234947184862,0.3223578995340907,0.7431482490289067,-0.021823180444108192,0.23211434764049688,0.7942346716583591,-0.03390913169586243,0.25421627384218987,0.6984743941421762,-0.06302208100273957,0.2866673765579288,0.6376140589963717,-0.08167318916320224,0.31553405415875346,0.5964885709666186,-0.0920675716117588,0.25850667524153664,0.824108112526474,-0.04563723809868798,0.3209636505789383,0.7470461645203669,-0.0672516898390046,0.3659594737841302,0.7101722194267348,-0.07542637886831619,0.39991245031931716,0.6858808246071585,-0.07981571908241011,0.2862589486298054,0.862517558862226,-0.056688916373363936,0.351660566411177,0.7983638722166498,-0.07738113786310888,0.39332773448059716,0.7753132313998305,-0.08110660362528839,0.4218604656129212,0.7617739089910615,-0.08061318550977767,0.31561613350224843,0.9021517014824536,-0.06678329126294266,0.3655234697603869,0.8622648665349406,-0.08366823623553406,0.3969378938873068,0.8443833135683,-0.08470380141777109,0.41953711344950123,0.830297371021618,-0.08252108951943503
76512.585,0.21281965253827265,0.9642148069208332,5.591443448749993e-07,0.2167167241619584,0.8771463788824995,0.0017341831477291874,0.24881583844101943,0.8045013240401125,-0.008478624305272556,0.28950128684460114,0.7649849808667201,-0.019268475986195965,0.327595894620802,0.7442077201813577,-0.02992678658518838,0.23436872303214254,0.7898002494845557,-0.03713645913260261,0.2570581028860465,0.6980587164301931,-0.06673521187890237,0.2892017295845069,0.6404609958166347,-0.08583831797479301,0.31751806828059737,0.6006691872276686,-0.09711771729889025,0.25439931249851155,0.8202946219459268,-0.050490714565165684,0.3198130101096501,0.7466760208456579,-0.07428989109888019,0.36639726992603033,0.7165664186259544,-0.08355825546959439,0.4006420744147882,0.6983348202599898,-0.08879502634242742,0.27790987030079134,0.8614818899264436,-0.06280222760937175,0.34679545849191185,0.8005992413291331,-0.08431325649175218,0.3910807082051972,0.7862067496439678,-0.08690918160471534,0.4206403892137984,0.7813487582666057,-0.08593479952736419,0.30360049909438047,0.9050569993130898,-0.07431597643965145,0.358764064948224,0.8695401775391371,-0.09000328856938558,0.39313942049205436,0.8574877631498659,-0.08949688828853411,0.41743664537430597,0.8489434340742097,-0.0867389626819613
76512.618,0.21878181911509798,0.966921781215265,5.049434610939891e-07,0.2195125256565371,0.8772638693863867,0.0026636162122453382,0.2495064896150772,0.804896074389961,-0.006371188343578931,0.2893764313332141,0.7657769774876017,-0.016116701951926136,0.3264995787875976,0.7454677480107859,-0.02591096219633051,0.2360729693252517,0.7904217155091199,-0.033515598499143,0.25848255848625123,0.6996163177887719,-0.061718381972984,0.2889701935060761,0.6412343617193365,-0.08017875052200288,0.31577615135191384,0.6002006040819392,-0.09146827623809087,0.2578617068085773,0.8207901375730796,-0.04685614988268316,0.3212497986075297,0.7494472734615666,-0.06876576280800673,0.3670491082755153,0.7213280073680818,-0.07729327344982215,0.40107446586900225,0.7047866581217423,-0.08236671093040993,0.28240555312654586,0.8624492981623173,-0.05925529118143588,0.3488547514325,0.8019689258950414,-0.07984236251962244,0.3904639436047133,0.7877426959785496,-0.08251206824420579,0.41748257458545257,0.7826621209197344,-0.08187795836156704,0.3096525349421705,0.9060116839175365,-0.07078061092751045,0.35917551141294163,0.8691951775406197,-0.0876107734829259,0.38890556273579163,0.8579966365576781,-0.08798265546924532,0.409383155399193,0.8508413462538826,-0.08571445732041043
76512.648,0.21970395693946357,0.9657479027137302,5.3079534715211e-07,0.22106957053735685,0.87987570739203,0.002994009882610344,0.2505445524112875,0.8069551771685178,-0.006937076234781863,0.2897581366783558,0.7655179558572572,-0.017584673542550194,0.3280257240741399,0.7431621293541696,-0.02836335327234811,0.2364796387464841,0.7920865025581377,-0.03652906547351771,0.2577247989733904,0.6997295045947997,-0.06437610938591802,0.2891581709624576,0.642692066130983,-0.0817327767809316,0.3163633642624245,0.6033009851636341,-0.0920336438065686,0.256282186898211,0.8214973817711996,-0.05010020028737579,0.3210837651097196,0.748707201289224,-0.07182584699849622,0.3687366471423496,0.7222727533869263,-0.07907553300034804,0.4030917622478194,0.708408121782634,-0.08329356427319408,0.27956193304232263,0.8637317952951796,-0.06241631439795887,0.34902011448646275,0.8020534564670955,-0.08230238417900322,0.39392722760812027,0.7882786553860742,-0.0834079241739136,0.42244328559116523,0.7846825017060978,-0.08201416768082674,0.3053482950788323,0.9083109059319628,-0.07377457588333389,0.3587313117058239,0.8714743319956569,-0.08914372834715445,0.39260242537215306,0.8594132521987051,-0.08819704496993419,0.4155451350285759,0.8518235353918363,-0.08531399005030064
76512.679,0.2229287329439823,0.9656115509664969,5.479645535301864e-07,0.2236983347929177,0.8809163896722885,0.0014600737889725903,0.25239077185322134,0.8082376117619045,-0.010049009610549572,0.29258549549299934,0.7675920852903065,-0.022089889301789095,0.3318594046491649,0.7460407479860858,-0.03416111413926162,0.23729223594411142,0.7934757925795518,-0.041948704363685,0.25703658107295924,0.6995519893166646,-0.07154464622348018,0.2891775225423283,0.643750504148212,-0.08973081283158241,0.3174790595729706,0.6053239604795823,-0.10050665452569707,0.2552067280729554,0.824082978214631,-0.05546104662871035,0.3163282500903914,0.7513789923549714,-0.07937562706385604,0.3643336359323806,0.7241472612912162,-0.08683383781339812,0.39907972282579857,0.7098698295422137,-0.0910471079155982,0.27775014002970366,0.8677496794467963,-0.06768089392356758,0.3463583546917776,0.8072609028729198,-0.0884193848104873,0.39092917925041143,0.7904547730863505,-0.08911960917821644,0.41849681368983993,0.7842686782140557,-0.0874865965374356,0.30337971800234,0.9137869326782357,-0.07914709759835953,0.3585724343574573,0.8782555881397213,-0.09434154406307861,0.39268538352208276,0.8647224405921968,-0.09311445370521004,0.41516455548495795,0.8552456203562817,-0.09012628248882573
76512.713,0.2321115402567231,0.9621613451220886,5.579487192508652e-07,0.22934229090078237,0.8783939922072705,-0.0004704063789745072,0.2593693405655186,0.8031396941213036,-0.013214986756523389,0.30335249918931134,0.7591087390497497,-0.026033332432106232,0.3445627339072872,0.735751826718177,-0.03865747099892662,0.2396474186474927,0.7943372709058918,-0.045879629583691454,0.25566645194474663,0.698411841607954,-0.07485981047645157,0.2875914937397695,0.6430857032721788,-0.09163707301394854,0.3158339234507532,0.6062497567457379,-0.10123858327074012,0.2590668922688226,0.8226896764557727,-0.05806569575383099,0.31651647191227555,0.7416538496516916,-0.0812658034110511,0.3641502199717014,0.7141140306834715,-0.08693148485652383,0.39740908984358325,0.7022096587472768,-0.09006060962115421,0.28434449215146407,0.8628526549561619,-0.06888549021642397,0.3519679303531758,0.7975363125704701,-0.08787176199021138,0.3936240757271862,0.7863356359275929,-0.08547097087696569,0.4165119848662959,0.7884726960730041,-0.0816814912619369,0.31363225576519943,0.9053861710991035,-0.07925946555558712,0.3682055806469624,0.8597570043732045,-0.09166248269777391,0.3997081255490955,0.848190836109424,-0.0880470078330231,0.4173271233666284,0.8444175675497704,-0.08358224929858443
76512.761,0.23535603024138851,0.9683676026047737,5.199155284821968e-07,0.23269340856764945,0.8829176142169198,-0.00205703579507291,0.26444973391892274,0.804981487856817,-0.01566098235355582,0.3091530216539711,0.7596576982646505,-0.029090123177246678,0.35164914733240826,0.7366584856265493,-0.04178878102200923,0.24253934998017618,0.7942890037908861,-0.047802643796433904,0.25700854106051174,0.7010114542026022,-0.07799800211454296,0.28588856881949337,0.6447140759430823,-0.0962976259639589,0.31183507652120546,0.607848623882793,-0.10663666123701888,0.26040237873803235,0.8249253583269021,-0.05872482256929437,0.3136960168528681,0.7467557628551247,-0.08246193843911781,0.3580923390276974,0.7256830492529134,-0.08805893054384893,0.38731759157966783,0.7225219322275155,-0.09085984573187757,0.2863177778837767,0.8660117780521355,-0.06823113261247263,0.35231189989884576,0.8033472324204882,-0.0854116123885951,0.38345867279746004,0.7986711402166078,-0.07974985599590328,0.3946453575170548,0.8072810165552085,-0.07332088173485748,0.3177679885223413,0.9085337737230862,-0.07787574402994271,0.3739222795936958,0.8582471346444033,-0.08593299553384809,0.39597273045623815,0.8488831498847811,-0.07867778454625828,0.4021577925485651,0.8482819621678215,-0.07149315224450162
76512.767,0.2354848401867065,0.9651262586432836,5.392720549940996e-07,0.2352339272854637,0.8776211324338304,-0.0016466058988884222,0.27022186826485095,0.7996458137479086,-0.01521590815383705,0.31664815696345006,0.7549953839757703,-0.028263378300676444,0.35973455434744794,0.7335136192741087,-0.040667739990334656,0.2428292727425758,0.7931229004568804,-0.051451055449766275,0.25601172633775165,0.6994584693929647,-0.08205037828123271,0.28782743810187367,0.6442123702166361,-0.10079762111186288,0.31653068611545093,0.609085282459402,-0.11151657572121162,0.2598374352900922,0.8277901978081802,-0.06287059902517127,0.31776214583158646,0.7514614849896737,-0.08633148191977928,0.3630123607277082,0.7338508754218335,-0.09087539741260114,0.38991938440644125,0.7339043092303207,-0.0935297969197834,0.28437304017432385,0.8719197990839641,-0.07269199796403102,0.35464368557951353,0.8114248126805248,-0.09056829953886338,0.3865072194803813,0.8125060092487626,-0.08500867104568453,0.39570522658705887,0.8268276595890816,-0.07887784968668173,0.31369634389345386,0.9170295376972359,-0.08239887115498598,0.371875454236676,0.8707359222821919,-0.09085288576248637,0.39449032261372446,0.867593609807858,-0.0834393335868291,0.399460633740558,0.8744794913676961,-0.07648315194442523
76512.825,0.235730359264589,0.9653219703127398,5.654943365125004e-07,0.23762881640410988,0.8800748478704203,-0.0017251478107368932,0.2676647924457127,0.8041883937629807,-0.017327543822837826,0.3080020779868902,0.7601229711557383,-0.0330008343815061,0.3459447841591785,0.7361618224098895,-0.04796788259719892,0.24167553816103615,0.7950981381082182,-0.052584552631332465,0.24657565647543253,0.7010349109560765,-0.08412980706083462,0.2744853667909689,0.6446245606789316,-0.1027999691683149,0.3015713350833469,0.6090893587494176,-0.11351573133913391,0.2518656575209696,0.8293465386612213,-0.06588829445268131,0.299147889066805,0.7511816657593966,-0.09460125635364985,0.3469638735462119,0.7254191049537813,-0.10331117344207562,0.38203101441607173,0.7223144073086812,-0.10765732922687107,0.2750336503333174,0.8734093143908449,-0.0774279566406858,0.3348437026273833,0.8061932082892768,-0.09924510889199707,0.377763151675199,0.7897308882877927,-0.09882170702621446,0.4024533688453957,0.7912954348267262,-0.09594688649237837,0.30732062536081445,0.9181460719436166,-0.08869408608737218,0.35932494489304634,0.8692156410803,-0.10071435664446553,0.39096267444768273,0.8523859424652991,-0.09733339921407085,0.40959245731890626,0.844809835571624,-0.09313705800717047
76512.856,0.22527203987618474,0.9682451644249053,6.247906302579693e-07,0.24193928400589934,0.879520259049189,-0.004618560715694372,0.2712014013992949,0.8041876082031701,-0.02150286847249344,0.3091887078693606,0.7624643707360719,-0.03839749008457609,0.34242759154597935,0.7375592175650996,-0.05433646676336816,0.2415008668334183,0.788207168361728,-0.05702800941521008,0.24535950351509972,0.7043743997809351,-0.09215034649802882,0.2715353358796126,0.6509847003592709,-0.11467905160079729,0.2983673670562243,0.6143648589902216,-0.12834817849797908,0.24007936803399435,0.8347232566922906,-0.07050606323592391,0.2747228720327149,0.7717463158015457,-0.1057743789549923,0.32547824606522957,0.7379892802375574,-0.11896891568330442,0.36841269497058915,0.7249706696899891,-0.12614548543195928,0.25244586325873414,0.8893744228109556,-0.08256382747151032,0.30417867887261224,0.840314128513424,-0.11180227567789333,0.350620795254053,0.8193293417931775,-0.11642466030439934,0.38335462629907135,0.813234357855821,-0.11631242388388992,0.2747651015691242,0.9427338473802546,-0.09453941342418226,0.3296084181939629,0.9164077726801786,-0.1138820823408912,0.36584881893290394,0.8977102000717753,-0.11618917725397063,0.3927540974178279,0.882317728554279,-0.11553822025681199
76512.888,0.21811381942804456,0.9658413246766769,6.426525908118886e-07,0.2492827821169947,0.8752164069314421,-0.005018795879056746,0.2872720966975574,0.8021630413057159,-0.026216657865984733,0.3258771363693732,0.7594168112279636,-0.04736189829808779,0.35853215810196004,0.7264795122433849,-0.06794179831607941,0.2411725300335901,0.7791316185087896,-0.07101676227343376,0.23821931741564148,0.6988838097556892,-0.11378319662928113,0.2629314671063734,0.647022028927741,-0.14128919846331123,0.2905713284588751,0.6109880183359409,-0.1585541314045952,0.23269842392784754,0.8280354537836933,-0.08819250647387208,0.2573783549008877,0.7638744957185243,-0.1338627749840288,0.30680629179820923,0.7275872340211282,-0.15244483697924813,0.35023691335841206,0.7143644665628953,-0.16321815650567217,0.2411911854938278,0.8874298165748365,-0.10326825442985922,0.2942574993976294,0.841316488178273,-0.14350623402042437,0.3483066920803146,0.822276717385434,-0.15178956009932967,0.3896502597334118,0.8172031769410968,-0.1533715479153568,0.26130859091242276,0.9481308027746198,-0.11753262523656274,0.3189025047817165,0.9234732878287858,-0.14743605270275084,0.3612525536683899,0.9068930523333911,-0.15298889713476416,0.3944506372454613,0.8917628272920194,-0.1539128020572115
76512.92,0.21153973828294795,0.9808048136357811,6.649234806534899e-07,0.2490475223674376,0.8979840733094492,-0.008622831735708995,0.2847010226658298,0.8365181511415132,-0.027552986756659553,0.32997027871989476,0.8133148359759226,-0.04641029504426092,0.364584613930721,0.7962539655018204,-0.06388979454893985,0.23384853836135924,0.7888852578363075,-0.059679151520774756,0.23685384572122295,0.7034543957536142,-0.09385610284063789,0.2590900633640668,0.6508803402088407,-0.11776805800576207,0.2838323048505314,0.6127793685101531,-0.1345620770606004,0.2266208956442179,0.8349710410687009,-0.07391278516851525,0.2371330992453191,0.765734565760454,-0.11449158090866915,0.28645085223840744,0.7301390223518585,-0.13560352418673305,0.33432700432570295,0.7176085191112688,-0.14888770057778544,0.2343716817135512,0.8945303554110641,-0.08637184201101059,0.273644488440811,0.8549253453143589,-0.1224877258717133,0.326898531692223,0.8340502359466955,-0.13642715745792933,0.3665155667413182,0.8287934428047004,-0.1429990538654956,0.2551881476366377,0.9586056432997131,-0.09851909598248433,0.31223387678560033,0.9373891004387866,-0.12729507446448543,0.35497199091125503,0.9234183341746908,-0.13677585208891868,0.3844803348400643,0.9114960154035059,-0.14133602861503952
76512.952,0.23009859857051465,0.9762601176084,6.16571435929202e-07,0.2692414198497938,0.9663033088039841,-0.031668365760357996,0.3057110393883194,0.9413475339420455,-0.055002788483445815,0.3545190858509702,0.9257829617782839,-0.0753739604513408,0.38765848561080274,0.9033889948134367,-0.0937480164952882,0.24900177611102367,0.833121760585448,-0.05091588563015196,0.2587012984473714,0.7548610962771675,-0.07622190406283394,0.2805794143502374,0.7004136407906031,-0.0928029790461922,0.30252778062282,0.6635071684572732,-0.1041809100503474,0.2273758741209462,0.8192377079675683,-0.05081415024234179,0.22829083574393869,0.7534268530596415,-0.08358031396870613,0.26791791709840734,0.7215537399608397,-0.10145537315803195,0.30894747276474177,0.7114909994679977,-0.11096265306524425,0.2218726622181551,0.8260910622223235,-0.05249990870922131,0.22954342420524632,0.7610214046663152,-0.0844865051539109,0.26889954229936985,0.7195806709930361,-0.10364286232591684,0.30590531376285623,0.6986944460780635,-0.11347995383242553,0.23011311805070134,0.8421117972505854,-0.05594283209400415,0.26764084283857226,0.8066163181630632,-0.08043008643027116,0.30592149625560977,0.7968275965608312,-0.09201509553770604,0.3388615945752806,0.798111045559696,-0.09785090825537406
76512.985,0.24830970806165223,0.9544138936923048,1.1041499830809576e-06,0.2953574683717906,0.915639276014992,-0.05730015433966404,0.3204448361574868,0.8762143241341119,-0.10707832624531162,0.3478597089686574,0.8575807679969385,-0.14781617335556885,0.3555215926922771,0.8363120746005456,-0.18971523118267417,0.23706965435603736,0.797456387798463,-0.139777098148812,0.2415951026358194,0.7338654283056921,-0.20188996954562158,0.25952948353516025,0.6797051673329301,-0.24440982188028715,0.28555505499569217,0.6376187014450312,-0.27610505613868414,0.22347530099872906,0.8263373587250828,-0.14317629573604093,0.21656972141286435,0.7813003904942788,-0.2291226438811131,0.2534422319541753,0.7471297689989397,-0.282420697018656,0.3023493215824747,0.7213342567500913,-0.3177135578053363,0.2275648162209367,0.8671223471705218,-0.1452573315653831,0.2414596188446757,0.8474329024451059,-0.22219233043108666,0.27699229323190283,0.8194761817666042,-0.2637778649636478,0.31428675846374127,0.7972451331602985,-0.28904191330131435,0.24434859258618363,0.9102743365691663,-0.1488792057605195,0.2738457343408141,0.908885685475255,-0.21111786079379272,0.30677599861554283,0.9074565413878874,-0.24363501524942555,0.3381847861435355,0.8955534763797194,-0.26589096906442616
76513.016,0.25528799768586374,0.9377875055207948,1.0522945458408785e-06,0.29880529317401694,0.8631477168841206,-0.04310441059291607,0.31216906078390744,0.808293920258374,-0.09218455885867709,0.3282450058283661,0.7779540120566671,-0.1333474171051083,0.3355826549836462,0.7603487422634041,-0.17912474579975568,0.23907257101694962,0.7766227581811861,-0.16181106315837782,0.2423357749487755,0.7207597204534874,-0.23526924795681511,0.26322511357122486,0.670643022840784,-0.284493249875204,0.2925692059484099,0.6290086517601882,-0.3210356238252907,0.22583057663775266,0.8283614580304564,-0.17605744751236505,0.21508737001692557,0.8077422825357969,-0.2713034011182096,0.2548224729626858,0.785896775006238,-0.3237404011337858,0.30611292247614924,0.7654561888213294,-0.36129318484925466,0.22844571599345065,0.8914066987228995,-0.1873330857789476,0.23259951646055294,0.8946268747619918,-0.2743585053479601,0.2665335436433287,0.8680332504453434,-0.32034733111717917,0.3056503000680208,0.851235767867596,-0.3501637958433992,0.2441163749415093,0.9551960587232141,-0.19802250528254914,0.26232308009678784,0.9718692247862061,-0.27104851425804166,0.2969501119242349,0.9728353912210674,-0.31143295888694333,0.3292087064828495,0.9658202586424395,-0.3412758118966233
76513.049,0.25818221561795535,0.9650245682733298,8.584022892954919e-07,0.3046736570618864,0.8864966837278007,-0.030852825013002027,0.3290182107232047,0.8203424944271532,-0.07019982092325536,0.35885092286257564,0.7765944344581076,-0.10674266830051321,0.3799277722302685,0.7303044705163897,-0.14757845360945246,0.25297206599223426,0.7853128310321976,-0.12433658025109454,0.2609601442216117,0.7204274901000867,-0.1853493445715075,0.26877568254310014,0.6739552797910046,-0.22371384493893984,0.2815465353863818,0.6331691513379515,-0.25188487155065703,0.2254873247743569,0.8274711566063134,-0.14165708922929976,0.22640235407984177,0.7778765251682995,-0.21853662570493312,0.2603870156412245,0.7458643282566912,-0.26281343624488873,0.29897862075538795,0.7191778111859047,-0.2939680136766638,0.21728799360980558,0.885404303236263,-0.15655727229962627,0.2391673734386464,0.8603593514173703,-0.2323103646071364,0.2859344880481893,0.8444455050787643,-0.27121260627277766,0.33004223580919223,0.8395688639718539,-0.29456541773899825,0.22694133408436992,0.9508836210491991,-0.1706422533983672,0.26844190446183686,0.9550408145956294,-0.23709057936374245,0.3140705872733669,0.9531551640807412,-0.27241172120025353,0.3523356104264373,0.9516265233036268,-0.29640985671820375
76513.08,0.2494519244881527,0.9721606037360558,8.155654532608097e-07,0.29096584904497497,0.895310563538079,-0.017338084704192278,0.31734949157481906,0.8245070233207823,-0.04306781148948749,0.3452284210151159,0.7733944173011299,-0.06841533250061796,0.36202238610430604,0.7244037931783032,-0.09748991131760162,0.24230769885092981,0.7976747530826194,-0.08154215790518038,0.2516991480349939,0.731395810485822,-0.12655216941699995,0.2632341629392167,0.6850667851663891,-0.15425123017805561,0.2761538157218645,0.6477613375958382,-0.17385428012920554,0.21911896486671026,0.8348315705240118,-0.09879592636661641,0.22216942611888452,0.774343163839552,-0.14976806883579574,0.2612826510600159,0.7352449428143819,-0.17666553123969486,0.3026968455613104,0.7137609876117456,-0.19521748091077018,0.21301829594041885,0.891675836568876,-0.11513888294926374,0.2283663664754947,0.8524502356253237,-0.17029970017092644,0.2705233017148473,0.8285060946736514,-0.19635357577479068,0.3096364552837088,0.8188730999902393,-0.21168925460950488,0.22262932330919918,0.9571525521043975,-0.1304975575511636,0.26331595805906627,0.9572353461697003,-0.18089501397070182,0.30672470255947887,0.9508121076967072,-0.20444954309445024,0.3444230839223738,0.9486884260491851,-0.21944506491502586
76513.113,0.22422724852030834,0.9545500369517977,6.465254638920896e-07,0.2702284385431156,0.8942682154616527,-0.016335909512623134,0.29989778933337935,0.8397201063830347,-0.044295310187662265,0.3207285690349555,0.7972541093203507,-0.07237914421497355,0.3288938485676708,0.7497509303442783,-0.10551399419672863,0.23701255056387943,0.7817496490375722,-0.085125139063185,0.24568677417919962,0.716231328235647,-0.1316641295695022,0.255779792215597,0.6747678904370095,-0.16245698102070458,0.2672888790981107,0.6439353394091559,-0.18439894178446137,0.2127328509060062,0.8105689781550195,-0.10332322142782299,0.22232219326894787,0.7554921304667934,-0.15218202342960863,0.2508164378406979,0.7279474012544901,-0.18176688779544625,0.27955383721978827,0.7144325854349284,-0.20413577466965077,0.20183257107519162,0.8605657749573614,-0.12025917940996374,0.21777840944170684,0.8250628368955792,-0.17118199073941223,0.25736023052900125,0.8040232285309373,-0.19955488021846596,0.2954170515118621,0.7964576433278607,-0.21849142392911589,0.20479787206654623,0.9232781241802537,-0.13597114375012434,0.23164616004071895,0.9196871424916485,-0.18279001269353579,0.26594056136734895,0.9115321854775723,-0.20712072212980082,0.2996382429640546,0.9111399234216592,-0.22401275047476102
76513.192,0.17722375296726683,0.9011322951920221,7.545201540441361e-08,0.22112053648808336,0.8185727802513271,-0.008268627030712825,0.24716698461946995,0.737788248545166,-0.020178256052074437,0.26953941493204026,0.6961168398781062,-0.033522177627509274,0.27872084038774086,0.6918047674312032,-0.04918766796865414,0.19918454454715306,0.6866545776986075,-0.03045120427289144,0.19962717498618984,0.6184421652112893,-0.0569136421597312,0.198735854555191,0.5770044480840715,-0.07921182864535327,0.19573000132167692,0.5438256976216383,-0.09588097150855465,0.1840237955843519,0.7166109455846215,-0.042785850067834794,0.1734408060309105,0.6514248161593912,-0.06822197589273463,0.1798267488662911,0.6156179952035471,-0.08715247676981185,0.18680590598665303,0.5848634964480609,-0.10263641014804256,0.17317303208580415,0.7611460038749296,-0.05566355913901452,0.16142172246000236,0.7124550317555085,-0.08046980871097575,0.16387991084355236,0.6823762918648971,-0.09198703106759115,0.16385508301447715,0.6566784606815919,-0.10055486078534911,0.1661524988046842,0.8121232350164457,-0.06922783453931988,0.15398936359421866,0.7791379579312128,-0.08987537068590602,0.15449705788941917,0.7594751991842386,-0.09608540171777602,0.1541028746185576,0.7438398030539143,-0.10081063988450364
76513.224,0.17034852353575944,0.8900049297019174,3.046864813666398e-07,0.20735539580381923,0.8096682769160168,-0.004473139312442256,0.21454677715099235,0.7162826388337478,-0.009932204711633703,0.22551707154981632,0.6621358564748018,-0.017034538027364265,0.24336075017961928,0.6561345196478017,-0.027754237273154625,0.1712540193670217,0.6764159785415332,-0.02453426271867792,0.15651863361818466,0.6023163878900786,-0.05017059014013892,0.154617089844159,0.550251229942058,-0.07054372114341222,0.1588433167644486,0.5082257134419135,-0.0855480203053215,0.1569433189272218,0.6973468377783928,-0.037813363824273555,0.14335027049089974,0.6221048063082983,-0.0651681433443289,0.14497984317690643,0.5666790365596714,-0.08594085562561382,0.15188544640407986,0.5181888384457547,-0.10067161180428219,0.14537411355916866,0.7345313859362113,-0.05159327623483561,0.13281049509339127,0.6631041030239088,-0.0797723634450569,0.1330273250994619,0.6110133319188485,-0.09762444126393581,0.13595966771106963,0.5659464841991843,-0.10883887560845257,0.1361953986446519,0.7818874802041871,-0.06506626476525755,0.12732122007230454,0.7252816665034021,-0.09115710514262045,0.1278849327220875,0.683868031789222,-0.10445138626193026,0.13240591521508732,0.6479142628505977,-0.11337623586009098
76513.256,0.14966526099043365,0.8702381871441117,5.942552248309245e-07,0.19196432527228957,0.7969446909851403,-0.012084676808586785,0.19739892998612632,0.7117298978458233,-0.028332165285884642,0.20385664634964465,0.6578625314216493,-0.04576575578994702,0.19825412799542522,0.6212883045241846,-0.06864816815047667,0.13539015560078466,0.6441268901016678,-0.05365938365087919,0.1176483501176919,0.5687428187985543,-0.09627086656441723,0.11088006127395855,0.5066942507267304,-0.12991092781346092,0.10916065383606896,0.45272960968864906,-0.15474179290367412,0.11897950497781912,0.6674077612334304,-0.07369805049487546,0.09841817435628845,0.5848579247013767,-0.12103685048307385,0.09717890172414478,0.5160433826192116,-0.1594665436007659,0.10041925441018633,0.45279808650648273,-0.187182055540712,0.1076565400397837,0.7121335197500832,-0.09309475911199827,0.08268738825202523,0.6339939354560021,-0.14191903815600004,0.08756814503325322,0.57562894870398,-0.1727618186503895,0.09640551173292368,0.524474796634583,-0.19226875207694108,0.1010791976350793,0.7709247425624823,-0.11146223066821606,0.0774740408436301,0.7216740622411215,-0.15692424574252764,0.07894863948239547,0.6822073106138273,-0.1784566396372709,0.0884916697441124,0.6458737339733851,-0.19210934471211422
76513.287,0.1270385107261124,0.8661083167030913,5.267226814951031e-07,0.17137035302394332,0.8059922768176755,-0.019061116711472714,0.18440536601578378,0.7072310124467249,-0.028010367506394792,0.19071856279568375,0.6406369483990794,-0.03698020086652568,0.17442719642146093,0.6072874263217948,-0.04808069137215312,0.11594828830130122,0.6179715864740991,-0.02100927990699606,0.0980386809610802,0.5356827337735177,-0.044134059304037264,0.0911000275446966,0.4765876060841309,-0.06542165471223452,0.08734664530661482,0.42682299448410493,-0.08115260035513618,0.0864610172272618,0.6366370516659363,-0.028333300123227094,0.0627579553535707,0.5521498292541211,-0.04889115160441475,0.060877527660522054,0.49691776485789085,-0.06788235923739264,0.06551905993193043,0.45111478076969586,-0.08217726940405308,0.062086920245003535,0.6742134331931388,-0.03850744422344064,0.038631911276984794,0.5940959066898267,-0.06063616045284552,0.04272286801739486,0.5483287789584891,-0.0735363258723165,0.05322804222933724,0.5138431251770867,-0.08210181571880273,0.04190139219080478,0.7284062401928997,-0.05068539049494394,0.016670828408868382,0.6675942927154411,-0.07342917147853892,0.016213455118284384,0.6291725376810675,-0.08251870220643101,0.022743644130528998,0.6001152100312336,-0.08771530543786606
76513.32,0.10902928486924024,0.8695124449673749,5.745338437111585e-07,0.15823826539158314,0.8067539546980093,-0.03196579329407461,0.17672350733206904,0.7075776594254162,-0.04805679514020203,0.1838761173516657,0.6319084230035011,-0.06218616799183672,0.15595356357914902,0.6075271686102359,-0.07856655605690413,0.09141376699715267,0.6068652087461325,-0.03631400371817051,0.07286594255442211,0.5183964247846411,-0.0648890357958116,0.06536967566009796,0.4606209177842658,-0.09025768699631992,0.061497655166314655,0.4086158048192555,-0.10890751901755046,0.050498306338958625,0.6304431866078156,-0.040216314837475724,0.019842984962868356,0.5418987925877851,-0.06406477815524071,0.005481354331442867,0.4858092091890971,-0.08611339928180176,-0.0018441006817808414,0.4370160528068492,-0.10330547367277457,0.021016800102344094,0.6764047779679943,-0.04801098977189316,-0.013975951861032558,0.6007156895435412,-0.07105932987691335,-0.031184687839010516,0.5497369604182104,-0.08851596780254745,-0.04002714730984793,0.5058122223660435,-0.10136104924045403,0.0005584072024104464,0.7397282646170741,-0.05907553572146031,-0.033287179297869604,0.6858386273630039,-0.08150204749025176,-0.05178525765491758,0.6465706456269438,-0.0939762290960469,-0.06501445049046281,0.6090370306074521,-0.1027233651419318
76513.353,0.08954110894389114,0.8748124962416971,5.73224295297519e-07,0.14579090108201134,0.8135825922309673,-0.031438825895673456,0.1731961811910593,0.7101311379832373,-0.04452362160310324,0.17551742214040722,0.6248681751426232,-0.05547338330465776,0.13688700801066614,0.614818116787738,-0.06769628448109338,0.08135317388611625,0.5982377948723705,-0.02572057643328247,0.06188141769606965,0.5053881833218319,-0.049350764522454696,0.05006479375233312,0.44406853886909126,-0.07154841196216695,0.04294068817099975,0.39015083370750764,-0.08811948793580693,0.03404452000973371,0.6184297651020083,-0.02725624947523962,0.002202100940099764,0.5285545102193899,-0.046747028212845154,-0.01681684953054431,0.47050988342696415,-0.06705376578950856,-0.02916713752403375,0.4214575188418061,-0.08281796715498989,-0.0018386864260599364,0.6586063439239342,-0.03293213114345166,-0.03852790964383321,0.5801314404543998,-0.05174133725983443,-0.058149224785241385,0.5245072932603803,-0.06716067480841645,-0.06856768744331909,0.47842213840343706,-0.07834939530782256,-0.029788925900955682,0.7152699058113632,-0.04215370782966099,-0.0625277057360479,0.6512859978481662,-0.059859814017393376,-0.07912970812134155,0.6049183888093131,-0.06975829963581785,-0.08809050431976469,0.5616251576023772,-0.07657140627428002
76513.385,0.07678918669021126,0.8876484664050259,5.509801508523126e-07,0.13569897704778255,0.8386692217461629,-0.036970303838708245,0.1708180331882071,0.7367226915164407,-0.05109392750371064,0.17713499972768176,0.6465041128755803,-0.06153731731023212,0.13385362001780463,0.6330627956060944,-0.07214420287822793,0.08216004235692745,0.5988735492270586,-0.02638609125650802,0.062383831404835055,0.49630756639664736,-0.04728932495690333,0.047841396832512456,0.43126309132686574,-0.06814758193193668,0.03628213121844809,0.37459076561207866,-0.08422185491337876,0.029691959108111544,0.6120746355736377,-0.02363949456474636,-0.007349465281675188,0.517944066289328,-0.041135443461865984,-0.032382345032349574,0.4609022842107904,-0.06093231428359207,-0.05058261610232561,0.4144913272186646,-0.07641204088976561,-0.012595337032147524,0.644960447789277,-0.025218564979171607,-0.051240574654595965,0.5630418890820708,-0.04162794263028487,-0.07054573837236176,0.5096997123114708,-0.05526041349794225,-0.08223626174339511,0.4688865812819552,-0.06525882341206501,-0.046745261694247156,0.6940708952160637,-0.031009848231726853,-0.07623551625619918,0.624995831396171,-0.0457040311471473,-0.09073645770798613,0.5798913113509555,-0.053262155047909425,-0.09820099423468022,0.5393857558624151,-0.05834176741460241
76513.416,0.06628526776522424,0.9175512552964112,5.777672693310518e-07,0.12841412620439763,0.8742845011469784,-0.03904467962279195,0.1718823451069891,0.7731656895960656,-0.05556445911415734,0.18246150336282435,0.6805226229887958,-0.06820863064970493,0.13640924901937607,0.6621494277910215,-0.08044077599640949,0.09135195345452173,0.6119483139064884,-0.02663049786800483,0.07568568848596542,0.5007659653970806,-0.04862195452181516,0.061544375115444735,0.4280540393644653,-0.07006331030414664,0.04891544688253843,0.36585422862631606,-0.08643045531320195,0.036497930164080865,0.6172902567303181,-0.024113250687677997,0.005255694213867778,0.5097559966991136,-0.041475728554055465,-0.01589800627070762,0.44602388233925033,-0.05988705798721245,-0.03154689508876962,0.3936040528194151,-0.07422151030582487,-0.011171314477022017,0.6449778799992022,-0.026422883593904517,-0.045589948395338,0.5500347070224728,-0.04256546684349219,-0.06187871232346228,0.4898143334662576,-0.054872331261901656,-0.07210086922576975,0.4436427051299376,-0.06399864287877882,-0.05269102645287133,0.6909781308508475,-0.033353410169918954,-0.07956136270351957,0.6133600117838904,-0.04749701554513318,-0.09135415519224382,0.5636561105192744,-0.05384933145742072,-0.09678829958023628,0.5193973601926559,-0.05805291298756601
76513.447,0.054889330797556396,0.950214558409515,6.145013941393945e-07,0.12204993084978338,0.9111154948068436,-0.04580432447229543,0.1749405974120282,0.8166293793159088,-0.0668380794156273,0.19187759768452514,0.7243092729161907,-0.08310546190834865,0.14475960241265032,0.6918620946870158,-0.09915117805589765,0.09859265786718172,0.6300441625443799,-0.03960440277112639,0.09186888410482612,0.5095737613446674,-0.06850880343626181,0.08099907895973651,0.43023251543400687,-0.09554680349540338,0.06996158512086682,0.3600095970148034,-0.11562130862909295,0.03989756194757083,0.6273668969399097,-0.036377145548600345,0.014022448101924228,0.5065558215978179,-0.05847068818826452,-0.003306854056007575,0.4337069796514249,-0.08083984135842505,-0.01557818033112407,0.3760825550654568,-0.09808326395623826,-0.011085264531974493,0.6544845652728619,-0.03809572444026686,-0.04399071102374877,0.5506594653247081,-0.056987946013918975,-0.05935933984410983,0.4823296876566641,-0.07214402662699995,-0.06821630403414498,0.42957737359639286,-0.08359016555399686,-0.055302001389438624,0.7047026960485108,-0.04500757330023782,-0.08326190895692093,0.6240424443855365,-0.06177183381733172,-0.09700240511303705,0.5709297615585939,-0.06988686252062207,-0.10390651651305383,0.5243679612748983,-0.0751849659113256
76513.48,0.04756619410686137,0.9866109714474136,6.835451342706733e-07,0.12269534447638633,0.9527832675969392,-0.04948346292201566,0.1795933027445381,0.8602334681489268,-0.07107915175517701,0.1987246474856027,0.7670733205895524,-0.08741716873930412,0.1555438162292876,0.7216250052421277,-0.10345585776670636,0.10957618080417213,0.6542797491806396,-0.04455971618401669,0.10842063541265898,0.5228143448715139,-0.0750679969459721,0.10256493710304604,0.43682988444000814,-0.10295551166360334,0.09600145381175042,0.3595553157927306,-0.12347056109956901,0.04751710966846052,0.643267726224829,-0.04157191278405437,0.025094786696917053,0.5005473812373361,-0.06720904471414506,0.010009469668030367,0.40935333218727454,-0.09356078998084097,-0.0007288300947200475,0.335726052080571,-0.11291721752988192,-0.007414324097605297,0.6675404359105153,-0.04343424837482241,-0.035102103745414094,0.5386156697656685,-0.06649579859838457,-0.04582037540247613,0.45147094870374727,-0.08699314266553912,-0.05133604473328702,0.3809468756611086,-0.1012345614647421,-0.05620566448206544,0.7171366742372973,-0.050335107433913735,-0.08063292808870702,0.6151999403140123,-0.07074655640039752,-0.09282814187990676,0.548662984779991,-0.0813245742806415,-0.0981048214908706,0.49060244163194533,-0.08779861722869456
76513.513,0.06040265684674587,1.0143172435075214,7.503734073259851e-07,0.13198293194452895,0.9767110769507511,-0.059279014409313116,0.18853392689152065,0.8945050308389929,-0.0918587738889132,0.2139092601124882,0.8124758392835549,-0.11835085250049802,0.17823558516985796,0.7631093063482643,-0.1457641429305904,0.11461754402836692,0.6801812793657871,-0.07524016607503425,0.12018654674762175,0.5425695041145215,-0.11755620577848133,0.11846669940495314,0.45244236360443574,-0.15258619328481973,0.11470346875666108,0.367425042716933,-0.17794183696204377,0.04937558116204693,0.6655824157453957,-0.07369697836026479,0.028185780695829173,0.5073256655302597,-0.11181890425494671,0.014126026800679365,0.40441096195355647,-0.1454063868884149,0.003308353249030795,0.3180646198519981,-0.16994412621673785,-0.007028899732325583,0.6911794848024487,-0.07636145051063031,-0.03382654164043114,0.5476979712861415,-0.10880920390578486,-0.04000921288935553,0.447668989489048,-0.13477068610030954,-0.04102108417344555,0.36475176786425356,-0.15293043682956675,-0.05535797542693172,0.7438191195520271,-0.08445649169289379,-0.08322566880060453,0.631933986829413,-0.11172981445375274,-0.09560238243528625,0.5571615312042487,-0.1256707284144339,-0.0986624284886841,0.4914330492528879,-0.13494821040505567
76513.543,0.04145253185675509,1.0417356445515835,7.923719518084464e-07,0.12168940310184716,1.0113368466613242,-0.0660603129978803,0.18879151935730576,0.9353710375688425,-0.1044841946360272,0.22531326850773487,0.8544704527525886,-0.1358649773289028,0.20603753272389136,0.789211337984482,-0.16853542371915947,0.12007514077875305,0.7121392455155191,-0.08959958678005861,0.12829322398732362,0.5648644178343548,-0.13916865016008798,0.12733354055060667,0.4684262259573932,-0.1780870032728987,0.12319049597289564,0.37858967631848883,-0.20539404262949001,0.0522228730159982,0.6910729368869375,-0.08739359947443784,0.038401885035401505,0.5228430571737952,-0.13231986865842926,0.024850186067383602,0.41328822363939277,-0.17073418374248509,0.012238165409532795,0.31921204842506223,-0.1986484281947004,-0.007645349874022915,0.7106907713438685,-0.08964538237917868,-0.027343003389388092,0.5561308438658017,-0.1276402917873374,-0.0332688643119199,0.4495119731949435,-0.15776606145144048,-0.03499929185157718,0.36059824582899513,-0.17856606348446008,-0.06061686413300421,0.7581719051915435,-0.09752486586494814,-0.08281674864103912,0.6375344130203107,-0.1291187538139848,-0.09254625686489364,0.5545303211974842,-0.1462140209841354,-0.09281081016404812,0.480851968906767,-0.15752270263468007
76513.576,0.05007182928587003,1.0702610350674922,8.962474481678048e-07,0.12920971679912366,1.0409100174917945,-0.07222472160803348,0.19505194889416916,0.9665484760965197,-0.11259704896440145,0.2356232446958214,0.8868686192272205,-0.1446326919812199,0.22384915307894845,0.8080535473093106,-0.1774659286325542,0.12390658146039828,0.7350553087781434,-0.09828637083951763,0.1394313985454644,0.5831615150131172,-0.1499463178656609,0.1422061140871248,0.4801335730567285,-0.18955639778071257,0.14037218679372584,0.38633812658879635,-0.21695777146728665,0.05244328077984594,0.7084928111824805,-0.09330311462613036,0.04396819277077771,0.5355643238875883,-0.13914606759779474,0.03232568256796562,0.41788541950511116,-0.1766507025617745,0.02053970902058369,0.3212989609333553,-0.20365013168255386,-0.012691248804601707,0.7275082343645348,-0.09316481716720248,-0.03372709420229702,0.5695597392477726,-0.132513220057214,-0.04142633467097941,0.4621353612043724,-0.1620296221457362,-0.04505205257170622,0.3742775833061759,-0.18229797893639993,-0.0706072321672657,0.779615179109035,-0.09903690141340522,-0.10031399229809262,0.6615987358329618,-0.13406541052657245,-0.11689224796562074,0.5799914649053135,-0.15198044088412987,-0.12505175345687447,0.5092338952782705,-0.16287227557692405
76513.625,0.030845177592072535,1.0790456907131134,1.0732331148558825e-06,0.12328646235097253,1.0659186572076707,-0.0981102079886192,0.19507760241154543,0.9945444050653593,-0.15104427495445458,0.2396139817867213,0.9152794826875044,-0.19012207651173585,0.24881411657115513,0.8288980444049425,-0.2306932099330105,0.12788806831766547,0.7495007739578085,-0.13465930308154117,0.146506084516664,0.5879428635318785,-0.193505726774803,0.15110058208750315,0.4798839209673787,-0.2387391320286847,0.15030464737155216,0.3820442756832396,-0.27060429556774507,0.053323730836900236,0.7211591463955532,-0.11797546055060532,0.052698993559923704,0.5390565788516739,-0.16942094167857738,0.04650376783170894,0.4198059327401839,-0.21377500384796747,0.03754064747095877,0.31858468876728696,-0.24726171423577967,-0.014500945976128613,0.7382907324600737,-0.1069721853854364,-0.02678975781706643,0.5706724437797351,-0.1514845875566831,-0.03022659867123008,0.4619077624463895,-0.1909382931932692,-0.03174803013532447,0.3751525432240266,-0.21952843722203633,-0.07462074049315821,0.7863377838352559,-0.10335665111232477,-0.09900729632999555,0.6599623012665558,-0.14280512610432897,-0.1127844120977684,0.5809237452351566,-0.16782883837979792,-0.11818045022264408,0.5147010877793308,-0.18581706507205226
76513.656,0.03402741322769099,1.1123437477602593,1.123475090372773e-06,0.1286108524748678,1.0882341132560458,-0.08884954928801944,0.20407198609761873,1.0129319265333017,-0.13737205842378597,0.25067368426474457,0.9316095081331721,-0.17385118703475932,0.2696997144279678,0.8407937945337252,-0.21068494004060004,0.1319335622652314,0.762318497680989,-0.1176800228097396,0.1551721753155177,0.5986050924212778,-0.17496296021918126,0.1628007008684323,0.48716707935337683,-0.2181466184175203,0.16382814215998484,0.38584468097159924,-0.24764433664667557,0.05441721634692631,0.735137154145664,-0.10413579922551765,0.05858274774417946,0.5510942888508442,-0.15373009084354883,0.05451078287790889,0.4244365719723886,-0.19256452906004226,0.045661547526388485,0.320334640295974,-0.220623520325136,-0.01679790699270381,0.7528883531657261,-0.09650798638449211,-0.03085126084057921,0.592223501283217,-0.13856012812745014,-0.039588725342990856,0.48960958839633045,-0.16828092717767618,-0.046396972114064045,0.40465822384030825,-0.18864453157733396,-0.07932652139821872,0.8020999821628296,-0.09620076143203028,-0.10387528713236686,0.6783534388014649,-0.13299171588167702,-0.11880135663996565,0.600496752271503,-0.15124601628489176,-0.12614711079292917,0.5314517311253429,-0.16240742253738527
76513.689,0.023617912995346664,1.14063569033816,1.135084539269623e-06,0.12696725647483084,1.1138264233873048,-0.08569521356975834,0.20364899112719248,1.0311486827407714,-0.13265873674134104,0.25087535647004305,0.9406870858201873,-0.16814123283950122,0.28587006640677176,0.8425645515892098,-0.2039486025505055,0.13084213134495912,0.7765863728363565,-0.11137091445686802,0.15837863974339483,0.6077257521874906,-0.16800082026458305,0.1670586384231747,0.4919656485449445,-0.21064296738317045,0.16905565255687383,0.387443387782237,-0.24026189847944093,0.052235213174761555,0.7459047438167644,-0.09986672572179818,0.060314498173367245,0.5573975092961092,-0.15010457637836247,0.0585301429142268,0.42854044701467975,-0.18967691381960913,0.05181439714340199,0.3205694614126293,-0.21798725415649772,-0.020593198513847305,0.7626843057597006,-0.09436639239117449,-0.03490903240307161,0.5961657768965615,-0.1382327746370646,-0.041304463777023244,0.4897370680072595,-0.16942351606339812,-0.04550424549032988,0.4002451083451515,-0.1902976499773426,-0.08513912982367416,0.8132399709379972,-0.09575958851007152,-0.11119815213861348,0.6834572994464633,-0.13461675816202875,-0.12533783391918243,0.600430316175194,-0.15423618711237663,-0.13179578763017494,0.5272628653216627,-0.16592460008982515
76513.721,0.021752117086046966,1.1651542632151182,1.1937341466839828e-06,0.1323468646857185,1.127615630479216,-0.07547473206171976,0.20709836837792578,1.038776111595474,-0.11427332643037161,0.2556582696641294,0.9450265503248038,-0.14337941156123435,0.29792947043652246,0.8455061320124387,-0.17241459831392117,0.1276508709083025,0.7847012314770759,-0.08630260976002108,0.15860884987530466,0.6072348630811413,-0.13246575288731244,0.1675159701466374,0.4880322976450307,-0.1688387279283987,0.1687572657300626,0.38241056121740813,-0.19457088390691743,0.04723490657881972,0.7530581224220368,-0.07576576137324706,0.05819011257545522,0.5561114861647332,-0.1180703976219758,0.05790491025751737,0.42371367761155376,-0.15433565820968356,0.05210797720677171,0.31489288686394107,-0.18056741669869364,-0.02861152821072756,0.7674248859343042,-0.07101650225234607,-0.038193433892677014,0.5949884348287143,-0.10697817274911821,-0.04036470996478144,0.48418793725866216,-0.1349756207943476,-0.04097763830837604,0.3915978220900148,-0.15443251101227315,-0.09829224629809388,0.8144483456860554,-0.07258014302760901,-0.12026483132886882,0.6821535125425746,-0.10303540412459702,-0.13041880266457245,0.5979432706269054,-0.11820027585040484,-0.1331895794806715,0.5227192194076814,-0.12767862611431402
76513.752,0.03650752895868456,1.1929506639084178,1.2317834869716245e-06,0.14138010559114336,1.1458171376639439,-0.07264527218494991,0.2113220954261516,1.0457243374140837,-0.11232923295720076,0.2593010548189454,0.9453783789373897,-0.14333584644750114,0.3060912186019367,0.8475020754875602,-0.1739881796049911,0.12138101788687199,0.79198248647286,-0.09175082950840031,0.15473269610212756,0.6109837985327884,-0.14310435895887044,0.1630138421834236,0.49026165272820316,-0.1811032900402785,0.16345104694741577,0.3829055564707379,-0.2075325745229614,0.037709110343514526,0.7633829419469748,-0.08505920510844286,0.04859339875250007,0.5604086829936136,-0.13367673466958663,0.04756651011992828,0.4241976537732726,-0.1710567970802759,0.040539729608257025,0.31149513135195883,-0.19704043430749413,-0.039038351775049954,0.7843131961116672,-0.08358317294863471,-0.06441345762029552,0.6181563501986456,-0.12529650691545693,-0.07796305940328335,0.5186574943409548,-0.1513555495646576,-0.08898249546378116,0.43727709635368045,-0.16810656922621003,-0.10714323398301508,0.8438848412026085,-0.088158616484781,-0.14347751735623426,0.7146765293245639,-0.12265391138996552,-0.1628450992399458,0.6339958775512335,-0.13707108481090433,-0.1767267061206886,0.5610992164847289,-0.14497011848026398
76513.784,0.004691720456218192,1.159756264854912,1.5362792987455682e-06,0.12630123610614258,1.1295017895906279,-0.11419399951801713,0.2087325152883877,1.041271981332345,-0.17634131672443867,0.2645598701028013,0.9493878887179659,-0.2206095581366212,0.3210374550822358,0.8423946903523017,-0.2654449157463175,0.12495081065223854,0.7935481484030497,-0.1566601198629044,0.16141857467727042,0.6016768840907919,-0.217189822368293,0.1677467996283209,0.4776356103103066,-0.2603380376015681,0.1654168763205248,0.36816202023881356,-0.29096728307521685,0.040792140141527246,0.7640541987100091,-0.13100018091517945,0.04979457033601607,0.5519297973465571,-0.19265885890791126,0.04785763132601053,0.41179788349527235,-0.24334719465573135,0.034649443004885545,0.2977876319706771,-0.28051589839516966,-0.0336036626723905,0.7851896825148222,-0.11007241040456085,-0.06405529224722539,0.6226910637079712,-0.16159956762995964,-0.08091151365766582,0.5328264996664099,-0.20052517273786435,-0.09778985296881565,0.4557712844568918,-0.2280293997236435,-0.09911487957076107,0.8316240293289332,-0.09725610608254467,-0.13699178931148176,0.7071815838164934,-0.14093342292926264,-0.15922645298000046,0.6431485974291475,-0.1653577514223391,-0.17887708677404338,0.5822406507849652,-0.1830375025136592
76513.815,0.03423863931771071,1.208560549336717,1.3349480439730528e-06,0.14378839799999527,1.1545414820115136,-0.07950310372300218,0.21948524374038175,1.0469889321805095,-0.12322744080139714,0.27559639068285247,0.9445313318162809,-0.15708844668072258,0.33359492359230425,0.8483561663363843,-0.19027844742468847,0.12175870167939361,0.803338795413618,-0.10232460969185705,0.15469569417709128,0.6119182016914175,-0.15639393513313782,0.1636812099184517,0.48500874798407423,-0.195328894105409,0.16670436960546878,0.3736414065435334,-0.2222614764143111,0.03432563923591554,0.7763882006076536,-0.09264952823047423,0.037992365665580785,0.5640924508233562,-0.14424389633032497,0.03865759630487419,0.42047164243936985,-0.18325332581444564,0.03372820471813757,0.30638405265384944,-0.21033662055079913,-0.04370938913618673,0.8007070396725682,-0.08802174122835911,-0.07599270056286261,0.6348304537329826,-0.13156876812945884,-0.09365614143111944,0.542292010888671,-0.1568674846074071,-0.10876894387669249,0.4681786472290149,-0.1726173063261281,-0.11074723569548757,0.8613513845172971,-0.08997294654648415,-0.1543996015847593,0.7371907860984226,-0.1275166618906529,-0.17916041377966735,0.6671028203857166,-0.14221636191791545,-0.19979422611819975,0.6021579813965152,-0.14940449434217823
76513.848,0.007121885111222592,1.177607455311465,1.4987003460297962e-06,0.1300642906943149,1.1420890387458487,-0.10569841957125028,0.21833751909777505,1.0477058936737862,-0.1646353497161978,0.2827799823937433,0.9524417117134323,-0.20858110769146354,0.34962138537988513,0.8583106236124328,-0.25368621362989785,0.12994956888843867,0.7988196927419989,-0.14353069712387617,0.1669577981963691,0.608396942483499,-0.20496861738723057,0.1751702944965071,0.48503432784253275,-0.24892877924111995,0.1759456993509611,0.37467442872978585,-0.2802502237463308,0.040903640852327665,0.7676304038135486,-0.12494592658037701,0.05097892075378909,0.5558130629883781,-0.1863300726445717,0.04983999075532083,0.41375281491034377,-0.2369503990935411,0.03949202206285775,0.293371517346113,-0.2735733275298345,-0.0392224646873427,0.7914428901682865,-0.11137973365346562,-0.0713059837168155,0.6215643321467089,-0.16482733303083022,-0.08651201431233611,0.5176246155475709,-0.2051122801794164,-0.09945208329483726,0.4312775595245993,-0.23264651031712563,-0.10870039981598359,0.8473070892313617,-0.10536004077764169,-0.15123865833947595,0.7232346837667999,-0.14996040514772752,-0.1742084915725519,0.6521090467634441,-0.17383290452357497,-0.19224957123867153,0.58556853341213,-0.1901543691025601
76513.88,0.03153929364530192,1.20983945023499,1.2869662346415633e-06,0.14317193669442474,1.162969159048571,-0.08617276695727122,0.22740904827875405,1.0507957416594655,-0.13320783064143027,0.2921737146809886,0.9436323818834478,-0.16818788242589125,0.35750305369098156,0.8545847747950054,-0.20406591961676857,0.1374462895843258,0.8098751634560276,-0.11427855641628865,0.1727886447563947,0.6153673523647587,-0.17014782218441304,0.18337093122656153,0.48730772467775757,-0.21102464940928076,0.18564953857925673,0.37466256246456514,-0.2395326867925921,0.04618053440292339,0.7762707703565126,-0.10130709579507494,0.05910615806824011,0.5620090497521195,-0.15232799667992517,0.05924309038001194,0.41821317400862884,-0.19204370954278074,0.0527438163293171,0.3000960299982351,-0.22009812170702758,-0.03771702911475547,0.7905859939348558,-0.0936269317682102,-0.05040095041734703,0.5992844437621653,-0.1372793187237687,-0.05395183631539914,0.476137007384839,-0.16810478631170456,-0.056407032538203984,0.3777869713662526,-0.18873881765103018,-0.11114598454214696,0.841519919430674,-0.09240652507257952,-0.13998426110567075,0.6950513004235163,-0.12998503082535864,-0.15559266034659525,0.6019190192440872,-0.1474230314904748,-0.16448954517378714,0.5218475185609173,-0.1573907596320954
76513.912,0.025314877057852802,1.2067620590402277,1.2023068485759737e-06,0.14951359264619887,1.15920939899319,-0.07466493929601406,0.24380532624303952,1.0465703115981446,-0.11579050320441056,0.31744890682801574,0.9429047859719208,-0.14875282422183125,0.3911208185498027,0.8612308211876757,-0.18340228468898992,0.15852903501393623,0.805251821207392,-0.0937216483772342,0.1930122002796864,0.6162696610435332,-0.1482530893414328,0.2029747850262524,0.4906354012797726,-0.188691383361842,0.2073713900709353,0.378858514363174,-0.2172354857190864,0.06986603817615021,0.7694690658022912,-0.08974796057686027,0.08184029434802255,0.5573605536476353,-0.13972021562400436,0.08289120784770926,0.41425419787613676,-0.17972761053568576,0.07909356717540973,0.29331264313093364,-0.2076312685719997,-0.013398740061244193,0.7833023340885116,-0.09182495648703715,-0.027385205948562988,0.5869118986518446,-0.13740363343827375,-0.02902933568504407,0.458111270587685,-0.1709528687948438,-0.028529350885897968,0.3498678039184267,-0.19270183897943186,-0.08943525973878806,0.832846324494578,-0.09990134862241011,-0.11697110051904266,0.683822503089716,-0.1389740980462315,-0.1253167254851669,0.5847317884178362,-0.1582077271784579,-0.1251194659708424,0.4950004778737631,-0.16951429886595074
76513.944,0.054725605248052756,1.2203430536332072,1.238625040996513e-06,0.1696705644725805,1.1557956178139623,-0.0711544452608961,0.259268505827964,1.0330526613843227,-0.1089955205453715,0.3358828638055524,0.9280987825426534,-0.13900229895044175,0.41099537933511604,0.8505011618939878,-0.17016577958765547,0.17831978582752542,0.7962496123551795,-0.08238525439356827,0.2140405731961246,0.6085328961391401,-0.13328215376708427,0.22940592588307865,0.4811745651360037,-0.17304321197249206,0.239052992734341,0.368959818557451,-0.20127469687208116,0.08745717057470678,0.7616913213819201,-0.07837264413513492,0.10147160236892501,0.5515326861158731,-0.12426382819859574,0.1051727612360303,0.40842585212113486,-0.16206536196871152,0.10516358412753879,0.2896719830179722,-0.18857672453758612,0.0018149084058563213,0.7766433026844013,-0.08081255170555814,-0.0043044702510416505,0.576620742887441,-0.12274553206097209,-0.00048587259710545713,0.4440511127663944,-0.15392443299388833,0.005908704046961075,0.3332896751767734,-0.17430426071932678,-0.07562233942514314,0.828599842334125,-0.08928855984853315,-0.09812014761381543,0.6717666923464757,-0.12572498841253368,-0.10345776378615355,0.5656571574391899,-0.1439717094719268,-0.09893373696336838,0.468615053143375,-0.15449720199311795
76513.975,0.0864707546181335,1.2114421180921269,1.1121736161303782e-06,0.19951775938605085,1.1424095295832597,-0.06565446099270701,0.2860497360513637,1.0172930573476955,-0.10026302661298733,0.36155797442133875,0.9118800194446816,-0.12916450061241444,0.4388084061504452,0.838127789941328,-0.15942679542252963,0.20450510557207782,0.7769404511512075,-0.0714476030968569,0.24258566129051728,0.5966233110963539,-0.11933905744341596,0.2566122622182341,0.4742514940371025,-0.1583994420211685,0.2648103164368695,0.36507776020055666,-0.18730408317747924,0.11836433824736711,0.7467885860181724,-0.07072765603092218,0.12853408973379213,0.543235000149428,-0.11127508426663342,0.12976934603806978,0.40655804747855606,-0.14660326328628806,0.12763738141997766,0.288979598539374,-0.17319171893781768,0.03744228640412997,0.7678355498180048,-0.07683309243660404,0.025439852589691853,0.577606934087067,-0.11407855917485267,0.023694038163266932,0.4514829411228278,-0.14480362884375567,0.02394043907378837,0.3425881517957719,-0.16725475078919225,-0.03729721391341019,0.8283852796084756,-0.08925292728229789,-0.07071362824408334,0.6943343388108135,-0.12307839787212244,-0.08652073033409068,0.602360086622942,-0.14138043517010204,-0.09533456907986242,0.5149486457118029,-0.15359634469508215
76514.007,0.08429396544154187,1.1808909701822994,1.0618379197363308e-06,0.20058372273008282,1.1198267943767661,-0.0723052596475882,0.2963616459878031,1.0000261090009868,-0.11234576084959853,0.3689049885726664,0.8965878458079958,-0.1453875789349075,0.4470883780130528,0.8188960972251398,-0.179372362638592,0.22448227152093983,0.7599640755257053,-0.08520612334926372,0.26036820043971487,0.5841757637064796,-0.13721527523344823,0.2740169341873633,0.4647238161483231,-0.17807006488841925,0.28307328539167037,0.35730112326321045,-0.20778576458283998,0.13851288867433073,0.731924913917975,-0.0832963967365989,0.1527789352100884,0.5332740132844447,-0.12567433178548174,0.15282501973476523,0.40109859573338746,-0.16039519380444836,0.15067350360934623,0.2877434421717595,-0.18674884384100404,0.056718047850306624,0.7545223484351645,-0.08843964776964898,0.05321720900515739,0.5622956908181344,-0.12832891880363256,0.04976956940759474,0.4375020070557579,-0.15792931773960403,0.04931254966603525,0.33012104243005913,-0.17953427273871944,-0.022412451551691095,0.8168403348591872,-0.10032697055752839,-0.06203657376285724,0.6869656522373061,-0.1387683832831138,-0.08783810122710704,0.5969019396636098,-0.158118177343721,-0.10650243230302585,0.5107143411803654,-0.17028025127586482
76514.056,0.12058102048514101,1.1465002326675746,9.554197963836242e-07,0.2265626102949955,1.0851757589769375,-0.06274890418077005,0.3136375924473836,0.9632498294745965,-0.0989687645246267,0.38721801180172905,0.8610797711032724,-0.1306134331897157,0.4683076463344015,0.7872354997411665,-0.16342939031507359,0.25018985973025015,0.7372976340233848,-0.07548535522409897,0.2799367090417135,0.5663820306049243,-0.1256162442029778,0.2953829195305796,0.45197408792397026,-0.16395267244292716,0.30550629526586326,0.34925886197253164,-0.1919142653442488,0.16930016618277471,0.7092270251754942,-0.0783644356361782,0.181873747803946,0.5140997985183587,-0.12007788313269371,0.18403919605290667,0.38614655673726433,-0.15341966604215254,0.1829731088737357,0.2763698341506043,-0.1787309179048444,0.09013650021704234,0.7293314115418064,-0.08795697032889606,0.08541988399650849,0.5427203678631768,-0.1275739017691888,0.08223646201813158,0.4218871527153032,-0.15623892869320447,0.08183030564094436,0.3174152861719347,-0.17700909186916539,0.012352814087794817,0.7867787185295604,-0.10351809693691215,-0.023095384749961943,0.6535359068468722,-0.1408973177372269,-0.04476709570787684,0.5646440951259207,-0.15978756670287045,-0.06030968559953922,0.48078857173071765,-0.17189099790316695
76514.089,0.1484436088844056,1.1014176942843656,9.571012990480338e-07,0.24798016464062136,1.0395463176404383,-0.0585192573235167,0.3327792126074891,0.9312004206540658,-0.09457037605572315,0.3998121735342269,0.8348337536268066,-0.12705190799591848,0.47049559820020587,0.7622644690991591,-0.1604531559074798,0.2713183769471632,0.7095223967786413,-0.07005852551643395,0.3011755335659267,0.546044433085726,-0.11909168347688988,0.3164995483411963,0.4351630418268202,-0.1572034677197818,0.3270718906872615,0.3347042158957594,-0.18469294276741255,0.19269512093835525,0.6830509164375743,-0.07485199642729723,0.20508929505021373,0.4934658617509006,-0.1166161755498815,0.2087476500232336,0.36908617925868226,-0.1505560252866515,0.20973205328792507,0.25927144160368787,-0.1761957888532197,0.11681644618331796,0.7010607667422539,-0.08602887217966375,0.11053846500403562,0.5212441326558606,-0.12487890635623394,0.10960122831049829,0.40076678731677295,-0.15228118112456385,0.11252915089104346,0.29514302798411624,-0.17204264222146434,0.04064543877594884,0.753411964194872,-0.10294101029342703,0.01059996828750729,0.6143118995196349,-0.13873367656409072,-0.004145621314762649,0.5188013846909796,-0.15610261287892357,-0.011021636461244093,0.4263605416013647,-0.16751396257152182
76514.119,0.1622485689168503,1.0430629805202103,9.216609613720134e-07,0.263588086704728,0.9899561664102684,-0.05428861459262081,0.3520439564105478,0.8897443392386949,-0.08737080343885902,0.4139606274072045,0.8011370518975249,-0.11748628539508983,0.4782794034918749,0.7347716373779886,-0.1493672423421257,0.28709372541534306,0.6789577390438649,-0.0684243026924049,0.3182846618607324,0.5235187051227119,-0.11697280066399263,0.3346726463941803,0.4178307620292534,-0.15426270579846196,0.3468713563565333,0.32163402045759576,-0.18081965778178952,0.20926420563599013,0.6568916378804754,-0.07442381028936285,0.2220581535100134,0.4742460241474083,-0.1162323865647291,0.2283204517213867,0.35458757267001034,-0.15000788571912552,0.23217995289586416,0.24792613976574884,-0.1755806736398227,0.13642682342995988,0.6770553892252734,-0.08601434948007898,0.13049778275773724,0.5053856562397689,-0.12474137544340919,0.1314718406717335,0.3920216356684663,-0.15096225407055366,0.13681866490786368,0.29150502909070813,-0.16984454209124383,0.06381616251451878,0.7294451171450264,-0.10288764634625149,0.038998310323346747,0.5970547757556567,-0.13850286542392712,0.029045420689303707,0.5069823826247928,-0.1549307860223656,0.027202190431523166,0.41856149244163177,-0.16579107641982027
76514.152,0.1790220382669826,1.007316566858857,9.02339906707867e-07,0.2761936034549316,0.9562277282402264,-0.052762382865249285,0.35955500964474546,0.8537248012254484,-0.08402246402025096,0.4240092079008326,0.76808541685268,-0.11214930140582921,0.4893977037612859,0.7121545007423387,-0.14204415934151465,0.2992735232042877,0.6522711150999742,-0.0679509154858143,0.3314666043950984,0.5030887893377098,-0.11521717288787175,0.3492140980191973,0.4000757707713873,-0.15108720987516708,0.36308196106767987,0.30807068111142083,-0.17662340866846998,0.2252899062953019,0.6305563132331145,-0.07368092999805205,0.23859082155000877,0.4534003592637453,-0.11555478288429692,0.24576068722970998,0.33549935758588306,-0.14815212316932644,0.25065585331680906,0.23337037260627083,-0.1721249488682241,0.15519110402636516,0.6504097245455234,-0.08467865659282536,0.15219436253415355,0.4812394091610208,-0.12369326469536777,0.1545631769597885,0.369490460614247,-0.14936934062413507,0.16137285562002687,0.271828359464366,-0.16711094055035683,0.08462891419745193,0.7019895984840683,-0.10069179465746315,0.061967549329417795,0.5712261611799417,-0.13728169225561446,0.05344228748247547,0.48210641952430044,-0.15432903729496777,0.05332766786457491,0.39664056108844326,-0.164956177942622
76514.184,0.18214637751322763,0.9828589863705617,8.633027026045071e-07,0.28144685269852343,0.9380936476672301,-0.05122602477567448,0.36825866237398164,0.8294939432154846,-0.07824442796102828,0.43338152385161127,0.7387398477097785,-0.10210815148431705,0.49836899526716844,0.6855099076207981,-0.12746871373363688,0.3110891708170587,0.6295928280387346,-0.05905537227466798,0.3433979398221891,0.4829913548509141,-0.10199334097979257,0.361885078546178,0.38268243025903526,-0.13545205253127413,0.37664680631553327,0.2947679094551408,-0.15948266227157384,0.23959071642658938,0.608827943482777,-0.06366824448686322,0.25450951639661556,0.4360556347723778,-0.10175693252905618,0.26250609916230944,0.319791950878305,-0.1328507424971681,0.26814065236239476,0.2197902039138858,-0.1557315146363601,0.17153218147099886,0.6275219792180001,-0.07384758800354958,0.17289020176099257,0.46182050878850944,-0.11014084257463419,0.1759835184924979,0.3530150639598594,-0.13571546975389576,0.1828352439049835,0.257288224881272,-0.15337685002907037,0.10201020413576922,0.6771757086119151,-0.0890197434307095,0.08326351132606732,0.5502822003115747,-0.12419894216904616,0.07502103145304083,0.4644483976238947,-0.14151184755107465,0.07442541733870774,0.3813453124820535,-0.1523075418634562
76514.216,0.1895004279879826,0.9586592454508946,7.928164537266244e-07,0.2892322489907111,0.9161384975591216,-0.04754885868751592,0.37680279020199803,0.806197791178308,-0.07162792699993904,0.4390496331834264,0.7133763351006059,-0.09295066514801785,0.5006326403125966,0.6602861341499691,-0.11577137985185826,0.3197479864292148,0.6093955481933281,-0.055313684786843925,0.35064977196156694,0.4626775301893815,-0.09570509625060497,0.3694542490647871,0.3642101875323695,-0.12681018791614249,0.385435269753069,0.2782855717643236,-0.14955059366317422,0.24967916558504952,0.5889607338712528,-0.06109299346308216,0.2647507748056431,0.41890732620304943,-0.09814192378319975,0.27443608545498605,0.3054732280614155,-0.1286756029175671,0.2818688873739671,0.20676386531649948,-0.15146376048883323,0.18328119109686006,0.607135014162554,-0.07215383906391717,0.1845504384777495,0.4483069399939117,-0.10833531410483091,0.1894187089880981,0.3402873604930868,-0.1345812506542252,0.19733710309227817,0.24391606625846074,-0.15293447102130828,0.11434725550590827,0.65453844204858,-0.08773058460910398,0.09723412615676894,0.528922623780351,-0.12269031411127479,0.0902964911468047,0.4444479481897361,-0.14064812528669468,0.09059316540174393,0.36203312401656673,-0.15240768150656328
76514.248,0.1907566640976867,0.9348545151313261,7.738534823486751e-07,0.29041071443713057,0.8937705678636679,-0.04893563678948577,0.37805593098940005,0.7878102267547984,-0.07427027272772294,0.44013848945891393,0.695705791296912,-0.09659075434315646,0.5023304569725341,0.6388156182821756,-0.12028753735551473,0.3248413160450113,0.5912671135519274,-0.056314082415924345,0.35731536021870486,0.4483601327205114,-0.097233323814854,0.37625286161323807,0.35171509083920655,-0.12882209405083525,0.3921695311605407,0.26638011983653087,-0.15208293370176154,0.25621775760815224,0.5714533107563574,-0.061888613013013356,0.27362927195093634,0.4060428586843305,-0.09976848754296173,0.28418532775874444,0.29454419735773973,-0.13095904944784703,0.2917715508203187,0.1965841353097837,-0.15440882183183297,0.19034213407215958,0.5901546795383913,-0.07295530746591207,0.1932855418438576,0.43458779579045187,-0.11029335877827313,0.19909281202523788,0.3274090046164145,-0.13712447851000256,0.20734591421784931,0.23081059189403869,-0.15599941631096284,0.12184208595326451,0.6373071238635385,-0.08861419310493522,0.10616672072758497,0.513985910178842,-0.12505570458720952,0.10013199180699178,0.4292211516106668,-0.14426725573965593,0.10073326027593024,0.34506572218372145,-0.1570187167073684
76514.279,0.19502032217212037,0.918303801751449,7.452085644910297e-07,0.2929921464805761,0.8783441362818875,-0.04866414928071497,0.37823139569653463,0.7735715947008424,-0.07270788549601954,0.44033617779550827,0.6814871442478905,-0.09364353346084105,0.5010296819258515,0.6214618925369904,-0.11548808416285429,0.3268599240308018,0.5788697505004397,-0.051933378511997405,0.36022977570410053,0.4364156592958681,-0.08994166527475335,0.37900414899470997,0.34206743487091373,-0.11934314387635986,0.39409173780758544,0.26008715217684686,-0.141181510120075,0.25979255431834464,0.5581913945092252,-0.05676765926256979,0.27743537967694615,0.3922722854385261,-0.09219648612758466,0.2886566193107819,0.2832587049145746,-0.12217167342090417,0.2963251993292179,0.18961820731719403,-0.14462021704972888,0.19535242331009572,0.5755049886203571,-0.06724297614802015,0.1996093412061307,0.42131317392734785,-0.10287186055254355,0.2051120338677066,0.3150210325019822,-0.12951322986616415,0.2127377205019564,0.2201439362385223,-0.14828845464810483,0.12883969742736542,0.6208698121074445,-0.08222998313058237,0.11260021834604626,0.5008909136982695,-0.11788457629344899,0.10572679063772211,0.4170473374007603,-0.13712697282180572,0.10523556402497466,0.33391768991913057,-0.1497764625977865
76514.315,0.20084636226934127,0.9063010977465432,7.179696582277773e-07,0.29656782418309724,0.8658318773820982,-0.048150703523452736,0.3790151165915615,0.7648632572613678,-0.07232118845362563,0.43939468314621877,0.6763809800615611,-0.0935788750770914,0.4981809984499869,0.6174352554451846,-0.11567649546901629,0.3298069881257397,0.5688589713108582,-0.05102894039273815,0.3633059635374432,0.42886096328840284,-0.08901952297946249,0.38198548030233825,0.33611147819024334,-0.11867103609382877,0.39633818697790624,0.25461286753383416,-0.14074824165863214,0.2633406701968284,0.5482487181514516,-0.056105157262399084,0.2805704818556978,0.3854389946471944,-0.09150634396181104,0.29162318173576585,0.27799897329204454,-0.12148231934221984,0.2988299370618458,0.18453093009596608,-0.14386421009206907,0.1997987519598741,0.5657001888688408,-0.06681187159743295,0.20329052451665383,0.41422381005359055,-0.10203083430594569,0.2084696359210106,0.3087036521122386,-0.12813245640906062,0.2156888311416904,0.21360369734150783,-0.14657744451718052,0.13476939437461435,0.611034956761759,-0.08207417110688268,0.11807215421767565,0.4936202730398081,-0.11700110608763416,0.11199139157974097,0.41019131018188854,-0.13564531229881674,0.11265485537060245,0.3276467597969183,-0.14791145231483463
76514.344,0.20575596673084126,0.8981328051192302,7.158744029501063e-07,0.30090390235647396,0.857889249228527,-0.048482786165179134,0.38134318195896677,0.7583668528934066,-0.07306330207892485,0.43939722170916085,0.6706313361001851,-0.0946900859578325,0.4978771230166735,0.613472217302729,-0.11719232941421867,0.33113005970585546,0.5645389310057376,-0.052068922577375325,0.3650034699900662,0.4266577471503954,-0.09064086474887718,0.3845972098560112,0.33506273297484346,-0.1208964689119179,0.39937830348848674,0.2535221763030375,-0.14341835559744281,0.26570513764161746,0.5438166152208537,-0.056981889279591434,0.2832636421698506,0.38326814404460824,-0.09273897342093039,0.2945092239532594,0.27719919124233117,-0.12287521899568757,0.301619453289546,0.1839739139696661,-0.14533772009210452,0.20302007017039683,0.561121745824659,-0.06748410747292784,0.20627338098499973,0.41131915139287883,-0.10287665080550847,0.21159636640541857,0.3069108381234128,-0.12885448595368862,0.21872847059609513,0.21215842802537493,-0.14714905481306118,0.13893636582705973,0.6059871391296032,-0.08258025011915923,0.121903344446993,0.48951538844723064,-0.11749654537782643,0.11595839314585782,0.4065744217025691,-0.13599239631093932,0.11672383684857829,0.3246631388165592,-0.1481269614803426
76514.376,0.21091019118434032,0.8954592391980443,6.889625172184958e-07,0.3052672643561676,0.8568318566683282,-0.04786422113735636,0.38410618684490483,0.758959209405104,-0.07164703046420705,0.44211456982759834,0.6719001488468329,-0.09262495926832696,0.49875079020552215,0.6131756760048677,-0.11423305091559208,0.3344083984601379,0.5636698438728094,-0.04915935774351481,0.3671679962567171,0.4268284522722153,-0.08659084630307759,0.3857864294356183,0.33661490255110815,-0.11617161373681067,0.3995761252862017,0.25656316969607545,-0.13824398128716475,0.2701664719335476,0.5425489709662087,-0.053664267343118514,0.2868197021471428,0.3845767535522777,-0.08848555766545764,0.2972575172359474,0.27987863924775197,-0.11809607285134748,0.3034150755388481,0.18804177603772318,-0.14000734106270202,0.20869559816684294,0.559264343471972,-0.06383556392784506,0.21051185028410588,0.4113820946687437,-0.09852396732916442,0.2149161262508126,0.30951096396495353,-0.12388638320316786,0.22119078640606987,0.21686392953605965,-0.14159463287333715,0.1463761396378795,0.6034083601600669,-0.07857237384415654,0.12823346647928402,0.48988950329153313,-0.11297257328784047,0.12200093590362038,0.4085186080799,-0.13110817606375147,0.12253098697157883,0.3284604714816116,-0.14279511062412042
76514.409,0.21886956810834202,0.8977612811307946,6.581324374610263e-07,0.31273458998349873,0.8587173320245689,-0.043876978063332815,0.39004506901483665,0.7616376535480496,-0.06564631523444611,0.44766737489999053,0.6758254798325539,-0.08522002910998232,0.5030596057063698,0.6185452550554689,-0.10534841754910063,0.3392853161299021,0.5716403111744692,-0.04493004906315108,0.37224405792823134,0.43555213989899205,-0.08044712677243758,0.3910657233855221,0.34706396220729396,-0.10833385234172095,0.40516454067247815,0.2685431616775687,-0.12893455653005,0.2765571201576596,0.5503636814212379,-0.05038534963871145,0.29274285153899826,0.3905843640661475,-0.08254259245064506,0.3029639500526548,0.28773202975668327,-0.10952059245044848,0.30855103744834683,0.1976713015873332,-0.12930657257395273,0.21665899959842283,0.5659776966193457,-0.061133008725932775,0.2175453062505281,0.41707060764603376,-0.09277962226312957,0.22209736477013298,0.3180483934566102,-0.11493457274194588,0.22810251579276963,0.228467394324334,-0.13031265577136572,0.15598941444919565,0.6088259003779554,-0.07624195832919849,0.1377154381975794,0.49530225932463645,-0.10720960829126423,0.13173715166354724,0.41528188241439407,-0.1222563728093526,0.1316439122309209,0.3373708651550643,-0.13169516909439197
76514.44,0.22166411494945581,0.8995607139691683,6.380113743176083e-07,0.3149738284526404,0.8624610965174654,-0.04223749164788605,0.39351097664478696,0.7671152548516293,-0.06323265953240453,0.4513178736285438,0.6819614998216336,-0.08216497426002223,0.5069410504899257,0.6264627782194316,-0.10155383474559462,0.34518168630715423,0.5804307321365747,-0.04259312489485534,0.3790532237469596,0.446803317279173,-0.07639026492026245,0.39825800039895987,0.3619276630432579,-0.10274295782119161,0.4132039824791707,0.287842092253318,-0.12193951008468495,0.28358237162069766,0.5590623488738975,-0.04796060366432835,0.301917261105825,0.40035739900471196,-0.07796591619124704,0.31300601816175816,0.2995984375137425,-0.10319156919200839,0.3192653307366211,0.21225253962885576,-0.12161370376059202,0.2246874214952309,0.5736453736635825,-0.05854767044174509,0.2277130170127174,0.42528957424419583,-0.08796775971080721,0.2326593408296532,0.3285926982716686,-0.10904464910723985,0.23880969570943564,0.24120163356819144,-0.12373102377981335,0.16499392541747748,0.6147512862349951,-0.07335169594476407,0.14906275314682946,0.5023903338886876,-0.10211637207509217,0.14324598137858696,0.4241620227121409,-0.11608702461819506,0.14242179308220657,0.3480824570055035,-0.12485559575747023
76514.488,0.22269382538742127,0.9027625889976189,6.210542984641431e-07,0.31503779790583175,0.8681872663441993,-0.04330042929099041,0.3932732557981868,0.7750347995297948,-0.0646199214421288,0.4519726708297209,0.691015246713435,-0.08359954749861259,0.5052664155585895,0.6330117963691796,-0.10295204399127787,0.3477656887360719,0.5893523199683989,-0.04467406140704549,0.3828144802963311,0.457101764667315,-0.07940102690999758,0.40367012939935,0.3733306766911819,-0.1063865260591391,0.4203378426348015,0.2994088931804181,-0.12610175786463274,0.2873465279960027,0.567682638497028,-0.04950337135380717,0.30649704936206795,0.41266943793968763,-0.08042357876471166,0.31848066280548115,0.31380007407679666,-0.10625061240128779,0.3257751131471629,0.22701767488355873,-0.12533075587956827,0.22946473200648787,0.581954398005019,-0.059630185570945904,0.2333384797203772,0.4374460782263404,-0.08995552783159051,0.2393259364521591,0.3422498662465133,-0.11147763866477994,0.24619115785995888,0.25476102295653674,-0.12662697630185818,0.1708483776581934,0.6222709875808403,-0.0740633797119294,0.1560431640796157,0.5117372005991965,-0.10392812454697821,0.15103344544556,0.43460985680621345,-0.11876225428156434,0.1507857971033353,0.3588491598065447,-0.1282580455316459
76514.52,0.22248609465033978,0.9044388371265584,6.284900901321735e-07,0.314005989658175,0.8717181825689333,-0.044747543558073005,0.39332428960625315,0.7797876160571691,-0.06564795863870666,0.4494768333227251,0.69562949196293,-0.08382231026448626,0.5017590828957731,0.6402112248612621,-0.10211552901935204,0.34834196046108173,0.5953897757619075,-0.043588933345224325,0.38384364536869964,0.4645841219578928,-0.07700473381150993,0.404078204534762,0.380761141710429,-0.10334675222577418,0.4199328125483208,0.3070448130275713,-0.12283866877558293,0.28797987639033995,0.5739000058881077,-0.04708611359191378,0.3076544772403898,0.4220865700762762,-0.0768551956849488,0.3195859085418908,0.3248071617775422,-0.1023716375559165,0.32741087407620356,0.2406839127662243,-0.12136264563428144,0.23074784566084067,0.5872606994449424,-0.0560285119069276,0.23643837498259962,0.44548886016460654,-0.08536646125274627,0.2433633664530139,0.3521867259514257,-0.10673384318329451,0.2514721457905076,0.2666884875063343,-0.12199015635414388,0.1723938562004912,0.6264374523448173,-0.06949609284240847,0.1591881860125472,0.5183244294621395,-0.09886406859783042,0.15513303739446513,0.4432184800988992,-0.11375936561065869,0.15648456843979497,0.3690496991462772,-0.12339187819836578
76514.551,0.22012590955600198,0.9025099055041058,6.368293590345418e-07,0.3105459689329603,0.8705015687048949,-0.044194121329576556,0.38875877073355725,0.7786722884715276,-0.06499377257356069,0.44420673029373925,0.6942724946494202,-0.08306267165905008,0.49811886264147004,0.6409498340878382,-0.10140973364441873,0.3460032044027413,0.5989419009375861,-0.0438828687537644,0.3810782007054073,0.4700462304834811,-0.07715705176852558,0.40179224888076615,0.3878693139169519,-0.10329442736412513,0.41872833348511307,0.3158537893237203,-0.12263422954884777,0.28644278070964957,0.5771141142048352,-0.04732059981415078,0.3063905841806901,0.427447260117407,-0.07651657248084764,0.31895512181794566,0.33187181610756494,-0.10142203943921507,0.327927744833286,0.25000105686037905,-0.12008993686804782,0.22948893071250095,0.5899028322231658,-0.05612745134923677,0.2353048554969169,0.45055053125876343,-0.08485568470835812,0.24207999951220543,0.35764194857669807,-0.10596080036494437,0.250534809653002,0.27292812653256826,-0.12127192301160793,0.1712388355842362,0.6290884937802245,-0.06939993978798599,0.15828785278236274,0.5243451911108652,-0.09820378197613916,0.1538733154787144,0.45110674576635024,-0.11290046934612116,0.15498687861495808,0.3785468120722191,-0.12258195396059372
76514.583,0.21678843794439512,0.9001843461178223,6.253476783379577e-07,0.3057140038503771,0.8694707344110716,-0.0439476959567878,0.381950924492294,0.7786770292393392,-0.06445204991645966,0.4376381857625253,0.694835687505251,-0.08219544521551884,0.49109927382765484,0.6410146030674501,-0.10034460703566024,0.3405974096666757,0.598438102121481,-0.04389994952686891,0.3744614407954062,0.47147910459737935,-0.07659685501055079,0.39494410710869515,0.3903998031159176,-0.10248887945431656,0.41176105703005245,0.3188369347854793,-0.12189498757321714,0.28222036613723855,0.577578064355891,-0.047137473617037864,0.3015217780374047,0.43135443115071465,-0.07603626394727553,0.3142309873714393,0.3371822670363256,-0.10094765399249216,0.32372404782513703,0.2557204492307184,-0.1198405566321479,0.22589223712164141,0.5911420802174167,-0.055703397251607015,0.2314606331853498,0.4548405173556187,-0.08460143987578007,0.23882205609550858,0.36306020805724576,-0.1061211485597901,0.24802477587908547,0.2789754949329788,-0.12178990400487939,0.16814738966281842,0.6310848993480461,-0.06867214677430813,0.15492752645721228,0.5281138889296425,-0.09798970222012937,0.1500695147202889,0.4559511541560153,-0.11333108951480125,0.15075828378701991,0.3838920454588569,-0.12355539322321
76514.617,0.21551928492426736,0.8983146864270752,6.377615581264239e-07,0.3037352665903079,0.8649379360365578,-0.0459709314996967,0.377837346135533,0.7762002158725105,-0.06821972758031497,0.4337062860816416,0.6939136452381272,-0.08740951050049006,0.48631326799499297,0.6351183699888051,-0.10688836010007291,0.3350194630538334,0.5988886663739389,-0.046001699646222104,0.36733255264375037,0.47296752930402114,-0.07984517894735155,0.3873146704424653,0.3929581361581774,-0.1065984319710159,0.40404021006378993,0.3215433883039801,-0.12649843611601808,0.27740023652170004,0.5786263284001127,-0.048628008072949355,0.2949950462167787,0.4340107135906766,-0.07830243885305335,0.30723054240669406,0.34025687309654784,-0.10390305598696424,0.31670036258447626,0.25894221003910145,-0.12341002321299599,0.22144863003467544,0.592923306551026,-0.056804377518757256,0.22613050175068516,0.4580582161193394,-0.08644852983186552,0.2330583563360416,0.3667415689055129,-0.10847695460665702,0.2423569300407574,0.28232724135871656,-0.12453098773077421,0.1647274329245525,0.6334902715069183,-0.06950144768764546,0.15071648713123706,0.5315820399309895,-0.09947513073926488,0.1455107611815911,0.45980803688836785,-0.11527233279364595,0.1458833332273948,0.3880102689168808,-0.12582601436523475
76514.648,0.2154077811887182,0.8970195381710377,6.317726830934572e-07,0.3038018449504043,0.8622976497887401,-0.04599411385729361,0.37709449023985264,0.7724784647898997,-0.0677585686743181,0.43199219864524196,0.6906817106602229,-0.0863970149508175,0.48476628099886193,0.6332950207246393,-0.10532101373085573,0.33279998184662835,0.5971979775997504,-0.044552856172386975,0.36244127379324853,0.4730992908558046,-0.07784466551466769,0.3812311814711886,0.3937688468120706,-0.10431395877421612,0.3972774651179044,0.3232939272908897,-0.12414239702868832,0.2751342726194035,0.5774985172305309,-0.04685452375679084,0.2897505414561141,0.4353383766971767,-0.07645460844891294,0.30097078060624294,0.3430884522225433,-0.10216257658627037,0.3101647364616757,0.26305119899459933,-0.12174661661643607,0.21935851042976415,0.5922745518948594,-0.05482024499907956,0.22193602359611728,0.46039429965686923,-0.08470892300718467,0.22796194610963508,0.3697662795228214,-0.10720209022109525,0.23678269622125883,0.28565015903901647,-0.12355415905746972,0.16329138573788832,0.6330839669893957,-0.06730195626063729,0.14819475789897651,0.5334416024917795,-0.09733463989650001,0.14255707554408986,0.4623683667383094,-0.1135524965785942,0.14297421851626158,0.39061786614827226,-0.12454482710845909
76514.68,0.21674676697315481,0.8944521481201906,6.11549228752119e-07,0.303994746474627,0.8588927988303979,-0.04355411798611365,0.3766895728364602,0.7701625464583453,-0.06406373195205652,0.43023006720021184,0.6899360985332571,-0.08166096847866952,0.4809327624743996,0.6341190093606655,-0.09959390175946087,0.33212617579710935,0.596919151285085,-0.04248714298270827,0.36116725633313373,0.47521803636333665,-0.07428562546792307,0.3783134157889049,0.3965469458696711,-0.09978046414669986,0.3924569094965146,0.32644231107592325,-0.11891807746610035,0.27431823001944944,0.5774422021048173,-0.04534264078811602,0.2887165634920779,0.43690487212716395,-0.07340201649126614,0.29950370152123645,0.34572523573898195,-0.09795571224214579,0.3078617196308906,0.2666263985539069,-0.11675359510050334,0.2187223020622439,0.5918182330533751,-0.053559025501940534,0.22037497013574978,0.4615114903257073,-0.08180858806469705,0.22577452134108636,0.3726094515667318,-0.10327394442024904,0.2335535830661992,0.290470891417383,-0.11898928179630001,0.16321276619907094,0.6317509829381082,-0.0661106047134445,0.14777197189109603,0.5326115888501912,-0.09464393095872188,0.1422253456463393,0.46229066938996455,-0.10996279745837134,0.1427771387779323,0.3915700366278977,-0.1203618322092198
76514.712,0.21989906701230388,0.8907764701882973,6.239864837540752e-07,0.3053816787352654,0.8550816454810934,-0.04330145627635831,0.37756622710937593,0.7672975258291118,-0.06378512520695849,0.43092953935131634,0.6877380185224871,-0.08128134618366036,0.48063720741855265,0.6308595289540048,-0.09904443421465228,0.33275246278735987,0.5972121742455644,-0.042368632792916146,0.36303089410591366,0.4777811023636403,-0.07399787057725463,0.3804828925675937,0.39975453442673675,-0.09924998479778255,0.39444491728938474,0.3299175125143994,-0.11807676607694127,0.2756437521822311,0.5773730996499948,-0.04495623021052695,0.29117435536966363,0.4392607338919472,-0.0729473754751653,0.3024149328710269,0.3488845724255786,-0.09712011388220633,0.31049151410412235,0.2688569599575816,-0.11547229523386884,0.2205646320353315,0.5911798013900793,-0.05280322834468761,0.22146036218566761,0.4628196618592457,-0.08080110287807288,0.22622333230843822,0.3750907714855415,-0.10146351856514821,0.23322687322626695,0.2930790185569826,-0.11649046119723458,0.16543960629081056,0.6298304617718524,-0.06495456397740228,0.15104108251025392,0.5316429019507609,-0.09291024087767667,0.1464750479719727,0.46254228285068605,-0.10741060430725563,0.14779820930615137,0.39295420822621413,-0.11714679874322158
76514.744,0.22281887903981393,0.8855649105262674,6.213867697534575e-07,0.30632764784600897,0.8510556059051115,-0.0423903565754706,0.3783195167174073,0.7643010259338266,-0.06281205492240116,0.433835710717845,0.6867652572898177,-0.08045707464518874,0.4844590217461906,0.6321938757096605,-0.09852661765615114,0.3351640993936558,0.5965404177099004,-0.0425473052832015,0.3659599023255323,0.4788655781756524,-0.07439137748874593,0.38294537893586594,0.4013612614901431,-0.09970979021290446,0.3958524318402902,0.3323406196590961,-0.118564078861598,0.27879971373036316,0.576661944040274,-0.0456191053621899,0.2951761231261434,0.4405233530261879,-0.07427901027969153,0.30650053765489854,0.3506081949628268,-0.0987843944177935,0.3141051859143917,0.2709178923211231,-0.11727639199860944,0.22415692554093206,0.590172589481764,-0.05380506789157328,0.22555429761197654,0.4635208174663117,-0.08228151990954745,0.2307716636364114,0.3768361497683629,-0.10314847363965278,0.2378582595609683,0.2963132130874507,-0.11821674294744078,0.16922460408797046,0.6278842772936265,-0.06616904205373444,0.15577277454800953,0.5307111738844056,-0.0943835323344353,0.1518133939934618,0.4621496470291736,-0.1090292626909185,0.15370513429881774,0.3936623151026063,-0.1188402634086642
76514.775,0.22478615852360173,0.8793847803988457,6.213117501612966e-07,0.3073769126401112,0.8460642869510994,-0.04138541363355654,0.378822720776546,0.7618532236257167,-0.061943393583649524,0.4345791019260804,0.687847532192167,-0.0800374961741772,0.4846879349447072,0.6362464701440601,-0.0986887343797876,0.33758840117050876,0.5936107452092738,-0.04247214037014595,0.36742817586589965,0.4768061184265124,-0.07449646246873355,0.3847343876641689,0.40061317416917297,-0.10002925983453585,0.3986512113048589,0.33229719084009673,-0.11902608323560122,0.2825313916257869,0.5742235010000983,-0.04604547206033372,0.2984001301019422,0.44048013796711866,-0.07492100048226227,0.30998591920986857,0.3515111354871816,-0.09976664772777394,0.3186006433276013,0.27215622503822684,-0.11855457847689001,0.22873877209741986,0.5878432415352668,-0.05459781610893199,0.23041083553544922,0.46280386471323964,-0.08314984024583884,0.2355916518426042,0.37678679003145904,-0.10440961115942318,0.24294763790527704,0.2966816016294079,-0.11974894235203948,0.17454980634049774,0.6256998374588046,-0.0672349840485399,0.1614248962659794,0.5296688647771983,-0.09551979032721411,0.15700152363248718,0.46160436065569926,-0.11045041899301326,0.15842693658669482,0.3933516430942916,-0.12047757625256023
76514.809,0.22802663585085736,0.8749617283033033,6.147579903416496e-07,0.3110889970013491,0.8429762749944154,-0.04103374422505675,0.38156068062887627,0.7594539798581978,-0.061285813999855186,0.43616621076076495,0.6864033137601695,-0.07903566870268654,0.4854398851156456,0.6351667876812873,-0.09732282478327264,0.34057696443266067,0.5915225397916216,-0.04220016692776705,0.3699409950251308,0.47562150175330015,-0.07381823705667147,0.3876057519421239,0.40008250475335344,-0.09897276766158658,0.40194336752562027,0.3323819479098698,-0.11768697152872624,0.2864336663071723,0.5725249389200925,-0.04561831826740046,0.30202187005631287,0.4395140857451135,-0.07420277505711712,0.313813140449324,0.35131411581198596,-0.09874522544834853,0.322661477067183,0.2726580900105406,-0.11721421976554017,0.23342639049700903,0.5862546857599614,-0.053938913910034025,0.23518442195157527,0.4619088512762193,-0.08238716708704598,0.2400637540839113,0.37616741284280825,-0.103453138664301,0.24687445297950192,0.2965160566847654,-0.1185210868193579,0.18007611991982617,0.6240009141466926,-0.06625490950744456,0.1667866758714468,0.5284284052568686,-0.09443575626848444,0.16186246779292002,0.46059854971362724,-0.10922402188924438,0.162559948179449,0.39271238412102244,-0.11905000084404126
76514.841,0.23236387823633264,0.8701403774897818,6.130655655055335e-07,0.3162895244254314,0.8386291401514294,-0.04180354942266159,0.3868071748178077,0.7555706715994287,-0.06231018821999149,0.44030182719824607,0.6827741699529561,-0.08012748963287707,0.48930390392450146,0.6309487145979662,-0.0985656933182868,0.34428801461310427,0.5892725071630722,-0.043559328092722296,0.37331188820586664,0.47450047363096326,-0.0757471625581676,0.3908957545020496,0.3995603891320069,-0.10128920142513739,0.4052934180190123,0.33205494737060676,-0.12025569034287824,0.2904414984692444,0.5704619668235849,-0.046512790698608544,0.3058841501510721,0.4390939868272583,-0.075774273123921,0.3181280384893906,0.35142633483262564,-0.10072674863523934,0.3274488812680533,0.27303254541398725,-0.11952426327087853,0.23778171453432098,0.5842178176229125,-0.05441680294380915,0.23933399661360447,0.4613350013141899,-0.0836358988651613,0.24496790355739742,0.37639005840207806,-0.10510485925075094,0.25249819297017795,0.29759850262314513,-0.12037242248787099,0.18499153094683646,0.6212081478520889,-0.06633397802546613,0.17245589631452504,0.5257969146131317,-0.09521742233310974,0.1682931354238167,0.4582191668391831,-0.11052480580167132,0.1696316625141075,0.39087437867525887,-0.12070089962234735
76514.873,0.2370549808986085,0.8676842394186752,6.120907837219232e-07,0.32117003294613733,0.8357969449092294,-0.040626471225790856,0.39098348153346846,0.7526703250664574,-0.06055573882811083,0.44468959137617653,0.6795890507239051,-0.07794557200457795,0.4932712047614788,0.6268535259565977,-0.09597274220902628,0.34887818917720154,0.5883919234700321,-0.042097155171977284,0.37785620769338,0.47402305908387615,-0.0737372537162293,0.3955686728027571,0.39955575044853275,-0.09889544698293368,0.41005797529487203,0.33271678146248695,-0.11749719694493356,0.295306904707421,0.5696565981359298,-0.045226591474332965,0.3110696531129999,0.4389206420341167,-0.07386918956369558,0.3239810387388153,0.3521646698201416,-0.0983707391725295,0.33379719311790984,0.27464922006916037,-0.11676252429243715,0.24282026944876065,0.5828734731169167,-0.053204156399963926,0.24469068152812187,0.4605019311813306,-0.0817719751252267,0.2506941103403102,0.37610539806552906,-0.10267555902690097,0.2585388402393181,0.2983181999811099,-0.1174836163894297,0.19019953483598878,0.6190484356656537,-0.06508750404780604,0.17826827191904585,0.5236616572363095,-0.09335210099400468,0.1745881592580289,0.45637824325916027,-0.10813022661348919,0.17622488440936038,0.3899126148594449,-0.11783320797994254
76514.92,0.24293706790277028,0.8662809029508883,6.120754251075152e-07,0.32710110411271565,0.8349252209622112,-0.04020895124465282,0.396028635909029,0.7517228266996318,-0.05975765218070661,0.4491802559544327,0.6785973419997158,-0.07692833505673412,0.49769311256499815,0.6261067803701211,-0.09469838275044962,0.35424192710075525,0.5872504890662776,-0.040585201920954016,0.3827076652454097,0.4731686510251346,-0.07189581029517143,0.40057348980994356,0.39923888444131583,-0.09689087457290599,0.4155747650699165,0.3328584310390904,-0.11544603747385997,0.30086243489653414,0.5686405094816671,-0.04378159241864869,0.3162496246524751,0.43873469730850695,-0.072302880984224,0.3291689218959769,0.3521689706962183,-0.09689334875276408,0.3392162504954379,0.27461245671431805,-0.11535257756515316,0.2485097462205377,0.5819869364498689,-0.051881838220385314,0.2501305529809642,0.46005220399952734,-0.08058417236463444,0.2563290866423732,0.3763758719791633,-0.1016076189716908,0.2644260408503857,0.29942289935814903,-0.11641593013198151,0.1961688871510599,0.6181089803072662,-0.06386354617505995,0.1844398791331214,0.523285787372681,-0.09232874638797416,0.18073495204394538,0.4559231651846608,-0.10736769198951594,0.18217001930558466,0.3894739287198774,-0.11722204466476288
76514.953,0.2480696770678675,0.8659337490852757,6.10557611119325e-07,0.3319142216708414,0.8355321958103773,-0.040364557890291475,0.39984137417262544,0.7531945725829106,-0.05989010237139704,0.45213304623194267,0.6792905121008883,-0.07697698359249203,0.5014765355399208,0.6280206185973984,-0.09459255075645673,0.35895618938053253,0.5870250730472604,-0.03981050628513564,0.3871808658773111,0.47266223023555026,-0.07042283451609013,0.40503706412524165,0.3991425654442183,-0.09510319160976649,0.4200788471334877,0.33296942203953733,-0.11347818086386065,0.30553679744822293,0.5684735535967652,-0.04275864075796289,0.32079953659850946,0.4380382801432995,-0.07035348307859257,0.33380959209327854,0.351789488569806,-0.09448017187760599,0.343940342443747,0.27447745161970666,-0.11261233957491087,0.253528507423763,0.5816679730100323,-0.05062464076362587,0.25543354123929674,0.45991432161003887,-0.07845845502781829,0.26198389927685933,0.37656745608156944,-0.09913097585869173,0.27033309844935466,0.2996587740130508,-0.11367934529126159,0.201682984025396,0.6176972288963011,-0.0624253812040929,0.1896555373054536,0.5225742779891521,-0.09020866648575408,0.18586464452438325,0.45558684468302785,-0.104821280981452,0.1870535532045057,0.38941341655112877,-0.11432292245260761
76514.984,0.25055816070489695,0.8659463322516596,6.010452560172565e-07,0.3347062392937642,0.8362440978660354,-0.03980001296124,0.4029626449997794,0.7547218057160175,-0.058938024166049624,0.4555160996006933,0.6807799267009567,-0.07583153108927522,0.5048816550075276,0.6299231061799904,-0.09322325893363402,0.3622814870349106,0.5883179291900746,-0.03843646433647832,0.3913796418060303,0.4740355223692282,-0.06865012769091441,0.40915381082892294,0.4006381290088556,-0.09308831227580201,0.42404842655895647,0.3343933535484353,-0.1113320142654745,0.30950043658216214,0.5696144424280191,-0.04158734573472197,0.3256156987612836,0.43930900069906853,-0.06887764513199204,0.3385555892901575,0.35301071764565883,-0.0929273554800788,0.34838363440781817,0.2754736220223614,-0.11101708772120535,0.2579622649578095,0.5824506346204713,-0.049641617934132805,0.2606475065239743,0.4606436806071824,-0.07722736699789137,0.2675132344031459,0.3778875533943929,-0.09775330863761186,0.275836479975293,0.30127528548985993,-0.11216650186020415,0.20652397026530367,0.6179638080230514,-0.061611151623481464,0.1950732948221596,0.5227516525002297,-0.08923431525021393,0.1916150890291879,0.45561008355356203,-0.10375237906263733,0.19273867509273046,0.3894312714530264,-0.11315062550554959
76515.016,0.25391917616878795,0.8660709539402721,5.834143974071892e-07,0.33785583397185326,0.8366091786363999,-0.03867313238951645,0.4055856268847933,0.7553858414669103,-0.05736787017090201,0.45787651613236874,0.6824299149935468,-0.07395777554437447,0.5069259450313349,0.6329230819205464,-0.09107597709258376,0.365732849174449,0.5880410407362143,-0.03752404847318073,0.3943094655978421,0.4746545876259552,-0.06714781082360154,0.4119556967238797,0.40216583205386663,-0.09127450382089228,0.42679804763605295,0.3365317270937819,-0.10942469726171375,0.31315648120045614,0.5700447908606299,-0.041151169451281014,0.32893300328509745,0.44014190916010415,-0.06796340606016767,0.34199373821275825,0.35463792673783706,-0.09168603665902422,0.35213030250343186,0.2775202119914966,-0.10959767728974125,0.2620745164354738,0.5833405967540081,-0.049566691731882946,0.26464627315083517,0.4620339980051373,-0.07669536873183447,0.27184495138577164,0.37925506992029967,-0.09700693880486977,0.280568057944002,0.3021491707715941,-0.11135265652746178,0.211187428578927,0.6193381946288249,-0.06181564324162249,0.19960416190474545,0.5240746525368212,-0.08901879156452797,0.1961770968299683,0.4571807940528768,-0.10330744565138314,0.19740543002441271,0.39096677556722376,-0.1126321813869817
76515.047,0.2562877628536531,0.8656342168430394,5.842601365135684e-07,0.3402657035999889,0.836323885592042,-0.03842567019402913,0.4080225321579317,0.7556223567330556,-0.05676949931547838,0.4604508537867776,0.683196203179386,-0.073060636905043,0.5090404269672186,0.6334208798963091,-0.08983781703823987,0.36847518287497677,0.5885587522549495,-0.03640456165860361,0.3976808177469311,0.47572400475238796,-0.0655109432738869,0.4157970063745567,0.40388242715133804,-0.0894485889424771,0.43108833668318686,0.33858137386260323,-0.10746096043768119,0.3159352120177371,0.570864016427883,-0.04001899137346774,0.3318178204900536,0.4415535569557571,-0.06614140604303875,0.3447737309103956,0.3562859100254935,-0.08962638164032706,0.3548671684978736,0.27886580917663023,-0.1074632118478685,0.2649930657847466,0.5839973463925012,-0.04845763935802656,0.26810367283962183,0.46353648798599517,-0.07496250617354389,0.27564930808989246,0.3813546370793613,-0.0948646536773555,0.28466222111780515,0.3042621879126838,-0.10900149840269652,0.21409259562459507,0.6195316697858787,-0.0607692477585436,0.20283737962857087,0.5247805198208183,-0.08732984442633762,0.19957871506440636,0.4586244907279102,-0.10101994683318453,0.20096022161244045,0.3928868740284772,-0.10997572014240581
76515.079,0.2584947372559967,0.8663728682313186,5.816593962311699e-07,0.34164970467135974,0.8378375532371004,-0.03832716605950285,0.409087138090646,0.7567401544285283,-0.05638297619017041,0.46136116494799234,0.6848881594533559,-0.07236100211646357,0.5094572525924023,0.6359870976811993,-0.08881475051619159,0.37110818987343674,0.5893675089004604,-0.036235016768682474,0.39934638964240804,0.4766315064591224,-0.06505088239396367,0.417174974872561,0.40486490726168195,-0.08884212880505601,0.432419922911342,0.33943023461828553,-0.10681994655385602,0.3187406780678331,0.5715253681421321,-0.03981528542296194,0.3346510545345884,0.44231032725652825,-0.06567302317614868,0.34755445867018864,0.35692199383503165,-0.08903567482029996,0.3577666961071293,0.2797528877896634,-0.10680955623698861,0.26775424315845503,0.5845200777171459,-0.048212717583688544,0.2709263149271912,0.46426063965903996,-0.07454579772904882,0.27814847053099706,0.38153754933178374,-0.0946377096403548,0.2869069578563607,0.3041523849444905,-0.10895199796832496,0.21657206079004904,0.6201698845941893,-0.06047665717160851,0.20566850962204436,0.5256114004417278,-0.08685426725827543,0.20218244261966692,0.45971844616680296,-0.10062111744799883,0.2034834603468642,0.39398013026410844,-0.10972426630014472
76515.113,0.259371379877694,0.8664927347826978,5.812979925719195e-07,0.3422257135233644,0.8384572599047383,-0.038974079701911725,0.4100870604780579,0.756794973990002,-0.057063365921969735,0.46291013624873095,0.6844870712312209,-0.07291271166706727,0.5113944238158529,0.6355443845779072,-0.0891609854811221,0.37266828140350966,0.5902859247904381,-0.03651875155516697,0.40073495379046126,0.4769593549302494,-0.0651489170168022,0.4186621772498315,0.4052986977000578,-0.08870655271590916,0.4340913934727248,0.3404172115702961,-0.10650035384925526,0.31998852768164626,0.5723717331255131,-0.03963013719230691,0.3358349195746028,0.44269861190893517,-0.06517940219270908,0.34860470029469764,0.3574016021004043,-0.08832324054039238,0.3587086381873883,0.28128606764826986,-0.105978231725348,0.2688767214417312,0.585267991497373,-0.04766494136852535,0.27225169469490984,0.46508617478097697,-0.07375561876629633,0.27941102101094883,0.38263528690685195,-0.0939095881280116,0.2882197955005651,0.3056628427974007,-0.10836343897101593,0.21766382668570258,0.6209120918373778,-0.0596403839176372,0.20698303959398778,0.5270356004687409,-0.08586801840829227,0.20333630436179256,0.46168137338596704,-0.09982821402282835,0.20470546858003366,0.3961678523542002,-0.10917314352865916
76515.145,0.259366320158168,0.8669667523873479,5.702306122884894e-07,0.3420746435792309,0.8392773061357709,-0.03834747770034373,0.41029369354779743,0.7568779292049239,-0.05559088487295956,0.4629756678750884,0.6843302829349432,-0.0706739329732682,0.5107315639888578,0.6355575210021173,-0.0860814399253113,0.3734891632037853,0.5912086290730914,-0.03496244159617683,0.401786715900012,0.4776502897572563,-0.06281924462475837,0.41977660130059025,0.4060048298013967,-0.08588160502472876,0.43523323932106467,0.3412618272044027,-0.10339369381584694,0.3209160542228541,0.572830274982074,-0.03802189256719925,0.3366376333069982,0.44335737957332444,-0.06280923752169322,0.3490078119557413,0.3583807428100015,-0.08551551512201176,0.3587423933060285,0.2830480876105085,-0.10290472943546582,0.2699023859877018,0.5850677904139951,-0.04601319442452108,0.2734939047146146,0.4651342680547665,-0.07137917955003636,0.28054874544072195,0.3829475670060035,-0.09115742167738364,0.28916945694875185,0.3062273498728673,-0.10546254169259289,0.21860849084274717,0.620133880053595,-0.057943134634301716,0.20826985037196077,0.5267202098548088,-0.08355027863198626,0.20478594365494612,0.4618056967325163,-0.09721003882480671,0.20638402856075944,0.39657105816417,-0.1064223508313971
76515.177,0.26039712043895524,0.8688788555464187,5.648342231349073e-07,0.3425263609552917,0.8400971834946893,-0.03750868379289551,0.41034764528987233,0.7566009572522537,-0.05424456357029448,0.462709710427485,0.6840239092111031,-0.06896731670757261,0.5104161920323579,0.6361558121598859,-0.08403408578230193,0.3740197168505507,0.5920851718148191,-0.03405263941801699,0.40270373841982693,0.4782629264707675,-0.061606914557166645,0.4208855687478895,0.4063085444457291,-0.08445594518601948,0.4364726057347598,0.3414487653792917,-0.10186355345208416,0.3213711964868709,0.5738549336543841,-0.037507450427520614,0.33701666891573834,0.4439398790000178,-0.062009659713158014,0.34933559432501615,0.35904074463166114,-0.08444376042809298,0.3590614843603597,0.28401341238309424,-0.10162724004568137,0.27034496041993256,0.5861557641049492,-0.04583603002001505,0.27408277671447,0.46574996249059925,-0.07099168321586646,0.2813933713316312,0.38347860205094525,-0.090489945531122,0.29023691395940704,0.30683819506357135,-0.10462619532247178,0.21896052095159443,0.6213841676386327,-0.05805306071934375,0.20870897734025215,0.5276294125320258,-0.08356570679225886,0.2053872406762531,0.4625842521917094,-0.09702736203990332,0.20721275005862247,0.39731887901231094,-0.10609022269526434
76515.209,0.2602095749222209,0.8704454460724664,5.688041863144717e-07,0.342524054353161,0.841427963304132,-0.03777801240271028,0.41027695783641516,0.7575555918494313,-0.05491501824366323,0.46280456842197937,0.6846417446238844,-0.07002272677104722,0.5106079179791542,0.6357774995998836,-0.0854423480577421,0.3742609196290919,0.5926021592681049,-0.034543285537390306,0.40273679465010603,0.47898180138199026,-0.06244021795087034,0.42069712978045054,0.40739463334231557,-0.0855339844534366,0.4360342186060093,0.3426463540674765,-0.10310020899230839,0.3214200396333489,0.5745476128327629,-0.03806079819580251,0.337341720983551,0.4444752717338632,-0.06287119579727547,0.34975214548920197,0.3594558541227487,-0.08552478516505241,0.359498792274568,0.28425170546565975,-0.10286114804060545,0.27007867465819,0.5872213960669432,-0.0464889932177235,0.2739203914560111,0.4662830083114662,-0.07200006764563478,0.28117256537666846,0.38409212582389834,-0.09171484659216615,0.2899397721975403,0.307553616171903,-0.1059526140377611,0.2184903403074375,0.6228607642112131,-0.05879580014044124,0.20862523910636582,0.5287534825022989,-0.0846115835838479,0.2052797499524587,0.4635429693391708,-0.09826095726433835,0.20694492066957995,0.39814836615051796,-0.10743282816520255
76515.241,0.2599057253898091,0.8723830052220807,5.746777167588772e-07,0.3422499194879511,0.8432975736651905,-0.03827182480487086,0.41015567771624223,0.7591353656771183,-0.05570595423827255,0.46324074989482855,0.686096607571163,-0.07107664385700566,0.5110182385068104,0.6364711472024069,-0.08667321489577658,0.37386039370548046,0.594054619922465,-0.03481349813936218,0.40263232920996794,0.4804382363557213,-0.0631295677862331,0.4210654999057956,0.4091132635534661,-0.08652603838920345,0.436939023772216,0.3445364292132782,-0.10426428335155172,0.32113212380220757,0.5757167965291062,-0.03826135112742557,0.33756537771065775,0.4457982580005269,-0.0634222176506756,0.3503137174259508,0.3606634450600947,-0.08634122828572788,0.3603530561299726,0.285227221447537,-0.10385684308757898,0.26976376711461864,0.5882583432246588,-0.04672377047164229,0.27358335279052887,0.46711991629908645,-0.07252442678047229,0.28077506587793055,0.384869090450528,-0.0923629636468617,0.28958151436333784,0.3081725394817336,-0.10667216633345895,0.21813567542858764,0.6239443759902302,-0.059125752036304866,0.20801055297893706,0.5298480799116602,-0.08514474728128872,0.2045581515956993,0.4644518012873152,-0.09891346913531154,0.20618910401478102,0.39884377740494215,-0.10817858304443764
76515.273,0.2605968582268446,0.8752929359312203,5.740278283054567e-07,0.3430735001982403,0.8462981211013979,-0.03824297843897167,0.41064205599811515,0.7607000578959813,-0.055477345982984726,0.4635439515822441,0.6866058324905671,-0.0705914952141258,0.5114828866591337,0.6371198308848256,-0.08592062724580003,0.3742288478022557,0.5956268106613573,-0.03487352603747138,0.40247591698997726,0.4814805419753932,-0.06312498008933616,0.42087830348073924,0.4098532604518956,-0.08641909722918685,0.4367216026954823,0.3452947724970392,-0.10404393299666102,0.32111585192036246,0.5775300918656282,-0.03825469562529637,0.337386130666334,0.447011819197264,-0.06327923417897528,0.35014554657323094,0.36167938007194794,-0.08602598357536467,0.36016197107710624,0.2863746295942943,-0.10338619236512955,0.2695710750576333,0.5902462447189827,-0.04664665236409298,0.2735725412678362,0.4689593289674085,-0.07231260423402933,0.28070643434768144,0.38626250198016904,-0.09211426150756527,0.2894353368378979,0.3094215872830415,-0.1063860022028022,0.21783119249317545,0.6261251186204945,-0.05897480240684284,0.20773122089924745,0.531668657398095,-0.08480047419906622,0.20420286366664683,0.46625902800296454,-0.09845556416722316,0.205792886459525,0.40083695265433333,-0.10765250986727944
76515.304,0.2592660954602314,0.878657294894016,5.835484403345588e-07,0.3418717395209928,0.849624546062796,-0.039320573383985445,0.4104472627066272,0.763953162231192,-0.05723736670136288,0.46388819367243767,0.6893527610193556,-0.07280472257535281,0.5119170391218456,0.6378328852426683,-0.08849523328961728,0.3739283853095355,0.5982203441157893,-0.036310738863563896,0.40275950142560263,0.48363321970797496,-0.0653262678809063,0.42134855714565794,0.41125356191940826,-0.08908077731371594,0.43707506393953105,0.34617840752643697,-0.10692834795883767,0.3207207742606885,0.5799431942782274,-0.03949155168122813,0.33764953422548416,0.44883965002003584,-0.06515075883427915,0.35101250135468326,0.36323170048552617,-0.08814057158984043,0.3613949425817852,0.2877581222643406,-0.1056045882588866,0.2689988313175898,0.5928309280195222,-0.04778622454028943,0.2733483911912864,0.4712845561468672,-0.07398318169492503,0.28099088764723273,0.3887625136913206,-0.09381402781822606,0.29016547397590475,0.3118328218942779,-0.10803982989938989,0.21698280618693067,0.6290029296292015,-0.060091077770768886,0.20748546476368326,0.5342315998635816,-0.08628280551524398,0.20424637913188598,0.46884356475465505,-0.0999135075609566,0.20602725683889284,0.40335832998229976,-0.10903182443504265
76515.353,0.2581653458816314,0.8822153524104783,5.770845155872554e-07,0.34062002829211246,0.8537714762504873,-0.03908109300287079,0.4089778582538077,0.765910217151998,-0.056587665155170115,0.46322212782380523,0.6901641464230939,-0.07179005284007246,0.5118010228034034,0.6391611981532876,-0.08713007827856908,0.37390134124453905,0.6016014508221189,-0.03631649689806862,0.40318211735681037,0.48628548733577076,-0.06528190152868599,0.4220483575999473,0.41351040578434345,-0.08889037433003905,0.4379963052021225,0.3485961336947407,-0.10664891281008691,0.3207711885524893,0.5829563171061989,-0.03949199299420376,0.3382674900915536,0.4515592554466257,-0.06514994096763145,0.35190912786983924,0.365588474880345,-0.08798962087647894,0.36235805000933113,0.2904398927106761,-0.10536798216443838,0.26894644029000087,0.5955552962617859,-0.04779099211602743,0.2736871729615111,0.47298603922107324,-0.07398018839824257,0.281634007230492,0.3902530740378843,-0.09385158985264089,0.2909056487950441,0.3137742117535741,-0.10815550892369652,0.21680106644003375,0.6314116137464354,-0.06009365821187532,0.20740501004551154,0.5362817124673932,-0.08636473590084356,0.20410723148321433,0.4702825206551424,-0.10029778038190709,0.20575388669443795,0.40463543984721384,-0.10969801207408104
76515.384,0.2596035911033761,0.8859068423527611,5.791681083973992e-07,0.3420811237772644,0.8549125904423953,-0.039155113593767873,0.4087572709635952,0.7682276529504483,-0.056777522867132016,0.4582697969790156,0.6904451882413899,-0.07217266162018991,0.5025749667397887,0.634682665854199,-0.08773183898995827,0.37421298210595966,0.6055673210395096,-0.036319089139386654,0.40452059276253166,0.4906306178723298,-0.06600247509187199,0.42368515503913207,0.4173502581063979,-0.0900602551555807,0.43967270800684277,0.3514023730415153,-0.10800304545158909,0.32131885180739006,0.5862941718931123,-0.03985315462888951,0.3393418648591121,0.4547240955967198,-0.06619374455518683,0.35270403536202855,0.3682273201839772,-0.08957592906747197,0.3628957069305958,0.291520897983472,-0.1071802962341753,0.26942413006780025,0.5986197669915432,-0.048481043653023324,0.27459271262781004,0.4760974627533229,-0.07528887779376205,0.28321442123087637,0.393546014511876,-0.09521943875053754,0.2934157086405114,0.31621346182234444,-0.10940664802412355,0.2170826618906327,0.6343321419817143,-0.06108437976014949,0.2077648328907334,0.5387076995023418,-0.08793932070458921,0.20536338583593583,0.47224101089182396,-0.10181549264700636,0.20822844149534941,0.406261113769784,-0.11097183672790585
76515.415,0.2599674343769272,0.8883939666680587,5.775411823888573e-07,0.3437780416804704,0.8556297852979536,-0.03867178230467678,0.4098574575052146,0.7696921347726359,-0.05567985942401783,0.4555014244355878,0.6899274976582387,-0.07057228187248292,0.4959559415280127,0.6284522799992814,-0.08548302979518219,0.37403776064875277,0.608371124243897,-0.03333716465656739,0.40436050548731844,0.4934792714074623,-0.06260927268017277,0.42366490500131926,0.42046714283279163,-0.08647256452018662,0.43972092257369483,0.3553516697792366,-0.10397391627824547,0.3213307670991588,0.589544885788384,-0.036523570272967855,0.34038044665803285,0.45892536389760524,-0.06243578474485824,0.3547607362947369,0.37312204624122175,-0.08576771997042923,0.3657320034369692,0.29747861202851134,-0.10317154428173982,0.2694867960768231,0.6014093524917293,-0.04494491016646051,0.27542604391451625,0.47988232622977844,-0.07120467681316736,0.28490650045982524,0.3979005185306732,-0.09091927346259489,0.29602542828527545,0.32211190598355305,-0.10480092656195976,0.21703122850374848,0.6358994901498367,-0.057293496857752146,0.20764464006319908,0.5402479061521114,-0.08379034256128386,0.2059624920805121,0.4733534602370182,-0.09751279265301134,0.20920652219758107,0.40772689582243704,-0.10633247274315623
76515.448,0.2595067085006734,0.8898197788582399,5.993980395096819e-07,0.3435093989504562,0.8588805667592858,-0.04061141540576743,0.40993992962730275,0.7726748461065658,-0.057864030528520544,0.4545334410459766,0.6909487492457259,-0.07249751302971506,0.49303060901485274,0.6262555816556489,-0.08703448759699749,0.3733936790412298,0.6118203296449438,-0.034835269179926985,0.4058682996446634,0.49838759132516264,-0.06414844974616973,0.4253204767329161,0.42473913767728744,-0.087895917073426,0.4408035068057649,0.3590172947960155,-0.10528440748956701,0.32058092654212683,0.5918675229877276,-0.03685319175687605,0.3416203749714025,0.46180942145216125,-0.06277941143059422,0.3567634234631035,0.37520654651970836,-0.0858438871293744,0.3680430141458135,0.29891949685991354,-0.10290693820594354,0.2685351715819386,0.6031005257613533,-0.04421054104630993,0.2750726159197652,0.48110507295928023,-0.07050499934439101,0.28477117345924885,0.39929226011106633,-0.08996885827813166,0.2962244519686322,0.3235869669448598,-0.10357089864705037,0.2161225155217292,0.6374588806010694,-0.05564632737554838,0.20666071590466575,0.5425397516021715,-0.08240952167950022,0.20489145000636105,0.4760045672902843,-0.09616208460624835,0.20829872587517725,0.4106584444211455,-0.10485468105706236
76515.482,0.2573554693020792,0.8921044268152818,6.100184107945499e-07,0.3427301987254119,0.8607302418204691,-0.041800824697957414,0.4096520512139758,0.7753419220124185,-0.05992003235850242,0.45231899290023536,0.6932722862710572,-0.07520716424695989,0.48913574903264495,0.6250874044261693,-0.09040849082923268,0.372715601643982,0.6137742936753285,-0.03656620820492858,0.4054785390779896,0.5003407118687575,-0.06684824727297035,0.42514891492963347,0.42620463042623696,-0.09113711237595719,0.4409361285060272,0.3600051814599013,-0.10891597953193011,0.3199829760852909,0.5937302759294859,-0.038437140667824624,0.3408093175811416,0.46373613381710405,-0.06563510085786314,0.3561278208885241,0.37638168884624246,-0.08963750247681426,0.3678269436668365,0.2991297733988525,-0.10735525967719675,0.2676880897740013,0.6052664043359602,-0.045747455229844226,0.27408356100577047,0.48279432877308714,-0.07363958622746906,0.28356857894568704,0.3998729318401063,-0.09436113489733612,0.2950044049615038,0.32314930304275696,-0.10869549895770578,0.2150325040728491,0.6401526822968514,-0.057084572874922905,0.2049762543539567,0.5450941926805332,-0.08553945409451504,0.202572320813021,0.4776322742403571,-0.10058636677228285,0.20532960157548213,0.4111969121948715,-0.11009953434540487
76515.513,0.25722751915541403,0.894181037066565,6.225202590648184e-07,0.342240518492065,0.8623164921571876,-0.04294241020635596,0.4087525852545606,0.7774340265066572,-0.06191113970729447,0.45053332675814833,0.6950887571104686,-0.0779953529232729,0.48570615282423013,0.6241878590266582,-0.09399672707376287,0.37193021651964664,0.6148481140519633,-0.037285943043763745,0.4048264455795071,0.5009724533313819,-0.06835575797232588,0.42462646744060956,0.4266970288539393,-0.09346858813360849,0.44058745424890455,0.3598566519602786,-0.11187970467140927,0.31910204454253666,0.5944918684928783,-0.03903108266603287,0.33925608977677135,0.4640417291154814,-0.0670122120307402,0.35399152791543187,0.3761505345817313,-0.09215989785458184,0.36531117839612165,0.298050699127298,-0.11084303522965441,0.26651007107255476,0.6061326636554029,-0.04632848158482406,0.27196055118850077,0.48415973597877215,-0.0747734575144407,0.28073280332461725,0.40033948110971573,-0.09628399899919496,0.2915282868844099,0.32279568794569397,-0.11131159932226359,0.2134824851557774,0.6413174201889477,-0.05775335468562866,0.2037671945381951,0.5462937022205472,-0.0865652311291787,0.20156700038591865,0.4782908181101978,-0.10211692833074348,0.20440905197763215,0.4114030417203811,-0.1121144979236224
76515.545,0.2552959163321382,0.8942740579655046,6.326889800808155e-07,0.34122348466980673,0.8616962584185391,-0.04358809813240524,0.4086331740763607,0.7769347081092804,-0.06279554835620334,0.4503112613163916,0.6952961259630231,-0.07903227652797111,0.4821884321738038,0.623045761596755,-0.09523406898974075,0.3706844536315381,0.6148335560874022,-0.038783081350015604,0.4036902624568749,0.5006525333852571,-0.07045792071027719,0.42355254529527553,0.4261466225515996,-0.0960981301268997,0.4395132632809476,0.35912649062585744,-0.1147234852495223,0.31766802016247037,0.5948950275222755,-0.04031945693530583,0.3378936892691939,0.4644693864557538,-0.06861873106799095,0.3526962816014106,0.37589457025764167,-0.09423148605220483,0.3640856748405883,0.2972309524243637,-0.11333220882932359,0.2648034922370816,0.6066835153816565,-0.047407527853745704,0.2703603173678145,0.48443247770766235,-0.07594913646388346,0.27929744378346383,0.40067004815549334,-0.09789060170534918,0.29027346216390837,0.32354156066200185,-0.11325812803384377,0.2115112072209158,0.6418514947024546,-0.05870210199348449,0.20217405492270063,0.5461913528171253,-0.08766688215553235,0.2000955635743294,0.47785031885657553,-0.10354896292654955,0.2030065802589633,0.41110184313040565,-0.11380242713084039
76515.576,0.25239991772127107,0.8958045672861954,6.392754341957105e-07,0.33890587106647424,0.8637683044025123,-0.04462530201740193,0.40686514012966724,0.7791607246098113,-0.06447062109416868,0.449206388513173,0.6985736318382052,-0.08119474059007473,0.4809929637605009,0.6256969192421024,-0.09791632414254307,0.3696179747583774,0.6148484421498256,-0.0397672861366251,0.4022768340173003,0.50056163677239,-0.07198527831461908,0.4219923827466301,0.4259861490724734,-0.09817354331976089,0.43777196131508833,0.35879684349986757,-0.11723957667132459,0.3160754263504725,0.594631112682824,-0.04122246531733455,0.335842792853486,0.4632994042106921,-0.07008790177733348,0.3506151741666889,0.3748498367635664,-0.09634479159101747,0.36189793885656757,0.29668378563653575,-0.1159204778042317,0.2627778234880113,0.606626653250215,-0.04835160917512031,0.26806321601411087,0.48397587343248805,-0.07753066325363811,0.27684832328701003,0.39946764721168815,-0.10015097125593841,0.2874670750868641,0.3219108183190291,-0.11599353709228422,0.2092753963328459,0.642509010238925,-0.05973959077294145,0.1999940981874033,0.5464566503250392,-0.0892304091674785,0.19775126927103162,0.4778117685879754,-0.10550366442250016,0.20051334337497131,0.4106790867794907,-0.11608119737237087
76515.608,0.25107258625918066,0.8984680979401086,6.250399813207474e-07,0.3380079583061247,0.8663917732433175,-0.04381472184767501,0.4061845819984474,0.7818767798978364,-0.06308079843229536,0.4495038029967409,0.7009589079130376,-0.07933282839234758,0.4846228990019569,0.630794544403117,-0.09539195974990956,0.36830141846550335,0.6150000669795115,-0.038084271292948974,0.40035311111018484,0.4999262971037008,-0.06946995103403776,0.420330751298099,0.42536697534992973,-0.09499447743218703,0.4364700028267257,0.358424909985141,-0.11350848059096323,0.31472888775512664,0.5949157223555573,-0.03940080868977985,0.33414816930389935,0.46330925031091585,-0.06719541084453055,0.3488055066238102,0.3753785167644704,-0.09224278394282202,0.35982099807452156,0.297868528207803,-0.11077613276057714,0.26166724436636934,0.606846680313418,-0.04637812663785617,0.26683337539744245,0.48387661858985354,-0.07450693129331262,0.27540022826795735,0.3994907166898185,-0.09604669222799285,0.2858036496190366,0.32185270303160124,-0.11101924606485321,0.20847060694734262,0.6425047268430083,-0.05763000770438168,0.19865826258593566,0.546246034017551,-0.08606853045555235,0.19640243416305833,0.4780250327899512,-0.10144939240667082,0.19919408028436983,0.411431824952312,-0.11124129317199173
76515.64,0.2513806535654456,0.9024292252713565,6.020160843561617e-07,0.3373100263126421,0.8703053650669834,-0.0412197777197934,0.40502763633937755,0.7840747740175981,-0.05894866096811918,0.4503891081100833,0.7025532492412048,-0.07414777831045655,0.4879037757224672,0.6358665632107527,-0.08913312801573985,0.368553439504016,0.6171183226145361,-0.03468954945259334,0.40069144955642044,0.5024639823133508,-0.06463439171881767,0.42048083716636003,0.4280311663915386,-0.08933518354135946,0.43617479299943596,0.3611774475098676,-0.1073424578239422,0.31474294621774446,0.5966785361835285,-0.03675512096156167,0.33472641026645816,0.4651708789459342,-0.06291027052234903,0.34969878749020616,0.377745514928836,-0.0865884387431598,0.3608605713777928,0.3001320719083766,-0.10413264100474519,0.2617622049198545,0.6080693509944957,-0.044298775389340246,0.2676213907074984,0.48492676069789725,-0.07063080094817678,0.2766590305008164,0.40222229176481494,-0.09055954071478081,0.2873950119344139,0.3257540967075936,-0.10448112290850231,0.20875057350861095,0.6433051146559882,-0.056059655758881,0.19851048981749714,0.5470730068263243,-0.08282603902278214,0.19581436072856367,0.47967795052360196,-0.09680981575705881,0.1980073411045584,0.41396169511370007,-0.10558067724392138
76515.671,0.2502013178314166,0.9048570736997342,5.869851842738013e-07,0.33610127902880965,0.8714261330162305,-0.03811648332729801,0.40439199966572864,0.7845665882528883,-0.05489255492350681,0.4513111905322769,0.7045905483004947,-0.0697682166603224,0.4909276664922487,0.6416712204512037,-0.08476896026972655,0.36865919590851565,0.6187746165620167,-0.03307374210259661,0.4010433907581104,0.5051714110444395,-0.0629117257348388,0.42113048105651985,0.43124008898390204,-0.08770908119334697,0.4371786774975732,0.3646830414850366,-0.1059002540519861,0.31541426384021315,0.5989716446436586,-0.0369965885290326,0.3369356435573499,0.4681852535469313,-0.06328402144741993,0.3527780147209396,0.38061228316735046,-0.08712870755016817,0.3645454966676654,0.30254643011521754,-0.10486506344627239,0.26263193972333354,0.6105657362081732,-0.04612042434938482,0.26998727385364385,0.48661769386701037,-0.07272220629404808,0.2801506865121226,0.40333333098871305,-0.09295620759415169,0.29186881167334355,0.32623534536493387,-0.10712336412425422,0.20940356820385866,0.6457711944451271,-0.0591588717279412,0.19995547330911187,0.5488311014850578,-0.08624914642343993,0.19788703071305486,0.48054978568226636,-0.10038282273299758,0.2007115664203356,0.4138425099207141,-0.10932584555749247
76515.704,0.25053318961547777,0.9062050715628113,5.789452232714103e-07,0.3356733989903435,0.8705719591793665,-0.03712833790323179,0.40365546904116584,0.7836916842160325,-0.0537366790559253,0.4506475325667511,0.7048076034823298,-0.0686268001043686,0.4909380955298103,0.6416206220420078,-0.08365886700907718,0.368094361385045,0.6189250796574522,-0.031474172145083384,0.3999763415223062,0.5056067642003342,-0.060800154807102505,0.42009816166079916,0.4328268888419488,-0.08552878803453465,0.43689787795285995,0.3670154925226365,-0.10366257429572608,0.31617934283924704,0.5999693620961378,-0.03576299915426468,0.33774012728713776,0.4696612643799455,-0.061368513581200324,0.3539910688709698,0.38232230112029403,-0.08498042811853151,0.36647201110454836,0.3045874315563341,-0.10262907590097203,0.26436724991727995,0.6117035869729708,-0.04525561749163827,0.2729422955426606,0.4881773541154712,-0.07127278476094448,0.28436245446184966,0.40534241142045735,-0.09126029839325508,0.2972989813386628,0.32838088088480044,-0.10528366194137481,0.21180941954287244,0.6466293391234719,-0.05860003207130557,0.20306456415819082,0.5497396923491324,-0.08537289414658594,0.2015317845360257,0.4809145555168953,-0.09929934042890146,0.2044720589026487,0.41334266785864093,-0.108073243920505
76515.736,0.2504942886767839,0.9052385930298037,5.35912680719098e-07,0.33335193515291833,0.864439332406706,-0.03391555678978386,0.3985758431749383,0.7742291248696533,-0.04929637792597802,0.4468120817703214,0.6965048178483757,-0.06381475268765424,0.4875569123712437,0.6331838763309026,-0.07859982559289437,0.3660510984451932,0.6161388313641157,-0.027046691347310324,0.39652450229817415,0.5043395526112606,-0.05577004879341224,0.41627504528565534,0.4334699599042362,-0.08060424273288773,0.4335211669105268,0.368795718159577,-0.098957370463313,0.31655904231570453,0.5990783795690175,-0.03292250317391684,0.3374417203449336,0.471836333178622,-0.057792786831393494,0.3538230498407528,0.385719411923309,-0.08128250739623216,0.3670300449603612,0.30885022291810543,-0.09906500386968523,0.2666747040625447,0.6121601627162636,-0.044039821040457644,0.276398785573341,0.49079145864201107,-0.06947104715601371,0.28945484016731626,0.408737045293481,-0.08934436169472999,0.3039889353581053,0.33264944162558074,-0.1034633822289303,0.21606531719410182,0.648131178757978,-0.05885909985156576,0.2065726150528171,0.5530501632904493,-0.08527158661291237,0.20411166066716047,0.48409688433566905,-0.0991729158370703,0.2054524543261726,0.41642994198416505,-0.10809986776685565
76515.783,0.2547949656341389,0.9060638892686398,4.6218015135450075e-07,0.33581940416403716,0.8545743116810768,-0.027916458620912493,0.39362324920844444,0.7546699642488277,-0.039278025192223745,0.4341667011319361,0.6724981374409104,-0.05115190153154851,0.4665740777109131,0.6040181290936992,-0.06347341460204584,0.35952186326882307,0.6161325378791105,-0.01936714675697572,0.3872945467479187,0.5039333304054107,-0.04683838085395264,0.4072865083057642,0.4368019669607669,-0.07092010586658315,0.42675883798714825,0.3748690614515265,-0.08865632576200944,0.31360979537811773,0.601803302350179,-0.02700855879993804,0.32941562101135846,0.47753564013114674,-0.05074261696844696,0.3453692699224403,0.3933152416593406,-0.07359968489987954,0.36021299958268194,0.3166989985728044,-0.0911482346147032,0.26767859424554724,0.6163285654738166,-0.03978636493388023,0.2751445020448665,0.4974063293717016,-0.06377651289377705,0.2879343007690657,0.41610246256100775,-0.08343254231645635,0.30260369279800303,0.34047612326855875,-0.09778315396723103,0.22176120229452015,0.6533303419663041,-0.05592562817635193,0.2092342530012276,0.561351996085677,-0.0813822180035236,0.20512194987537333,0.4929824220318757,-0.09559278348126131,0.2036156113870695,0.42682343493292507,-0.10509489742352676
76515.817,0.26899185315014634,0.9110349338180982,3.6944525351261164e-07,0.34704012146161234,0.8464471600895593,-0.019126263242971155,0.390975198736353,0.7357817202317446,-0.026195123439512365,0.41598629663159054,0.6529961321013601,-0.03524202503008315,0.43577055680890253,0.5836548708735022,-0.04540638015565601,0.34786813976918923,0.6108352835398493,-0.015631213581158446,0.36384590543409423,0.49936542162887587,-0.04368064665453819,0.38284276405540296,0.43673748406708174,-0.06710224032520515,0.4039131493579979,0.378108049201625,-0.0841846749294473,0.3088688813459551,0.6077772104886582,-0.026938332003273974,0.31574814939249585,0.4862012609692567,-0.05168591280634478,0.3317224482588571,0.4050417656070884,-0.07369638278622395,0.34855417929943816,0.32877758701124965,-0.0907668492989507,0.2696870915084878,0.631586638566597,-0.04289805842939961,0.267853375007696,0.5138966764773063,-0.06846343945140518,0.2779561948094382,0.43393805608814845,-0.08851638472961139,0.29117097010355325,0.3592961707096379,-0.10298514625077902,0.231014947346692,0.6766686842095038,-0.06129332239559827,0.2133725980749912,0.5857889743031836,-0.08855170178155258,0.20689116948252465,0.5171838506902682,-0.10458123846585586,0.20212739850962896,0.4509799593276071,-0.11567588432128342
76515.847,0.27971007672089954,0.9125780107742972,2.8747733365119463e-07,0.35099045220908986,0.8364137755615374,-0.011507488729550697,0.37823158513188515,0.7186946606885694,-0.01621221473505799,0.39003908437084633,0.6349720750475748,-0.024300030339746145,0.40622561644411054,0.5656963542789522,-0.033535164038378716,0.3302854211429809,0.6117842500180012,-0.010889329441145162,0.3418387959713656,0.5039845544566022,-0.03907251977233608,0.3603194469550008,0.4452192839455657,-0.06121233363038345,0.38127970395715904,0.3920855030988713,-0.07742977374374838,0.29884643914766235,0.6172340800387546,-0.02517015808530486,0.3003653162220767,0.5006284950234517,-0.05083885032325585,0.3151890964584241,0.42420355835192636,-0.0712957376777614,0.33058332711733,0.3531403382830623,-0.08687011839793915,0.26956120045970217,0.6490577014964654,-0.04364214568310405,0.26183660808612985,0.5336589148867883,-0.07160128563534615,0.26944852834521416,0.4621441537973388,-0.08992032670372613,0.27955411420032156,0.3938117383544746,-0.10267450963017445,0.24419297764010642,0.7011940648685615,-0.06359724216849465,0.22373467645772155,0.621042049118513,-0.0937640312845085,0.21472485093608398,0.5577870518216177,-0.1103866683810317,0.20655499997571006,0.4954779638389067,-0.12152350048818618
76515.881,0.2882472835586817,0.9196382700243728,1.8743342701637693e-07,0.3536230826179026,0.8339749730271773,-0.006115691344518757,0.36933938617898576,0.7171566383707466,-0.009762560389557104,0.3744145766097817,0.6377342760089932,-0.01706863052881185,0.38578483386978096,0.5713767224382263,-0.02592094762978508,0.32715989391145145,0.6281998963677025,-0.012419148294333764,0.3306197441711815,0.5280143042011733,-0.0396699724465442,0.34428993942421127,0.4697652269264229,-0.06054868773728492,0.36078033071338206,0.4173310375525039,-0.07642562279378406,0.3005979401526535,0.64195052571668,-0.028296927533417216,0.29372813476991594,0.5329053866268066,-0.05471996299985005,0.3071179542038396,0.4647645761442429,-0.07507352213141884,0.32133266840337954,0.400306223898646,-0.09041399895305131,0.27758194245981493,0.6804512944465237,-0.04718669364476655,0.2639993448180056,0.579599263938087,-0.07660164332726818,0.27340952939812935,0.5168195332231781,-0.0948607643695403,0.2841840192478012,0.4548382855475677,-0.10732742732267059,0.26086769570505935,0.7369280722703797,-0.06673398226266802,0.24288929971551512,0.6689881858585631,-0.09666302549758941,0.2355095143852511,0.6150709312138243,-0.11298830644123507,0.22899894688228126,0.5610152476723804,-0.12419844731278575
76515.912,0.2954518829483225,0.9401692391901939,1.9813206973689093e-07,0.3547457756379295,0.8385351503535803,-0.002471468290430112,0.3617465569403234,0.7287593747959865,-0.006052265771107996,0.3629400988155809,0.6544184475518543,-0.01442719814618785,0.3732754038972141,0.5901670809769255,-0.023968002022492524,0.31318404426707475,0.656007894368296,-0.0005464633519044818,0.30738336529417215,0.5647010316782938,-0.026995994623241905,0.32327412210087664,0.5102372995243603,-0.0488143527171222,0.34279480227135833,0.46391299047037815,-0.06417559921840679,0.2926646411514393,0.6723421948009342,-0.015933722162592416,0.2840066116894759,0.5762388490747425,-0.04015853137301236,0.30589921001517517,0.5205136945076438,-0.05886412938056264,0.3296099825899739,0.47366442183819546,-0.07225034844668246,0.2762963127388763,0.7074375236096498,-0.03459317965253541,0.26067014003868655,0.6198010883928229,-0.05946432389013786,0.28016989322813485,0.5683791975970188,-0.07178486682641262,0.30275157265791064,0.525175502505678,-0.0795629526008722,0.2643993008858761,0.7555025454542322,-0.05416274158383746,0.24404262994610548,0.6943532115917146,-0.0758322344345637,0.2494317879712464,0.6500468040854416,-0.08513666319967345,0.26078278243969644,0.6115860015770074,-0.09119611503163966
76515.945,0.29763087884887646,0.962794736937123,3.331720739198218e-07,0.35592341726844495,0.8564447878289055,0.0009564848445732421,0.360952573668947,0.7550904218589458,-0.007335522757239848,0.3608279370163913,0.6862284730685067,-0.02042979611871907,0.36645367711665056,0.629185418478485,-0.035781001810526555,0.29482335103832474,0.6920569666217086,-0.02081414122323075,0.2949928528723362,0.5978407653492434,-0.054976040376068055,0.3218282573432986,0.5484090895312622,-0.08116346759292972,0.3527046058699953,0.5147675984003409,-0.09876936866413491,0.27838248760194056,0.721748316607661,-0.04112715494508849,0.28082744189414655,0.617667889359834,-0.0718028540144452,0.3129498200534479,0.5664766600511334,-0.0932769076501235,0.3450310770309172,0.5305587407501438,-0.1089070215938083,0.2722077556341196,0.7698458967405545,-0.06253610645666799,0.27016150730303196,0.6748561500377349,-0.0929710623261864,0.2981514983462099,0.6290978149932983,-0.10655700518447934,0.3264813193891028,0.5955280801747639,-0.11560891524325859,0.27523586148981466,0.8280484253249558,-0.08374154115121324,0.26958961231313244,0.7683733937382423,-0.10927737590249856,0.2851269620054225,0.7266683730036282,-0.1179336628870766,0.30397000320469747,0.6954693458555463,-0.12364661435142363
76515.976,0.31250492781043043,0.9871846709165077,3.4673281652883087e-07,0.35419054605251754,0.8753558996159461,0.0016009653962486784,0.356387560993615,0.7756135714399421,-0.007414497254793595,0.35256829639413306,0.7060202091687134,-0.021322662649446524,0.3618534347946939,0.6537348245892691,-0.03763356074412619,0.2869314969951955,0.7180464868987947,-0.02696910785648568,0.2896967649284013,0.6326926474016338,-0.062289334913534763,0.3223346043631508,0.5947898705494108,-0.08933697858914955,0.36039670177420136,0.5792231845659556,-0.10682001668140077,0.2734810501772079,0.7557155407409998,-0.047035759375529465,0.27777580295720317,0.6694624184438668,-0.07947815228068741,0.31611435646174746,0.6305192268066135,-0.10074743459432021,0.35518430099394793,0.6136986626725974,-0.11557541311367142,0.27234872247454417,0.8145094177604386,-0.06746524701044443,0.27739291519651654,0.7423528717094229,-0.10048756374320801,0.3160246750704442,0.7103280470479771,-0.11469455407298154,0.352825871185722,0.6959470176575051,-0.12298826728954676,0.28162608689459495,0.8851500717974216,-0.0873472013512111,0.2903684085801911,0.8412890423879531,-0.11528892454749187,0.31671732231241106,0.8140638771111749,-0.1238509253012922,0.34423378214206146,0.8012380722538347,-0.12813343604315755
76516.104,0.3372716520320774,0.9947589562849816,1.7835369836710792e-07,0.34563648498318095,0.914571330093135,-0.01240987110650857,0.3573374503577786,0.8451304792517367,-0.01752695199257097,0.36715445742747843,0.7893649479202901,-0.024308047824961865,0.37899405485317994,0.7413368300563017,-0.03068800793728306,0.396238021207639,0.8505239395718309,0.019039257043424823,0.42394142064888535,0.8224697952268722,0.01985663532274276,0.44057094429508975,0.8204389715427293,0.015046636827005189,0.44965707300638075,0.8261579474964146,0.011466770583546768,0.40165673766918464,0.8882810208575167,0.021262198900973972,0.42883050305802073,0.8651865881913883,0.029265443887312073,0.44400369758327946,0.8675934255709001,0.025145723734164252,0.45738620467167546,0.8697922193600032,0.019221994782607416,0.40487101287053395,0.9252435963665313,0.019902112568772445,0.43454644239746576,0.9105483777791283,0.023624919688987958,0.4506673818917781,0.9137370712365185,0.021083326279269066,0.4615650934463144,0.9153839629428682,0.01696777983508624,0.4053994367482548,0.9608788714032213,0.01707101758107757,0.4346210232308788,0.9532998547644745,0.017879886486906554,0.45422971340291896,0.9559939427821779,0.018909634720695914,0.46886322849494294,0.9596672610950956,0.019149867465370674
76516.136,0.34503598719248985,0.9541605027266248,8.22549632391277e-08,0.3495198517658893,0.9030270413850312,-0.015620689170968875,0.3599546304725409,0.851548218942892,-0.027446810019334363,0.36505724556447394,0.8116011928531284,-0.03881824130942865,0.37841367710463664,0.7802197785859483,-0.05054343690355699,0.38102877163176224,0.8933762946895816,-0.025418768717633468,0.4003810067460172,0.8809428890206712,-0.041691344685149095,0.4114648375863964,0.8702935111526332,-0.0537927056513071,0.4190892574845675,0.8665284781414089,-0.06157625270349222,0.3888950786726161,0.9331181421780422,-0.02730127053870779,0.4188063933411396,0.931159794811178,-0.04006486805061013,0.43716016467801455,0.931215059912886,-0.05015960522150742,0.4529715480914701,0.9318720049468049,-0.05949378629751775,0.3941511043938431,0.9638077998531024,-0.030461719607789345,0.42554460007378886,0.9739887581308934,-0.0474872300590682,0.44761763445655556,0.9794138981130641,-0.055482915110243405,0.46421557125554563,0.9827583162822429,-0.06083318496169529,0.39399475794701017,0.9882323014285348,-0.03402563528999311,0.4232678964856935,1.0000369819864463,-0.048472203578159456,0.4442242483923286,1.0092241231842287,-0.052162113632597956,0.45977153032610857,1.0153585965521557,-0.0549594649908445
76516.168,0.35628970607550714,0.957598291087174,9.273660964977904e-08,0.3597598587528357,0.9082577679160129,-0.01950203782774327,0.3655486358955755,0.8626042425938529,-0.03771852005479692,0.371559774230101,0.8272716768152567,-0.05421378060840985,0.38290654376963307,0.7953020158281241,-0.07164249789016931,0.3834939427574374,0.9137722224699981,-0.03947680525953039,0.39364543994625373,0.9159375853520958,-0.05838371366834984,0.40532125458727003,0.9126269573199677,-0.07369479914589697,0.41407302511684685,0.9133949113452814,-0.08470477346674521,0.3770326487389725,0.9557830508663488,-0.04169837824991291,0.392449886924359,0.958447667157638,-0.05536144415354834,0.40819891248898543,0.9598161144083682,-0.06366888987071181,0.42025860545267374,0.9613598217334958,-0.07300675951163368,0.36971546910489206,0.9874557730712267,-0.044820484045430584,0.3845252261583361,1.0000775697916595,-0.06044460601370019,0.40065970438979065,1.0058911120458476,-0.06146849206827466,0.41334393518247564,1.0092211137052858,-0.06349142517290918,0.35959404029025466,1.012889159503495,-0.04924577183399996,0.372173672016094,1.033795130027872,-0.06260038980242424,0.3842229872167344,1.0453791809848052,-0.06109156935450459,0.39376752535956616,1.0498891510931034,-0.06083833674848759
76516.217,0.35180662116538347,0.9613419349912719,1.6877417993398677e-07,0.3627372376043749,0.9134327436069928,-0.020010478845454063,0.3736953222233329,0.8717952432845395,-0.03795590445648348,0.3792488543069029,0.8418857589339142,-0.053735748684084414,0.3866602934245393,0.8122365946361708,-0.0700636887077563,0.3745000622478599,0.9298164922672266,-0.040477926296516566,0.39496185026466446,0.9376755007718848,-0.05680241934570713,0.41198327876542046,0.9403524923926174,-0.06922026194992731,0.4249256442966712,0.9444199658095318,-0.07840094823752966,0.365179585843858,0.9731432576346271,-0.04107333473306069,0.3847055429302633,0.9816812122452144,-0.053690162324833986,0.40222736215481686,0.9877285170128473,-0.06014061429660054,0.41555929190615093,0.9922290042015112,-0.0677843379860783,0.3569721053689909,1.0031135741079025,-0.04231222076183082,0.37212367514398736,1.0162247953234804,-0.0554398352782983,0.38941206343549073,1.0235483698035186,-0.05458822637806474,0.4031289617334523,1.0289573026590855,-0.05524415935228072,0.34774410616202084,1.0233294945291536,-0.04494061806092884,0.3590751291560539,1.0426233785127648,-0.054426211233872035,0.3723251304286316,1.0534355601453504,-0.05129421867242959,0.38334919301304055,1.0590426745489459,-0.050254072395542755
76516.248,0.34522268357250807,0.9862184859053885,1.7355586988537283e-07,0.3502935219180873,0.9344111515183745,-0.0403230797358146,0.3649628830077699,0.8885023258013351,-0.07382669831334066,0.3785935440057513,0.8591353663991158,-0.0997525753952411,0.39796574956346137,0.8335992765872038,-0.12676536565206248,0.3632692916816848,0.9425841588143601,-0.0936935119690819,0.39103203087421057,0.9538455496919109,-0.12589326091052624,0.4132918054037916,0.9613460558021445,-0.14482048118096916,0.4314489461373868,0.9681479252729301,-0.1565842609575448,0.3564138853739829,0.993788033152387,-0.08609172836315099,0.3900411740170384,1.0102463634295702,-0.1109478270048077,0.41377841676180394,1.0172417366843731,-0.12093208476478239,0.4307391723581543,1.0228694595024386,-0.13080417354757212,0.35219797433174255,1.0320617427067789,-0.0782639570026075,0.3807853266767016,1.0503805354957934,-0.10140696930758557,0.4032105906694817,1.0570198742431762,-0.10715414051550723,0.41916085226288546,1.0618749818426954,-0.1121946027856931,0.34895374607730806,1.0561158518475438,-0.07218494082246506,0.37123365603188346,1.0715192092748924,-0.09037264229753891,0.38573137426561166,1.0775911031723504,-0.09430052099773945,0.3962900817825807,1.0820983151856214,-0.09819677193865123
76516.279,0.3509443529142355,1.0027536544594071,1.7000559565043526e-07,0.35557358990856536,0.9492204866068602,-0.03306006135820279,0.372231794305617,0.9000926888005591,-0.061234307766225356,0.3856431415294772,0.8705799306640422,-0.08354085549301206,0.40461095049035845,0.8426485059563191,-0.10717659488572026,0.3682558546942192,0.9510223898988344,-0.08073573719444417,0.3968957863361094,0.9580627376246049,-0.10830845314398996,0.4199514733325594,0.9678137661447956,-0.1251326231600755,0.4396992824488078,0.9799271900540119,-0.13660317467392954,0.36217048892380715,1.0032914814498703,-0.07742282564933685,0.39631162716515506,1.014833012570842,-0.09896645636059323,0.42127413343567643,1.0250455231178528,-0.10855226937200665,0.44184847556004814,1.0383046420606816,-0.11915272743950242,0.3578337559666702,1.0446782882529062,-0.07380090692354606,0.3870851478436533,1.0575819030371374,-0.09424969997055027,0.41052241672787737,1.0683839470995544,-0.09934952132168487,0.42876153870412753,1.0799489953267647,-0.10487938409681517,0.35278808485404095,1.0755091827636427,-0.0717724880425593,0.37578799237263827,1.0876596740751077,-0.0885168925846244,0.3943150910874844,1.0978473229502423,-0.09230547350837803,0.4100443263292408,1.1076089184931854,-0.09687175342534983
76518.6,0.584981447893623,1.0064864714929174,2.2875583818136874e-07,0.5339038075356279,0.9343493491577168,-0.03018324556388726,0.498927802151069,0.8399695113370126,-0.05449984937055839,0.4739692908788604,0.7703746653613925,-0.07759087856062487,0.4477698192721513,0.7180369957963635,-0.10145652059883176,0.557721668789538,0.7383670617016522,-0.04824063725729849,0.5687969607864506,0.6263875102368659,-0.07658689275669014,0.5812741979768452,0.5681131267774586,-0.09606898217671354,0.5957263588107584,0.5176478900595972,-0.11022634819476616,0.6003673030879781,0.7560819923168539,-0.053614168013965555,0.6210669031192515,0.6454756413228608,-0.07778723746309946,0.632831392877556,0.5823663749719414,-0.09333386013560575,0.6449042078901442,0.5305571413895341,-0.10599086136938023,0.6387909282006812,0.7991353036886697,-0.06231660919821615,0.6638642965418834,0.691533320598871,-0.08765574821425409,0.6730765413665691,0.6222731832459573,-0.10273138155028057,0.6814080913293892,0.565228888236361,-0.11355825978618475,0.6731359793537091,0.8593453194630972,-0.07352065695951433,0.7205720064059471,0.7936832464775065,-0.09541989643074358,0.7479874743136576,0.7464972363764715,-0.10667918104553425,0.7718458491028959,0.7006940475966834,-0.11516012195128839
76518.632,0.6519453731752138,0.9674551097971066,5.574134676452504e-07,0.5819002387887393,0.9068448759920962,-0.032217567203740874,0.5343524191039014,0.8010658655938138,-0.05180611520075005,0.5100109355982313,0.7173360836372993,-0.06869229506314851,0.49542310184408844,0.6496398676616078,-0.08558434256442127,0.6023006098841621,0.6678617318713118,-0.04383274102370884,0.5910318823065271,0.547975619954217,-0.07615122712834045,0.57873158513973,0.4771561458810109,-0.0999119854085983,0.5644209461748343,0.41487092801572434,-0.1162349557725274,0.6543633915440801,0.6740456714263373,-0.05153288155874981,0.6625251587730495,0.540671814354787,-0.08097615083733344,0.6605783114512352,0.4559943146285841,-0.10381151639686544,0.6566172761346654,0.3839362874965765,-0.11884874813178287,0.7009739431919606,0.7106466085081702,-0.06321938347702896,0.7199646726958117,0.5813817886068149,-0.09739736321267692,0.7222242131332359,0.4972366949755439,-0.12095783089487493,0.7225596360250287,0.42083197757736013,-0.13562525197502873,0.741524889934593,0.7714385002722334,-0.07657627677306318,0.7897546493547726,0.6838816969665492,-0.10956645186362979,0.8190726782218885,0.6211077273928969,-0.12545500309250682,0.843762208085402,0.5600742321336707,-0.134525961922423
76518.663,0.6983354587766918,0.9142274290961004,6.320123888794332e-07,0.6199375091921322,0.8560669951397931,-0.03438843953868449,0.5654950201839466,0.7492223768966405,-0.052675227820198685,0.537917148604611,0.6590622441715873,-0.06852440722711195,0.5209384433519461,0.5812851871861986,-0.08385295514982594,0.6309797337528955,0.6060161656512788,-0.035323627854005155,0.6110607447475849,0.48432613065373287,-0.06672319450289405,0.5957233271402556,0.4076711999389343,-0.09117738550996146,0.581241600780476,0.33989266212146146,-0.10861439247509239,0.6858182099662748,0.6032110255049508,-0.04204160825496593,0.6880442513086853,0.46656570813723625,-0.06999434430618001,0.6865421246657752,0.3780032165019187,-0.09352962739290163,0.6842931621098379,0.30265724328363264,-0.10961941945293203,0.736360515764796,0.6312040343530411,-0.053884179887109196,0.748970953714291,0.49893687927302355,-0.08771200818379478,0.7496366549949869,0.41426093421762744,-0.1114701752432713,0.7485118696454539,0.33672520277345086,-0.12656112875097647,0.7826594250747904,0.6858098490417199,-0.06804737715341112,0.8276466581075194,0.5953339575133576,-0.10149394579190557,0.856009091992589,0.5304769227577918,-0.11804373976701651,0.8794336117673563,0.46790811858198067,-0.1276812314930861
76518.696,0.734758739598123,0.855782812798497,6.772518623481105e-07,0.6517518019433709,0.7986904694053247,-0.03491252750942399,0.5916472623963639,0.699139462437024,-0.05390094448125847,0.5597590557723943,0.6107883699497457,-0.07041955290676981,0.5398402951184041,0.5327365791067074,-0.0860423483179698,0.6493754467359704,0.5486491832140046,-0.03350003667078267,0.6274880981261541,0.42453806860670756,-0.06364410847197924,0.6126254593909022,0.34672377869508775,-0.08731148981194041,0.6006757134572598,0.27795200133418807,-0.1045322058874438,0.7063088634438985,0.5410219469079454,-0.03942492735970874,0.7070456854072927,0.40265834027006353,-0.0657719253875799,0.708068356323999,0.3149907063306591,-0.08838015700834254,0.7087666969014992,0.23942108996278588,-0.10438949666614296,0.7599922836797444,0.5640517010336457,-0.0506452301874718,0.7699991577195696,0.43187876988199225,-0.08340567466959416,0.7698738520552655,0.3488114788846547,-0.10629559740771004,0.7679930262315128,0.2712754588196508,-0.12127216190670785,0.8119134707476762,0.6135159402353623,-0.06431076794727832,0.8541598970567423,0.5215772215754775,-0.0975369368901803,0.8805305544281442,0.4583052722627933,-0.11371918195323173,0.9017907781009828,0.3968211676382227,-0.12310960203493583
76518.727,0.7624733272981689,0.8004818845329678,7.051569674774582e-07,0.6757131330443855,0.7475282320803421,-0.036448521992763286,0.611274448124851,0.6500173286130497,-0.056383125860561,0.5760258511098808,0.5594918707812345,-0.07362275088191034,0.5476117078753454,0.4814854412836743,-0.0900316525274405,0.6676447082541115,0.5018694970164924,-0.0370003075722602,0.6423351287894132,0.3782346797627683,-0.06826775757096223,0.6266974988501965,0.2993299566028537,-0.0923069680030522,0.6148543628022014,0.22844718574085277,-0.11013359978118495,0.7250019378776171,0.48926429314681213,-0.04306274655692605,0.7219780694370288,0.34754754651020703,-0.07128725045205529,0.722817517426191,0.2572149137435246,-0.09438703195311338,0.7240836590403483,0.17833117977314034,-0.11087535802161438,0.7803792218862001,0.5087224818453312,-0.05432693587068276,0.7862604599127324,0.3735735891543672,-0.08931494552061593,0.7855002503981148,0.28957425254875463,-0.1116710975501385,0.7831219413464325,0.21140216975937273,-0.12609881394711228,0.8359998466061652,0.5549224009045753,-0.06808951318419112,0.8745807768008974,0.4580727093933571,-0.10308428178673465,0.8990052216143595,0.393925379792302,-0.11880138655561914,0.917537533574073,0.3324938631518628,-0.12777974225038183
76518.762,0.780240650428322,0.7663242673088714,7.055773243839658e-07,0.6907262196675633,0.7193675029524866,-0.035475637866568765,0.6234815467856335,0.6164028629358075,-0.053575247721317464,0.584941849842518,0.5226396974494968,-0.06899022891220384,0.5478066442629083,0.4483044043877947,-0.08374196524588148,0.6808507600188209,0.4633081260886327,-0.03372695127970262,0.6529524861845711,0.33724049141045237,-0.06269945972607957,0.6354171914140597,0.2571813917497499,-0.08569208345429387,0.6221013602668797,0.186441819368469,-0.10318269066670423,0.737709597190374,0.44914839836250176,-0.039898187421020026,0.7308465697657632,0.303508670918642,-0.0660647715886542,0.7293955692964461,0.21043436420822528,-0.08891530452612524,0.7288469204703023,0.13025924813496656,-0.10553551867104376,0.7936263738075537,0.4670195766822856,-0.0511418332026504,0.7963443843095184,0.32755217256240565,-0.08473795637280077,0.7950986046622458,0.2409727814969578,-0.10732971230198124,0.7923334036119974,0.16157860592011164,-0.12228499014182133,0.8510404630268504,0.5112233323633154,-0.0647637790474621,0.8884135507606011,0.410651063902651,-0.09907129644610037,0.9130870825078314,0.34390124310788905,-0.11463885085785275,0.931838809556077,0.2803591894658196,-0.12373846869431693
76518.809,0.7948695128398753,0.7402089441470929,7.23086148405259e-07,0.7036892077721836,0.6967409468505897,-0.03762925685494317,0.6339830165650028,0.5923769514667157,-0.05554282870732836,0.5936316498046476,0.4956371727547478,-0.07032554407627804,0.5518949930118776,0.42278501042745265,-0.08437619972287518,0.690355749519356,0.43375975952357854,-0.034189307254164185,0.6619771019142573,0.30477716110054076,-0.06220874585611951,0.6442504483647854,0.22359124418129653,-0.0845407345329937,0.6307717690488224,0.152045687346305,-0.1018573330461323,0.7490639228875836,0.41856751339878134,-0.03948614201779814,0.7414444578505308,0.2682771541868945,-0.06457304504851297,0.7398085045969166,0.1727370344343373,-0.08686503686851259,0.7386662598689088,0.09119140596342337,-0.10352284913257236,0.8061142038599403,0.4356538819149316,-0.050201407957098806,0.8079620863181605,0.2932236180752585,-0.08323793408369261,0.8060421126407572,0.20576606115255383,-0.10588199144817674,0.8021707378059002,0.12563757508554518,-0.12124059547181651,0.8644892675501086,0.4784318565861264,-0.06353667902686153,0.9017303608183099,0.37700506664647954,-0.09732173791326672,0.9263919252237944,0.310130433099899,-0.11294457211895506,0.944785635240124,0.246257597339522,-0.1225312586715692
76518.842,0.8068381041734933,0.7248058568412334,7.599448968411784e-07,0.7160438763100995,0.6846359652906792,-0.04174514794447044,0.6446568434796048,0.5778644476324448,-0.059303800003121576,0.60119894836763,0.4787956854058741,-0.07293201504973747,0.5556754316339996,0.4071763934143656,-0.08555734410838314,0.6970941196715302,0.41288932179759213,-0.033973366615928854,0.669154515309084,0.28148236279133093,-0.06065147238352109,0.6519047006503658,0.1976277249760938,-0.08196301143273176,0.6391540223331685,0.12469918017594671,-0.098929337552756,0.7576588524612884,0.3947880175909495,-0.036896737667561436,0.750989986689717,0.24319675497378337,-0.06054358471811996,0.7503810397921574,0.14567813562322862,-0.08176415050926275,0.7498601556501416,0.06374278772343915,-0.09802256709831272,0.816020148285751,0.41047360008746575,-0.04595456083559912,0.8167703914320787,0.26847897232670365,-0.07837510483218466,0.8139894881966759,0.18053972883243335,-0.1013986030222966,0.809295955955346,0.10046712408666192,-0.11737320681921748,0.8752525792900195,0.451916223095436,-0.05814588138910537,0.9123204804047813,0.3526086512564869,-0.09174341550080227,0.936793425940193,0.2856318929157202,-0.10860317415321967,0.9550900390843995,0.2212910916059439,-0.1195508560961741
76518.872,0.811869180432898,0.716801746598364,7.495343887976529e-07,0.7207874901625119,0.6784919992838195,-0.045482704027974025,0.6485684593107451,0.5706585053283317,-0.06423649538061611,0.6049842952916569,0.47112772435775707,-0.0784554761301827,0.5576097431600016,0.4010291058562821,-0.09189631577225954,0.7028676567061568,0.4004380518751602,-0.037493507613113555,0.6743916787474783,0.26890342842567005,-0.06612910505151859,0.6565705496896941,0.18373444415244997,-0.08884317799511698,0.6436598794060938,0.10904463475995681,-0.10697092385202987,0.763862024454697,0.3814989247041573,-0.03955779040605278,0.7559142018309976,0.22938651329816934,-0.06539870283909296,0.754318554844575,0.12971664343704523,-0.08793323179470215,0.7530565486987926,0.04463184591486315,-0.10532870859181666,0.821426664589902,0.3968684451452106,-0.04817253764904623,0.8215787912196938,0.2540607321448795,-0.08274266180217746,0.8190372010820363,0.16394299100702114,-0.10668669435399519,0.8144116165588532,0.08128311723572085,-0.12341396081744072,0.8795883226218483,0.43821153645097294,-0.06037172544208694,0.9162965463153541,0.33860916966203525,-0.09572423388823617,0.9406993879198806,0.27040775895649244,-0.11380959930681897,0.9586241446879247,0.20435593141482852,-0.12591171695168543
76518.904,0.8137326799389093,0.7155296296304948,7.270377956821769e-07,0.7229675314451268,0.6756018380177117,-0.04395374769150251,0.649662633771003,0.565033617118506,-0.06171689913261415,0.6057452264150118,0.465814584889987,-0.07519001648278038,0.5568956991113926,0.3991352726836459,-0.0882988861850249,0.703306580006987,0.39625346122296917,-0.03656128471452977,0.6748306366130705,0.2638819047516267,-0.06520408745803638,0.6569065778986704,0.1772237132254816,-0.08815530455976285,0.6439520127981352,0.1012355119272467,-0.10652616264991013,0.7647955009311095,0.3771139330486109,-0.03934749355193066,0.7571915293378789,0.2239017176421042,-0.06471228449227245,0.7556495301885173,0.12313980570053001,-0.0872139817313344,0.7545926086996609,0.03674239017242463,-0.10477924279731064,0.822807205313939,0.3923868470434069,-0.0485046098703421,0.8229661430008316,0.2483886113569419,-0.08220003419698674,0.820508357316181,0.15670025663644097,-0.10584936521239091,0.8161632353140524,0.07244983923656058,-0.12271056709802487,0.8810771021150858,0.4335045675534577,-0.061200263233806194,0.9172354885614677,0.33358233440101465,-0.0953496450561185,0.9420847204480156,0.2649623291068192,-0.11272904202289595,0.9606755462787515,0.19847814596936364,-0.12468159810709582
76518.936,0.8131371326785447,0.7150645709714308,7.298333319358557e-07,0.7235825514358012,0.6753978445000834,-0.04718643616560885,0.6493897116938501,0.5682357303080607,-0.06696455818193678,0.6046359468428432,0.46989698142941905,-0.081807353340278,0.556227830919576,0.40060863221808607,-0.09614977990006485,0.7014615901925713,0.39578470274703903,-0.039970278771975946,0.6724687267899221,0.26396054809863784,-0.07002836132158918,0.6544291728885305,0.1771680039785402,-0.09411107272272817,0.6421151257188966,0.10044248816406377,-0.11315135311801641,0.7629355004250478,0.3753665451611917,-0.04137350164556459,0.7552690893208593,0.22275369887666535,-0.06730008784377077,0.7536839242310399,0.12275334926094249,-0.08994720084577634,0.7528573274781304,0.036387226606426806,-0.10774892239137726,0.8209134661303812,0.38962164045687925,-0.04943923568710087,0.821956991659495,0.24584028654127058,-0.0830525049463223,0.8201187163397338,0.15378982542967728,-0.10620678496313889,0.8161703942555582,0.0687504249297558,-0.12296038415766325,0.879226245368142,0.43002524736961795,-0.06142310137072345,0.9152013275970208,0.329670828486808,-0.09524799052354468,0.9401993007721554,0.26115897189273063,-0.11215149724867753,0.9586522386000087,0.1950552598011625,-0.12389268716572042
76518.968,0.8102580837909776,0.7167939032772153,7.243575970506649e-07,0.720275939720446,0.6768065086736611,-0.046269762397809715,0.6454164729841035,0.5697981519815618,-0.06575298185224097,0.5999221099844217,0.4708857989225129,-0.08056427646915348,0.5501481325397268,0.4030860588828452,-0.0950551954626929,0.6980404847161328,0.3981636048282947,-0.038968385688661615,0.6688816584146513,0.26779113245553854,-0.06871174529266788,0.650471488879636,0.18112573105311125,-0.09269751106778779,0.6377476725569131,0.10390954534772591,-0.11185836648135805,0.7595587284275086,0.37710216516457495,-0.04077883219368366,0.7520829369482939,0.22435858311312268,-0.06620114967612768,0.7499469220053915,0.1240422736147979,-0.08871286149486209,0.7484452727621781,0.03739866567542598,-0.10664372762988422,0.8176350414121453,0.3909442292339226,-0.049180188018913766,0.8186355699410521,0.24804585857100522,-0.08190682261712566,0.8162349500997268,0.15584451510278588,-0.10482590969019485,0.8116061076294492,0.0713575778432355,-0.12173822488696535,0.8757233988536874,0.43102166525204266,-0.06148225570423362,0.9119476477986036,0.33119013527729363,-0.09422804185637332,0.9370427374205277,0.261947898698883,-0.11089016226472541,0.9554778243571145,0.19553772979483078,-0.12279868983396523
76519.0,0.8053145880291989,0.7196549630436729,7.155145102857133e-07,0.7149534945944289,0.6797845903810228,-0.04584408465328829,0.6398816478983106,0.5711660198650957,-0.06449480917218971,0.5944339567432008,0.47188989943137444,-0.07847870148256596,0.5444838733644469,0.40546455532222014,-0.09213110714093299,0.6937005060709879,0.4014448503107575,-0.03760980660646638,0.6647013884270221,0.2711977252977926,-0.06637466935701872,0.6465578647802903,0.1851581194434131,-0.08963170878924581,0.6339513465921011,0.10875373128737051,-0.10835158342151245,0.7549508768751025,0.3803318287903771,-0.03929359541904071,0.74811600910827,0.2276630697160607,-0.06378053474735906,0.7461851571429224,0.12746686645451327,-0.08572563655307561,0.7449680690585533,0.041043909050281734,-0.10330862868328028,0.812657101699661,0.39405811901238313,-0.047589917042582586,0.8140354211422366,0.2508553295519794,-0.07959334661703772,0.8121992676645536,0.15905028390234427,-0.10232283435269136,0.8081816517229738,0.07480920011360068,-0.11920032317937765,0.8702958656246432,0.4342233123015866,-0.059764517839405465,0.906815512015173,0.33545383814716034,-0.09231175170896562,0.9322689728112854,0.26674716905258405,-0.10902459831833153,0.9511688133844869,0.20066185828423222,-0.12099823599069566
76519.034,0.800320262489706,0.720406144229978,7.112359035497121e-07,0.7102771518621237,0.6796693293877867,-0.04577096913473834,0.6357121040711488,0.5722140248430669,-0.06443826301713962,0.5900661907649254,0.47417440323744264,-0.07853924206244413,0.540002716224224,0.40859244263408667,-0.09229462231080364,0.6892152167302592,0.40388190317422334,-0.037024788828192504,0.660701759845861,0.27434481137632755,-0.0656093433543675,0.6426161048764469,0.18909003897551507,-0.08880542584829945,0.6298236800160933,0.11303089894258722,-0.1075398313163183,0.749971832454488,0.38307630649536756,-0.038594701789451916,0.7428819733847396,0.2316410202425654,-0.06297117756466658,0.7405807694147797,0.13265386043410352,-0.08482123188976892,0.7390681364957454,0.04668143592141563,-0.10240185389022607,0.8072621056020846,0.3966832389099977,-0.04683023064789448,0.8079259300710314,0.25463322688312273,-0.07854945974094811,0.805578125211249,0.16349051530285355,-0.1011153566748547,0.8014286663783997,0.07970388132761315,-0.1179860119530643,0.8645617877367323,0.43610454679794797,-0.05898736025947681,0.900668256409698,0.33860075033853904,-0.09120489140229364,0.9260186706291589,0.2701596753306135,-0.10789562190479336,0.9451736305589582,0.20422313118550212,-0.11996363033096033
76519.066,0.7949243281108533,0.7206353392604693,7.059742630834448e-07,0.7057178777870149,0.6805108021458115,-0.045611864052486566,0.6318516294403664,0.5733372937374326,-0.06430888036876027,0.5852011016618455,0.4759979182939281,-0.07850158927334247,0.5345733487920539,0.4110730301428021,-0.09236126129379774,0.6847504944504739,0.404385097456138,-0.036020284839866856,0.6558553885309532,0.275900376455724,-0.0643183738407146,0.6373476521054512,0.19163573947966256,-0.08750553910843799,0.6242592415142008,0.11670967847143254,-0.10620378169543424,0.7450149295952776,0.38446919513168937,-0.037548456489018396,0.737086215924909,0.23429831462739087,-0.06173778731130822,0.7339404076471447,0.13615978647312918,-0.08380794374609518,0.7318431865831714,0.05095397911616382,-0.10148600996218529,0.8018526406235932,0.3984765588330385,-0.045743006277956896,0.8022883830830116,0.2579304793035218,-0.07731762470749955,0.7994906324728969,0.16708152752708544,-0.10017956732334973,0.7949516586657065,0.08359252998306317,-0.11722729872051127,0.8585570918484515,0.43798420450786846,-0.0578191785416299,0.8942816139577747,0.34135690301523347,-0.08983063716973207,0.919481959726123,0.27390605718915767,-0.10649739762667326,0.9386653730643609,0.2089362737366598,-0.11852255206494114
76519.097,0.7898903957461798,0.7198542629015269,7.140115086923361e-07,0.7002588578606712,0.6796441103179325,-0.04586584288565277,0.6267667467958731,0.5722450439901342,-0.06444678053462072,0.5803205409497,0.4755043166633827,-0.07839284847124159,0.5308228298008103,0.40966215229245184,-0.0918975783448911,0.6802464916027506,0.4045790389814643,-0.03619867980427623,0.6520404396818429,0.27622394004114315,-0.06428308004072159,0.6341217721402248,0.19227411527111934,-0.08713924673660671,0.6214495476436731,0.11776200809249095,-0.1055264480287753,0.7406920192773393,0.38540755561517864,-0.03754754175972912,0.7342307912592102,0.23627232549851226,-0.062081899480323006,0.7316489135492694,0.1378821631141217,-0.08443771797888538,0.7295484999138238,0.052192234518420845,-0.10217358868190318,0.7972502438501593,0.39986410406211115,-0.04556455556676103,0.7990399374529848,0.26030228758972596,-0.0779185747367659,0.7966031901591591,0.1700748220289781,-0.10130340562744482,0.7919456928678257,0.08674015578204752,-0.11841846357385574,0.8534623528212759,0.43945489285072276,-0.05739356635743812,0.8900927855277028,0.3436412307825318,-0.09003355394385351,0.9154787449935928,0.27703483669751566,-0.10696069567200399,0.9345115496346571,0.21253541871782805,-0.11899094243463773
76519.129,0.7844357159047589,0.7197976696321181,7.141164725178186e-07,0.6950493258023993,0.6794768056311313,-0.04404507977885489,0.6213029315636235,0.5707723183382454,-0.06150991458323543,0.5752871050112461,0.47430024013152916,-0.07467200812098622,0.5272893707759025,0.4084701272969736,-0.08733424592459184,0.6762465597739009,0.4036160440862582,-0.033864899000778284,0.6482889511257238,0.2750815602625895,-0.06096241240032607,0.6303735245645019,0.19165046538411085,-0.08315580398326744,0.6175059672886755,0.1181796554651031,-0.10102990194340565,0.7361480994432688,0.3854528316305185,-0.035814821798428216,0.7297293204817087,0.23627120124655965,-0.059821737067340744,0.7273350420525743,0.13780630189992055,-0.08183671811247137,0.7255066637121952,0.05273163229687047,-0.09913268787099852,0.7923749107313981,0.40027856820438823,-0.0443083807138478,0.7937924833887787,0.2605951375396292,-0.07622617318444569,0.7918028678967373,0.17067143606404786,-0.09935071430791095,0.7877444069988787,0.08812376793321981,-0.1160973125301286,0.8482677203459884,0.43978763244110364,-0.05646182688490684,0.8844954761838418,0.34323533379846,-0.08862381656274622,0.9099937682165112,0.2765933311971032,-0.10516650469688874,0.9294786019546316,0.21238272920874418,-0.11678164612062343
76519.162,0.7791157593715483,0.719719643609977,7.106005566503436e-07,0.6892951569851538,0.6794163531669776,-0.04450767624799891,0.615478499308652,0.5717738136623404,-0.0622660277421705,0.5693041865777143,0.47610154870221705,-0.07566755515588244,0.5209043780936544,0.41095123958213875,-0.08860204301067846,0.670753012875979,0.40395400406361504,-0.0338158399013643,0.6428573148039002,0.2759386435558204,-0.060869291158655005,0.6250466150194962,0.19272825242133723,-0.08326793671790138,0.6125856717945812,0.11938087976750512,-0.101337936432714,0.7305052105974581,0.3858570594444034,-0.03544738711296476,0.7235425482014953,0.2372299833343129,-0.05901923135343205,0.7209591441517605,0.1395047383015879,-0.08091038911892875,0.7193880040773252,0.054930480218714155,-0.09828780027740562,0.7866377036318024,0.40067831397073034,-0.0436989255542851,0.7878899438084267,0.2613868802422532,-0.07491938407732313,0.7855737615103102,0.17183471475582543,-0.09786238946862726,0.7815371239166834,0.08952959461461199,-0.11472552764465828,0.8425484917153842,0.44026952211971837,-0.05571629565680627,0.8786062213109924,0.34423421571128154,-0.08734639323899651,0.9039197734356663,0.2775212445859883,-0.10386606626122026,0.9233322442813405,0.2129559243338138,-0.1156275502403753
76519.242,0.7702875884111035,0.7223873676820646,7.043225606199831e-07,0.6808514237539757,0.6815549784539339,-0.04453378186120967,0.6069274179050528,0.5763147428105022,-0.06325013894331338,0.5602705501487999,0.48167865817350947,-0.077734602917263,0.5109253543290565,0.4174637632152909,-0.09181636277899533,0.662509865435518,0.4074631729241684,-0.03521707459077288,0.6334824273657951,0.27995066721213924,-0.06327252972953674,0.6141460191247691,0.19664713524615512,-0.08637333538755645,0.599867406121709,0.1229876657606952,-0.10495145124770215,0.7210522589176056,0.38881476098966944,-0.03705864009536713,0.7126454716570647,0.2404065626825192,-0.06127713363649551,0.7088239713206991,0.1440632848425183,-0.08324666690614597,0.7061141132736135,0.06072179512309267,-0.100604792120985,0.7768396656265292,0.4028408164882914,-0.04546004739824052,0.7768750809633294,0.263795311310871,-0.07660395981850208,0.7737128361754215,0.17302750190587968,-0.0994418889222646,0.7688491623775453,0.08993980506366689,-0.11643045548459913,0.8329881187556271,0.4422301450926593,-0.057718289327346045,0.8703564028399343,0.3468533777895615,-0.0891086279824611,0.8965225784487643,0.2795337676571031,-0.10583811166797763,0.9167761360798521,0.215239648957928,-0.11788471233793046
76519.247,0.7701018711257246,0.7206879759307667,6.783251390191243e-07,0.6798839528554833,0.681795279659488,-0.041756327817721324,0.6054118467555486,0.5735328531767404,-0.05850342522353068,0.5594606275433415,0.4776622326485994,-0.0715350444769572,0.5089930209534029,0.4157878055739806,-0.08441786879183227,0.6615241728644328,0.4075842452465433,-0.03264079555269927,0.6318932448211666,0.2807841862565008,-0.059672759256144875,0.6128149484538612,0.19792968427943403,-0.08174984002772033,0.5986770668273851,0.12497928865655268,-0.09972081239465538,0.7203120388992595,0.38942635231480793,-0.03590332410642107,0.71288228266294,0.2419024787239106,-0.06038015502688331,0.709368912313151,0.1439402461891556,-0.08277620743446856,0.7063979922957279,0.05947187734705629,-0.10041376745335319,0.7759298841680061,0.40409900303633794,-0.045537888356563264,0.7765746007067587,0.26570465987590397,-0.07843393597209605,0.7731670626398924,0.1759827440408335,-0.10263776331378391,0.7679102995119499,0.09360623182672573,-0.12005405392097361,0.8315887306422162,0.44350761869730676,-0.05855476611137761,0.8692288388796854,0.34818371362392386,-0.09182670091172938,0.8952895997770436,0.28144475530363483,-0.10968678425572592,0.9153775853050964,0.2167902630334897,-0.12232438738696531
76519.273,0.766574628030221,0.7219937514407861,7.025471506460467e-07,0.676994331842136,0.6827575592227129,-0.043621679591746516,0.6033565869322114,0.5760547533040072,-0.06129212170977957,0.5576537293401155,0.48091466702865426,-0.07482489854049353,0.5092160259287404,0.4156609733055506,-0.08796767625974192,0.6582850948530823,0.40890833556921796,-0.03378620529338132,0.6295578116163153,0.28287050053970014,-0.06123128721423233,0.610794119056396,0.20029136641827872,-0.08369759844602265,0.5966850290492954,0.1275939334751773,-0.10185793211150741,0.7175273241320754,0.39040461109980523,-0.036218011989937994,0.7111877977459399,0.2439802234399572,-0.06095384947125951,0.7074469296207909,0.1462062489693683,-0.08358342174642025,0.704027709444253,0.06143169977159558,-0.10127017029998579,0.7732243102311829,0.40507550195476943,-0.04519160260911933,0.774749245490075,0.2672398957480897,-0.07828885216679206,0.7711830869598089,0.17810118831061905,-0.10252815267626575,0.7657399023557642,0.09564250128382851,-0.11991514928699072,0.8283390149622585,0.44513214918887806,-0.0577054554711562,0.8665886397866883,0.35133652996676534,-0.09136697992793569,0.8929213208795114,0.2852561293229251,-0.10933364204970421,0.9131229086552491,0.220991083736094,-0.12188146224818523
76519.304,0.7637847560154266,0.7240214674935226,7.027222111028218e-07,0.6742542016306826,0.6850840646814352,-0.044996459150212664,0.6013946723452437,0.5785275949973926,-0.0633702061339548,0.5548598737502981,0.4837858226242621,-0.07740667457132458,0.5059635527887016,0.41769779088470765,-0.0909615466173647,0.6559509847445482,0.41185614101269835,-0.034051524752511934,0.6272968600480506,0.2869610830514868,-0.06174324638867972,0.6084355665804442,0.2044696936998942,-0.08448178405141683,0.5943229956904003,0.13189992357740238,-0.10283304445001423,0.7150998065979146,0.3927845211269746,-0.03591604056849244,0.7092165725750724,0.24720777507247554,-0.06065806925602912,0.7053102777923166,0.14964442137215012,-0.08336189236913184,0.7017920082328745,0.06489981751216731,-0.10114064491075822,0.7704353580182736,0.40714520337234295,-0.044522159410666014,0.7724393673923168,0.26999236118743797,-0.07794585996402216,0.7691837454786087,0.18096102151795362,-0.10243414262371872,0.7640205894773163,0.09824077178975048,-0.11993889534727449,0.8249671085732743,0.44740379711030837,-0.05678164328587915,0.8638866955416687,0.3539771202734538,-0.09107758977928887,0.8912033113785081,0.28853028217578225,-0.10942854118206698,0.9121422854715794,0.22479265963816514,-0.12215630483898963
76519.335,0.7626428609586137,0.7260676157382285,7.0475973412188e-07,0.6731394140130192,0.6868150585346303,-0.04419258577064079,0.6001357371394015,0.580236688185245,-0.06210053785202887,0.5536092582100409,0.4854587786759701,-0.075796470949819,0.5048341625985739,0.419330296422453,-0.08900765280932058,0.654114624901401,0.4145309624189197,-0.03319209477316546,0.6250893356499732,0.28956982791441344,-0.06020391861607959,0.6063382299516288,0.20724776711502,-0.08242350376898842,0.5922409832916097,0.13504675344892383,-0.1004658807746194,0.7128517124767528,0.39542626352356774,-0.035182172180536854,0.7067555439991333,0.2498176575632223,-0.05941810718133848,0.7028130341078765,0.15241772722051725,-0.08180143989826061,0.6992806098234611,0.06803093556342155,-0.09934484309052322,0.7680341309504565,0.40989875728422476,-0.04382899236864398,0.7697281231872453,0.27222609051711544,-0.07713346027638188,0.766414855772536,0.18345749950294615,-0.10196453360907134,0.7612696849687092,0.10116899246307576,-0.11968624884980056,0.8226182477062147,0.4503163198053559,-0.056002387911097504,0.8624472784278053,0.3576539723491791,-0.09080869122751395,0.8904260729875394,0.29278601688743633,-0.10982960980362173,0.9121047108989454,0.22960193435051446,-0.12292750052520093
76519.367,0.7609026752758847,0.727835035619057,6.957276350347381e-07,0.6709075679818826,0.689715953836019,-0.04439117575977218,0.597714281126102,0.5820803317282451,-0.06205722707485416,0.5519641850633596,0.48682259959164415,-0.07545826838051811,0.5033184602073251,0.4216719862275662,-0.08853058342575285,0.6531200738110509,0.417331885468371,-0.03419272140138405,0.6239234168470397,0.2932934774783032,-0.061690238017990486,0.6049015559458163,0.2115054845674433,-0.08415639670692816,0.5903711769328867,0.13950882126204162,-0.10242775078562573,0.7114439394557371,0.3983108465070774,-0.036159646154333806,0.7050526294186148,0.2532734129869229,-0.06110739011850797,0.7009003002633095,0.15582776222678826,-0.08391098846160834,0.6973987944460179,0.07127896086779598,-0.10176370371493693,0.7660697741883895,0.4126276871254504,-0.044794064314618756,0.7677884209419106,0.27556165904982793,-0.07898223100032892,0.7642100252621095,0.18650653130906256,-0.10463243053057818,0.7592015598424575,0.10408474240631849,-0.12289154223054023,0.8203143436863211,0.45285626036977683,-0.056930589500916375,0.8607118830519975,0.3607856533206911,-0.09272840829573512,0.8887285565481251,0.2958831453415027,-0.11273109902945196,0.9105332614665865,0.2325414250957595,-0.12656447234160428
76519.4,0.7593881333000703,0.7291134134965617,6.76948198511789e-07,0.6698464108075,0.690188018727228,-0.04215516984485176,0.596565190998224,0.5823770720830205,-0.058718048657821494,0.5506527746805461,0.48784509314395813,-0.07142892104753525,0.5019984135145774,0.4234425580853593,-0.08390596236199611,0.6526054140562055,0.4190882228570162,-0.032176384333217276,0.6233602492452986,0.29524527381781923,-0.058760227244911374,0.6040830593898775,0.21404041348190966,-0.08054214509197875,0.588844665109627,0.14284238550889755,-0.0983394964249895,0.7105604886559,0.4008394329341864,-0.03502082987460464,0.7039308594671528,0.25609973927011365,-0.059165632127087746,0.699495608151429,0.15900888158548968,-0.0815422710952398,0.6953774488179417,0.07509901282866725,-0.09912325727911533,0.7649371482821867,0.4155517751368535,-0.04432682268069267,0.7664564350195971,0.2787232607316725,-0.07780200515826119,0.7628299080811158,0.1898814989151916,-0.1032248769342938,0.7574120380886316,0.10776975212457496,-0.12136681492991135,0.8190367009307307,0.4558281823047108,-0.056927102602033576,0.8594451475059498,0.3635567447652978,-0.09205953804496003,0.887460850012271,0.2983115723902676,-0.11176580005316329,0.9091727171578595,0.23493296657300106,-0.12545362371606444
76519.432,0.7584940297454765,0.7295682408583389,6.757773528965808e-07,0.6694219344336767,0.6906926849451496,-0.04280661229022515,0.5969028498554121,0.5837492940011269,-0.05999904920886609,0.5508925597594138,0.4900689754266718,-0.073330474030052,0.5021881130729502,0.42586209471330233,-0.08641240894633163,0.653284889242061,0.42111596515417404,-0.03308407286597285,0.6242120746752172,0.29810488175243405,-0.0604031228784574,0.6045648198933613,0.21726943439777643,-0.0827314113350164,0.5888555781515246,0.14625081389723377,-0.10089372610184946,0.7104357326536336,0.40294923696293145,-0.03579349968058863,0.7036123035621772,0.2587929778865248,-0.06072759289031397,0.6988428389165977,0.16190176323364153,-0.08343067258952903,0.6944702449977453,0.07778858125775202,-0.10116594512602715,0.7642796911868782,0.4176412864877856,-0.04504384416007352,0.765946929060429,0.28166918896612175,-0.07913126907414185,0.7623339995793282,0.19298391428861209,-0.10479226905040931,0.7570666567039467,0.11067761905596588,-0.12301529397441534,0.8178749406655185,0.45792206280584613,-0.057672265289207734,0.8589683094723193,0.36657157135586343,-0.09336813711888942,0.8873646198902869,0.30173823097096475,-0.1134840025577064,0.9094977633796717,0.23853860211177239,-0.1274040265957428
76519.464,0.7587063153153666,0.7318785884815171,6.769126030329633e-07,0.669667624931333,0.6927023686839942,-0.042048685438662255,0.5973691537952174,0.5847569308235208,-0.05862551668308401,0.5513975537525531,0.49106107451246234,-0.07152493213412547,0.5029685784470608,0.42741379991903466,-0.08419092769385683,0.6537407830135069,0.42300939210098654,-0.03190630416987386,0.624297538318232,0.3002214977756256,-0.05883777923350664,0.6046523713917873,0.21938565513769734,-0.08104833322305281,0.5887886775346761,0.1482292305443017,-0.09917636694770703,0.7105916372557092,0.40472538421278703,-0.03483367313062196,0.7039236150404031,0.2610346777069587,-0.05940997700228514,0.6993585464507063,0.1639788818726006,-0.08198553724839655,0.6952271296754199,0.07973386312092724,-0.09965123250929576,0.764154025275253,0.41923862720599586,-0.0442764152354922,0.7656178897252918,0.2836303059283217,-0.07816546391656076,0.76173707428601,0.19503378830038637,-0.10403586411733173,0.7565798839405079,0.11313365421560787,-0.1224291058352057,0.8173315059757355,0.45950257036192105,-0.0570722616710923,0.8589812576528666,0.3686571490560129,-0.09302236450934136,0.8882824952989339,0.304189807544102,-0.11357139411945405,0.9115476312108612,0.24151806713566965,-0.1277365770507041
76519.495,0.758568130709502,0.7321858283736491,6.770296400292957e-07,0.6701653609378697,0.6931381377476608,-0.04226355336417807,0.5985520469958633,0.5860374528923038,-0.059238593751158565,0.5527530165246551,0.4933711080249913,-0.07251031891191027,0.5045851170118347,0.4294233046881216,-0.08556301597885596,0.6540773903790448,0.4242820183383923,-0.03245619235020648,0.6247292457388886,0.30173727081606755,-0.05971506196958718,0.6052244735283506,0.22145139344633885,-0.08212558031290249,0.5896616738188358,0.1505686073865644,-0.10036929990747524,0.7106149314918119,0.4060931691317269,-0.03529386416375151,0.7032856088210492,0.2630332330824889,-0.06005741629996832,0.6982624320747546,0.1668125323382487,-0.08275037280911132,0.6937363843064501,0.08297091092739811,-0.10054588931463895,0.7638636409881473,0.4205336370805759,-0.04465262478288214,0.7653099468728827,0.2858066618541177,-0.07851580125901288,0.7610138938117418,0.19748085922142658,-0.10439473764007864,0.7553830420070902,0.11562357398718788,-0.12291017239634038,0.8167887440541235,0.4605736073552889,-0.05739150406680934,0.8584045940499674,0.370269994418313,-0.0932062018216068,0.8874140794091683,0.3060174057084076,-0.11378479828862845,0.9103826024513921,0.24341051004529635,-0.12808683126548961
76519.529,0.75857018487992,0.7324622925948115,6.744255480563371e-07,0.6706832658111994,0.694024378797108,-0.04269764677774159,0.5991589561155367,0.58730975206242,-0.05978996433339637,0.5536416328938173,0.4945175363721692,-0.07311917718519999,0.5059352485317189,0.43028351212188987,-0.08618482636939001,0.6550478065787143,0.42561472790797605,-0.032936549278738125,0.6252099945677462,0.3034008830601931,-0.06026773972642211,0.6054158709177514,0.22317321242122956,-0.082630471535285,0.5896865033412346,0.15269032563442883,-0.10074710632430689,0.7114897636735384,0.4073775964488406,-0.035442429263081394,0.703904279933156,0.2652361826690716,-0.06017666863695505,0.6987206218175172,0.1692161727291843,-0.08275436542299741,0.6941327355577928,0.08553710286257828,-0.1004547792387583,0.7646521955343261,0.42141589706812943,-0.04452870861223391,0.7660082440564991,0.2876623806902369,-0.0784407195504346,0.7614410786703474,0.19962578455705085,-0.10453450325026922,0.755614368231152,0.11813918855506043,-0.1231480344217463,0.8173631533905302,0.46109692453071766,-0.057027166224069954,0.8594367313657628,0.3713374386059317,-0.09295492986522655,0.8886406892760995,0.30719894529014685,-0.1138678139999604,0.911833417609045,0.24472627166794864,-0.12838134764829923
76519.559,0.7591820703068219,0.7325054234848877,6.735749487225488e-07,0.6711683544106487,0.6937246698566992,-0.04236325260294627,0.599801288930032,0.5869937356750625,-0.059351971748975926,0.5545268907237834,0.4942353761013312,-0.07272114575985378,0.507121711559783,0.43001989486445696,-0.08583619837310695,0.6560663341104822,0.42641767441961936,-0.032602781867528824,0.6267709672012318,0.3046710408018002,-0.0599690593693929,0.6072806681995132,0.22452221411963055,-0.08236281532159781,0.5917830339567282,0.15425602412068917,-0.1005493171506818,0.7125309564406407,0.40850530802115087,-0.03541324532495645,0.705066925240865,0.2668744669507106,-0.06024779370291091,0.6999619686996795,0.17126162578465104,-0.08282459865022068,0.6954004532489557,0.08798772529431333,-0.10053594440668721,0.7656897516358033,0.4226993570291176,-0.044818197312741205,0.7672952948286843,0.28895401111449776,-0.07895338235913137,0.7628806520156981,0.20136283518485323,-0.10505731966605675,0.7571700802146298,0.1201617137625889,-0.1236631732744703,0.8183183072996872,0.46242129992874237,-0.05761878765488825,0.8607109007193174,0.37292520516844535,-0.09396687667315155,0.890276813329991,0.3090776540125091,-0.11509078082244359,0.9138484066302838,0.24691664059232876,-0.12970881354973637
76519.624,0.7600586837129759,0.7316304870427117,6.644946583964555e-07,0.6727969070516044,0.6920884682076646,-0.0401615694700955,0.6020137986225526,0.5842231067402381,-0.056026377256650564,0.5568889219090789,0.49138456511055606,-0.06867121583242829,0.5097324538309901,0.42888447943057073,-0.08111263901884572,0.6600573154488449,0.4255827497338346,-0.03141613877519552,0.6312643306885388,0.30307419508900757,-0.057878524055083806,0.6118553325846822,0.22333772335347862,-0.07946601073272368,0.5959246536239798,0.15358874549994467,-0.09711172178837249,0.7160933528727749,0.40847951976441826,-0.035022704738891686,0.7095418221277514,0.2661062313286403,-0.05948314566014112,0.7051296612403578,0.17021583355357675,-0.08178686612652629,0.7008685982897797,0.08726188883404837,-0.09922241009138248,0.7690758040633439,0.4231087992906048,-0.04488640882907992,0.7710878885353327,0.28874000390877197,-0.07872306446728577,0.7671485295569563,0.20144382285347204,-0.10476283580919447,0.7619563820508866,0.12087321161368239,-0.1232174988935955,0.8213384869588568,0.4633314963949846,-0.0579195540573402,0.8648507780666876,0.3743496934054001,-0.09404419605531375,0.8950258536609318,0.31087748915346375,-0.11506676853474608,0.9193370550256366,0.2493565411205658,-0.1294873436145494
76519.671,0.762670233218244,0.7312280268585033,6.463316287220489e-07,0.6753594603021048,0.691622231687398,-0.039783554869057616,0.6034622128760344,0.5831767430561692,-0.055240467806314406,0.5598192402753149,0.48961167362387625,-0.06737300760004072,0.5142285703344702,0.4264972778652255,-0.07940376760599299,0.6614205158210098,0.4252523101270485,-0.031969442250625056,0.6335762036117858,0.3034515408936227,-0.05845819561054459,0.6147064037449732,0.22378919271368497,-0.08015278588726148,0.5989057577304611,0.1539994631428259,-0.09791289455158686,0.7184632777483082,0.40811632315061913,-0.0356840320419263,0.7123616422843329,0.26705507606605394,-0.060250553505737436,0.7077943977661983,0.17190756950448846,-0.08272066391232087,0.7029773040705378,0.08940591177890847,-0.1002901132881817,0.7719494364968693,0.423110916932758,-0.045553445840712165,0.7748526805686434,0.29017526554302636,-0.07960537538907418,0.7709005159940513,0.20255858821817196,-0.10601993940713314,0.7653006387977483,0.12153496904616508,-0.12476851503076526,0.8241680922334486,0.46389832092339073,-0.05847706750723776,0.868037096373733,0.3756572257542399,-0.09493192988900703,0.8983843470441838,0.3128284521468153,-0.11616382888022427,0.9226234578651639,0.25168034349453,-0.13073201649453847
76519.677,0.762182564231977,0.7321064435161725,6.724646080461085e-07,0.6746750961338374,0.691978318709087,-0.04138960637645565,0.6039067931554488,0.5853474597486567,-0.05819846808770265,0.5611297403164891,0.49190351965012646,-0.07146070908740157,0.5168947176150449,0.42537159295943117,-0.08450675497918549,0.661949731920528,0.4246419151116502,-0.03305531477199263,0.6342613123638087,0.3032242276558894,-0.060556197171879926,0.615246963457441,0.2232369078095101,-0.08299206144733362,0.5998082154134273,0.15331781742559628,-0.10108772066453069,0.7189273126323402,0.40781007312991585,-0.03635941372864392,0.7122090747990029,0.26673184526521776,-0.06156188363050749,0.7069406589343834,0.17142761662387143,-0.08452708500282156,0.702075701760571,0.08844977674462275,-0.10235016638651609,0.7722445397327196,0.4231932169712734,-0.04600337473764803,0.7750994958283308,0.29082994494748504,-0.08029320705266138,0.7703028646903775,0.202687603964603,-0.1067438240232929,0.7642138763856439,0.12119518097661766,-0.12552943916747134,0.824469274567772,0.46456887744021086,-0.05887987682510591,0.8681672765380993,0.3763146183314362,-0.09514857294951276,0.8979775990219289,0.31291131091888674,-0.11617228417571895,0.9217943696897641,0.2512546350226522,-0.13060200610500997
76519.704,0.7638601468912157,0.7329669840435427,6.490128859115238e-07,0.6758648969633325,0.6932961133726104,-0.03980863264011257,0.6043941917436315,0.5839824618083382,-0.05498144160750897,0.5618846291915823,0.48959139395024115,-0.06686621331382159,0.5177721637207283,0.4243640603925927,-0.07858975232746619,0.663817379602819,0.4249549173399521,-0.0308590988485744,0.636683536675252,0.3035522602718104,-0.05696373651630561,0.6181268034364573,0.22368213358825673,-0.078560254733866,0.6026219977392621,0.1539677446707077,-0.09627212403466177,0.7213125832972413,0.4084063508929185,-0.03456353455225059,0.7156649567090592,0.26750857929157024,-0.058642127461479274,0.7111411211973454,0.17267249320564806,-0.08095044816445024,0.7063923822574116,0.0905544884279181,-0.09841809051848911,0.7749602306891373,0.42383135708192704,-0.04452878048886224,0.7784059752812824,0.29070349591449623,-0.0782081871098764,0.7747029315882544,0.2029953326862151,-0.10447728648076562,0.7692781988873265,0.12193405096987016,-0.12315407463892418,0.8269888516846348,0.46515662519354173,-0.0576006005164296,0.8712941538312743,0.3761613686965135,-0.09382167981130846,0.9022960024951964,0.31358673689864086,-0.11487046213368002,0.9270773770889784,0.2529180880977374,-0.1292872944819668
76519.736,0.7658816622926703,0.7324664194117472,6.459210746581122e-07,0.6777694707746348,0.6925747776197664,-0.03939630971383501,0.6062054747647653,0.5841659319308123,-0.054578497041374144,0.563939882844616,0.4899047819152708,-0.06653420739242134,0.520388970354277,0.4243019224124781,-0.07835763662204258,0.665685741018885,0.42606485525534904,-0.03132760196812216,0.6387055140006472,0.30494747501681096,-0.05754480183790735,0.620513052344756,0.22534182248090429,-0.07910503929748898,0.6055177148930407,0.15560172180461215,-0.09678618878638025,0.7234029888837789,0.40952597387923523,-0.03518742343384372,0.7178132656966225,0.2689713713865692,-0.05939809641403233,0.7137139854369161,0.17418805877012275,-0.08168118647776088,0.7094738490018632,0.09204463667643792,-0.09917406704357924,0.7772910423843815,0.4248965324949625,-0.04522381542079297,0.7806727380437681,0.291870935596213,-0.07912856061776988,0.7770194244365735,0.20420737174947493,-0.10558818327766693,0.7716173470282994,0.12341209388789307,-0.1243903044041471,0.8296319131764729,0.46614110071363496,-0.05827776343444774,0.8744938002547653,0.3778066254135291,-0.09475449236347762,0.905738646289904,0.31543326504974406,-0.11607287684434935,0.9307388968473799,0.2550954821492557,-0.1306682700832919
76519.769,0.768435968092672,0.7328330578529451,6.590094045122344e-07,0.6806152054107139,0.6941118061319941,-0.04133305964196851,0.6093065649979762,0.5875387340705049,-0.05794592961641821,0.5673597412049177,0.4937461658659924,-0.07099823592519744,0.5246014437976206,0.4259690219179423,-0.08380467042630599,0.6679543994633662,0.42738205549692065,-0.03385232386879669,0.6406800334492049,0.30644557095441005,-0.06125530472543141,0.6223481636184524,0.2268223351449115,-0.08359944396273637,0.6075592794773542,0.15707002985199822,-0.10174543425642103,0.725621536637145,0.41066218750387246,-0.03715554702460987,0.7195297420841875,0.2705177011645776,-0.06213509627869624,0.7154048264648312,0.1763840290508814,-0.0846281421065075,0.7113797525022557,0.09456841020180148,-0.10226385159465093,0.779412751677181,0.4262220434344497,-0.04683368630580917,0.7828364127991584,0.29357302286579207,-0.081523931896197,0.779253396312333,0.20613936581968517,-0.10818744454369278,0.7740339547804229,0.12528832932690903,-0.12709174094636716,0.8318266755793591,0.46795262785637215,-0.059687131871161994,0.8770456326214066,0.3790727037339522,-0.09719813878689819,0.9084763715597285,0.3168460245166785,-0.11904166298507414,0.9334254811129485,0.25657013458560385,-0.13390748575319228
76519.801,0.7704379608401128,0.7339030231050702,6.686468321951199e-07,0.6829628274816479,0.6962785633054708,-0.04253843712751941,0.6120611655956247,0.5917563352331584,-0.05983009492009067,0.5707964334188437,0.49801152661911685,-0.07328001130668203,0.5288950252218173,0.42816146468340444,-0.08629116776600189,0.6699633803026773,0.4283289434051464,-0.03453727609185323,0.6429935292162164,0.30763746205441506,-0.06192135194820149,0.6248744315511384,0.22823208933738415,-0.08434014590419281,0.6102661348207193,0.15848839719107194,-0.10251531044390326,0.7278724607425283,0.4113928947683271,-0.03725417569021545,0.7220421773661835,0.2717117562688847,-0.06220052759928947,0.7178903208369188,0.17762271905466617,-0.08484440285292374,0.7136366003714407,0.09573733497515657,-0.10259676495336244,0.7817461348080348,0.4268209092091144,-0.046436199986486064,0.7854706288924985,0.29470487947461127,-0.08125307621732204,0.7819830054331464,0.20751586122878782,-0.10805827521164726,0.7766252936015026,0.1266137878436489,-0.1270011776211934,0.8340757128181912,0.4685519834900082,-0.05887425100343624,0.8794140743243198,0.379649463992081,-0.09663567488585276,0.9108730266383205,0.31742846007131575,-0.11861204594163523,0.9356347618758478,0.25705410115646465,-0.1334670849892065
76519.833,0.7717881150134575,0.735832595164384,6.719387653884788e-07,0.6856045630951485,0.6969573909941834,-0.04232949761971049,0.614816829348655,0.5933031258568452,-0.059900556815929866,0.5727773584788107,0.5002502908234154,-0.07368982010260311,0.5317196685033335,0.42836885217423337,-0.08698633076703183,0.6719993836744299,0.42952418347900645,-0.03428836170996674,0.6448486896807334,0.3090126751693336,-0.06198558049896229,0.6267024553512618,0.22964491489423752,-0.08461528325230791,0.6124244798207685,0.15960821082425158,-0.10280052681582831,0.729928604237817,0.412490109297158,-0.0370551299315002,0.7240713429975238,0.2728990449958653,-0.062199408281425644,0.7197646658887553,0.17857634140356196,-0.08511141654765991,0.7155761183916991,0.09619717368730817,-0.10294157571145114,0.784055346848766,0.42771567742327393,-0.04622450048591612,0.7874859892475159,0.2962249932492261,-0.0810220096913275,0.7836210951751539,0.20880893691058364,-0.10778248295330703,0.7779909430017206,0.12783738498195898,-0.12659063756638175,0.8366343149928096,0.4694359541951424,-0.05860305889980289,0.8816085598633484,0.3807704522087086,-0.09582237769819191,0.9128879985558538,0.3186573005927355,-0.1172831595625064,0.9376366302254494,0.2585809987818309,-0.13172808120216017
76519.864,0.7730859146645124,0.7366305364720772,6.798977871701922e-07,0.6871328985795045,0.6971729243406654,-0.04215160233048328,0.6157687304960536,0.593662919055047,-0.05957765990107148,0.5730194957674866,0.5004694556965921,-0.07325974789384229,0.5318822352200661,0.4288327144185819,-0.08647378505805497,0.6721832955428011,0.4302340172213255,-0.03383648412187542,0.6449828071183279,0.3093344812182394,-0.06106924438847027,0.626973259116691,0.22978641261763524,-0.0831768042988494,0.6130407914034774,0.15977445238164723,-0.10101207192661418,0.730687260662278,0.41276232178898364,-0.036662787312364664,0.7251461232530364,0.2722685364216671,-0.061287437109413805,0.720896454113749,0.177531146311161,-0.08389307563584689,0.716656643834489,0.09467284564278827,-0.10156624237959895,0.7851708830844749,0.42755258998081064,-0.045892138267400774,0.7885561709968114,0.2963280722562942,-0.08016747844284335,0.7841238008802806,0.20871607767637623,-0.10684340009943072,0.7779715537905154,0.1274608497120344,-0.12573302330801278,0.8379733557859609,0.4687253611953984,-0.05832790665997945,0.8824463694107676,0.3804314178800141,-0.09486683320836344,0.9134463574433217,0.31790654953974873,-0.11609287583840532,0.9380957139657708,0.2573635642420876,-0.13056280845195345
76519.898,0.7731645764467502,0.73637255974724,6.753783433222757e-07,0.6876399897334277,0.6965693066277359,-0.04171054772501025,0.6160018837732427,0.5929487155953646,-0.059001133796225194,0.5728098297877094,0.4998274021903346,-0.07252709064429584,0.5309133584888192,0.4292672104473016,-0.08559891499741172,0.6716480621442548,0.42947856076391977,-0.033499326502902375,0.6445174907021985,0.30826315575035546,-0.06030245493589925,0.6263608474672335,0.22891525372742266,-0.08226427390864494,0.6120542983775419,0.15883872751377545,-0.10007688760100827,0.7301382313865156,0.41204972336547524,-0.036359142094002116,0.7246843412601273,0.27110822847078525,-0.060490276106627515,0.7206509867533669,0.17664366888279026,-0.08287406803005484,0.7164693944788213,0.09388428672357829,-0.10052827205919941,0.7845717558135356,0.42685699895156143,-0.04550449023624292,0.7882708609502396,0.2952859773422824,-0.07903298761828813,0.7842285080406077,0.2077486986401486,-0.10513556414353595,0.7781502790647258,0.12662020391728868,-0.12382870457044792,0.8376121053401212,0.46793517245546673,-0.05784292893319273,0.8818774458137643,0.37894564968448186,-0.09353073589891117,0.9126533722969709,0.3161501556028285,-0.11408814761694241,0.9368399947066395,0.25535008710899515,-0.1282364266311608
76519.93,0.7743358514331053,0.7364715274501535,6.78382572803068e-07,0.6878539971286339,0.6964244067933826,-0.04271209985879091,0.6154654862712292,0.5934019894180481,-0.06039463589892174,0.5715822953369442,0.5005987028653228,-0.07421172228005252,0.5297789842058128,0.4298215792046701,-0.08748284230022284,0.6713864274820379,0.4289399834801295,-0.03304576314661829,0.6432775660446335,0.30851175876577164,-0.059853502076792686,0.6245490656005227,0.2293576900779124,-0.08205721439831197,0.6100211610401883,0.15959947069779445,-0.10003705172682982,0.7294167224441969,0.4108242654317026,-0.035410005782345655,0.7227532257583564,0.26989794477768264,-0.05923828995900593,0.7180192902662887,0.17570690716647805,-0.08140459493623448,0.7136220983199137,0.09322916693595852,-0.09890048446873842,0.7839067061363691,0.425247064335422,-0.04429639866147896,0.7867474207918465,0.29290761740349236,-0.07743134949334167,0.7821431757872855,0.20523043768690402,-0.1033306438036776,0.7758437931592954,0.12404776514701939,-0.12192348034649626,0.8372815839742545,0.4660798324277882,-0.05655904750936758,0.8809023308928863,0.37621213289061356,-0.09204131408680978,0.911522456133638,0.31286693074707345,-0.11256990180805507,0.9358028209334148,0.2515985838227749,-0.1267004563755082
76519.961,0.7754624214366145,0.7356486173083419,6.841612072195902e-07,0.6880798834147571,0.6970152779933306,-0.04368516613941027,0.6151507893854411,0.5935400602371884,-0.06163305508027734,0.5707722311819479,0.5001081766435879,-0.07544521738673643,0.5273584805180251,0.43048418320031084,-0.08870826593222088,0.670548762652786,0.42876526856659963,-0.03415403403225574,0.6414548941468685,0.30750459094388854,-0.06118080579033944,0.6223613259651258,0.22835148641008257,-0.08336924084103893,0.6076261385853241,0.15830550932650123,-0.10135685278919589,0.7283617505228934,0.4101857458301283,-0.03607206226157292,0.7206323520933829,0.26834312904096425,-0.06005861439454442,0.7154303771306904,0.17399903393985838,-0.08225497065399714,0.7107564394492492,0.09125919370265169,-0.09984118967751503,0.7825729209348145,0.42436474885590736,-0.04457681045466429,0.7847617195561105,0.29194394329772133,-0.07779490865289902,0.7797990309651304,0.20427577204947725,-0.1037399296519075,0.7732118436044931,0.12294584897405125,-0.12247749534157606,0.8360189539204788,0.4645867228607964,-0.056555922502676104,0.879048425930415,0.3747364036925022,-0.09207886663009719,0.9090418521652797,0.3112587159013706,-0.11277302036512238,0.9326522470455124,0.24940961781763432,-0.1271481473300567
76520.025,0.7750648847138236,0.7310843986377621,6.904504803249764e-07,0.6879456249170619,0.6940430463867844,-0.044220532810359155,0.6147890107235543,0.5930566199074964,-0.06305834276134158,0.5702014149863371,0.5004365074389241,-0.07763950745469678,0.5259236256458591,0.4314015547645777,-0.09170553350575471,0.668865777550575,0.42665968140492094,-0.036241325619126706,0.6394898929084993,0.3048795189610624,-0.06400447226792574,0.62017474283566,0.2260031121618254,-0.08651263740393597,0.6052658875667041,0.156178042903293,-0.10469612660679395,0.7264563152007681,0.40780286838422314,-0.03807882939200158,0.7180041303916767,0.26556485880018704,-0.0627165276842245,0.7125153092210903,0.17192594340358747,-0.08502396949324657,0.7076117491115185,0.08962519941760115,-0.10276129194777918,0.7806420126425536,0.4215659799050091,-0.04645410128462431,0.7816758597362004,0.2883055477046629,-0.08013134144176641,0.7763767152366683,0.20130240050169157,-0.10585780340364194,0.7695834939463406,0.12027056326886656,-0.12452311963553574,0.8345109079114427,0.46123833791560015,-0.05832794494335907,0.8767098334737501,0.37068256462052196,-0.09430603013260364,0.9064599400751784,0.30687976629597224,-0.1150608112122996,0.929900100684646,0.24455306889892608,-0.12949809723604727
76520.056,0.7757373712860353,0.7313111703660692,6.723882824993679e-07,0.687717585552886,0.6946318207326786,-0.042733403801195495,0.6144516743060352,0.5913584234540425,-0.060071146604321314,0.5699278939826333,0.49834537055503,-0.07355949604732777,0.5254884282667845,0.43026049306137,-0.0865134985929023,0.6694304436185816,0.4265198641367041,-0.032698272247351015,0.6400190979574177,0.3059684291322349,-0.059412680452043,0.6206510622451001,0.22673960421100767,-0.08126242147526584,0.6053649621932153,0.15730805700963874,-0.09894475012310971,0.7267620071112066,0.40718128273855625,-0.03496748758712713,0.7188765499019295,0.2661738964165011,-0.05872642247597603,0.7132040531061614,0.17239425969823666,-0.08047314901006394,0.7079314933151969,0.09067447977411659,-0.09758031556909393,0.7809424545070399,0.4202567183507979,-0.043822761026959235,0.7815831040558046,0.2877129757271162,-0.07708801999194842,0.7760686009587822,0.20073926442561033,-0.10267137346804067,0.7690172371434221,0.12036990079246843,-0.12093006176238473,0.8344816542143911,0.4593575661539616,-0.05609702392734085,0.876359817337623,0.3693974127966658,-0.09178055634752309,0.9059450259964249,0.30637310184225464,-0.11232060200436839,0.9293278736522407,0.24549637483310505,-0.12637623128690362
76520.105,0.7767508264515169,0.7305522231105953,6.712646615076116e-07,0.6893072597427188,0.6930919126325458,-0.04156211046380302,0.6164490125886243,0.5892124314710968,-0.058270568781079196,0.5712552625873994,0.49732351413696785,-0.07145056283785155,0.5267059099509203,0.43033386650039335,-0.0841280114209469,0.6714353340880489,0.4252717091390853,-0.0314457749821649,0.642203439850674,0.3047234664314358,-0.05802624862143411,0.6227485160228335,0.22600515457170345,-0.07985068066925283,0.6069924623560087,0.15720331549878336,-0.09751122303360188,0.7283213389539324,0.40671787957870115,-0.0342007458755621,0.7201635795580379,0.2658674690947057,-0.05814872687321343,0.7146361457349244,0.17176295894783958,-0.07989144539251365,0.7095845558534668,0.09052029112970426,-0.09689976738509604,0.7822955485274636,0.41994923799139083,-0.043529460242272104,0.7823239217628764,0.2876076341998877,-0.07706957864745319,0.7768555583950688,0.20046371241131045,-0.10290324701774729,0.7703256087626494,0.12036671606827329,-0.12122946741664911,0.8356741227562893,0.4587941431922772,-0.05618398473286681,0.8775142830962188,0.3690226377175915,-0.09226259673755584,0.907556000366945,0.306273713833028,-0.11318848995643012,0.9318063696055388,0.24584269419206392,-0.12743891658996673
76520.11,0.7768879121162078,0.7306097498866277,6.795949625041415e-07,0.689229571855048,0.6932679664036079,-0.042330928609231176,0.6160073191248902,0.5896242316514456,-0.05925267623075211,0.5713147285664534,0.49683402802595733,-0.07240521297360075,0.5272051514582637,0.4287079246993852,-0.08502396139164277,0.6708496866940432,0.42556862050054334,-0.03193265981292125,0.6417072208139741,0.3047718215971029,-0.05841392882960698,0.6226610772052716,0.22564472026578308,-0.08023135683444636,0.6075863393819079,0.15613520763205202,-0.09791647807644817,0.7281593646226548,0.40675895620744307,-0.03428085194972829,0.7203110650530073,0.2658827056049396,-0.05804228927501421,0.7148202669153291,0.17178746115560856,-0.07998815830521303,0.7098600061558125,0.08999588893681236,-0.09722963115668802,0.7823198798063101,0.4201381862382932,-0.043197515586095074,0.7829937637928681,0.2878796151396002,-0.07656783018573833,0.777522610962717,0.20089897693793637,-0.1024332139731448,0.7707534677963066,0.12067388880145721,-0.1208340716027378,0.8358821989376661,0.459183217373401,-0.055476790286609436,0.8778295219507044,0.36914751378426147,-0.09130625854906242,0.9078216393209675,0.30656511419764737,-0.11196171292897965,0.9317748784758138,0.24619716164242264,-0.12605594275068197
76520.136,0.778772122092067,0.7309747363620898,6.593665384897854e-07,0.6910910075607335,0.6932426079558692,-0.03995271150458574,0.6180275692553593,0.5870562112061162,-0.055130591546621435,0.57290952855875,0.4946274926343835,-0.067062435075558,0.5284273379328501,0.42872482674112383,-0.07849311435763673,0.6737358661491859,0.4249223620835694,-0.028779583982826977,0.6445401870138749,0.3046160031308454,-0.053988719602317374,0.6255384498126878,0.22613834363219673,-0.07492487432873221,0.6100735289784833,0.15750482654199147,-0.09220321436734549,0.7306804248605141,0.40629634278889026,-0.03211165022006382,0.7227059723549868,0.2656792790710774,-0.055170395418854073,0.7176234546612138,0.17109680137370373,-0.0765932487059009,0.7126601561498486,0.08968664881268719,-0.09343708956055355,0.7845832887880426,0.4196972646817196,-0.041946734299079774,0.7847244207213394,0.28681494695584203,-0.07508226922249865,0.7798023906586926,0.19955812629141265,-0.10101414502574556,0.7734486301342377,0.11935425849203338,-0.11943861620727282,0.8377236063223021,0.45884225020375236,-0.05496409055463329,0.8803247246722812,0.3697808453837888,-0.0909434202831535,0.9104232498935058,0.3067448584024548,-0.11211146241409403,0.9344807436026725,0.24584722937870557,-0.1266111677741694
76520.169,0.7808888956273021,0.7312700795598354,6.504892289367302e-07,0.6935522688324811,0.6940673271935365,-0.03878388349085891,0.6202668756213434,0.5871025764911756,-0.05313167025358525,0.5759167722716858,0.4938290231895576,-0.06436222905542448,0.5320955637288696,0.42824683424782717,-0.075172951649292,0.6751387080344586,0.4250399350495894,-0.028257860309827267,0.6464693552035955,0.30389342049627194,-0.05310171192339186,0.6278808641731904,0.22513625813136307,-0.07374408330970415,0.6125911804377947,0.1563878484711706,-0.09082009649186824,0.7327266950830386,0.40680441991280086,-0.03195308605007132,0.7250000899491721,0.2652836748780083,-0.054640701464155866,0.7203279380168843,0.17068801928538202,-0.07591247140772579,0.7156051274844689,0.08958796663779962,-0.09266229304983714,0.7871724186440434,0.4203996909944555,-0.04195992509767996,0.7873504728115125,0.2869310693925808,-0.07465771626448241,0.7825324040172806,0.19948655377186852,-0.10034964463067067,0.7761912246293318,0.1194644915931412,-0.11862630885655762,0.840896351502965,0.45962754267043765,-0.05503002077762783,0.8835408699513165,0.37012682850672973,-0.09048049766954394,0.9134804765191566,0.3069386023152172,-0.11127198982004846,0.9373979271807279,0.2461604807146927,-0.12551159899085054
76520.2,0.78351540817998,0.7327753599941511,6.506548976856255e-07,0.6958662607500365,0.6943052052733113,-0.03902796927167972,0.6225169754713274,0.5882636059882944,-0.053645531551781755,0.5785587694429072,0.49537049914763537,-0.06509207379961257,0.5359058318528438,0.42805164960154946,-0.0760806806087102,0.6770831105466136,0.42732020562589823,-0.028807868586082187,0.6481328777957074,0.3061541565688376,-0.053916596994581144,0.6295853457737443,0.22660215353983207,-0.07463209023056779,0.6147011042512615,0.1573021029121621,-0.09163279486085987,0.7352312604360492,0.40838595051579907,-0.03233940216289176,0.72771448894339,0.2669088115583777,-0.055059412659736975,0.7228747453376015,0.17193944186289065,-0.07631233697407891,0.718138426798136,0.09061901858941966,-0.0930092827781198,0.7899980656655924,0.4214866148012257,-0.0421777771329831,0.790678504621328,0.2881607459265651,-0.07493175956577523,0.7859009936009543,0.20006684291599744,-0.10076778931672777,0.779623553821056,0.11977222754677547,-0.11908224982545966,0.8437288770367916,0.46057241009997385,-0.05506333955943487,0.8869997803985186,0.37077344630650694,-0.09067295258493185,0.9172972390216685,0.30771181732962744,-0.11150912442565478,0.9414061681549445,0.24768469588711492,-0.12567454919011914
76520.235,0.7852989892038204,0.7334961966730016,6.603112299060529e-07,0.698654839867939,0.6953394661377912,-0.04032764541248283,0.6258748306213069,0.5913831850969867,-0.056186813042758264,0.5818171559743079,0.49961689694272476,-0.06870772038250347,0.5398581928221663,0.4301839369720736,-0.08064046884083358,0.6800546066676563,0.42787819565248514,-0.03031171886032972,0.6510301857934137,0.30683983353755473,-0.056410525819829076,0.6321794974048498,0.22713677992573056,-0.07779357734890666,0.6172012921628403,0.1578421031881857,-0.09509192797405543,0.7381771440728194,0.40955492124070986,-0.03347152528675747,0.7307472179743963,0.26843709581536956,-0.05680326118458844,0.7258051176185539,0.17386570427419443,-0.07824564143891373,0.7210499742385482,0.09277364585007065,-0.09500070400630217,0.7928922667871462,0.4228788460726857,-0.04307924971539286,0.7938117083925381,0.28995746790025495,-0.07621618683660979,0.7891903244896746,0.20191630768523128,-0.1018545263791862,0.7830402705849877,0.12145428648432373,-0.11996624549231913,0.8466179767331417,0.46219551047506535,-0.05587201560067064,0.8901415650185233,0.37235942302985087,-0.09169721778201514,0.9205791881282591,0.3093209221163855,-0.11239829836530835,0.9446541701855996,0.24924226849412479,-0.12637946574820952
76520.265,0.7861057555196332,0.7346011281686217,6.732605095507354e-07,0.7001061686209806,0.6958367639562828,-0.04231937155894673,0.6281579174176433,0.5948200680246637,-0.05983599153917918,0.584436710825112,0.5034691876756698,-0.07368691105905588,0.5434831776349928,0.43147903824419376,-0.08692212023586271,0.6814872684292104,0.4306563540568443,-0.03334265830072034,0.6527436129900285,0.31013350858777505,-0.06109125873202365,0.6341264638329278,0.23011412001309514,-0.08367080296347101,0.620010301918632,0.15965870149743838,-0.10172233981410046,0.7399526357194818,0.411400523449777,-0.03583642864556283,0.7330627007691014,0.27121133764248156,-0.06039389360884621,0.7283725196651779,0.17699345231580035,-0.08261947963724509,0.7238047215312702,0.09532421591362247,-0.09997675145407023,0.7950800937432709,0.4241089477381209,-0.044865710468362206,0.7965076306315564,0.2922802591221717,-0.07880524853398584,0.7917701591748622,0.2047076745807844,-0.10473722942576458,0.785426854771888,0.12430733846632125,-0.12305749099382572,0.8489347837623933,0.46333408882472593,-0.05723157286362767,0.8923963630436477,0.37403187532321586,-0.09356710986336127,0.9229864051110078,0.3115884634749041,-0.11440286776364982,0.9471359102208242,0.2521830353984934,-0.1284537181721832
76520.297,0.7873081017608405,0.7364690943175859,6.83295250290854e-07,0.7016766808947771,0.6981988898140812,-0.042531674007681756,0.6294177054173504,0.5963763099883422,-0.05998025616003439,0.585717964573283,0.5046504981639865,-0.07368110416918384,0.5445902639250323,0.43312063709861426,-0.08678636797069599,0.6829931481504158,0.43275756220801137,-0.034002917548485306,0.6540040821502988,0.31181756979967307,-0.061468716694515355,0.6354361808734186,0.23153502756626515,-0.08371842276179044,0.6213523927115998,0.16123529609709328,-0.10151444490359632,0.7413850697129777,0.4133025265014858,-0.03624753147526204,0.7343074615997497,0.2724732753114069,-0.06046581080720572,0.7298907948777746,0.17794657472317485,-0.08233949898368029,0.72604560418736,0.0963982514149821,-0.09946959263125854,0.796475383175757,0.42575418314602453,-0.045006303833904956,0.7978332965641105,0.2937026276381184,-0.07873306106663042,0.7928367128945865,0.2061119787257264,-0.10485521221651467,0.7865962245578054,0.12625604731272072,-0.12337063795510113,0.8504013969225357,0.46471340053185106,-0.05709518114304755,0.8944271138097842,0.3753002359023049,-0.0934695629735611,0.9256010356077201,0.3129076650004818,-0.11462860186139363,0.9504000680573527,0.25377146592668604,-0.12894127712050227
76520.329,0.7881190006567705,0.7380761543677087,6.827593572845091e-07,0.7028072149660018,0.6998348066512294,-0.04267067073026148,0.6305841920051228,0.5979956503147033,-0.06033065676158241,0.5867849101270555,0.5063464873275264,-0.07417834694570605,0.5457736941746896,0.4347150342590464,-0.08743415879575223,0.6835092207312261,0.4335903013286172,-0.034274061560105686,0.6542222877697335,0.3128970786278582,-0.06197531972555292,0.6353824485891921,0.2326663980670022,-0.08450056764685084,0.6212704175598005,0.16232732703353714,-0.10252128185435802,0.7419641602193312,0.41404472555813965,-0.03644407138457085,0.734805770824992,0.273691787478136,-0.0606729065749754,0.7306070434097911,0.17932724973651568,-0.0825545071472367,0.7270636192187825,0.09766444302393987,-0.09975919308047794,0.79710470325252,0.42670198106415674,-0.045151343066165917,0.7986594041075816,0.29498273539709274,-0.07862753759916634,0.7938568105972927,0.2075618316052134,-0.10460020196988437,0.7877680640480483,0.12761464340681125,-0.12315104176292382,0.8510492064996971,0.4660677855773372,-0.057222251703999714,0.8951465094960678,0.3771527592616309,-0.09337741165379508,0.9261953574867738,0.3148222245045055,-0.11446511819563578,0.9509233670111241,0.2553305507149664,-0.12881011304760048
76520.361,0.7887595598344549,0.7404330724119796,6.74892587797865e-07,0.7035016262889043,0.7018725369900876,-0.04197553529214173,0.6312384298064566,0.5996965657155972,-0.059186990219578905,0.5875135719800728,0.5078057754579699,-0.0726920762275129,0.5462974885885148,0.4364485563827369,-0.08565927267743212,0.6839531490041365,0.4348375810569113,-0.033294550990134134,0.6547615631352046,0.3140359867533607,-0.060452813952329924,0.635899339687685,0.2337923494079258,-0.08270416768304817,0.6216761701114861,0.16329790872068214,-0.10069569462592039,0.7424926599600253,0.41543508304708254,-0.035779803602833754,0.7351367644661227,0.2750144136182503,-0.05954149495839832,0.7307813798021929,0.18124429258107325,-0.08143579259082168,0.7269137686142892,0.09991459167839643,-0.09881070996285773,0.797768573739016,0.4281602636762828,-0.044722428080625015,0.7991416907716782,0.2959663431001705,-0.07782212552071634,0.7943021940154328,0.20876755649211157,-0.103736945238134,0.7880138867220075,0.12878590012294702,-0.12242221959534431,0.851852336411642,0.46759600838157744,-0.056975651883087106,0.8955747937246659,0.3785573946353506,-0.09289209656618412,0.9266244482346225,0.3162149480466908,-0.1139479011182786,0.9513515755424136,0.25675705478262106,-0.12839212517608894
76520.424,0.7897724105452449,0.7421009315560513,6.704924121181679e-07,0.7048401688357603,0.703709960818456,-0.042240235241826414,0.6321914919174859,0.6018319199538003,-0.05957078954657248,0.5880140540413482,0.5100503150716743,-0.07309803083361897,0.5469180490915422,0.4382019715963339,-0.08600178829188489,0.684578146055747,0.4361797665965899,-0.03347177066369254,0.655645296920888,0.31583309070489646,-0.060735229982350813,0.6369114768084259,0.2360877751455284,-0.08307023393796716,0.6226246508642657,0.16575648477524318,-0.10111143649588669,0.7428805167927683,0.41659838497870716,-0.03571627723457724,0.7356168695459959,0.2764911837761768,-0.059361189119959065,0.731239874767215,0.18325655463031282,-0.08096030583155786,0.7271684182926792,0.10204340077427192,-0.09813307796724517,0.797802936273704,0.429476365330473,-0.04448008335327279,0.7997664669033634,0.29777935358990215,-0.0773726581603085,0.7952552564591524,0.21078788642314067,-0.10302175274699836,0.7889503111900107,0.13088900897278993,-0.12157417164209335,0.8515117991483115,0.46908612816953227,-0.056604732619056145,0.8958914474483307,0.3804871230488144,-0.09248438467656986,0.9271924508530428,0.31799594945515786,-0.11356318205881859,0.9519815326900543,0.2581807322441727,-0.12803106996120628
76520.457,0.7895125391114585,0.7416586710261371,6.763854081738724e-07,0.704759151774409,0.7030497052930519,-0.04182769611241285,0.6322940239745168,0.6019374058210516,-0.05924889673045353,0.5884406753897308,0.510850554171203,-0.07299412466192588,0.5473374930240233,0.43912177281499504,-0.08617533839841421,0.6851794067775688,0.4371376788031965,-0.033963020035920714,0.6569469267259589,0.3163707362492547,-0.06140720329741793,0.6386296888471733,0.23692851345138505,-0.0835700521458107,0.6246299178236651,0.1668253937433925,-0.10141017910623952,0.7434351759796689,0.418279239509054,-0.036671562981390814,0.7367676133491747,0.2778056153552272,-0.06100990513589997,0.7324572767178803,0.1843162110784246,-0.0830558358803499,0.7283436509046599,0.10276463703147937,-0.10045737616519528,0.7982006514583946,0.43125869018410834,-0.04579511740074603,0.800374152193524,0.2995979188797901,-0.07963348340959062,0.7958515053442433,0.21240508464831429,-0.10584946092417387,0.7895944153668426,0.1321096134331547,-0.1246136866675893,0.8518626001219901,0.47063024657813113,-0.05814521826860064,0.8963674551808869,0.3818110098178562,-0.09463024686617161,0.9278448962649782,0.3194685692278763,-0.11589384477812309,0.952703826829828,0.25982951746803473,-0.13042403396361524
76520.489,0.7894986480228273,0.7411044151066851,6.86778057898636e-07,0.7047428519508977,0.7022640958018505,-0.04177054874988069,0.6329145053352873,0.601050666207747,-0.05918787622742968,0.5893727793899164,0.510193515992814,-0.07299798390975212,0.5485013287997047,0.4390790554010839,-0.08628213339471072,0.68557331512502,0.4372744714995359,-0.03372923291890908,0.6574519741018318,0.31699628132486474,-0.061244703818038225,0.6393053833804463,0.2375739246710551,-0.08350652523157125,0.6256480898873871,0.16760975122099875,-0.10133304039019621,0.7438604468022987,0.4184615494577172,-0.03641088080050714,0.7375095868696147,0.2781597506936539,-0.06071975128315932,0.7335480216087273,0.18422544048769057,-0.08271083891922665,0.7300028738784211,0.10230742138605477,-0.0999757825796225,0.7987176977228483,0.43146944549698185,-0.045519438302797484,0.8007713298226464,0.3000239831445333,-0.07931706663562935,0.796086754733322,0.2127389804473457,-0.10556642040986355,0.7899754291580936,0.13260603195708848,-0.12425186996469674,0.8523941650178796,0.47087536845278244,-0.057857018252594684,0.8968151195423492,0.38237569456441395,-0.09427043112896458,0.9283580385368968,0.32026242613837635,-0.11544061215971343,0.9534942603967331,0.2609794518355699,-0.1298230263436893
76520.537,0.790208517467826,0.7409138055417644,6.893572198323957e-07,0.7058616566115042,0.7026471645454532,-0.041857345396530146,0.6337241874802145,0.6012422747432649,-0.059279449770666244,0.5898087034582727,0.509651103514218,-0.07299452654792028,0.548680301436812,0.43855800161092745,-0.08613531440746956,0.6860129976360757,0.4369477153042815,-0.034078788525266426,0.6583244266652551,0.31620841573319985,-0.06139475862610882,0.6403604965371396,0.23683158579703745,-0.08336927413325017,0.6266370444964391,0.16701223486236252,-0.10101845118918583,0.7442395860392372,0.41810593341803104,-0.03673037298809898,0.7378862006744858,0.2775198780009308,-0.061060604240946635,0.733957999578406,0.18330961778694044,-0.08304496675499702,0.7302950581410365,0.10139213383239591,-0.10028808635178278,0.7990691562834537,0.431190175833753,-0.0457700807399314,0.8013358352460704,0.29986660911827046,-0.079701349734727,0.7968488739994218,0.21235668974194497,-0.10624267987477534,0.790757261562018,0.1319774444688337,-0.12512267453022818,0.8527209603480167,0.47079153894324016,-0.057999455721994574,0.8973275119297223,0.3825787823734046,-0.09453263911643854,0.9289656925356523,0.32037900817069603,-0.11599880315526753,0.9541825720842789,0.2608368497476726,-0.13061236414589925
76520.542,0.7901432136964196,0.7413552156101852,6.833413980176823e-07,0.7059035106539067,0.7030370680586013,-0.04171880970712133,0.6338368557190743,0.6012009126273449,-0.05895013757099106,0.5899949520548091,0.5093777820522046,-0.07248647990911386,0.5487454460553702,0.4384838883113437,-0.08545345612168927,0.6862979555452623,0.43683888136190635,-0.0335544733175657,0.6584034309502791,0.31622218150037323,-0.06064122203643129,0.6402739858942592,0.2367338924157465,-0.08256215501081292,0.6265144043522586,0.16681668440936093,-0.1002488137177514,0.7444270209249007,0.4178366575977449,-0.03617566704466655,0.7379458719282479,0.27733030115064056,-0.06018262790965694,0.7338475988966732,0.18345444834408492,-0.08204168638733246,0.7300497868114356,0.10204232915397815,-0.09926431406197925,0.799266444582798,0.430744524780771,-0.04518573898257497,0.8015709324370235,0.29924796851553365,-0.0787226520065173,0.7971127859715678,0.2118630519602121,-0.10500570477435266,0.7910832183516896,0.1317170668457346,-0.12380266259719415,0.8529507969584873,0.47024410192087696,-0.05741020024195623,0.8974769324970109,0.3819819557028127,-0.09365954990627288,0.9290495577622829,0.3197592782687813,-0.11497974911375246,0.9542438299174365,0.26035786642570335,-0.12953993636598035
76520.568,0.7898703444083068,0.741344699965509,6.803504226072191e-07,0.7055981906917376,0.7023644869318812,-0.04167983467970511,0.6338927776832762,0.6007216343655638,-0.059011630142695976,0.5900546463837444,0.5095523970990172,-0.07267879273074118,0.5490484972307033,0.438278041564797,-0.08577166832255459,0.6864639452661785,0.43624913113980895,-0.03322742639172536,0.6584727994059705,0.31604126432330326,-0.060426592520672305,0.6402034960798978,0.23659262740528852,-0.08251898574819318,0.6264296890072498,0.1667707064595839,-0.1002804831504192,0.7448202729470983,0.417442816766719,-0.03586576078794385,0.7387291851565668,0.2773029798747429,-0.05979674045918191,0.7347681072915765,0.1835883936775877,-0.08161107144708217,0.731089531672964,0.1021419954423005,-0.09878713704166857,0.7996636358543823,0.43066459021450804,-0.04492523522479008,0.8025246940919257,0.299388034838931,-0.07825142810694205,0.7981991383915349,0.21222470223794382,-0.10419078046354005,0.7921865171473633,0.13212594858856724,-0.1227515002830726,0.8531901880178316,0.4704672152482796,-0.05723035534878106,0.8977105032689402,0.38233333556961296,-0.09317291101094156,0.9289814079562428,0.32015405625778903,-0.11410433486980999,0.9538126412311119,0.2606121965200826,-0.12838027286305176
76520.6,0.7907996600752569,0.7408354671906909,6.815878769873908e-07,0.7060412769790225,0.7023594794365181,-0.04166830524217944,0.6337847708794827,0.600601311200925,-0.058881290823130226,0.5903138310945943,0.50872311289057,-0.07235994465174167,0.5493884403850007,0.43760564474570784,-0.08528934675253613,0.6864974774965718,0.43671893729620603,-0.033725029003096436,0.6585918120324674,0.31595681830370453,-0.060653237997508914,0.6404863191613718,0.2363654060702509,-0.0824822601419633,0.6267777150529363,0.16620763534916136,-0.10013241035101388,0.744886909949893,0.4176027311826986,-0.036277338704662265,0.7387880410437211,0.2767142823366303,-0.05998582147436928,0.7351417395231279,0.1830168607418836,-0.08161422072583223,0.7316680469699525,0.1015303741229355,-0.09872258932136088,0.7997300028111294,0.43075815978174015,-0.04517446541387986,0.8026173471797997,0.29901746175954785,-0.0783235588833013,0.798551360400934,0.21175442797738034,-0.10419102049413537,0.7926875337448328,0.1316292243489975,-0.12277232110063273,0.8534174400700143,0.4705911308953845,-0.057293794930252676,0.898101784545444,0.38217864884052505,-0.09312546525347623,0.9294452712562333,0.3199080848709448,-0.11405294302169643,0.954232114563961,0.2602124992306133,-0.128390575394778
76520.632,0.7909106830266811,0.7416995724136115,6.776796477661686e-07,0.7061835162981078,0.7033049402204483,-0.041668556010018454,0.6338590305080295,0.6006783048178922,-0.05854997872997509,0.5904137728693485,0.5087482001057649,-0.07171941256278914,0.5497525015270469,0.43745876783524634,-0.084281489430027,0.686893484923644,0.43603919255368373,-0.0327454631643617,0.6591992067545368,0.315516842082887,-0.059607920171200486,0.6412355040129384,0.2360778975248346,-0.08152215817464367,0.6273454124145651,0.16656749936003362,-0.0991560773488982,0.7453411717884643,0.41736571636414405,-0.03523023142143238,0.7391826790705178,0.27718139210138276,-0.058813775285741846,0.7351552943701618,0.18360439005110862,-0.08041201950997397,0.7313120453612394,0.10256105205005428,-0.09741157627891195,0.8002821444672108,0.4306968579544796,-0.044163824943535664,0.8029106396950216,0.29912936742208934,-0.07728001344186693,0.7984279770375886,0.2121295600775983,-0.10311543747268344,0.7923119238020329,0.13223802003668894,-0.12156414280254525,0.8539370532379222,0.470667080356741,-0.0563555686285794,0.8983068375871588,0.3823210119222822,-0.09227797564972315,0.9294428645891671,0.32024014845847637,-0.11321655468264104,0.9542238531794318,0.26074903509769254,-0.12743970284151915
76520.665,0.7909177067872232,0.741046747239339,6.769265434781434e-07,0.7060478075950216,0.7024548378661066,-0.04161173915010309,0.6336168205164021,0.5999607355295646,-0.05851712761848859,0.5902372209644983,0.5075854133473373,-0.07164683472113524,0.5494997752760737,0.43625151837456294,-0.08417536909524968,0.6869782082141024,0.43566763719352275,-0.03310914611310011,0.6594197751581958,0.314753431456189,-0.059625989429473385,0.6414249992209038,0.23557951877568753,-0.08119530113663506,0.6274602149106575,0.16606961008270887,-0.09868828710229557,0.7453791843352666,0.41705048051136095,-0.03554978215137657,0.7391444315679785,0.27650450612455707,-0.05878656411627997,0.7352572283140313,0.18352082018659904,-0.08013097603662254,0.7313965620970899,0.10288687000513486,-0.09709932818835593,0.8001470904441377,0.4305367785858012,-0.04437931930604645,0.8029437162710732,0.2987964002045012,-0.07717728665778537,0.7986245119684829,0.21204550212193307,-0.10289230568597998,0.792501324694456,0.1323775938324463,-0.12144527255717073,0.8536339873164219,0.47055794223043473,-0.05645046194849815,0.898177437674891,0.382426957456196,-0.09219033684881296,0.9294553850292883,0.3203352038184426,-0.11315729213915232,0.9542718654104215,0.260751689678628,-0.12753548010324514
76520.697,0.7905245021989962,0.7411480708712707,6.732016660775292e-07,0.7058314406930672,0.7023256183254817,-0.04130990556687719,0.6334750033939912,0.5999804005777614,-0.058170261684841296,0.590309495853391,0.5076729894810663,-0.07135607326538634,0.5495943239675977,0.43634611990285604,-0.08399979581186316,0.6866717900240636,0.4358591529322274,-0.0330063473672594,0.6592952810707315,0.31506808957417176,-0.05977589863636771,0.6415365654726787,0.2358421861779466,-0.08157754095571938,0.6278917635289452,0.1661932184124278,-0.09919024428890116,0.7450775825870979,0.41730842354470543,-0.03561264687857155,0.7390422818998452,0.2770497773863648,-0.0591383716499337,0.7348920277668662,0.18396335027404703,-0.08072214794336612,0.7307811304026278,0.10310215490241341,-0.09782546632354797,0.7998606687317581,0.4306549369806991,-0.04456504730321842,0.8028110229889569,0.29910500071047036,-0.07742011764842513,0.7985132351149774,0.21250841262482695,-0.10304479372720422,0.7924006972885664,0.13304890642515532,-0.12150041055288954,0.8532565309315133,0.47052664197682464,-0.05674973034114526,0.8978380891040803,0.38247865687466676,-0.09242122701996537,0.9289765334075429,0.3204664735783785,-0.11323201132302771,0.9536734640104949,0.2610756240253622,-0.12747059596609145
76520.729,0.7901440679768695,0.7409271884075876,6.775945557097767e-07,0.7059128782964701,0.7018449733366694,-0.041851081119115466,0.6338283389289934,0.6005694111492607,-0.05929382054409581,0.5905987849161118,0.508798381932743,-0.0729254885619028,0.5500109044479689,0.4367796043251132,-0.08597227587960089,0.6864368381413527,0.43578859793370295,-0.03390633861953747,0.6588517255969321,0.3150359071510906,-0.06085727736411877,0.6409375458554649,0.2359740078308376,-0.0827199285531343,0.6270921770304437,0.1663712762657553,-0.10033755277374605,0.74487781676384,0.41728024529833413,-0.036307973222705056,0.7389159316476449,0.2769229105172283,-0.05995634686570703,0.7350323408298263,0.1840611782960496,-0.08154603105394805,0.7312133169690613,0.10324643559083647,-0.09864196761002454,0.7995380650877354,0.4307451186956122,-0.04507217315809006,0.8024540344078359,0.2993179943752291,-0.07808626749632812,0.7982339414331706,0.21255935465276302,-0.10388273837456222,0.7921495440131322,0.13284350551223245,-0.12246540210179477,0.8528135332482577,0.4706784860366055,-0.057078589091328506,0.8974181647869103,0.3827088864988866,-0.09288366942719455,0.9286922744086257,0.32086680637481524,-0.11380455179139969,0.9534540871492613,0.2616413542089994,-0.1281205187024441
76520.76,0.79163686513768,0.7417126207338135,6.699497816981182e-07,0.7066202640448501,0.7036424521542739,-0.0414020461661273,0.6338785761077211,0.6008232732162331,-0.05791578459369372,0.5907222204568668,0.5078366468250421,-0.07072414756210592,0.5499390612669655,0.4366472603667741,-0.08297729855936488,0.6869540829957006,0.43726298100288913,-0.03257302659924733,0.6592263152104176,0.3165421768254112,-0.05909456860440393,0.6417136865024822,0.23717539358114287,-0.08072457943082507,0.6284105621856596,0.16739461992197055,-0.09823974529602883,0.7454324686868754,0.4181311282598514,-0.03500082650066472,0.7389725441200558,0.2778623765383596,-0.058168864523568134,0.7351655521372719,0.1847541047749969,-0.07944317522976613,0.7315490814756237,0.10384595853650282,-0.09633939070931391,0.8002526047697581,0.4311041364643237,-0.04384531614055579,0.8025832424569951,0.299989243681723,-0.07651927898524746,0.7983647554202271,0.21337458768337178,-0.10216945096293599,0.7924811454341444,0.13390595293304178,-0.12064869799064014,0.8537266060094244,0.4706388649199922,-0.05594867649635245,0.8978692700949144,0.382808773570028,-0.09164350028295593,0.9290100132603009,0.32127208235658644,-0.11259802946702822,0.9537186277208018,0.26217539426694036,-0.12694147819302667
76520.825,0.7919131718186226,0.7422749813156344,6.71510923023419e-07,0.7069871499101307,0.7042707421888644,-0.04188202310012746,0.6339883388678976,0.6016251762893392,-0.05856314274013141,0.5902386985862496,0.5090316731875882,-0.07140903901701313,0.5494375134853604,0.43797962395224627,-0.0836171832143986,0.6873680236079187,0.4376705359169287,-0.03258151986983312,0.6594079626322984,0.3168057723609603,-0.05891681502721251,0.6415168370708688,0.2374659582038396,-0.08036989012447522,0.6276280118585218,0.16805500050528446,-0.09774236730262101,0.7457121137388966,0.4187594265625159,-0.03464731957233404,0.7392943724076241,0.2786417409163571,-0.0576254297489298,0.7352709753640456,0.18573897081330326,-0.07870012595495443,0.7313439419530658,0.1052427163935495,-0.09540865415298139,0.8003138795574988,0.43170393434407567,-0.043185418236277605,0.802714757392733,0.3005475368633774,-0.07567420275997983,0.7983495241055668,0.21389224519037348,-0.10111618996264198,0.7922509761647981,0.13434749169504787,-0.11944618381889736,0.8536033311181666,0.4711258713456091,-0.055037910120897676,0.8975141519656227,0.3837594606577722,-0.09061220444733815,0.9283294649681855,0.32218956343561267,-0.11145977873231097,0.9527544864748646,0.2630125494989817,-0.12570694872572225
76520.856,0.7925430491355681,0.7420212051509997,6.80699842981075e-07,0.7072557334183234,0.7035421050749198,-0.04202136224116975,0.6346514710405887,0.6019674509134173,-0.05911073891746339,0.5905860728704503,0.5103437557841425,-0.0724023425649126,0.5498474238927988,0.4385145791199704,-0.08506294871555296,0.6870569086617753,0.43870653210043997,-0.03331981150892678,0.6595173414230813,0.3178040242154767,-0.06038705136273126,0.6418992986955617,0.23854586550502274,-0.08231222063905586,0.6282166977442629,0.16873619299963774,-0.09990434079817245,0.7455785991084017,0.41978629135708573,-0.03549632863326853,0.7396667418159356,0.27961453151793975,-0.05933864290798782,0.7359380023657368,0.18649803811824892,-0.08093634104760677,0.7321335347660486,0.10529724881952408,-0.09791157096476061,0.800389677528391,0.4326710200338024,-0.044134181459977176,0.8025369237264767,0.3014992087995398,-0.07760469467423442,0.7982992673491152,0.21485737917841294,-0.10346040095171936,0.792326668851291,0.1349251388646003,-0.12183215809450344,0.853776232221907,0.47179595420747716,-0.05602521574429734,0.8975832903046116,0.3835529883411533,-0.09231549730818049,0.9287934805182894,0.3220296652230318,-0.11328206395681849,0.9535543156326115,0.2628291473226114,-0.12744909242348468
76520.888,0.7931096099320484,0.741887590631331,6.893898927105384e-07,0.7077964517740332,0.7044992963678496,-0.04246176800497574,0.6349298998853895,0.6027585363157332,-0.05957565230908438,0.5911270148597956,0.5105070489824326,-0.07279778203188428,0.5502643695491641,0.4387339007115067,-0.08524285261993618,0.6874694771972165,0.4388089256635145,-0.03329004695650793,0.6600556744089959,0.3180902642057224,-0.060311369861948565,0.6424689030514688,0.23925878385614394,-0.08218590268241541,0.6285983572736807,0.16997834466498415,-0.09969617080943874,0.7456446026222727,0.4199191513049726,-0.03522881965235226,0.7394665852760242,0.279647599294577,-0.058978812842668475,0.7358028702811956,0.18619830423857875,-0.08033989074681261,0.7322358898914251,0.1050512811162908,-0.09709829512074732,0.8003532846668738,0.4328092105008507,-0.04375060793437879,0.8019938834421554,0.30144038268529433,-0.07732750588040503,0.7975355274853123,0.2149753120977311,-0.10321880519414586,0.7916579143272074,0.13554961807385835,-0.12150170680608152,0.8539819604604568,0.47181620458655843,-0.05558671810020408,0.8975665415310619,0.3831110985450561,-0.09212398337725212,0.9287788556434328,0.3212885029435027,-0.11336892819527013,0.9537678270665773,0.2620246938542485,-0.12765336337626876
76520.92,0.7929057108176611,0.7416670858675087,6.880585786587102e-07,0.7077028653331299,0.7048230971070141,-0.04237666623007795,0.6349250361450367,0.6027399627130327,-0.059393032534862306,0.5910405455255829,0.5103616405773437,-0.07248776269220666,0.5501142568709868,0.4389016443655468,-0.0848690294538257,0.687203348862,0.4389280888389035,-0.033602746088033444,0.6598667154380117,0.3177219384732207,-0.06064360943895452,0.6421214360783571,0.23870498798697534,-0.0824337362054982,0.6281582374550039,0.16963017637653122,-0.09984420847524281,0.7451516744242573,0.4199515686572341,-0.03554330247133745,0.7387085576642493,0.27898990117830846,-0.05937333881520927,0.7350106580409174,0.1852994814441583,-0.08072370884771711,0.7313483961220928,0.10429828194588783,-0.09741970271154121,0.7996937979919295,0.43261402739053095,-0.0439966254844829,0.8011838202402934,0.3007051906781175,-0.07733613206097814,0.7970733812429668,0.2138402742249078,-0.10301436947269642,0.7913244656460109,0.1341260613520829,-0.12122810653451915,0.8532426514539008,0.4713877446407297,-0.05576362024791428,0.8963201964610402,0.3827326941420517,-0.09184192169705999,0.9269887922126666,0.32060287914391394,-0.11275638950760712,0.9514137530089155,0.26099623261029403,-0.12688194859513394
76520.968,0.7931725877346654,0.7417645570036634,6.816534029505881e-07,0.7073866705997152,0.7055712433984774,-0.04233969096959972,0.6337344548874665,0.6029909956863917,-0.05879781026167226,0.5896358444010973,0.5099135452363599,-0.07129494945298366,0.548862343941998,0.438482695450316,-0.08303147887052775,0.6861696111682889,0.4392118392239523,-0.03254874006758606,0.6581416870601594,0.31791615505912657,-0.05894947489228167,0.6403199850573593,0.2387823929890843,-0.0803672541244923,0.6264809308930088,0.16972662592529392,-0.09756097429361611,0.7441353235777757,0.41950392680071236,-0.034137221764162826,0.737363911988092,0.27838813488305997,-0.05693741646082517,0.733655116999643,0.18519142698078614,-0.077546500382684,0.73025656162188,0.1050372024339275,-0.09380772531094488,0.7987584780634375,0.4317296571907975,-0.04231062580134206,0.8001722518562854,0.29966146526352644,-0.07462450544394438,0.7961470870061937,0.21325676506129557,-0.09960213891977689,0.790480118937389,0.13428597041758106,-0.11745980958468555,0.8525868050973382,0.4701765489115685,-0.053878059610760975,0.8953138954099406,0.38133958608852014,-0.08913772698803779,0.9256250812953718,0.3194947599271277,-0.10958482818155886,0.9497170839442663,0.26034817226735546,-0.1234646724697825
76520.974,0.7931972774130485,0.7417930489734925,6.784876974415325e-07,0.7072245571883313,0.7052460764530712,-0.04187947200963411,0.6338929752034962,0.6030234197708572,-0.058123993545526324,0.5895951150660615,0.5106727568667226,-0.07056733463646606,0.5489125183578505,0.4394176344380674,-0.08217534102406938,0.686670383761034,0.4401895592155169,-0.03155763143089535,0.6585584555463627,0.31874141872644934,-0.05758922431583906,0.6408191239827274,0.23949125585747347,-0.07856563927072686,0.6270624542883593,0.17063358815911372,-0.09539066857726718,0.7443440116468419,0.420376558807374,-0.033296625875387925,0.737450532365835,0.27877811378037376,-0.05591916872688971,0.7336279048383831,0.18505387908531742,-0.07623996165061428,0.7301154100664806,0.10463877629224548,-0.09217134815296685,0.7988667267385641,0.43209804940894225,-0.041637876835020654,0.7995566780509403,0.2994477981737266,-0.07400302144515597,0.7954913289628607,0.21268235592913787,-0.09894983709905593,0.7899568785541353,0.13342653999796672,-0.11662534674058032,0.8527862144917103,0.46982709115752225,-0.05333698699068298,0.8954398848666271,0.3811813965852986,-0.08873662170608465,0.9257642129005104,0.3192744330354493,-0.10927498115379171,0.9500135948879956,0.2601413091142257,-0.12309325987054527
76520.999,0.7916836355236255,0.7425927473378411,6.836354467874309e-07,0.7055012356695629,0.706113233727837,-0.04297740366304043,0.631513810300518,0.6041173739690588,-0.05985635106191486,0.5878723700659384,0.5112109667528162,-0.07260243994204903,0.547756969568089,0.4392148366763016,-0.08452558362853667,0.6849570439975041,0.44010269651506373,-0.03378155416058988,0.6558220753746502,0.3187020158383965,-0.060793760416451015,0.6373199233621543,0.23930627424726106,-0.08252934783265015,0.6230066138519721,0.16988948751951657,-0.09981509889897039,0.7429941116311908,0.4202774644373056,-0.035162857940797126,0.7362320821761509,0.278634529066147,-0.05856633207783562,0.7324699023434293,0.18491120786804224,-0.07941458855320421,0.7290274017557111,0.10416349596343089,-0.09569677293492652,0.7975969632607015,0.4323282644905035,-0.043118667352776974,0.7988335706677996,0.2999676482916631,-0.07580134882802857,0.7948166671866967,0.21339042484078,-0.10053986973556191,0.7892971052688423,0.13421803859271747,-0.11807123022475723,0.8514194826403094,0.47062570396330805,-0.05452037767176149,0.893499124453532,0.38149778454609945,-0.08986599645804949,0.9234913702527927,0.3193132758954711,-0.10993901238329183,0.9472436981575201,0.2597924566678869,-0.12341926016769682
76521.033,0.7903905170275662,0.7444560656584859,6.776597991616997e-07,0.7035612257326158,0.7075795189657013,-0.043870876580088466,0.6297717357369121,0.6064142506472159,-0.06125732472403926,0.5858785157344342,0.5139226519053566,-0.07426113389412493,0.5449373457177126,0.4418666023146261,-0.08635571437676996,0.6827717777680923,0.44123583709206354,-0.033707673773187743,0.6527840617140273,0.3201996256847471,-0.060595290851649816,0.6337411036529841,0.2404479163640545,-0.08251668303421884,0.6193177963836667,0.17083164855359004,-0.09993784014492005,0.740540450656796,0.4208840011068291,-0.03442008906161259,0.7328966998252214,0.27909708529240596,-0.05702935372485616,0.7289912374846265,0.18597212155356427,-0.07745126539778896,0.7258495741235577,0.1063886631068614,-0.09353335991693291,0.7954279546471327,0.4327540733206554,-0.04180633411827021,0.7958927088640475,0.3006025112880194,-0.07311092930847016,0.7923359119479908,0.21384178367241866,-0.09692900671318717,0.7874531192539796,0.1349792249368378,-0.11409798078008121,0.8499615619994789,0.47082751026611613,-0.05283156521289333,0.890529353646094,0.38160219921433663,-0.08656638892731487,0.9195333257238938,0.31966861322636037,-0.10559075768858059,0.9425369461471594,0.26072003703357277,-0.1185346015091957
76521.064,0.7881734638529159,0.7471077750157398,6.766577427409613e-07,0.7012075991545784,0.7089625797705892,-0.043743994584362046,0.627443456355947,0.6086250082987479,-0.06132704578791039,0.5826465103517654,0.5164664052275553,-0.0746354643399149,0.540094500690765,0.44548938009697325,-0.08711983160515022,0.6793999795430433,0.44393804131748277,-0.03278718713626956,0.6488646751851078,0.32292701059190804,-0.059772018185648125,0.6294534673298992,0.24272881046740225,-0.08195096778565591,0.6150518887046793,0.17234987590521195,-0.09954530986120305,0.737307206386203,0.42299710587104283,-0.033491372709717984,0.7290137313850169,0.28121102070387005,-0.05584331482733531,0.7249787399284392,0.1882711123983309,-0.07638835821055652,0.7220682293352096,0.1090954738781647,-0.09257553417068183,0.7926609888110877,0.4342754897070963,-0.04085502914466919,0.7918569813890978,0.30237435167732757,-0.07149623577745391,0.7878035273293826,0.21545352743576907,-0.09484264741001919,0.7828296939405396,0.13690093036584178,-0.11176251282581887,0.8479516007533867,0.4714897941430901,-0.051896501320198976,0.8867810307754701,0.38254139019132366,-0.08452819605632748,0.91511590768924,0.3211955002734948,-0.10265269638717309,0.9377971156100527,0.263503220696966,-0.11503196758545044
76521.096,0.7851106697587366,0.749578842522328,6.810433971458437e-07,0.6979155885818544,0.7125201398400303,-0.044244065307607154,0.6237094352952908,0.6124742068874114,-0.06207298057143328,0.5782542023675437,0.5206060236316747,-0.07552499237580401,0.5343812058115833,0.44999248161420197,-0.08821811627253105,0.6753038442312825,0.44658657314476746,-0.03326469880356726,0.6442271220604517,0.3249735050084842,-0.059842438633646196,0.6244640564607248,0.24417174271910652,-0.08179331159752273,0.6096913654813373,0.17350051148503798,-0.09935693547979842,0.7329916749091989,0.42570797188655507,-0.03374369169363501,0.7245114273932143,0.28363171625371875,-0.055701608494859854,0.7203749800950429,0.19085468298352123,-0.07619533194583453,0.7173765737634643,0.11235738848959043,-0.09247496391123489,0.7882496098693846,0.4369876453407921,-0.040851007736347984,0.7870645857720935,0.3043039636367489,-0.07117889682928541,0.7832164197424478,0.2172496602134034,-0.09457408684167289,0.7783407114544292,0.13862981393571022,-0.11172275156656049,0.8436377672271329,0.47407169941053395,-0.05166346080442476,0.8823029124850449,0.38528855495142167,-0.08436581180752979,0.9109599802726113,0.3241491582283218,-0.1026134665812072,0.9339068558588054,0.2668653518221401,-0.11515087612149238
76521.128,0.7837548164892333,0.7525299961988493,6.809371082847222e-07,0.6963603108025646,0.7167908125239418,-0.044198510192571386,0.6216293533869472,0.6176191889620487,-0.06227112714706485,0.5755326086536037,0.5265533557883175,-0.07595295477521856,0.530619472770326,0.4570159027325289,-0.08892880927611566,0.6718772869062258,0.4503833437749895,-0.034086234003413894,0.6396164460049627,0.32953988373168214,-0.061163581877351866,0.6192657591495992,0.24872713917072234,-0.08348493834984641,0.6041326159996984,0.17770488202971127,-0.1012830074596136,0.7293570709456381,0.4285186632297783,-0.034871661263360346,0.7206118885247876,0.28617021518147406,-0.057345605459297594,0.7160608474193858,0.19305802164521732,-0.07803996278928853,0.7126842585334794,0.11402524291128167,-0.09437568381793252,0.7845259320924715,0.4395666022267486,-0.042236880371073454,0.7836465955337423,0.307033311815824,-0.07294342239494765,0.7796478088967902,0.2200038991158393,-0.09635788542514587,0.7744924157256825,0.14120452725831573,-0.11343145915543562,0.8398373684240024,0.4768874303980294,-0.05328759271370491,0.8788519980335846,0.38726133039436206,-0.08613989441541309,0.907216132854226,0.32553355587158367,-0.1042886040379412,0.9295178956257887,0.2673322778278471,-0.11671606696726679
76521.16,0.7813906956204688,0.7546052616167263,6.990013579040062e-07,0.6933488486421288,0.7202775010373045,-0.045016091323848324,0.6182792684689103,0.6221015423956014,-0.0637865256308245,0.5721817070600629,0.5311792132558126,-0.07796845979893478,0.5266729321591942,0.46260879262748195,-0.09147725822952885,0.667459642650141,0.45479006700480895,-0.036806632382688095,0.6343999162107367,0.33338304421349013,-0.06438664429569767,0.6138952428486646,0.25227620295386555,-0.08664091633170994,0.5987634653856553,0.1810428657109022,-0.10432268598612363,0.7251363918202206,0.4322137762119188,-0.03740283250692888,0.7162770798119625,0.2886357407334926,-0.0605193625424544,0.7116899354416909,0.19472727095672188,-0.08127669290392546,0.7084167508536899,0.11483673981590128,-0.09759917715619243,0.7804797137700291,0.4428702877219548,-0.04447555925480862,0.7795061778467636,0.3087988221514186,-0.07608848887202664,0.775667786767049,0.2211886154239726,-0.09992076404257115,0.7707846501159605,0.14197342188433296,-0.1171700061436501,0.835928807944341,0.4801373817088355,-0.05519174527098795,0.8756165857317075,0.38958155973291114,-0.08929082731363101,0.9048083204893957,0.3271302845937936,-0.10805254971213228,0.9277456308212666,0.26838898199794525,-0.12072330249355616
76521.224,0.774542246205472,0.7607959707377437,7.211451376012767e-07,0.6856444532872711,0.7275993170967612,-0.04781260153091112,0.611158714885363,0.6318176973287569,-0.06818622958140431,0.5650617401722507,0.5409776846377666,-0.0833197576797701,0.5188514607726246,0.4705400053445087,-0.0977395239877984,0.6578939426575071,0.4612377786034985,-0.040244244988149686,0.6234596048674147,0.3405459050496685,-0.06913332350957564,0.6016604856662487,0.2589525269541303,-0.09254908976978198,0.5852528144175443,0.18667382740063926,-0.11103521081398285,0.7167160755444042,0.43748803988693036,-0.039760401212054125,0.7075462161697788,0.293899450492633,-0.06295842468336783,0.7029969393606217,0.2005481283674786,-0.08380844488334922,0.699540504309377,0.1206896597320901,-0.10033141113880412,0.7726472564830235,0.44813026760478164,-0.04596355876973026,0.7714875924094261,0.31367603431489255,-0.07755037749630728,0.7676426772043837,0.2255188657112173,-0.1014663118752445,0.762382260453006,0.14512515195947182,-0.11900415549484636,0.8282854706212668,0.48598583655247773,-0.056069286650487056,0.8682278374190079,0.3955780742139278,-0.09093473462638246,0.8977410701909455,0.33274321751288916,-0.11018365049424426,0.9206377447200188,0.27342034370612067,-0.1231428644255985
76521.256,0.7724146792177069,0.764838402188251,7.202230048577775e-07,0.6830614717949235,0.7332535863968891,-0.04910048089282114,0.6064584255696752,0.6360472711598647,-0.07006405555386253,0.5580751250012558,0.5435687714316373,-0.08553548673106226,0.5104937652670337,0.4723596205995714,-0.10025411856769736,0.6539826604487438,0.46672379353140525,-0.04268377270553244,0.6189396303940777,0.34501170472062753,-0.07273158356792211,0.5967617619053744,0.26305878091338336,-0.09671454845369785,0.5799259540262941,0.19053930321206203,-0.11553516395352278,0.7129533872938558,0.4422311315053563,-0.04197140275734771,0.7030195670445689,0.29796199043545823,-0.06655887492805207,0.6970986289707145,0.20332804181630643,-0.08807163198702626,0.6922827176516702,0.12158517036843354,-0.10501109336531594,0.7691145815230033,0.4522595738420334,-0.048032257628514596,0.7676465729421402,0.31691967060169385,-0.08138124561162328,0.7629220628117686,0.2287231804532411,-0.10603069524161676,0.7567673725988528,0.14797169405539126,-0.12375195227287368,0.825216462654722,0.4895153300038021,-0.05798772707147247,0.8649269477119873,0.39749480077638133,-0.09438416935146784,0.8939572268916861,0.3345570980500528,-0.11432187152124144,0.9163960883344757,0.2749819147334363,-0.12760624911085
76521.291,0.7697216831414725,0.7689124624403203,7.267461459329835e-07,0.6802594376494402,0.7378475878187624,-0.04722057111792252,0.6032154673093248,0.6398187578270796,-0.06713381091540677,0.5552266752086313,0.5481398459051069,-0.08196133165724477,0.5084536388540257,0.47699129330555884,-0.09614760630778688,0.6495870217716273,0.47017989869227245,-0.041445061340522206,0.6138233729255668,0.347993722926592,-0.07109347864517955,0.5912807529983715,0.2661460131368736,-0.09475662882488754,0.5738330674695198,0.19355415648725147,-0.11332232349470456,0.7088010238866562,0.4456034588565039,-0.04165803961317356,0.698614057639045,0.300564423270686,-0.0662276215662047,0.6921172180280675,0.20462215226409483,-0.08802734007962111,0.6866200618550905,0.1221890115871545,-0.10509819567897122,0.7655003002791918,0.45518070108524117,-0.048464457834014874,0.7629756272877322,0.31961705218813513,-0.08204947311929545,0.7573611015453018,0.2311167021000539,-0.10741124024024969,0.7505126615349632,0.15043759853930494,-0.12548487619809168,0.8221797471937905,0.491810199798333,-0.058949507823500696,0.861960211760374,0.3987835790012004,-0.09546666766895184,0.8913851441720182,0.3356478016585274,-0.11568745647835117,0.9142985227601877,0.27628315064889775,-0.12911708398639166
76521.321,0.7672125327896958,0.7729237630614281,7.404095872735513e-07,0.677011973544533,0.7412625248231307,-0.04794577042578519,0.599450770801605,0.6433304973415781,-0.06834253133236254,0.5507164527176711,0.5516875635140043,-0.08351933032466453,0.5040079748798051,0.47926451146587884,-0.09793424280932442,0.6447873008220865,0.47351438621467784,-0.04208465263122627,0.6076951410773827,0.35044948316668273,-0.07234807476687012,0.5846674536068451,0.2679455158683299,-0.09641518014445243,0.5671125061002091,0.194774394262588,-0.11517036390829134,0.7046242584525184,0.44793338064380445,-0.04213907543616953,0.6938158562480677,0.3023879729265494,-0.06702445180529767,0.6870542421089133,0.2060291224568202,-0.08892702327654722,0.6814602742251302,0.12308728238912661,-0.10601406545407863,0.7620362077248696,0.45709064899643503,-0.04889410243517522,0.7593096680162325,0.32120618897774916,-0.08269186009282377,0.7536833541773796,0.2327213181564752,-0.10790035249300299,0.7468120770248841,0.1519358622050071,-0.1258055369760951,0.8195193873875581,0.493834130009274,-0.0594133569496061,0.8591961918139668,0.40049552141197464,-0.0960480132340228,0.8883087182939919,0.33674975504104,-0.11614793007223113,0.9109553248084515,0.2767138508171808,-0.12942800722861442
76521.352,0.7639643665478264,0.7771260386612397,7.522777664901882e-07,0.6723787720080554,0.7463491133221792,-0.04805660776051535,0.594545214265724,0.648131884307044,-0.06818665943735536,0.5469861726495768,0.5552077163804018,-0.08308655849899202,0.501055794111363,0.48136339593672156,-0.09722056920073255,0.6397399545848327,0.47632979853405305,-0.04240323183376406,0.6025642624537098,0.3518061572978196,-0.07235462557588816,0.5794390266926537,0.2686620497602328,-0.09602341035073092,0.5615635698471985,0.1953281147547951,-0.11451861639312454,0.7003684555148061,0.45095688656565724,-0.04255916426776506,0.6895342207281154,0.30424935747006926,-0.06754311079273773,0.6828252468315156,0.2067578439901449,-0.08968916635770134,0.6772099952589393,0.12281645762059337,-0.10691678309605263,0.7584081887996292,0.4601473003886096,-0.04942287860580167,0.7556340217254492,0.3227726224840839,-0.08386282954353401,0.7496956475574899,0.23313775465317402,-0.11013040388589812,0.7423629183408266,0.15101306289587127,-0.12870059914858809,0.8164766690426534,0.49683135642295845,-0.05995848017807975,0.8568890078626993,0.40206180439284767,-0.09757827789601961,0.8865457506364535,0.33755086388124167,-0.11856280362722303,0.9096280308763972,0.27677549468761903,-0.1323820147817006
76521.401,0.7618147058063311,0.7839049303213366,7.637103949525761e-07,0.6691551490238121,0.7527256997346154,-0.04655718112252274,0.5904848832879489,0.653859882685863,-0.06584955504354238,0.5428727850771564,0.5610608550371821,-0.0802091503616715,0.49681337411174453,0.48823867440211666,-0.09390568628997284,0.6352077521974392,0.4792062139480626,-0.04016414303596079,0.5976582296759629,0.35366265198515506,-0.06909449855769899,0.5741737128585381,0.2697394553665353,-0.09235440180908183,0.5558355753689811,0.19617735067166972,-0.1107129338744464,0.6964126679907339,0.4535289920588531,-0.04103608702389198,0.6857082944392576,0.3050382457074335,-0.06508677912184783,0.6789552510054996,0.2062984717776027,-0.087079242581188,0.6731994680689871,0.12228685391811164,-0.10430772901983619,0.7551399495931895,0.46258890248571355,-0.04854051423019343,0.7523537044338743,0.32346318134938,-0.08233314803625992,0.7460254341098168,0.23289455639866896,-0.10900062405714166,0.7383455295916243,0.15068322081270197,-0.12801305666540022,0.813703924725088,0.49981424337529917,-0.059592281058734486,0.854996810491409,0.4039886356216329,-0.0971698520016096,0.8852277772799308,0.3386566893547772,-0.11856222259978443,0.9088192049434634,0.27741968220010055,-0.13270499432511015
76521.407,0.7629381069335973,0.7853768343449281,7.587539541663077e-07,0.6698932412967528,0.7536190173714087,-0.04699537681241524,0.5906727472995741,0.6542010132809114,-0.06639399993610556,0.5421944035733122,0.5609887165748432,-0.08100596675290009,0.49693143646701887,0.48622177957270335,-0.09469922015133371,0.6353766018420117,0.4812268567035329,-0.03983215899376363,0.5972253285284317,0.35546351685780514,-0.06928050498539057,0.5743652368561983,0.27234481309534747,-0.09246152543017862,0.5571875628339372,0.19872050619262463,-0.11057608987212114,0.6966626520616954,0.4549583867182622,-0.04041420857211358,0.685991508960759,0.3060517773626171,-0.06488274543573469,0.6796246298376949,0.20690868207328714,-0.08654460047498427,0.6744186413230817,0.12130791309069786,-0.10345530445527239,0.7555412763443451,0.46350278985357946,-0.04784485284419619,0.7520318980714942,0.3230195536231493,-0.08236102902638696,0.7457501359646418,0.23375267584292236,-0.10848476513738256,0.7386304223901938,0.1523465286244124,-0.12676334202156858,0.8144298388427192,0.4999603861153391,-0.05892111212318194,0.85526293438906,0.40382763429084273,-0.09738547930754397,0.8854508492200444,0.33821173666321835,-0.11891034055754159,0.9094803275426155,0.2766592627229488,-0.13281356593265337
76521.434,0.7599252760771477,0.7926195543543705,7.720669790475208e-07,0.6661125780801991,0.760853533614608,-0.04560387227918557,0.5864889715460396,0.6604761250224152,-0.0641973517836506,0.5388087893360388,0.5663228525656772,-0.0780958332036805,0.4926761433047493,0.49272801801635197,-0.0913635660043673,0.6307262891740298,0.4843594674179292,-0.0390843838833047,0.5922083676912232,0.3570688771421895,-0.06808694671074869,0.5686355861404857,0.27191458516443334,-0.0914793209126474,0.5504258434750642,0.1970192878338859,-0.10991575625312412,0.6927305656188143,0.4576365014106183,-0.0405038745658211,0.6817168497158806,0.3069496749135775,-0.06430905848022428,0.674746530191409,0.20652596411152832,-0.0862964545015495,0.6689751859138974,0.12126436420943935,-0.10356074268544582,0.7524655009374016,0.4663416111120855,-0.04853546361728002,0.7490311792654181,0.32557485621367444,-0.08216621925618671,0.7424758842765387,0.23399021722520008,-0.10887503934478225,0.7348954869792801,0.1511187825169866,-0.12796184365032134,0.8120770493353271,0.5038943737079464,-0.06006829725946498,0.8536400909232387,0.4068806329063797,-0.09782053397887974,0.8841950353416793,0.34064852230245585,-0.11930250506644241,0.9083068135473583,0.2786286855462046,-0.13345523487237204
76521.464,0.7589579089029769,0.8012942453931968,7.858076173192938e-07,0.6623984210287471,0.7688157911694914,-0.04596779099458088,0.5814686351834876,0.6679398861634304,-0.06490041703822463,0.5334033798523863,0.5734803361519285,-0.07918595179765026,0.486253671049182,0.5002654503547399,-0.09287960575888402,0.6272100345004824,0.4890351213229583,-0.03916692797920547,0.5873830421197302,0.35996059431248506,-0.06867452339111135,0.5630142444883999,0.27348120345486926,-0.0927681294428714,0.5438495450908427,0.19726335341117848,-0.11190334534517904,0.6902198104285674,0.462157874159305,-0.041090210910713756,0.6792131650539838,0.30912886523632654,-0.06553864974846334,0.6720579368620079,0.20721744012564877,-0.08822701811587332,0.6657211328446319,0.12045764169045667,-0.10602740472046042,0.750672774842446,0.4713609047470916,-0.04973351208316362,0.7471174732526429,0.32819923855881833,-0.08424721845826476,0.7402813351976725,0.2350997195319174,-0.11148229065447975,0.7323459096997996,0.15069414042411375,-0.13093097028633616,0.8110039952746626,0.5099234438143201,-0.061900164435553524,0.8537416413117822,0.4118918276053405,-0.10067225205593619,0.8846379119762084,0.3446310816769438,-0.12264839483570174,0.9086988272444878,0.28110995694359764,-0.13713675842532375
76521.496,0.7583696874029036,0.8145174340296831,8.030846514593567e-07,0.6597023413873933,0.7814714971651627,-0.04726227917504984,0.5777334404600254,0.6770242455178046,-0.06668305219324465,0.5279052399833042,0.5803541783912417,-0.0815385288689873,0.47873072164373964,0.5070648120913512,-0.09568202559574697,0.6263109355731444,0.49681848520890703,-0.038522848653899676,0.5843237030684271,0.36566129014337545,-0.06874673874849214,0.5589771136487566,0.2773218570041185,-0.09350974506420123,0.5391864117823625,0.19954416509330594,-0.1132002476479284,0.6895604922641851,0.46937983482042656,-0.04057159360397568,0.677642795072353,0.3140129188816155,-0.06586829481428029,0.6698036041525687,0.2094418001954642,-0.08923148827837935,0.6631738532963559,0.1208098081317229,-0.10740071245896222,0.7505639360685782,0.4785394982666076,-0.049670459737882144,0.7462589986698214,0.33220652321891014,-0.08530352470727225,0.7388095294125979,0.23743898947478181,-0.11305757756623731,0.7308858624573775,0.1520300400283059,-0.13264174270365625,0.8116775072441909,0.5181194178754225,-0.062467462120205854,0.8559484099207227,0.41930625266585125,-0.10259573858544345,0.8871374921852044,0.34982362075595175,-0.1253668615542729,0.9116701099766169,0.2844566345983446,-0.14022882136569817
76521.528,0.7559839872478886,0.8285029683658472,8.106603200519537e-07,0.6559814095502056,0.793565205080328,-0.04683536026649575,0.5746367778688128,0.6882769695747051,-0.06650466026881861,0.5248318644382283,0.5913026892981191,-0.08187019133858905,0.4749070525008885,0.5177365166454518,-0.09662581747365082,0.6235121778195261,0.5038407063406806,-0.03779932160062936,0.5813925814336601,0.37096074932510487,-0.06808937736474761,0.5551899981200727,0.28122863572415496,-0.09315572543555233,0.5344293289365265,0.202511704506231,-0.11310152579899238,0.6877465758786997,0.4762783900125033,-0.040614172617840456,0.6756951994854162,0.3178925671815996,-0.06575489968194632,0.6676012764324143,0.21168349280711435,-0.0894256509090489,0.6605314701540181,0.12200624709409429,-0.10785552072354378,0.7497009266789878,0.4859959473205865,-0.0504677175340162,0.7458524051048049,0.33660511309852464,-0.086058281047547,0.7381406988852343,0.23945436016853844,-0.11428451736524907,0.729580970057922,0.15218094416729272,-0.1343078366241777,0.811496234147958,0.5269244498074983,-0.06398298595775789,0.8571242575753085,0.42595433496715923,-0.1039443825426864,0.8890929575446539,0.3553790842885537,-0.1266060997026729,0.914143097359954,0.2894380361037476,-0.14144977801752273
76521.56,0.7551820580105861,0.8448048365833561,8.073263826511513e-07,0.6523740990368232,0.8082234474363432,-0.046529472042409405,0.5695127955633426,0.7001908557736259,-0.06530852591906215,0.519876974976107,0.6012008899321278,-0.07992687030189749,0.4704712347592116,0.5262215781912806,-0.09399505902896486,0.6211154243217815,0.512719125688801,-0.03617986916939844,0.5790185735485355,0.37722592821209205,-0.06615074219818978,0.5524393086697538,0.28507999986873717,-0.09111177352378917,0.5311131874804054,0.20464854439624947,-0.11113653603262509,0.6867452810357954,0.4845364655311881,-0.03939099243041911,0.6750834694127537,0.3231575548168492,-0.06450200020291946,0.6664326267844359,0.21500307582410963,-0.08842585875921984,0.6585412514530347,0.12389390514372893,-0.10699926345238127,0.7496609912968105,0.49460429541856443,-0.049761338004894864,0.7466844994905917,0.34244739093700827,-0.08578792333728921,0.7387896539859817,0.24300341937816175,-0.11477518825201963,0.7298233224239391,0.15380105431285246,-0.13530999460800347,0.8120864554107222,0.5366451717358628,-0.06377157143662972,0.8591629657008686,0.43519345784629954,-0.10461534717381646,0.8917051140410811,0.3636392765528093,-0.12805994161076356,0.917284538441169,0.29655240398948407,-0.14340524879013603
76521.623,0.7535446072802374,0.8725108986822,8.147875776688741e-07,0.648914795868685,0.8360472255166771,-0.04674814169097817,0.5634793062049358,0.724780036682027,-0.06594265355015676,0.5123351913495551,0.6233031970816048,-0.08095188457123391,0.46122493648433827,0.5449967358297643,-0.09556819936050569,0.6167815258983567,0.5267991993918774,-0.03699072926388727,0.5734892579085128,0.38802988029000435,-0.06761674499264497,0.5456453456907576,0.2932283618330732,-0.09329290729557055,0.5231658503823297,0.21200898532763252,-0.11369691818646038,0.6851766617905423,0.4986524446503482,-0.041100610336919446,0.6728216008268006,0.33256268517517756,-0.06633754939887754,0.6631859485461374,0.22105339754574507,-0.09096821867304734,0.6545883052970173,0.12865591847325178,-0.10980137358488541,0.7507669465368059,0.5108113821404118,-0.05235904878830337,0.7480516324442863,0.3541507043539984,-0.08844903504784832,0.7397471324039272,0.25017752768920554,-0.11841538047066244,0.7304448354237953,0.15748970582976107,-0.13963273273431354,0.815392377365726,0.5565211245239253,-0.06720066019600236,0.8641801453767916,0.45279140707883797,-0.10815397707957242,0.8961767780521226,0.37802320450943916,-0.13180829878208777,0.9215937308398596,0.3077125093103362,-0.14718132862747682
76521.657,0.7535441900084173,0.8865781249080407,8.129593089562129e-07,0.6481154302629238,0.8491306175927793,-0.04796527232315076,0.5603658636468933,0.7365902411777591,-0.06778882828365612,0.5083083487984508,0.6322304851619046,-0.08340530252998239,0.45654214107666113,0.5530930494268097,-0.09851987594573745,0.6153043677783446,0.5355197846016616,-0.0386164698406256,0.5707471610464796,0.39377335869588376,-0.06999231421381591,0.5421672782427212,0.29832903386667,-0.09610980779080792,0.5189461347032728,0.21501616724711098,-0.11695033935794677,0.6841041107467345,0.5066339389771456,-0.042505722925113676,0.6709951802932118,0.33626195725523295,-0.06858200223430391,0.661614381305684,0.22264159100345599,-0.09348207075942135,0.6530054089913496,0.1273706749262014,-0.11278750914957814,0.7499670604685972,0.5181989572924676,-0.053702095068970154,0.747162056731503,0.35876364951018347,-0.09061366319115012,0.739261637352412,0.25363950132172053,-0.12062917281011203,0.7298815123089808,0.1591424005686311,-0.1420637764711952,0.8153011888327469,0.5629973154294508,-0.06867431002966866,0.8646754477331016,0.4560004166955958,-0.11010253211650997,0.898745154898797,0.38040726612322995,-0.13389367897570245,0.92558490389637,0.30958520221762525,-0.14957926004227876
76521.689,0.7538009510659764,0.8971535200679953,8.390886353086671e-07,0.6474703240978363,0.8588311107029486,-0.050333456633819204,0.5581438577475583,0.7456130178218768,-0.07136438112674139,0.5034003952467601,0.6411153994099034,-0.08791381814182803,0.4505777279505146,0.5599826124696449,-0.10383898980322186,0.6124192595631258,0.5407497810205075,-0.04032882922327829,0.5673516757754086,0.3974512980187474,-0.07285620479033901,0.5380801344508163,0.3007403047699681,-0.0998280609775486,0.5143329570611279,0.21637161253443554,-0.12126527077522774,0.682578654014698,0.5111811336550377,-0.04348489065938557,0.6689622118346499,0.33875017147010084,-0.07000516110289623,0.6595327996446659,0.22350340786759998,-0.09487146730202779,0.6509519797838822,0.12616595977812667,-0.11424319272315792,0.7499913932281039,0.5230122408461871,-0.05433323169800569,0.7468694297253872,0.3614903815039869,-0.0919886388212741,0.7384347261227758,0.25490796364599566,-0.12225835426430412,0.7286871464789111,0.15888574487146537,-0.14383020292372842,0.8167940159956626,0.5686820713327314,-0.06919867347192636,0.8668604390720842,0.4601143418554331,-0.11172394496638922,0.901611759564367,0.38337921128923064,-0.13608152784972757,0.9292000412015577,0.3115676150615972,-0.15205300099470714
76521.72,0.7527961332483663,0.9059073345415698,8.455885890011892e-07,0.6466188247338677,0.868420745869417,-0.05055908013495768,0.5559726362575496,0.7541327912537293,-0.072409085391532,0.5000721387143803,0.64854132506562,-0.0897231443516516,0.44561676049429205,0.5664959806025861,-0.10653738056509542,0.6104888825555537,0.5445409560962398,-0.043068963393571295,0.5643115328140833,0.39986237038212524,-0.07680102988675057,0.5338692553686485,0.30323714272571267,-0.10455818588036356,0.508570791861342,0.21781013032216118,-0.12663844656446832,0.6820471240665479,0.5145398879294736,-0.047006057865325884,0.66860590120385,0.33955595328246657,-0.07522163052215994,0.6589465729881735,0.22251941693289864,-0.10136075685704168,0.6497544369529611,0.12328004480474594,-0.12164900774508422,0.7506789710078323,0.5274206734650304,-0.05845081852615673,0.7479480635371661,0.3638286174760801,-0.09765148162307948,0.73893680246989,0.2560452286533506,-0.12859238986292906,0.7279849212635086,0.15854669209220573,-0.15060172476409425,0.8186062966153079,0.5750892537464628,-0.07379707504531087,0.8702069332198121,0.4639845913459501,-0.11707061168103113,0.9049792533198362,0.38556993146885926,-0.14145825033783133,0.931680321166109,0.3120521216849499,-0.15752433043349756
76521.752,0.7548693216503718,0.9116910599029213,8.660712448602234e-07,0.6467223680877874,0.8743928281353807,-0.052101502407306065,0.5542392759326538,0.7590701377212142,-0.07522228060768485,0.49687197328447336,0.6524416498077691,-0.09364553251051771,0.44103051560314865,0.5691178106669026,-0.11156950819417438,0.6098973807676659,0.5471574453934457,-0.04557424093520865,0.5633026689281261,0.4005799656276307,-0.08057208585005993,0.5325489744638323,0.3025215185850134,-0.10915205940502867,0.5073138383391048,0.21553647199328768,-0.1319422808162319,0.6824930132041572,0.51710823961286,-0.0496562686510817,0.6684746570941624,0.3401738324697899,-0.07941629622565856,0.6587157684389564,0.22151230880673572,-0.1066317823225686,0.64967042888708,0.12054937154215506,-0.1277521227996641,0.7521921598579375,0.5307102862489828,-0.06135438696919522,0.7492600431075945,0.36516996868414975,-0.10230855871575883,0.7399135150995857,0.25568473638546035,-0.13437581364869267,0.7288356698546782,0.15632422393340134,-0.15715472507169587,0.8213019369823046,0.579479160023905,-0.07700044810573618,0.8740796952319624,0.46693667000948796,-0.12197149273029204,0.9093978926328465,0.38700788992930396,-0.14743384417586322,0.9365059911208362,0.3117938049945011,-0.1642877391361511
76521.785,0.7576387299346099,0.9178624741880832,8.731655043803847e-07,0.6489478688342342,0.8806716179498989,-0.051961472112993165,0.5554451173519268,0.7634801907064708,-0.07526368577957351,0.49763611387149725,0.6560906610863543,-0.09393707215192133,0.44107675184483514,0.5727548119493686,-0.11223258247065222,0.610127252570214,0.5492678555264684,-0.046947943134352695,0.5628091405078824,0.4014473494594562,-0.08319593712960459,0.5321106697488054,0.3025651263071011,-0.1125231534310118,0.5072853442070661,0.21478227636259725,-0.13584498081371907,0.683723663154887,0.5192134087694686,-0.05180806496676454,0.6685795644011628,0.34059788371666566,-0.08314919789086535,0.6587671642537591,0.2206448452487305,-0.1113008545395432,0.6500212444182872,0.11853525352689241,-0.13294337265312828,0.754901195218852,0.5332517043533987,-0.06427165138821024,0.7510232933398168,0.3645920851642926,-0.1070778693814472,0.7413487521229859,0.2542888998199133,-0.14008972830785094,0.7302800474908744,0.15385595275306954,-0.1632896276459865,0.8258229786032766,0.5828155959857796,-0.08054955496829344,0.8795845748631369,0.4687533058860232,-0.12731584171127386,0.9151699959892937,0.3879431800546471,-0.15366804533680367,0.9425085489601783,0.3115063487973544,-0.17094559178206492
76521.833,0.7613147620870097,0.9238173809073486,9.062265636488937e-07,0.6513201574097522,0.8869819346050828,-0.05384805555756204,0.5565362571457234,0.7680156980203875,-0.07798788571387526,0.49815928485805666,0.658511864402295,-0.09726689357104544,0.44097868892728864,0.5726453230624728,-0.11608282254305358,0.6120159730222842,0.5495092288746182,-0.04851633989368159,0.5642079219386875,0.399222080449266,-0.08542609432627501,0.533686411402272,0.29895087153679273,-0.11528879610022402,0.5093168455953594,0.20985088840200178,-0.13908355249530954,0.6867748798800788,0.5195023925905916,-0.053043242403617116,0.671585778524231,0.3383574968955557,-0.08500870734521382,0.6617631544067394,0.21646759662206705,-0.11384241615198681,0.6533146105525595,0.11264305573300444,-0.1360400543666657,0.7592063155756401,0.5341634572998123,-0.06537035129241628,0.7554794116152967,0.3625056831400894,-0.1091397980722278,0.746197128324958,0.25140592030271897,-0.14294412718724173,0.7358394615266838,0.14999917644399918,-0.16668340626662156,0.8313956942419097,0.5851704349949519,-0.0816516591055186,0.8860906722708981,0.47014425476413685,-0.12995763192839416,0.9226670053646319,0.38871020871765666,-0.15728396728670122,0.9511487836485216,0.3114070376168912,-0.17507892103957715
76521.839,0.7625797840255603,0.9260391750868464,8.832172643638461e-07,0.6523783578482059,0.8880285844647411,-0.05244632346481298,0.5564798527606314,0.7686534970712957,-0.07570634410030658,0.4982433770017271,0.6579618093039845,-0.09426758950467223,0.44123689290175416,0.5716950587469942,-0.1124860687516252,0.6125832845937871,0.5503015112819528,-0.04764712154886011,0.5652582481752005,0.3992963631686493,-0.08363612321838823,0.5335827647081611,0.29923082757317016,-0.11273930962068805,0.5072274914100457,0.21041688909221176,-0.1360005634219915,0.6876950701955972,0.5200281145463097,-0.052543307859799354,0.6734101244116554,0.3370112252817412,-0.08335201255597607,0.6632976852839517,0.21529606346775004,-0.11146232628777948,0.6540049875423364,0.11197901281058763,-0.13332520567310585,0.7600714204927652,0.5345593424710616,-0.0650394183253708,0.7570680596908494,0.36323909735711973,-0.10744890722761354,0.7474713129655965,0.25071053266109355,-0.14077977540188338,0.7362412500628797,0.1483200324462316,-0.16455677053529968,0.832142213276592,0.5852899172603748,-0.08139112839908665,0.8865324835965427,0.46929143225019826,-0.12812574102280755,0.9233655559348977,0.387189464159454,-0.15458028669733095,0.9520669488468012,0.30984689722325,-0.1720841930957801
76521.865,0.7652163936989251,0.9281657684768635,9.072232565340959e-07,0.6535122562150268,0.8913909926757448,-0.054005245882055276,0.5578307928949097,0.7703751310432456,-0.07818743550912767,0.49920988379529013,0.6591039651635101,-0.09766872679113457,0.4412278747684435,0.571681163107256,-0.11673597704629907,0.6151330035071958,0.5496774405840247,-0.04852345317066913,0.5668138369260821,0.3971612191306392,-0.08596697597719609,0.5357261193253093,0.2952590212652481,-0.11609099532834143,0.5109009265287604,0.20472284164143142,-0.14011689974242492,0.6911386528817344,0.5193561200159578,-0.053554784336971216,0.6758200589931288,0.33541523898673953,-0.08583733396646995,0.666097623132024,0.21188732841006847,-0.11493167926621375,0.6577435222652122,0.10595565772609536,-0.13738769316324903,0.7646357947962178,0.5343830004230996,-0.0664938956369459,0.7605004690816066,0.35928099259398766,-0.11118555354944042,0.7513263297791918,0.24650609019248715,-0.1454433870379809,0.7409381949507319,0.14302949156059253,-0.16949071788184425,0.8381924197269857,0.5863306777080616,-0.08336731743955153,0.8940799311017983,0.47033719640945904,-0.13298611141964942,0.9313570094472641,0.3877736971736001,-0.1608555539454121,0.9602596966074678,0.30903428361775687,-0.17895123969190166
76521.896,0.7693164641652551,0.9324291631190396,9.162072050745944e-07,0.6561512942118856,0.8955808570935,-0.05364370560389951,0.5587124774101179,0.7697325143156148,-0.0770069001047539,0.4989991150029789,0.6547651549499298,-0.09574125051614057,0.4395402522309265,0.568445556772785,-0.11420638408183552,0.6182800648759065,0.5475567215667126,-0.047680176335623874,0.570458497049549,0.39316089212541705,-0.0844831418674324,0.5397916210465916,0.29016954606933637,-0.11421585546623228,0.515189459260839,0.19868014363899864,-0.1382376967390001,0.6953014212582037,0.5174140249508766,-0.05315477942169826,0.6805493490231848,0.3320215822528661,-0.08547723697053494,0.6712426796303587,0.20713807657987118,-0.1149007819265484,0.6634561485820977,0.09942008261661898,-0.1376308793225739,0.7696631176788347,0.5333547227149074,-0.06650408176572827,0.7663682491387328,0.35586904926736906,-0.11208232372129429,0.7573452780736183,0.24186293428721808,-0.1472948594322658,0.7472944771792857,0.13725350874721765,-0.17191834261378183,0.843890350861007,0.5867846750771093,-0.0836732767751975,0.9017252725118565,0.46963627706485933,-0.13465681662167503,0.9401626784214083,0.3863561000287213,-0.16346765417186523,0.9701275706055322,0.3068468797074783,-0.1821161515706275
76521.928,0.7728315895471898,0.9329043437337666,9.544294066816104e-07,0.66000514688446,0.8964626627678802,-0.05487729604496168,0.5614831276687849,0.7708881974010535,-0.07908392078683711,0.5013045498877217,0.6544772116967469,-0.09851344468464361,0.44212179525162826,0.5652154907666427,-0.11756103606957755,0.6213214741065357,0.546262400004168,-0.049960385164684776,0.5723075366830855,0.3880409304235271,-0.08726801588412059,0.5415771470740933,0.2829278939652765,-0.11672556463587377,0.5173516768106797,0.1899619532141237,-0.14039541729484406,0.6988767930906844,0.5150833202924884,-0.05497029418541564,0.6840134790856658,0.3248696066858687,-0.08749794618890328,0.6757327382775825,0.197089380650252,-0.11627459113345448,0.6693069759808749,0.0881651905583848,-0.13848269419985318,0.7739132552993184,0.5303776034423242,-0.06797162412194768,0.7711649436620787,0.34988788442478314,-0.11361035156247026,0.7622057667112407,0.23421776671601086,-0.14867082214240618,0.7522536577181922,0.12860064607166935,-0.17324872601311414,0.849230666492844,0.583807618507413,-0.08491010709334706,0.9093391877047372,0.4658601100687115,-0.13584873708757697,0.9484360478230752,0.3811503558158825,-0.1649067527513834,0.9788288350759965,0.3001122003473919,-0.1838352867923458
76521.962,0.7757368028028658,0.9391385594893923,9.609902177714905e-07,0.6609175067887255,0.8982934484673304,-0.055778283516906405,0.561519836279781,0.7689066796218003,-0.07980082459977869,0.5007550993708557,0.6508384638558938,-0.09882110498144721,0.44185637975896996,0.558056085257602,-0.1171745303845911,0.6233847114530792,0.5419689270178681,-0.047941874187937175,0.5749761212337493,0.3822607523674416,-0.08545190018212259,0.5445931344101345,0.27546795490733716,-0.11586084982192571,0.5205665239755863,0.18090134784972783,-0.14041765467924344,0.7026486368256561,0.5119226415180694,-0.05282685512433398,0.6880202794645683,0.3216928506829284,-0.08491420840862718,0.6795561163225968,0.19215403580403295,-0.1142142132010289,0.6723870706463267,0.08173049433959889,-0.13694730577903425,0.7793152635422154,0.5288374486689602,-0.0660952057131789,0.7762886979855105,0.3486933096652961,-0.11094657507960536,0.7674836667629865,0.23088899704512716,-0.14588057438531687,0.7571630820063028,0.1230892051175978,-0.17058698265585018,0.8562029651991028,0.5837747194441182,-0.08355809419788648,0.9151000923530251,0.4659537430390605,-0.13350749426658207,0.9526583892214099,0.3806354615026409,-0.16219622672765496,0.9813406210386237,0.29851055785062613,-0.18114842531220102
76522.024,0.7829729645707864,0.9491623719673851,9.865805724607595e-07,0.6659224492109689,0.9078277076029967,-0.05798488429434581,0.5656555700191951,0.7742048010240947,-0.08307504710842366,0.5028317204329024,0.6531653273708888,-0.10294676770178546,0.44209843726854603,0.5558464550916693,-0.12211394222779204,0.628661400932969,0.5436893048924557,-0.04835395374144515,0.5796886223852304,0.38082278112183243,-0.08739331034506732,0.5484653523187696,0.2709154142129864,-0.11908983640963941,0.5246819764733215,0.17403848297704486,-0.14468305644649074,0.7096215019490774,0.5128309705677352,-0.05392516633958977,0.6941813736545538,0.3184784801235541,-0.08755229169120522,0.6857713813957512,0.1836462795130567,-0.11868766033828179,0.6792027803005387,0.06910412359707219,-0.1425259572738304,0.7881935109644896,0.5320404320303027,-0.06824827984453649,0.7847457050590203,0.34622617405290573,-0.11549284820629444,0.7775940359934103,0.22548308881794507,-0.15189184907606842,0.7685864627120668,0.11440112820778596,-0.17734481163423346,0.8676749688225448,0.5913768462685788,-0.08687854335168406,0.9275963413437575,0.47426264443615834,-0.1397599944286021,0.9652257494215722,0.38944617388624786,-0.16933679404504043,0.9928690028532674,0.30718657911204483,-0.18855304379018817
76522.058,0.7855778613248326,0.9639218869936016,9.73700759264324e-07,0.6685388004515732,0.9196147980856003,-0.06205961138438948,0.569080536217984,0.783777666460324,-0.08953896499361846,0.5036092951613753,0.6620022257399161,-0.11115795416482639,0.44112372742417294,0.5624267226558879,-0.13214943863317755,0.6341257508925817,0.551159929978706,-0.05307698865954896,0.585239947958692,0.38524561674719976,-0.09543986112703999,0.5530532992605725,0.2720724750814664,-0.13010302402749344,0.5292166221910216,0.17231717821849868,-0.15771387981340437,0.7160001670375903,0.519760808147806,-0.057770747571660515,0.7006801299471278,0.3237189518429729,-0.0941437026057116,0.6925706844697126,0.18822878723667164,-0.12787882136863096,0.6864208220214274,0.07172036353477027,-0.15369945204256238,0.7954722145281308,0.5397470854255368,-0.07148082902463282,0.7926715906669457,0.350386493961341,-0.12099698454898802,0.787663024722152,0.22787845151325523,-0.15851254601364764,0.7806734548440232,0.11458467823487457,-0.18474120140364794,0.8757617589917271,0.6006320385120472,-0.08977721367924858,0.9353161031532845,0.4806256598710103,-0.14425674516570136,0.9738796140649773,0.3942210312794418,-0.17393612366135713,1.0021076705271834,0.3102386689874057,-0.1932088776789016
76522.088,0.7898612469259509,0.9767998194662579,9.574247416845498e-07,0.6733642045787483,0.9349935083092162,-0.06527738387009727,0.5710338857571194,0.8013453897570159,-0.09533164362541453,0.5062786570801106,0.6788295306802912,-0.11861663618212046,0.4427535848813979,0.5799863427074312,-0.14174864976272836,0.6373379845542253,0.5636438778329369,-0.06306764987877181,0.5864976634559564,0.3954553260641135,-0.1088102226016955,0.553040049325296,0.2798031299717845,-0.14555329467998368,0.528171223481564,0.17747038038281532,-0.17463028288444896,0.720532049435907,0.5308216945428588,-0.06731197022351021,0.7039313393261862,0.33170440455670747,-0.10713719994984534,0.695963146346226,0.19585644310553174,-0.14235146933239004,0.689851700692619,0.0777334742953537,-0.16945764758196546,0.8005315195513354,0.551572457999297,-0.08041485711588486,0.7979663242052415,0.3600219494055327,-0.13271780090140933,0.7936014025090157,0.23498839372339506,-0.17114963904323896,0.7867010272826258,0.11939031417070044,-0.19828035320154988,0.8813766985363973,0.6132200452445669,-0.09818786088100917,0.9400693536811577,0.4870590753048935,-0.154165995546088,0.9799460381291186,0.39923295606821385,-0.18407958681764247,1.0084730875347228,0.31395349416062207,-0.2039349148069165
76522.121,0.791594292833273,0.9955249895744249,9.56854011100132e-07,0.6760214566019976,0.9511746069877999,-0.0635758972443378,0.5737215439109867,0.8189124311557373,-0.09378403083309858,0.508575549396932,0.6966001869131038,-0.11774981011441765,0.44425021357490363,0.5983532329461162,-0.1417641997791749,0.6393017110821013,0.5807747322370941,-0.06369468798108188,0.5887173696721049,0.41065918128754536,-0.10938485459487922,0.5550448188709287,0.29522298627973576,-0.14555658097313923,0.5298898569410434,0.1925941618856559,-0.17406370020654371,0.722844697757068,0.546513653248658,-0.06926840419307932,0.7055253462754183,0.34318056581871503,-0.10911578994578229,0.6958325896332415,0.2050235742401283,-0.14421184310974,0.6878664049129476,0.08613570816813462,-0.17118640409233424,0.8038488892044878,0.5662836424023591,-0.08343762744387838,0.8005265651345459,0.3714562268335463,-0.13570890661202567,0.7939957344887659,0.24360544789804037,-0.17504463637262357,0.7847774831423747,0.12716282703675885,-0.2028564033348313,0.8858017350777473,0.6269565792231325,-0.10205829451488634,0.9464076464054508,0.49666909038409324,-0.15753802302286873,0.9866034422474835,0.40564949779530274,-0.18794152080984577,1.0152430019844514,0.31913991840909994,-0.208326282453652
76522.153,0.7929783360282597,1.0066260396369162,9.541574687603705e-07,0.6794445489357916,0.9587474519779557,-0.06451498375735287,0.5782435537412033,0.8343319492784791,-0.09809027563275428,0.5125018677662629,0.7188866352659986,-0.12551540706309036,0.45049242265943595,0.616850061846859,-0.1528290582884876,0.6413811479599224,0.593245033026952,-0.06773411872798599,0.592513317244905,0.42336205333541566,-0.11588899696056305,0.5587038590296239,0.31102037814002814,-0.15341671136822557,0.5332960449585744,0.21030881271861235,-0.18224319597595848,0.7257918393048969,0.5598838335866088,-0.0738139361138075,0.7088220264745333,0.3543280719863343,-0.11522528680020715,0.6984650002410671,0.21546772724026345,-0.15102301409838267,0.689708519279304,0.09570676045745383,-0.17834726187472935,0.8078618291002067,0.5806944732265378,-0.0884295087264518,0.805023303186755,0.383438477370336,-0.14113328609389453,0.7994505384770937,0.25535032090267457,-0.18019784374697304,0.7901011094916305,0.1387653784363348,-0.20776609553592237,0.8909087694743825,0.6424074277959182,-0.10755250869757264,0.9505241640533211,0.5107945884961633,-0.162210740183735,0.9898357498465591,0.42006454618229594,-0.19137576616635307,1.016919240041978,0.3346672983755768,-0.2108584763545441
76522.185,0.7897736090922912,1.021918783842444,9.527755679557728e-07,0.677924305386178,0.969490237509399,-0.06315150510850018,0.5805812551914754,0.8464459571902369,-0.09678670019383961,0.5152813297661102,0.7325602558566374,-0.12467181881760991,0.4528007107977339,0.6321758281272005,-0.15246370556402697,0.64415462978726,0.6061946939561599,-0.06570608548642462,0.59412469998689,0.43587289738621743,-0.11356173903730676,0.5598221574510142,0.3232668664146634,-0.15105434011155783,0.5341239877084606,0.22240269689644224,-0.17960335288622903,0.7289254580304699,0.5738435362738121,-0.07226385810904114,0.7116990792932759,0.3653837573764144,-0.11271176346948827,0.7012081164740259,0.22486234650088158,-0.14800862358152184,0.6923650015093218,0.10520870704980981,-0.17480304547050035,0.8118599193014638,0.5953062077214782,-0.0872203902396236,0.807388150822926,0.39551121505646664,-0.1382552575642936,0.8024919931136473,0.2661565875285102,-0.1759842478416776,0.7940316796990597,0.1501819800477254,-0.20251204607663562,0.8960495581566341,0.656750704801377,-0.10669020818482057,0.952554495845751,0.5234423470726695,-0.1584577867321312,0.9903193007492661,0.4332568302480006,-0.1852642835204154,1.0163288905598915,0.3500009642467362,-0.20313275561120375
76522.217,0.7935954952582313,1.0218026893573986,9.309063706048307e-07,0.6813456228584447,0.9727627289352319,-0.06900179572864948,0.5823063086858424,0.85481830337302,-0.10682364959039879,0.5157420026908935,0.7424071461020094,-0.13774578404128357,0.4539426790665332,0.637725887577007,-0.16866050397237428,0.6454297448097784,0.6138697286370617,-0.07530214945843977,0.5949349250416386,0.4431508930409541,-0.12712357630226112,0.5599689698288524,0.3306887238125104,-0.16738910449741037,0.5340367047501369,0.22930225077093822,-0.1976727082038607,0.7320670815958381,0.5815700808885983,-0.07955571690265886,0.7139299682873063,0.3742646960602676,-0.12296458557411999,0.7032236609243311,0.23658598240185358,-0.16076191508732238,0.6937274905461583,0.11605342954028944,-0.18967744068910175,0.8154463154933381,0.6029908243671938,-0.09228371338603363,0.8133907029907793,0.40568837247024014,-0.14474951076254577,0.8095448207777265,0.2766258703604907,-0.18381912237665804,0.8007597586447353,0.1591694048414892,-0.21166300180738998,0.8993112459476117,0.6643971214872602,-0.10988603518646912,0.9550170993003683,0.5340175992869243,-0.16179448316662315,0.9919055165288033,0.44598691417811054,-0.18888726761934346,1.0159627623701941,0.3637162511059957,-0.20738178780003683
76522.265,0.7955265143474534,1.01949515964659,9.74579873794541e-07,0.6845330674012303,0.9703170550924243,-0.06553763380288141,0.5861392088455931,0.851484960558239,-0.10175580017477617,0.5184964324790948,0.741062062670426,-0.13170434530620084,0.45526952913509205,0.6391402063117648,-0.16192258525593245,0.6479264359682106,0.6135472984115719,-0.0721006317984217,0.5969602590667048,0.44427536537032125,-0.12221133038912843,0.5613223304584581,0.33125600953940787,-0.1612314910514328,0.534359725736191,0.2303332905359634,-0.19094924459867138,0.7332180197402987,0.5822479249953827,-0.07791493186705986,0.7164991146341073,0.3763858902304312,-0.1204619547969472,0.7072913776072735,0.23729733814403198,-0.1574672550793334,0.699140795817301,0.11729244712690176,-0.18578833469092731,0.8152086864940431,0.6038346363713383,-0.09196094137254628,0.8138130259790656,0.40786999498616305,-0.1443182561836773,0.810459178620057,0.2784016303323979,-0.18377109277181453,0.802203373305886,0.16072375082603632,-0.2120329808737561,0.8975906617647492,0.66510498879744,-0.1104879676596217,0.9560161545935748,0.5385814158790869,-0.16330615687955252,0.9947876005044212,0.4524228259591747,-0.19121802160956397,1.0205474862360475,0.371960120000554,-0.21028542910494835
76522.271,0.796584321706254,1.0189741140028497,9.958159920895128e-07,0.6858384994532032,0.9710166334643322,-0.06627762675144462,0.5878108615894202,0.8534444787446802,-0.103213769649463,0.5209352775542052,0.7442880233768986,-0.1336416049950844,0.4581095895156568,0.6420826156232692,-0.16431108425729596,0.6483703678367367,0.6138520600584334,-0.07376779290167985,0.5968564480505555,0.4444762610243225,-0.12406005122258912,0.5610635149754465,0.331739345108913,-0.16306534420647847,0.5339253870698074,0.2312492292634517,-0.19275472239914304,0.7339338549196837,0.5828402976166832,-0.0794018214627021,0.7167598197086872,0.37703640499141233,-0.12243392203046834,0.707506281628702,0.23787936384001965,-0.15986031540386952,0.6995102291137738,0.11789811453272261,-0.18837967784174317,0.8158628138380412,0.604479104279014,-0.0932133367606653,0.8138322504406574,0.4085755422952299,-0.14604446000005503,0.8100623978940907,0.2790863587016782,-0.18612072127414248,0.8016051869764719,0.16105209903835144,-0.21476238138107911,0.8981908311576731,0.6656257852306333,-0.1114716883464957,0.9559958137504864,0.5395843157893784,-0.1648932817674988,0.9942529072965414,0.45359732949674725,-0.19337553172129074,1.0195890130498821,0.37272811790731397,-0.2127605072263226
76522.297,0.795672118081668,1.0165248151507156,9.998214451117636e-07,0.6858146028151727,0.9671854522925403,-0.0641651440480188,0.5886750684544075,0.8475502163239187,-0.10017702733119585,0.5224349560646303,0.7384030122490377,-0.13008398156927303,0.45942545590568007,0.6377128379679228,-0.16053890106616575,0.6483708205362536,0.6116520879386045,-0.07284456812927351,0.5975068443135685,0.44307569107669625,-0.12302248416312887,0.5614664942250027,0.3303407184401491,-0.16199271678194269,0.5340100458638241,0.2297537582809122,-0.19177066800640016,0.734101495105016,0.5811242158488968,-0.07961979456479107,0.7175570551979105,0.3755889877337872,-0.12267695248003388,0.7088681412569199,0.23692111702276672,-0.15999107274600394,0.7011437640387237,0.11691198410518529,-0.18847749595173433,0.8161119298306047,0.6033992557625459,-0.09436442612752287,0.815212961883868,0.40606299634603377,-0.14767663024344535,0.812334094550476,0.2769091002331199,-0.18780310725191157,0.8046866105445925,0.1589233697190693,-0.2164486677208781,0.8980658139197993,0.6653927099498861,-0.11326490804637994,0.9571342638431345,0.5380021169136425,-0.16747869050068118,0.9968236645561487,0.4520840523407762,-0.1959702169115114,1.0234006518171095,0.3714624215759209,-0.21530954893707727
76522.328,0.7961787762336604,1.0143936538135003,9.955906679837904e-07,0.684605169887923,0.9630878952390877,-0.061110903707362586,0.5868434360614264,0.8420434857606961,-0.09517879991886517,0.5223793649372847,0.7320918879684131,-0.12358318281655231,0.460156442361847,0.6323060313579157,-0.15255983150932675,0.6479642874924065,0.6080859261602684,-0.06907805666672087,0.5974379146050816,0.4390368412003179,-0.11714722750466634,0.5619856203292235,0.3258253235570468,-0.15457226030363608,0.534599978707935,0.22520116031213663,-0.18327069773902216,0.7338668486169181,0.5780688453290659,-0.07676906784791067,0.7187312457024443,0.3721883058139645,-0.11814992625193406,0.7105082441477565,0.23335634438641506,-0.15435134467153194,0.7031048508329129,0.11448508317343277,-0.18196051550837933,0.8160774140495255,0.6004625281941837,-0.09213467477003227,0.8160685876487191,0.4041285569559278,-0.14327218038992834,0.8134523795688798,0.2748146922494647,-0.18190357939610216,0.8058898840353971,0.1575163040731028,-0.20960157952434935,0.8983367442983173,0.6621548177823684,-0.11148960915309758,0.9568404316095193,0.5342755038520421,-0.1630978730837534,0.9954658104437241,0.4469054427215306,-0.18990348970153947,1.0211504897190113,0.36527150761088506,-0.20818361841856325
76522.36,0.7966444653236161,1.0098829628255244,9.963924763906814e-07,0.6839932488155236,0.9563535016890925,-0.060017871036976006,0.5863066331615618,0.834381077356957,-0.09254482270887383,0.5225071110472097,0.7240018158534965,-0.11953900626239077,0.4617736609760852,0.6240476123032768,-0.1471123750255436,0.6475363771274546,0.6018821998517533,-0.0659030321478214,0.5974012249317019,0.43346978203356695,-0.1122257528586962,0.5626037141675142,0.3201194146044596,-0.14855870019940798,0.5359322105156418,0.21947249963021462,-0.1766373770587478,0.7330949514765889,0.5719859572609176,-0.0734376543093149,0.7180457451464505,0.3668075407855965,-0.1130116727754913,0.7100206274503252,0.22913650208099814,-0.1478793464740759,0.7029545870124498,0.1112864093565766,-0.17463468140673763,0.815123340010488,0.5949112154021362,-0.08868976390198167,0.8149817245630694,0.39867151249066707,-0.1380735168200554,0.812423487422177,0.2704505539688175,-0.1754304321818999,0.805545196504446,0.15413735494626216,-0.20242921416863185,0.8970285968169043,0.6569919551682434,-0.1079404665540154,0.9534290462559212,0.5292639380671047,-0.1581510406460558,0.9917509261040137,0.44264370113749596,-0.18386944449148554,1.0182055342824121,0.36183842409806577,-0.2014669768073064
76522.425,0.7952332461273143,1.004073758268337,1.0029670280468358e-06,0.6821471084738095,0.9535519362189464,-0.06024305022164584,0.5838561211622962,0.8263767955068246,-0.090891879923951,0.5222731572327949,0.7123565070429108,-0.11589821460350254,0.46164089727931434,0.6136009543529836,-0.14137546486830999,0.647249185585329,0.592964847022309,-0.0638690627873365,0.5975960803878125,0.4246698254064354,-0.1086429372692221,0.5641841302024398,0.31085299323270954,-0.14401585030170005,0.5387834792471045,0.20990617518401478,-0.17172246352021933,0.7321511262818309,0.5631189873264273,-0.07088394408160961,0.7181486948620653,0.3593720662792175,-0.1092642891126327,0.7114855919340903,0.2214541011010057,-0.14330831694414473,0.7058948859919576,0.10326391390440708,-0.16967885181384973,0.8134220678149736,0.5856781891498722,-0.08589906130559735,0.814193840075456,0.39154499397178644,-0.13464906140766897,0.8120167890568508,0.265021069109694,-0.17186324346540516,0.806074254324264,0.14929046157099604,-0.19891533686726853,0.8946294931646427,0.6473265865145255,-0.10511654801352295,0.9527717919243853,0.5213458273898073,-0.155633755510308,0.9926037366717733,0.43483722139794684,-0.18230530434663586,1.0210219270233007,0.352591286534617,-0.20070065719921892
76522.458,0.7959825609853015,1.0024299836913002,9.758824224497743e-07,0.6826309213083579,0.949934469557015,-0.0572637725920137,0.584414145768066,0.8207564398883123,-0.08638186392951627,0.522632411289134,0.7066936164247842,-0.11039116569045289,0.46231400832902125,0.608633714019448,-0.1350279408692196,0.6468168206934214,0.5908506165480948,-0.06094691540266679,0.5982133344236371,0.42144038736805123,-0.10486969759068185,0.5652630768937914,0.30676782733836966,-0.13946937610056948,0.5403613413230514,0.20563749378945104,-0.16652371557085552,0.7321373341936197,0.5612290881168276,-0.0691959663225561,0.7190022006099503,0.35699907614182586,-0.10694702507788255,0.7121473506273673,0.2194204657524146,-0.14072959467565296,0.7061774558322677,0.10200035552864628,-0.16677023916514508,0.8137926158204707,0.5838261512929195,-0.08511867502999845,0.814789613477481,0.389358818078413,-0.13335643266488345,0.812780730590421,0.2623326702347949,-0.17011731091698964,0.8068156006860309,0.1467369803119323,-0.1967821590998211,0.8950399821114735,0.6456021288222503,-0.10494581759907441,0.95297829070572,0.5190792426426281,-0.15477782502941875,0.9932706915796623,0.43355711845025646,-0.1804216798018399,1.022085618060585,0.3531688361466068,-0.19796969252280663
76522.489,0.7954176774428786,1.0016019699863523,9.642975552193116e-07,0.6827471476013021,0.9492590471956237,-0.05676398497807267,0.5848871486855174,0.8198402585772707,-0.08536023191582351,0.5232489373968725,0.7057172426607196,-0.10897903674140715,0.4628331438693285,0.6086755240577449,-0.133180629188037,0.6471200009646403,0.5901421248827013,-0.060292328980065694,0.5981595876709649,0.42052446080001377,-0.10410142831065546,0.5653049168059823,0.3059271327319377,-0.13852482748717498,0.5404641612360526,0.20492787002391513,-0.16547063078147167,0.7323857652891587,0.5606808977424774,-0.06861948297769986,0.7191505982671795,0.35651168711629955,-0.10645750092337226,0.7125617885163512,0.2183943435410926,-0.14031529423405414,0.7064641899272033,0.10052794172160552,-0.16643126207515904,0.8139228160267186,0.5832985018814939,-0.08460138919821526,0.815100993604948,0.3895245920171869,-0.13292021646419916,0.8127088802305741,0.26231023553012284,-0.1698047453416481,0.8058199982688633,0.14656896732284438,-0.19650877539805786,0.895102168558836,0.6451849449344917,-0.10446418025281096,0.9534374644488252,0.519255413872508,-0.1541234126098016,0.9919072677317486,0.4330184405189968,-0.18003726415214058,1.0182904535636534,0.3516920622272727,-0.1978908986135659
76522.522,0.7947629820644148,1.0023066387020327,9.67261036062074e-07,0.6819671291851428,0.9485299344616974,-0.05701438506735484,0.5838529736609421,0.8204696572040227,-0.08618610738653193,0.5214946404712945,0.7057131684846054,-0.11017708823144126,0.4614486877756362,0.6066700389333793,-0.13457171624680717,0.6462260451706116,0.5900228782504564,-0.06049234576984914,0.5972686584601483,0.4193404735222319,-0.10395158380521273,0.5644941938993099,0.3050238097509259,-0.13798001890931513,0.5399494784906615,0.20471382015843578,-0.16439630999837507,0.7315923795594026,0.5609986014729527,-0.06841494773092167,0.7188870356369207,0.3561996287620166,-0.10585002025069436,0.7119121245168148,0.21843395365220972,-0.1393850568968416,0.7052729624225917,0.1015434414839625,-0.16514534423592234,0.8130318165433363,0.5835242313351744,-0.08395016267983042,0.8149307191044064,0.3899283664378963,-0.13170461589900673,0.8126506504375763,0.2618686652873521,-0.16838557488689623,0.8056230374769785,0.14618575399236888,-0.19492732433028817,0.8939678307870854,0.644987983430713,-0.10332505424799304,0.9526501885344308,0.5182807443034778,-0.15226813691878688,0.9916863192144822,0.43149145621972873,-0.17775048943946592,1.018508596987544,0.35034508717696977,-0.19523697421753833
76522.552,0.7931704849896393,1.0029226120708628,9.66877252061735e-07,0.6807955847985362,0.9498765662580358,-0.057822597701033,0.5824867917123079,0.8224765400794267,-0.08755032958333427,0.5201397189635389,0.7090171581291062,-0.11192536511072378,0.4607245038569734,0.6098796740553535,-0.13670108147992346,0.6446911688239781,0.5915836243307399,-0.06248810385653736,0.5957946450021985,0.42024965056214153,-0.1065691005177414,0.5631683867344598,0.305256889655524,-0.14080817032914697,0.5387454347132096,0.20490689613516977,-0.1673283253280084,0.7303615616052284,0.5626482166176654,-0.07028540896899096,0.7179134669235694,0.35760039806717914,-0.10839459588594577,0.7108121283982891,0.22010953727694924,-0.14229468219225394,0.7038559247948284,0.1033625683266599,-0.16833164614866825,0.8121246268831052,0.5850549024619419,-0.08569110479024694,0.8139994333980816,0.39082661059207235,-0.1341750815529013,0.8120852133858669,0.26284159309503685,-0.17117109093783228,0.8054680908681067,0.14685108838743163,-0.19790116951027895,0.8934353246112907,0.6464097417301212,-0.10495284660120763,0.9518790912678711,0.5187089381997764,-0.15448458392107545,0.9912534525618726,0.4313090090704284,-0.18026676306321127,1.0185611940701085,0.349177372024022,-0.19797003209552785
76522.585,0.7901444328297413,1.0038057932355364,9.66885870140931e-07,0.6789027537599618,0.9508769775091251,-0.05674217114299975,0.5815894130116779,0.8248767852091174,-0.08630671198733333,0.5192401182901666,0.7135734177964808,-0.1109047658118456,0.45940044419915155,0.6157238992152285,-0.13612162103149736,0.6421544957697346,0.5938837457674707,-0.06083838614403199,0.5938369530064795,0.4242943300889906,-0.10413962873181286,0.5614416518884542,0.3097980100066252,-0.13815836910162738,0.5374051848629916,0.2099441367234694,-0.16455956582936035,0.7274633818971423,0.5652144485294015,-0.06916701849335259,0.7150702378223159,0.36073226071801884,-0.10653944226455565,0.7076778504765155,0.2236188060430638,-0.14058633749574767,0.7008463991159127,0.10739687479225093,-0.16685773676025506,0.8090325201635189,0.5876523775364866,-0.08496162487618596,0.8110276143796096,0.39333120695517154,-0.13297649556265878,0.8094090829324524,0.2654228123895966,-0.17037115638735398,0.8033181599678691,0.15022758112482767,-0.19752629979419356,0.890030937980675,0.6491464867107072,-0.1045099537880172,0.949825371341443,0.5207888664293242,-0.15381796887820676,0.9914668786369,0.4351780458416667,-0.1795092789890754,1.021106813500765,0.3558122065508674,-0.19719462097647567
76522.615,0.788671919427476,1.0042020653897779,9.683841117779546e-07,0.6777744922296867,0.9531855517772716,-0.05765145617320458,0.5784106016460271,0.829495947672943,-0.08803256539012921,0.5164918258442154,0.7181231605008351,-0.1132256996342977,0.45827568597236934,0.6186018469830271,-0.13895483643990367,0.639796008054605,0.5967441099586506,-0.06447740464216685,0.5918040525481846,0.42756728569751923,-0.10909414423396431,0.5587373011818094,0.3142869107687014,-0.14375675829588055,0.5332863534971066,0.21474656570024162,-0.17058685414868857,0.7249503901299404,0.5678173063928184,-0.07264553185974792,0.7126080513300669,0.36369406702482016,-0.11126157233453793,0.7053253977170313,0.2272283929035031,-0.14584820806374768,0.6982806540956921,0.11101628709380508,-0.17251135702574413,0.8065127548535991,0.5902428962177472,-0.08817765541922881,0.8086266028336723,0.3972132549437521,-0.13705776006286294,0.8065987948850719,0.2695674314349849,-0.17486388967227934,0.7995899327119098,0.15453886246643933,-0.20226454244266917,0.8878494930976322,0.6518405345428072,-0.10749745675925217,0.9484946283473932,0.5236672811049259,-0.157277383386684,0.9893046163850299,0.43694124200867124,-0.1834510169687858,1.017988809580259,0.35661848262881146,-0.20151730484618402
76522.65,0.7874225491692022,1.0030412707581744,9.747273734954885e-07,0.6763100472014415,0.9525911537570141,-0.05667480683781347,0.5764516456184422,0.8305091708922349,-0.08672288822999032,0.514815311431721,0.7197469668637949,-0.11167903868684952,0.4561515804956523,0.6217085277414796,-0.13719466368819114,0.6367353230112861,0.5989294795305096,-0.06410715281763499,0.5884618584955936,0.4293524794467249,-0.1080192974709483,0.5557071626887976,0.31588401593039084,-0.14185749193682973,0.5308845843911776,0.21704825583984785,-0.1681696512688609,0.7218626515996648,0.5707882017596692,-0.07268449603952876,0.7083145825506092,0.3669466123461261,-0.11127088581676467,0.7006344575765198,0.2306297080221637,-0.1459238932931202,0.6935290059761112,0.11547769009942699,-0.17268265637365676,0.8034749006978426,0.5934172428524207,-0.08846513426572401,0.805190942227637,0.4005621107588088,-0.13763083383656852,0.8026975908946387,0.27274885121318093,-0.17598204205033724,0.7953624887516885,0.15789813101346628,-0.20378255409857463,0.8850082615070685,0.6546887461614017,-0.1078250969088336,0.9459651485333447,0.5266213867512716,-0.1581348009106417,0.9862712645445505,0.4393254324070469,-0.1849921981828062,1.0142270095050434,0.35853758349268117,-0.203570480317589
76522.697,0.7827238203541654,1.0044461928340376,9.988692314423076e-07,0.671536373345379,0.9524957331694409,-0.05693863771792017,0.5740847987244267,0.8312863434896561,-0.08750702932507212,0.5125968248580672,0.7220730747223376,-0.11290998055926048,0.45367753106215136,0.6246121711991857,-0.1387371188008073,0.6338575443758236,0.5981167062010971,-0.0639117000466342,0.5861542589473897,0.42937171115141476,-0.10840476673497783,0.5530286807304999,0.31620093678436034,-0.14287111931324084,0.5278916327755003,0.21747172798482392,-0.16959764253478798,0.7186593005755582,0.5701448764740225,-0.07242819193905987,0.7052700094089519,0.3676164184248668,-0.11144065565901515,0.6974401703899986,0.23099669612278922,-0.1462764390124028,0.6901696385153502,0.11571585849524517,-0.17302505703200935,0.8001987463010843,0.5931130920380279,-0.0882781522117411,0.8018610370537356,0.4009031557336298,-0.13795653963214302,0.7984176272727416,0.27341973215761417,-0.17634943671681996,0.790495361042455,0.158627291537541,-0.2040010640715291,0.8816879442188548,0.6552939338012584,-0.10772106167894932,0.9435170063620673,0.5273247909109597,-0.1586002765859113,0.9834348205835901,0.43941805624581715,-0.18574206580656885,1.0111333560375066,0.3575645113412301,-0.20435536993071973
76522.729,0.7796027568717966,1.0015027442638844,9.820544423263766e-07,0.6678805217961644,0.9513311329667956,-0.057046897016653914,0.5699392227516996,0.8306791328397417,-0.08745657883371306,0.5092240406606559,0.7203829086756823,-0.1126156106591357,0.45068211743797043,0.6222182119065168,-0.13829637421289098,0.6308103946559563,0.5974730957822153,-0.06387022818435535,0.5817496514051455,0.4294441719667934,-0.10789995539745602,0.5481958238730074,0.3170217278144531,-0.1419272788599056,0.5227282490181312,0.2190459674105039,-0.16827577985690143,0.7157046268766852,0.5699790623311156,-0.07218952143783086,0.7017692020417633,0.3669160822326233,-0.11054952325298288,0.6937828119049702,0.2314705394218007,-0.14504123716756379,0.6867212597095466,0.1174013890532671,-0.17158873508841796,0.7968624607780216,0.5933693717062207,-0.08780514330200345,0.7990201822514834,0.401452903612279,-0.13682657061298314,0.7953120497165905,0.27357980489239975,-0.17512801229785893,0.7873521935072909,0.15864458234839024,-0.20287906691675955,0.8772414852461555,0.6561150549019528,-0.10701780629593864,0.9380704716110647,0.5305063802019716,-0.1573889942378335,0.9776452836239974,0.4434090350595465,-0.18433169358497573,1.0053290593265902,0.36235340373235575,-0.2028936344663684
76522.735,0.7784854866608445,1.0023450514920904,9.865309353262033e-07,0.6678499019428699,0.9528506741724825,-0.058850329719533856,0.5699661174323265,0.8306790652228704,-0.08983856780629261,0.508167167689515,0.7199222449343232,-0.11528156671440139,0.44936555395991973,0.6218875745219286,-0.1410817547933936,0.6312589962576697,0.598669702037022,-0.06574933664624252,0.5822378227888437,0.42966980998917825,-0.11031588292922428,0.5491155640285954,0.3163758333087697,-0.14455376739922007,0.523982430397102,0.2172470293185691,-0.17122249946291695,0.7156711490713121,0.5705246601175377,-0.07344383517242858,0.7006149855988952,0.3683518925099628,-0.11319952550060078,0.6923283025320441,0.2317926272495332,-0.1482785077104641,0.6845899065645268,0.11612775790103655,-0.1751295630061308,0.7967523476931736,0.5930225841467244,-0.08865265880122288,0.7974055729164049,0.4011960486902863,-0.1397312148954445,0.7933236385844257,0.2730548291945501,-0.17909285851888065,0.7849235339224232,0.15689386294154473,-0.20721562381463862,0.8775887096792174,0.6542784962796455,-0.10753155668051141,0.9393277553813827,0.5274793136058082,-0.15998527177405222,0.9800251878128571,0.4394502553240575,-0.18849753753126136,1.0083953901449825,0.3565977249830345,-0.20801624218845685
76522.76,0.7786049482946799,0.9994621737141443,9.756921393048067e-07,0.6682212509918142,0.9521468696619263,-0.05803736137553995,0.5692118006748005,0.8310524321960215,-0.08866842392324507,0.5080196130668987,0.7204943161267242,-0.11373643594666495,0.4491458624471635,0.6224782019198005,-0.13932216800244535,0.6279606965399201,0.5966950039008418,-0.06600384226357552,0.578851821224815,0.4287787384817383,-0.11021448472835897,0.5453153628791463,0.31674712054063164,-0.14426573703292214,0.5196844178901951,0.21887433254675348,-0.17085460850518477,0.7128947454261396,0.56915296304502,-0.07391062133428833,0.6978572837139443,0.36695123920757616,-0.11297116971798214,0.6897372735710114,0.23222071310077033,-0.14770759363013866,0.6826009118202869,0.11829185165339465,-0.17454299411051546,0.7944670517815698,0.5926327768174727,-0.08916071257142447,0.7953475712532788,0.4013690697704609,-0.13913663210012822,0.791107753145907,0.27376696466680644,-0.17805215617229492,0.7829306111621376,0.15793028995435818,-0.20623011335579924,0.8753453428009671,0.6550328501078491,-0.10800658419509904,0.935964690706796,0.5281251325342351,-0.15949080629721424,0.9758071219140505,0.4394464410681857,-0.18754065940795933,1.0039899820090943,0.355772785629802,-0.20696424500393268
76522.823,0.7735916972234365,1.0003702821587543,9.726216154049088e-07,0.6629590738577363,0.9511447099538307,-0.05686416435202257,0.5656579171957471,0.8272884470135102,-0.08539999082950632,0.5056400432971382,0.7144436497427229,-0.10857498073818811,0.44622365908490025,0.6178926065339603,-0.13212201633160572,0.6233812168396676,0.5920746966712243,-0.06039086630356398,0.5729169523294989,0.42516019557221385,-0.10281347132550611,0.5391519496016873,0.31401216542275545,-0.13605864086039848,0.5130361279950257,0.217046239674144,-0.1621914991869949,0.7082342417909055,0.5637991663150295,-0.06802106320616556,0.6921202209988979,0.36274477962447654,-0.10516201548209106,0.6830838788137308,0.22837209927354252,-0.13946166017329528,0.6751807480377192,0.11501329547113712,-0.16582868982239748,0.7896242735308928,0.5867055485383078,-0.08310923997473285,0.7894572602003697,0.3987091538964177,-0.13148231098417743,0.7841075536319255,0.27154974378808994,-0.17060755532126368,0.7751558014029477,0.15551048860763692,-0.19890448208541936,0.8700035754235037,0.6492407901525981,-0.10185966574795269,0.9307680628768432,0.5283601190406877,-0.1530343230045347,0.9692521408951246,0.4400943904629141,-0.18195962279784247,0.9969193376913107,0.35530326480601704,-0.20174829831478505
76522.856,0.7714873126250364,1.0000881884891972,9.330493656009229e-07,0.66149662041364,0.9490631358126325,-0.05636330181787033,0.5637725404568028,0.8234504858014307,-0.08464748673114493,0.5022291151858346,0.7102071188691642,-0.10786651028700835,0.4411634051822054,0.6150574356456197,-0.13159826228889807,0.623875625713588,0.5903452641520337,-0.059338947927098235,0.5732384274188828,0.42363072537189583,-0.10210253490593257,0.5389781650398584,0.3133329129983113,-0.13564238024431777,0.5119657019670062,0.21662063171262358,-0.16206813467881964,0.7074028158674674,0.5625687295927244,-0.0672396277830083,0.6907208409738023,0.3614364453583129,-0.10487335339264814,0.6810779000847296,0.2277159649411295,-0.1392654513483736,0.6727109491906222,0.11459466266597068,-0.1657640677345531,0.7879354696298835,0.5858247147276779,-0.082682238246042,0.7875541420771034,0.39722687889531877,-0.13132738254523305,0.7823303044972119,0.2696937352063363,-0.17035890558118488,0.7736774732044766,0.1535416518484175,-0.1986494218646836,0.8678350379166918,0.6486882132458033,-0.10181619584885974,0.9287970813734848,0.5279573787652624,-0.15286136145844323,0.9672900765727597,0.4388578243083741,-0.18193709130611255,0.9951133529223783,0.35331321157364415,-0.20208271044611503
76522.889,0.7712043463287047,0.9962544542026647,9.372704622405051e-07,0.6602178445432658,0.9470999957693832,-0.05798497672718986,0.561828650075219,0.8219300943837342,-0.08728110473212532,0.5000214581135866,0.7071779168752711,-0.11118383768154183,0.43760267396976876,0.6120458587066261,-0.1357690159531128,0.6218431456757082,0.5886804299567864,-0.062427006915726405,0.5709309802903206,0.42156501669348984,-0.10611940145440386,0.5366691793271168,0.310806261235923,-0.14026854476808354,0.5100462473247499,0.21336063047627876,-0.16726231158408808,0.7057976170288172,0.5602616005289628,-0.06993136533016418,0.6889053727309998,0.3587968015337309,-0.10824751335355921,0.6794508491870063,0.22499288197169962,-0.14314131886852974,0.6713750471857837,0.11138804751018569,-0.17020561770453824,0.7864357779280767,0.5838069966477972,-0.08499243943610818,0.7861855302047372,0.3953371290699493,-0.13408730621554388,0.7809637921731072,0.268071134047,-0.17353192296181516,0.772290125595119,0.1514369419312975,-0.20235161484720773,0.8664285902482226,0.6470448237329671,-0.10385056296459298,0.9270021704862682,0.5268484553219607,-0.15531159465532599,0.9648267044284408,0.4382384116603948,-0.1847918179075163,0.9918763099997177,0.3523659072757124,-0.2054200201698594
76522.92,0.7706753617848784,0.9965652430247073,9.536261905078669e-07,0.659940715277578,0.948031778246324,-0.058497440415785563,0.5604925997061192,0.8209683933349482,-0.08779347805326754,0.4988055667884052,0.7047826826439412,-0.11148867665526731,0.4367399754800326,0.6082850180257148,-0.13574438434699426,0.6199413491555983,0.588150799471597,-0.06391575367173967,0.56866445994119,0.4196381264524512,-0.10768985469706559,0.5344657050795046,0.3079722340383321,-0.14160513893111973,0.5081011897990404,0.2099210819290712,-0.1683993601523464,0.7040161482773831,0.5599179377850766,-0.07119600975736937,0.6873730464783032,0.3585854381369029,-0.10992955833237911,0.6777701995129434,0.2239271384382546,-0.1448860729145125,0.6695743522837496,0.10952580731714645,-0.1719282119659315,0.7847041153159944,0.5833992197107685,-0.08602955377883362,0.7843705691328033,0.3942951252265954,-0.1358990645410409,0.7784455618703471,0.2665729848017947,-0.17593728781893667,0.769233020915565,0.14969100790418083,-0.20500988830212338,0.8647684739415797,0.6466402309810769,-0.10462143160666933,0.9267953550895469,0.5253056949290443,-0.15742633076406526,0.9659764157428333,0.43547655748207836,-0.18803339773210503,0.9945319025807184,0.348594699526262,-0.20922697971457832
76522.952,0.7686469288481717,0.9923661199211986,9.64241430793652e-07,0.6562661819949425,0.9435568803916324,-0.059014868082497535,0.5570832448584182,0.81742506265754,-0.08873079903299218,0.495917185034736,0.699968572557007,-0.11259786808063328,0.43374887701894205,0.6021950176386268,-0.13695527328773757,0.6179857063265066,0.5836194924901421,-0.06461289767451235,0.5677392473278969,0.415747063138548,-0.10799415759497231,0.5333304306146587,0.3050477623372411,-0.14162528715459,0.506394671978932,0.20770799257877612,-0.16841667248113357,0.7020242457647989,0.5560759788623088,-0.07158819524076764,0.6854754925687797,0.3553655577092752,-0.11006063490495599,0.675696718055215,0.22128601183655738,-0.1450185693869245,0.6673621528551564,0.10717406597103123,-0.17224468876774524,0.782308947869178,0.5802229463886133,-0.08609231777925505,0.7823693582268215,0.39239438196064824,-0.13550961360874675,0.7762802770362242,0.26483686501376,-0.17556960038461286,0.7668398678962169,0.1475452960785886,-0.20498517089194665,0.8620227556325584,0.6440125442866272,-0.1043992409570716,0.9244038230086825,0.5246312920938709,-0.1568103693502512,0.962698294656322,0.43484741158569284,-0.1876219436426888,0.9904303429747756,0.3474771440617971,-0.20920221843019418
76522.984,0.7684323649967886,0.9870747587120233,9.604206893557523e-07,0.6553918583116093,0.9395103033136691,-0.05958477591601961,0.5552591939452273,0.8127685062045961,-0.08911049705281585,0.49340395076309773,0.6943146942451239,-0.11261388008153778,0.4313786268857625,0.5956194499965649,-0.1364941568510337,0.6163818267341116,0.579798058534368,-0.06528107441835988,0.5662239165618945,0.4118654029230338,-0.10874780008930697,0.5320324810461993,0.30115887167645505,-0.14226558282380208,0.5052125913743688,0.2037209997361016,-0.16901439948800162,0.7001830234521434,0.5524563276252513,-0.07182330782196904,0.6839126893415824,0.3525715301046194,-0.11016395424231204,0.6739337750888682,0.21923296907664566,-0.14469087932422064,0.6652001631282483,0.10601073255264318,-0.17169114944034577,0.7801532806626876,0.5764074962017913,-0.08599278888843097,0.7807105465085162,0.3900949402827318,-0.13506433982978905,0.7739452027304531,0.2630104738257061,-0.1746782204915181,0.7638308763431068,0.14610590017971645,-0.2038916996316927,0.8595328783523357,0.6399122397916422,-0.10407735907460941,0.9215172773316104,0.521120425744203,-0.15617301013932416,0.9592958295326689,0.430864918282373,-0.18695829670382963,0.9867642802149427,0.34303098451713215,-0.2086501829693381
76523.02,0.7674251232654286,0.9831016306384103,9.78783778486599e-07,0.6551474149011525,0.9363899119625704,-0.06029515418812368,0.5562084912914071,0.8085132818528417,-0.08988048630108057,0.4934842899199474,0.6893782034621779,-0.11341284508919515,0.43076063994828606,0.590349142385675,-0.13712771354402548,0.6166056403432536,0.576668986924838,-0.06365538756585822,0.5661368279911181,0.40955670476896355,-0.1071607366445169,0.5319667475014439,0.2983123316614929,-0.14126846204337978,0.5054104837149633,0.20011937246438954,-0.16846281280392575,0.6992542972682974,0.5479181879009792,-0.06935178078625034,0.68356957122354,0.3484602966892286,-0.1063290447216668,0.6737029963732921,0.2151077486291154,-0.13971261545177266,0.6652941986491702,0.10216392634546169,-0.1659973531014608,0.778272761159892,0.5705183825947692,-0.08294724129646168,0.7787631186346528,0.38440780141176856,-0.13066163019010132,0.7713470555613616,0.258063038915395,-0.169104277633431,0.7614460745939602,0.14223106711699954,-0.19766556410748268,0.8565483128338677,0.6338178312786826,-0.10073293780186422,0.9194700939142346,0.5166061033733816,-0.15288976478054195,0.9585120451047207,0.4278901789607801,-0.18369715708534567,0.9877732015666753,0.34160116483263103,-0.20517522164168642
76523.048,0.7667865426366076,0.976229760724746,9.935671081201256e-07,0.6536308442441596,0.9303946101796972,-0.06145623361286004,0.5542918851068968,0.8017386831396065,-0.09128035619215372,0.49247427679753386,0.6803558852119805,-0.11476145179061602,0.4292693989467239,0.5812551280668257,-0.138376870028516,0.6157409525991466,0.5718627475659489,-0.06576013052772338,0.5660937001871712,0.4035725699329515,-0.10918076291165817,0.532614278344399,0.29203145219271137,-0.1428937768927502,0.5065308826454228,0.19323977461893338,-0.16996753796974903,0.6978604354631205,0.544066858938345,-0.07095684191426237,0.6824868916999303,0.34444530316078653,-0.10825799929741022,0.6728608226424674,0.21141261735173583,-0.1415651876926982,0.6649579298792894,0.09823334327984748,-0.16806448787923572,0.7762260794656104,0.5672862828300101,-0.0840948020285913,0.7768952149895232,0.38088316381686177,-0.13242680193043246,0.7693092226993936,0.25525854809372206,-0.17104888175343844,0.7596528011602577,0.1396230643646367,-0.19983442811357738,0.8543158273057246,0.630729853833609,-0.10149994717307628,0.9179154827381056,0.511398533243033,-0.15433959469179986,0.9578678642971843,0.4214816094889413,-0.18584337366440395,0.9882260558649663,0.3338700889373496,-0.20798052566928965
76523.08,0.7657410417974228,0.9711225841493833,1.005813483622239e-06,0.6526492608687193,0.926196142312829,-0.06223765124490863,0.5543864741100294,0.7957106607769626,-0.09204626687278356,0.4927190430289261,0.6734625435918201,-0.11540871576246443,0.429340550061579,0.574252461558804,-0.13877550250570422,0.6152308571017188,0.5678681932529894,-0.06503026895740566,0.565605864946519,0.39989619381038055,-0.10814232406249004,0.5322734601842029,0.28823085104849966,-0.14157953247538882,0.5063774477379009,0.1892720520118607,-0.1684557501809658,0.6966096936828655,0.5389750448322883,-0.06962764984194633,0.6820541114552948,0.33985078011639713,-0.1065044111976518,0.6725690066695756,0.20736729308594956,-0.13925306845391114,0.6646756441865863,0.09473446161391494,-0.16525211410171833,0.7743850104992203,0.5611878537713642,-0.08234196770855963,0.7755166175052166,0.3746463384780881,-0.13070441391300533,0.7678476200322898,0.24991583027871722,-0.16900975898021786,0.7580640219132132,0.13483104050652495,-0.19734839231615328,0.8519113922571984,0.6237751196409356,-0.09940655612292303,0.9161818321971088,0.5037737890480218,-0.15267106355907384,0.9567004572850188,0.41365812008625186,-0.18433749253318113,0.9876285943200531,0.3257341581789453,-0.20637482928453146
76523.13,0.7652878478711135,0.9661832125639644,9.948867789778033e-07,0.6519354069936308,0.92121334083808,-0.06039976734482055,0.5534575950589309,0.7899632648829428,-0.08894030789795959,0.4925864235429429,0.6666850731506619,-0.11128639192282891,0.4292482363804667,0.5690376618850713,-0.13366537631157785,0.6145864928219305,0.5635263936704312,-0.06317453133788034,0.5660300307397822,0.3951501993133034,-0.10532917004321093,0.5331070884656947,0.2833756827403729,-0.13801450635917628,0.507357902129349,0.1846218699032628,-0.16430608792844242,0.6956695296379395,0.5349879761279984,-0.06804078900846357,0.6820224882677597,0.3360180620691087,-0.10381995514383223,0.6730826261319529,0.20369726779306088,-0.13557170270804075,0.6652539484859115,0.0915810230038359,-0.16086767943583277,0.7730882755924379,0.5565420540719422,-0.08088006592335088,0.7745712932481006,0.37078560391486476,-0.12820251225298077,0.7670863298922109,0.24598750739535044,-0.16577531972535292,0.7572163798694213,0.131236933446215,-0.19362504824601562,0.8500561353086399,0.6178668487166279,-0.09796444583024035,0.9147620827567654,0.49738126087875134,-0.15028598549873087,0.9555225578136283,0.4073864844520851,-0.18145569350003507,0.9866660456035524,0.31985518632149496,-0.20315486761956356
76523.159,0.7665260425433953,0.961626272417147,9.920573706329407e-07,0.6521737396777326,0.9161320655560211,-0.058892216276999955,0.5529605682952967,0.7841633577872278,-0.08660100886080582,0.4920272476897662,0.66072522686239,-0.10845653875392296,0.4287972254078775,0.5637238578793885,-0.13034775502657767,0.6144742112494863,0.5588897568889906,-0.06085157547653397,0.5666413021429916,0.39037786314181894,-0.10259231048308093,0.5342306586955626,0.2787571734700071,-0.13504767712792812,0.508771666720794,0.18053134323500664,-0.16114311012498464,0.6952968142226477,0.5310566519304355,-0.06631726368259021,0.6821236340047222,0.3330722727025055,-0.10170838689313987,0.6731450039099902,0.20102656893465068,-0.13331370787950023,0.6653585021860643,0.08942249422184922,-0.15844235133267442,0.7723554546900605,0.5526939212454949,-0.07970646002332359,0.7741444704209959,0.36754301882143203,-0.12675233573946548,0.7666239524103313,0.2435138702030131,-0.16415372614264,0.7569578494075349,0.12957633814173278,-0.1918232982147347,0.8487406277028781,0.6141457037656632,-0.09722706253402803,0.9130570588692756,0.49620403689921877,-0.14976523000562952,0.9535904256018195,0.40719848520126234,-0.18097919758338774,0.9849357234566473,0.32049635475984267,-0.20252646826690338
76523.165,0.764689375347412,0.9612097809829481,9.912463928724173e-07,0.6514425178991049,0.9160087975232598,-0.05946596708773586,0.552771594462162,0.7823179515796908,-0.08706461469804255,0.49179598311932776,0.6591956522617699,-0.1086614881608361,0.42835378828172577,0.5623142954323694,-0.13034139703335898,0.6139812278409031,0.5568546536444183,-0.06046097430164785,0.5664316542982687,0.38964022383938596,-0.10283421490225739,0.5344517908161197,0.2782515363273371,-0.13625843270196192,0.5092752039502499,0.18006575550324083,-0.1631312449146159,0.695177188841081,0.5291688672835178,-0.06571205887290027,0.6827322594640494,0.333383427710366,-0.10154805583404958,0.6742900681516046,0.20172353473623844,-0.13376851361175596,0.6669896291052894,0.0896806007148873,-0.15925431661405345,0.7724703226314699,0.5517250908296669,-0.07902757914335705,0.7742134337654677,0.36809703786724424,-0.12656926327820273,0.7670237177557445,0.24532417609058682,-0.16409085010688915,0.7577541005737604,0.13185437467737063,-0.19172152397406395,0.8490084622991372,0.6146335165194341,-0.09652291796706902,0.9127490184098331,0.498778860808985,-0.1499929986182501,0.9525700914252494,0.4113101741602179,-0.18136717154968926,0.9830360779830117,0.3248546220116218,-0.2028156680517611
76523.193,0.7634122299568973,0.9588301928555809,9.898619273024269e-07,0.6511815810690798,0.9128257135832084,-0.05866217233147011,0.553463440166053,0.7806976052391499,-0.08644590041557888,0.4932753077872754,0.6580728672951521,-0.10842357051467638,0.43081958588826147,0.561367082422797,-0.13043480725979306,0.6149463464775177,0.5558038370724213,-0.06096895874036126,0.5676191948122475,0.3875797289544993,-0.10285375796236929,0.5357479947443775,0.2761453428989155,-0.13547063130777293,0.5107131036168349,0.17773299143911656,-0.1616431937117641,0.695767341742866,0.5286046919911495,-0.0664498340231271,0.6831447501205782,0.3313905810979317,-0.1020591885675967,0.6746524045177665,0.1996039261422834,-0.13382693857578576,0.6670465754090186,0.08770656297146733,-0.1589809585426298,0.7729283590078205,0.550622280742074,-0.07975313779337453,0.7748326815082908,0.36613639392262953,-0.12681496852688282,0.7673797491652409,0.24251527082295635,-0.16385341688901883,0.7575782135426312,0.12894010645443915,-0.1911420991189076,0.8491189584439615,0.6119888244958558,-0.09716786523103664,0.9127157416326949,0.4938438668636669,-0.14920316169096892,0.9524441680336183,0.405405413242291,-0.17970234002219085,0.9827770095594753,0.31924938222577054,-0.20072814086449986
76523.259,0.7618053909534808,0.9590039791565925,9.68125405284423e-07,0.6502626169130709,0.9120152925184744,-0.05732251442613394,0.5534315149062102,0.7797885070669928,-0.08393733809904255,0.49451995319526704,0.6569512402263779,-0.10488478698632996,0.43308779198921266,0.5610188926574895,-0.12587067417156822,0.6141593763533618,0.5545465012312241,-0.058838067170699115,0.5667392826453258,0.38632415122461605,-0.09974758126356609,0.5348495727140621,0.2749437270000926,-0.1318676211267666,0.5098536556182023,0.17649715485650125,-0.15776538318823757,0.6947067964399178,0.5271982327113011,-0.0644378046372462,0.6820415572375639,0.3297801666928404,-0.0990368220900278,0.6739254736627072,0.19876890571729192,-0.13036598188999285,0.6665822633321746,0.08841836523949512,-0.15531180613151765,0.771886321072053,0.5489309136552275,-0.07779874005000066,0.7739588616596574,0.3650362132328916,-0.12369241621798666,0.7669107779528631,0.24156608187932693,-0.16048072737651087,0.757476252696567,0.12887420017317322,-0.18780146864836203,0.8483114854631607,0.6099996678930891,-0.0952282159910235,0.9124029154184328,0.4919689647758086,-0.14605286838605397,0.9524450670633919,0.4033045403883161,-0.1763450726470907,0.9832298743678005,0.3172793286019321,-0.19743147407034584
76523.289,0.761440886097888,0.9597609404270104,9.540943460142222e-07,0.6490272666772338,0.9132771829775034,-0.05907534250501741,0.552030244477465,0.7799443310465564,-0.08581675438126293,0.49342434794402446,0.6570776529815074,-0.10660168544518968,0.433151789897506,0.5603011881866465,-0.127347893804241,0.6131894966455657,0.5560578232211288,-0.059366271009638566,0.5656591687246735,0.386744278388383,-0.10018558476358949,0.5338167747776605,0.2751965209372703,-0.1320046156327105,0.5086763737281772,0.17743703556716003,-0.15765672884993318,0.6943491504065785,0.5285920394107486,-0.06407626890920623,0.6810777924080699,0.3308010668268045,-0.09897804067899446,0.6725416666364243,0.20072597982180268,-0.1307525963682996,0.6643812532141369,0.09029418265073295,-0.15595360691272037,0.7716744882767538,0.549426077016593,-0.07675011650725068,0.7731733486654474,0.3650540738978753,-0.12345922160503046,0.7663751386641872,0.24143029425415893,-0.16141401828272597,0.7567065903386575,0.1282113084812712,-0.18938574674554576,0.8480654992362427,0.6089396025468244,-0.09360482038705095,0.9121243989162138,0.49099143678025375,-0.14561566417712096,0.9530268241151088,0.4024846337179818,-0.17718404861221135,0.9843492289703217,0.31628303145335307,-0.19907336168621995
76523.322,0.7614126992861878,0.9620688504648154,9.431366938462978e-07,0.647972855171172,0.9144918963009687,-0.05816365806927571,0.550444822195581,0.783020395842509,-0.0846501436989767,0.49246367698768706,0.6609644462527138,-0.10534727223680614,0.4329723580821113,0.5636392063113259,-0.12591803592181613,0.6118701537548948,0.5565442664801672,-0.05746703856134956,0.5643031644447011,0.3879964639214451,-0.09748570024818674,0.532085034715009,0.27761771128047474,-0.12892625974342573,0.5060241395198812,0.18124955513208052,-0.15431322026721495,0.6928651783732741,0.5294309090788546,-0.06260238248708427,0.6788656639787707,0.33214552225844257,-0.09671077826369433,0.6698923583622296,0.20254972773131802,-0.12819526664545045,0.6612501871289247,0.09267223520318084,-0.153169455363786,0.770202971332453,0.5506069692947411,-0.07571585938512483,0.7714106521370562,0.36631604672062873,-0.12168140004139363,0.7646146828961123,0.24245083365468045,-0.15972579566546666,0.7548285382214096,0.1289059729315064,-0.18786308031688384,0.8468609622274571,0.6107249308258734,-0.09294229741881056,0.9103103331540993,0.4939725815417652,-0.1444657222405713,0.9509785228485911,0.40593461027361427,-0.1760210236479355,0.9823300444421259,0.3202091100475146,-0.1979093411233826
76523.353,0.757730117924956,0.9647269649781129,9.285251788115454e-07,0.6457403426423605,0.9187508958180587,-0.05873136114513216,0.5478324324989226,0.7885828558188176,-0.08588279787936377,0.49096909538391553,0.6680982617986179,-0.10704454979682262,0.4322133668645152,0.5720360115014241,-0.12833728171630354,0.6101974719500369,0.5603350869575091,-0.06111040556252053,0.5628288350366035,0.3919742923239224,-0.10206218934515221,0.5304790868942962,0.28141658917674467,-0.13414190336103426,0.5038650272815486,0.18448358929706804,-0.16004394284820286,0.6912340479016567,0.5331399705349795,-0.06623823689115771,0.6774989672256272,0.33598533230327304,-0.10175113201386583,0.667858258632903,0.20697114498357147,-0.1342677769609344,0.6579845568438083,0.09719231531390306,-0.1600106962483802,0.7683862543734294,0.5545220826399526,-0.07907391567033228,0.7701352915695954,0.37040799689044923,-0.12589397056678184,0.7630037589244993,0.2458554425922669,-0.16474635961731285,0.752590080813696,0.13208625545679975,-0.19353298930518384,0.8449624685025402,0.6148253640051748,-0.0959735818286302,0.9085845037426219,0.4974232645439821,-0.14791941231651382,0.949361570886854,0.4093286736545074,-0.1797980645023156,0.9808207551929651,0.3242590181548922,-0.20199683712096536
76523.384,0.7548817805176409,0.969304483471486,9.217924024736225e-07,0.6429828994539101,0.9236048369195523,-0.057958721550150694,0.5454467324296964,0.793364083900228,-0.08471422008164389,0.48926295151169014,0.6748828082373695,-0.10572602461244651,0.4314973620758563,0.5798396131504421,-0.12712981072510512,0.6072587163647175,0.5651999727736919,-0.06135306439558497,0.5600817265926774,0.39792737635249537,-0.10246519640850177,0.5286572039592925,0.2882330205267134,-0.13472837976645344,0.5028083904671424,0.19177486550248835,-0.1607231966605769,0.6883835771666547,0.5373635673901094,-0.0670167632105649,0.6747723578855624,0.33947826165721945,-0.1031970448906534,0.6652865705729695,0.20992137286576198,-0.1367117627089441,0.6552599393025811,0.09885190881522181,-0.1630943096735715,0.7657108814944715,0.5587160677722678,-0.08024796525712256,0.7675008174198031,0.37387302545323736,-0.12839352313142072,0.7610299361469229,0.2485743050195455,-0.16925863683449976,0.7509172017967828,0.1341963384625352,-0.19918850844191605,0.8420791314868091,0.6191414309103852,-0.09729342177851612,0.9077790893876012,0.49948972474647607,-0.15064894595677586,0.9501689722084219,0.4103852574801593,-0.18399444082942698,0.982755889867584,0.32463369648560164,-0.2071427199029783
76523.419,0.7529509947571998,0.9743109591681288,9.447437056094212e-07,0.6422881910771063,0.9289556280111734,-0.06085880319388005,0.5443502767209428,0.8003435204419457,-0.09018542107080489,0.48632622011340937,0.6833253737928913,-0.11332979424974865,0.42682043300918765,0.5892731185202175,-0.1369778258360003,0.6039629218051354,0.5700799703998563,-0.06639790936503916,0.5565792910563446,0.4031562563203157,-0.10935178774274683,0.5247302879462609,0.2936318730505684,-0.14282282746340055,0.4984953863493887,0.19681999149631196,-0.16964683097138766,0.6857846586480572,0.5426871776851908,-0.07144442268152407,0.6721197849804962,0.3455874952617225,-0.109760149610413,0.6622675105554341,0.21631923081859544,-0.1446535336433806,0.6520030280537579,0.10427251051441724,-0.1719480021262974,0.7635479163625263,0.5651853767294385,-0.08408866115741456,0.7653052467954423,0.3810585375763719,-0.13421652999328487,0.758723760991829,0.25542268409667995,-0.1763108527691694,0.7484384020485099,0.13977997642481968,-0.20699412186349422,0.8400756810185949,0.6266749245757479,-0.10063285584206719,0.9058241596235933,0.5065961451391151,-0.15554853881774536,0.9485510923273663,0.41695951504139944,-0.18963394983135096,0.9814327681799832,0.3303660888832734,-0.2132656570419641
76523.448,0.7503713230318765,0.9805249866477063,9.478376795864975e-07,0.6403096264089378,0.9350451717817279,-0.05954014815788123,0.5430315050798791,0.8081890354957934,-0.08870333345175417,0.48509905149824345,0.6931922077026322,-0.11185891256012925,0.42546606452871094,0.6005972962014248,-0.13549369570229625,0.601553996882868,0.5751401143629407,-0.0649639251160388,0.5541217920855348,0.40810540445994664,-0.10709621191217726,0.5218807206433207,0.29885934354620736,-0.14004234373939192,0.49533841240340265,0.20243865410315096,-0.16648199396915175,0.6837243739841478,0.5476153908337121,-0.07053762969269392,0.6696308445539094,0.3497047474725529,-0.10816642974800289,0.6590639167599067,0.21967816714130042,-0.14289998015306266,0.6484531685336068,0.1078348431231206,-0.17001123267154658,0.7620835115362028,0.5702919140863214,-0.08352847215601253,0.7637228942019018,0.3850532703399267,-0.1328984385772975,0.7567137612438181,0.25904742144814985,-0.17470550818327618,0.7461134920466602,0.14381424347699223,-0.2051670178855716,0.8393580303531337,0.6320379071335507,-0.10027808034336165,0.9050744885009053,0.511561436118387,-0.15424160163594253,0.9471698339614162,0.4218818394813458,-0.18770024004409883,0.9794512645108421,0.3357266601418288,-0.21082412898536926
76523.48,0.7487901533879867,0.9868313973067766,9.68874548248284e-07,0.6402964175383848,0.9408850401391256,-0.06260635492363416,0.5428311213893944,0.8189322072827803,-0.09488384464205678,0.4827811396662051,0.7068418556303461,-0.12073777404326179,0.4236330513452685,0.6109711605028257,-0.1468830221039244,0.5991440920484369,0.5827023613259853,-0.07053387982343418,0.5511248734414397,0.4150407538083559,-0.11567854614128634,0.5190982493633142,0.30560717448705865,-0.15041296832189027,0.4935036807272566,0.20827225900068042,-0.17762071494874623,0.6818235748530042,0.5549444973190786,-0.0752146067299839,0.6665301633021992,0.3567995602938104,-0.11541260939902191,0.6562218678721523,0.22589660937934555,-0.15127800897601215,0.6462774251902199,0.11271615508956563,-0.17896408558313354,0.7608878408857467,0.5775169518880068,-0.08744542617988027,0.7614727228162265,0.39330637906174143,-0.13870019467680691,0.7545770943573004,0.2671960122628978,-0.1808475621033335,0.7439679798637747,0.15143312984985055,-0.21116604966233393,0.8391468287368203,0.6391239888011611,-0.10362192294364002,0.9040928870234668,0.5166307582147365,-0.1583594620146152,0.9462738655724677,0.4262184744656019,-0.19166050071063426,0.9785467490051605,0.33952879308643114,-0.21446278139650635
76523.512,0.7461456320206469,0.9960654353551365,9.668159261568046e-07,0.636985135017583,0.9480240283824483,-0.062342421494215504,0.5404679217872317,0.8259119207305107,-0.0950622241904972,0.48065958468835274,0.7145966553768621,-0.1215254391086421,0.4216578725189475,0.6191879726022399,-0.14828957504257606,0.5969077412795475,0.5896702888693457,-0.07076057554818654,0.5485890165844259,0.42137769382088697,-0.11692424570919378,0.515545178091527,0.3121226813020445,-0.1524075138260263,0.48873379610190865,0.21509995085794975,-0.17994129307260776,0.6798629922848856,0.562413604755103,-0.0760388561457691,0.6641637669812661,0.36397001371863524,-0.1173506320135755,0.6530482538120159,0.2332681687233317,-0.15400705656495528,0.6419792192064441,0.12002185978707391,-0.18202334041261198,0.7592963572673569,0.5852464075198878,-0.08886372606952463,0.7594332962854065,0.4001399188785132,-0.14127932846861432,0.7522035789235765,0.27365830148737136,-0.18392091847127548,0.741157283468671,0.15739661784437858,-0.21427265549407423,0.8376228916529316,0.6468939286967359,-0.10554050121111683,0.9023780565816792,0.522723327119865,-0.16110195182576106,0.9445156048585168,0.43158982007334296,-0.19443747375029194,0.9767223570884704,0.34457427083440945,-0.2170281535770094
76523.56,0.7416227648248874,0.9985393180429626,9.972937092576472e-07,0.6322130198416005,0.9504255659822776,-0.06589748706290427,0.536441303367683,0.8322312614686519,-0.10142468583214904,0.476553704579954,0.7241589134306645,-0.1303063009807707,0.4188886080332706,0.6272149187901686,-0.15940804620160273,0.5940244445846349,0.5962899923367435,-0.07594151907230681,0.5464704666307277,0.429185780414885,-0.12458262619303583,0.5133460683131919,0.3206434108095413,-0.16154882182966013,0.4861902173982749,0.2241152328896768,-0.18989415083939984,0.6767207610336384,0.5690819742636164,-0.080192063681409,0.6615016179281638,0.37074207307226625,-0.12362254574597417,0.6504850100370495,0.24026432183448712,-0.16120843626597958,0.6396612822704896,0.12620196521831847,-0.18985737349371187,0.7556268437948,0.5917076767614956,-0.0923140689941582,0.7565936630124642,0.4066302390531924,-0.14688971607167994,0.7494159562637829,0.27992968785583255,-0.19090213648458895,0.7385913520385661,0.16329659065243013,-0.2220617246922903,0.8334492221300935,0.6532099124793471,-0.10852222494842784,0.9004058338438894,0.5290453173809704,-0.16600134881006498,0.944008001627315,0.43746043963610587,-0.20074157738261997,0.9774403291613589,0.35000614013022147,-0.22431456007319775
76523.593,0.7378108301579788,1.0006754910019444,1.01189852468907e-06,0.6299036356533457,0.9535358937815365,-0.0662631676053772,0.5345147257369145,0.8396100596779248,-0.10354624365784448,0.47331154152276517,0.7347138431777595,-0.13404431607024625,0.41531753416500794,0.637891794620464,-0.16472212382953297,0.5890857795938977,0.6027020314344885,-0.07976235615812091,0.5409267697635216,0.4352095107536804,-0.1300286971004574,0.5073189846648362,0.32664769060771154,-0.16784899501438946,0.4801591792357891,0.23012568775424183,-0.19642238780244253,0.6724632655980418,0.5754213807589565,-0.08408243418664775,0.6571953542377615,0.3766489375500239,-0.12866040628680547,0.646882246930294,0.24658670757235548,-0.1667004483478598,0.6368551722636193,0.1329281533335806,-0.1955257706779808,0.752204801371461,0.5976977194883669,-0.09600877096516308,0.7532996891082396,0.4130275980942451,-0.15083536921637306,0.7463884942323813,0.28626029601186964,-0.19465717825419396,0.7359143144445648,0.1702842683003885,-0.22562293310246473,0.8307603916923108,0.6586658710720568,-0.11192939048091972,0.8975518557725536,0.5329691393769521,-0.16866775887087665,0.9408550749773439,0.4413106996995076,-0.20245923604384564,0.9737245380349129,0.35452029547092434,-0.22532804860333108
76523.624,0.7349563878202694,1.0015217845844622,1.0103592902881157e-06,0.6266999173545477,0.9551172042762737,-0.06610795418455054,0.5316472691854721,0.8420794448633018,-0.10319390279794935,0.47016479488407864,0.73718926095811,-0.13349522161515978,0.41241428721865103,0.639993425986032,-0.16407713587839665,0.5877267552052908,0.6055435422516237,-0.07966373549377641,0.5392159467793624,0.4385041248320022,-0.13006770862031483,0.5048714124789222,0.3302441810004502,-0.1680950428529464,0.47681939615351115,0.23461028908768258,-0.19674109901125159,0.6713712429366995,0.5776816123379973,-0.08389917908240405,0.6552433430212456,0.3774145982023231,-0.12758214523497083,0.6434418902689258,0.24732286238167203,-0.16481376822682808,0.6320689375731684,0.13438547837878756,-0.1931267865368088,0.7515051547126771,0.5997774377569313,-0.09579620909911231,0.7513558035977949,0.41251606843814953,-0.14991911995862925,0.7428079833547312,0.28553122457608676,-0.19344037134619405,0.7313532813860837,0.17012502248128897,-0.22430788748854993,0.8300529310276157,0.6611093602153,-0.1117035234620261,0.8962995254998204,0.5356083361858088,-0.16864427031253215,0.9395992795086322,0.44529003242991105,-0.20261800218009943,0.9729406138710672,0.36017597520481176,-0.22543188407846573
76523.656,0.7351438894134195,1.0019701097609663,1.025437443373016e-06,0.6265817638237837,0.9543661103495871,-0.06775591273725515,0.5319112689318747,0.8422666916483882,-0.10702820607337289,0.46813992155579803,0.7387782261791723,-0.13937063074230335,0.4097335678104979,0.6401820809333381,-0.17194364931393766,0.5872763535058715,0.6057467837722352,-0.08285971101756837,0.5383935544952179,0.43802851320912506,-0.1357237313323853,0.5032657277552746,0.32905856955371077,-0.17539039697889597,0.47482762932189665,0.23293756565666626,-0.20497131415876765,0.670797240700851,0.5779845918782249,-0.08699883822613462,0.6540096462750956,0.3771594273414994,-0.13256030842004968,0.6419844059234069,0.24670298166898344,-0.1704026080421539,0.6303161341339351,0.13325718653322213,-0.19898253080102724,0.7512530923711045,0.6002219234692455,-0.09898924321901267,0.7506245867490898,0.4119801883948593,-0.1546775349545276,0.741756720216973,0.28453235012054134,-0.19840394554137725,0.729957476278128,0.16860926772187562,-0.2292283673543555,0.829793387606715,0.6617435948692472,-0.11510200268446177,0.8962881277505604,0.5351192743897718,-0.17323215359710295,0.9400781408081315,0.4442888085733326,-0.20754283064336865,0.9738918003975261,0.3587202077001284,-0.23044425830386403
76523.688,0.7331675575650555,1.0013925803021118,1.0195154667545447e-06,0.6254770660222001,0.9526051556219968,-0.0646924219278852,0.5318872846423558,0.8370827080886443,-0.10203460865593911,0.4690047405087889,0.7319460813279571,-0.13312806853110762,0.4090543621432477,0.6347024878108013,-0.16460530454145744,0.587700657586481,0.6022194752206712,-0.07819506358152242,0.5384647586589831,0.4342300291152601,-0.1287293905099684,0.503348733553902,0.3248165911693132,-0.16681828820934488,0.47440436627489757,0.22824453392214097,-0.1956611863007273,0.6716149584990102,0.575910820643294,-0.08388456876951975,0.655315189131715,0.3758378705994316,-0.1285571766309959,0.642909207774076,0.24461914342227004,-0.16627236494261338,0.6305824348498767,0.1297988154494389,-0.194779404826179,0.7520320312899009,0.5989940823315981,-0.09718538237487939,0.751028600918066,0.40987020111562655,-0.15316269942425476,0.7419409104080102,0.28221940010528046,-0.197142019181921,0.7296169061303621,0.16516031547084564,-0.22798773695026947,0.8300005008078992,0.6607653220723747,-0.11425516201024771,0.8966998577757855,0.5328925989423863,-0.17342634728595907,0.9413843430690454,0.44138243133885696,-0.20820476995175305,0.9757236581260565,0.3549241300589603,-0.231288532186177
76523.72,0.7365163095692492,0.9977362464451045,1.0309521912285456e-06,0.6285729335600037,0.9486977678064017,-0.0631040259269194,0.5341145326363975,0.8339287846986959,-0.09965980224116536,0.4701489471278933,0.7275199660844862,-0.13024423924833675,0.4094877217959541,0.6303985062141592,-0.16097283865861056,0.5898932321820617,0.5988825341626232,-0.07473902704211828,0.5391326269669684,0.4287204623810874,-0.12318115568265638,0.5041606510959955,0.3179686807030232,-0.15952089759651752,0.476393346921292,0.22058598022072978,-0.18715333601531386,0.6735113493230621,0.571825495147813,-0.08059740131424166,0.6568600893819987,0.3696971444397236,-0.12317639541986497,0.6456882814785723,0.23765440540265673,-0.1591484507841981,0.6348210326045347,0.1235782260209182,-0.18643248690266404,0.7540626571541105,0.5942651085129302,-0.09398523112238594,0.7536507787967062,0.4034350707841882,-0.14769961593402497,0.7455206076629108,0.2762563399766026,-0.1894087204011388,0.7338603790179861,0.16040867145204046,-0.21876956006664358,0.8326912801836942,0.655708162994288,-0.11115827084486862,0.8990970651859979,0.5287729282638683,-0.16772938186298986,0.9428882920965271,0.43790550698943675,-0.20039736673531486,0.9760916486658313,0.3525745364149364,-0.22204802804169174
76523.753,0.7394804006167957,0.9948973738811746,1.030844256644783e-06,0.6312225864722707,0.9455553128353756,-0.06249977646558497,0.534999046717244,0.8276736544143083,-0.09792364243308199,0.4703168262303832,0.7185685444018318,-0.12748635780841036,0.40931422430024883,0.6206310327156362,-0.15716744165370053,0.5927457176738166,0.596192392739917,-0.07331938373457109,0.5417099501396436,0.424614520779197,-0.12060764015256666,0.5077635965595301,0.31312301371397966,-0.15573865367181017,0.48133831860424575,0.21473814242270117,-0.18271272723757687,0.6762580579403626,0.5694093380396276,-0.07955649751356397,0.6604607164622315,0.3655717072019088,-0.12195379563691042,0.6492531348019084,0.23136378651855025,-0.15787176341330342,0.6382332269506515,0.11540538429078198,-0.18509432150786312,0.7565626880751847,0.5915849892621842,-0.09328605707626988,0.7564455640076877,0.3983170412185449,-0.1474172871519732,0.7482497407283405,0.2706199425725889,-0.18924466607002133,0.7360906721707423,0.15428720400435025,-0.2185753023558544,0.8354688347483624,0.6524384777000654,-0.11072006059275762,0.9025690448994865,0.5255746550523415,-0.16779127015053213,0.9461844583520128,0.4341484500004986,-0.20081482238789106,0.9785087737764824,0.34813257840213174,-0.22274728387270498
76523.785,0.7446167912145014,0.9919468050278573,1.0396425316001063e-06,0.6362512314644764,0.9448774365353207,-0.06333288945476157,0.538351070012516,0.827258473770318,-0.09918139441172362,0.4730159434280481,0.7167860050538892,-0.12882594209636258,0.41164151569553664,0.6174765366150098,-0.15854291597588582,0.5954423801354106,0.5933852424951491,-0.0752530457360474,0.5434615012463057,0.42054924551614814,-0.12268434503816102,0.509328314266231,0.308420667750783,-0.15775785643347212,0.48298868575299797,0.20932987954450763,-0.18475320543596868,0.6792950818776377,0.5662204660722149,-0.08106706272286841,0.6635979585871912,0.3618797519841299,-0.12366046593285258,0.6529077922618887,0.22742747229234478,-0.15962442938274232,0.6424491104756871,0.11091191383295194,-0.18698248455170952,0.7595404067213772,0.5884196679191325,-0.09435185473954177,0.7595173092099846,0.3955655590745954,-0.1486467239601674,0.7512133234814345,0.2675253816671283,-0.1907364017594778,0.7390962071766046,0.15052796458917958,-0.22041432864312405,0.8384243046621322,0.6493762395392688,-0.11134046925735289,0.90522563544998,0.5230614873686467,-0.16869037680895124,0.9487316136731367,0.43181804763890524,-0.202047713765592,0.9808824008054924,0.34542972384194304,-0.22431568678984673
76523.818,0.7494122248494475,0.9905214143507657,1.0488440143556255e-06,0.6398324888582582,0.9427722412980989,-0.06490703813133927,0.5413596637016659,0.8247455468657688,-0.10083782316404326,0.4744614571982509,0.7143740640226612,-0.13022774633426334,0.413273171453089,0.6142061553448048,-0.15943490439958327,0.6008259557566422,0.5919177217496173,-0.0755086349312117,0.5476506138124305,0.4203846988765445,-0.1239162751194133,0.512756203695181,0.30780323990727093,-0.15983495975477796,0.4860916698273321,0.20736873920138116,-0.18741901765204835,0.6837250289580173,0.5643892549034335,-0.08048811824918636,0.6686336685536485,0.3603299516296701,-0.12350720472697915,0.6581575569919185,0.22513534607324015,-0.15927950302247532,0.6477777521378799,0.1075554293997041,-0.18639742951339097,0.7628715228015827,0.5864053848783705,-0.09331503597426302,0.7631698988087333,0.39523604178251365,-0.14798416521098154,0.754086011017803,0.2666232857374033,-0.18969984975985768,0.7410939685645186,0.14897003331152303,-0.2189324519657046,0.8410965204170643,0.6471437334167313,-0.11009340831258413,0.9071076774117922,0.5215514764930343,-0.16750404562022703,0.9494680276836355,0.43073827240128787,-0.2006551077138034,0.980141229950196,0.3445606365001997,-0.222768536605968
76523.849,0.7525883620659279,0.9868043022923334,1.0611409206396065e-06,0.6427108179763383,0.9402269116328762,-0.066984092825288,0.5444081267872323,0.8222328338652973,-0.10390804928928594,0.47660349842038935,0.7125441134101836,-0.13387736953218624,0.41696874356475655,0.6089898404133919,-0.1635478416857701,0.6036488103296155,0.5879255353468872,-0.0775323207907608,0.5502432199721927,0.41870529206966267,-0.12814246998339243,0.5159081074327488,0.3066651336029328,-0.16610371373629704,0.49071351100484706,0.20558966990423166,-0.1951393302860289,0.6870795132548648,0.5601933480423971,-0.0818158123658615,0.6718478794680843,0.3581840182870561,-0.12608073214524176,0.662718649752123,0.22343216342478192,-0.16269367446186475,0.6540118267210769,0.10499851633955432,-0.19053345782075914,0.7661620225119584,0.5830449870586562,-0.09432042621138495,0.7665944523648358,0.39391149472710735,-0.15003495437457895,0.7578833009693815,0.2663478180024202,-0.1919677771084364,0.7457073656443949,0.14840476380994805,-0.2213847624208276,0.8439990859687567,0.6452399479715368,-0.11100767351791667,0.9096343892109605,0.5208418185878564,-0.16958922078187202,0.951457955073478,0.42985747575769523,-0.20327888141719508,0.9817304866724506,0.34195263982352736,-0.22578355040387763
76523.88,0.7535576397814814,0.9808714595576004,1.0679092531295247e-06,0.6440103481527137,0.9355827420299965,-0.06846851425546069,0.5458834491636116,0.8175013071534031,-0.10579984342012622,0.47788115366478834,0.7080133799252125,-0.13587082640138196,0.4179754422744431,0.6041670051218136,-0.16569926826628148,0.6058771166890673,0.5836787792135391,-0.07901597647425888,0.5541513824572484,0.4161236192165918,-0.13015788520859434,0.5205437732236033,0.30434082683638214,-0.16868907176583245,0.4956426213948213,0.20312183399466957,-0.19836102382709495,0.6889342873082339,0.5561865647321519,-0.08281048456440147,0.6742339047057987,0.3558998741195318,-0.127609418123428,0.6655745336631996,0.22158702290026264,-0.16454585405973163,0.6572170172156897,0.10298931565618899,-0.1927562221221597,0.7674453617064857,0.5798767423797211,-0.09499939390037565,0.7687346720091345,0.39172846971359343,-0.1514909009149836,0.7608569130745808,0.2644415931759909,-0.1938404221299697,0.7493521692466304,0.14582193597666057,-0.22357477874366316,0.844873111635147,0.6429112024047274,-0.11148704532414343,0.9109092712179621,0.5189360404912622,-0.171174526298237,0.9530163339211365,0.42804217267236383,-0.20561188977035386,0.9834904145922975,0.339584016816169,-0.22868691345468772
76523.914,0.7528286790443529,0.9747472119629136,1.0524338412873313e-06,0.6443160836084112,0.9306788953309212,-0.06700794615257609,0.5460048560225929,0.8114813688269625,-0.10285199452001804,0.4791520655955691,0.7005548050362329,-0.13150201955434634,0.4190087269021787,0.5986718342102326,-0.15990806549609202,0.6071224244302088,0.5759807419798049,-0.07606579855802927,0.5561974820287476,0.4101776220026756,-0.12509432831374812,0.5233222095183688,0.30002676801608735,-0.1624423424016513,0.4986880646100386,0.20018069808036695,-0.19157204965459737,0.6896605922268055,0.5486003984546794,-0.07993900092125722,0.6750799255304283,0.35011303149165723,-0.12279750051070007,0.6669294037682753,0.2178844556226578,-0.15859598043365103,0.6594486337131139,0.10101668746535253,-0.1862033069822235,0.7675693313878443,0.5726668848702201,-0.0921071700163484,0.7690024629211415,0.3858349288211398,-0.14692781175389236,0.7618231731070424,0.26053211574505286,-0.18831994090995804,0.751504483817196,0.14357795340106735,-0.21768893925449145,0.8443700749068793,0.6362372284909344,-0.10854036138277119,0.9100511584597445,0.5144488503329696,-0.16715070972929852,0.9523847517704213,0.4252350804440089,-0.20107357544278,0.9835331073059194,0.33812998205702277,-0.2239391076651971
76523.944,0.7516212319082427,0.9697984397875401,1.0393993211385281e-06,0.6435074131124877,0.9234782933281707,-0.06651011169763733,0.5459620253781658,0.8054441654615081,-0.10184727219943292,0.4796638721670887,0.6958747452222276,-0.1301516950146551,0.42176302358531564,0.5943490724869366,-0.15802728378154055,0.6073393030974517,0.5715888727702733,-0.07398638332388818,0.5577377509670706,0.4053467345578774,-0.12242799050461323,0.5256954165908557,0.2948950021665033,-0.15912422281771801,0.5020220248150431,0.19514009576911093,-0.18738361139185994,0.689364115207671,0.5440544372655498,-0.07748387590261169,0.6754921354917832,0.34534835566077604,-0.11949179350279233,0.6676520876713371,0.21311960936210178,-0.15443049635197761,0.6603353162858436,0.0970188598928232,-0.18111155346841415,0.7671636630617543,0.5668546541560618,-0.08926701462556404,0.7691341412126762,0.38214901014240404,-0.14227484301003576,0.7618988562001531,0.2571997959457139,-0.1819806829511499,0.7512343619767705,0.141305974995501,-0.20999416992135722,0.844050697106882,0.6287373192220145,-0.10550542750002649,0.9081146301253141,0.5066233416949488,-0.1610561950877812,0.9491922083862526,0.41724023205442007,-0.19279704519919819,0.9793674531941507,0.33092449904841115,-0.2141364359420219
76523.993,0.7525366578845666,0.9645076707011517,1.0095724583527364e-06,0.64454088395393,0.918042068474462,-0.0642506005374264,0.546763218890834,0.799048958166559,-0.0980405592502151,0.4810203980757366,0.6883098861538577,-0.12522351050619557,0.4227956218707975,0.5889433175258119,-0.1520953859663553,0.606379898471777,0.567736277413668,-0.0710087851058452,0.556663842157841,0.40126547772661303,-0.11778606748985895,0.5252162484183832,0.2913288156820733,-0.15338742923878051,0.5022573103513874,0.19176641688494073,-0.18091037241907776,0.6872900534390688,0.5394725788352487,-0.07481866940273535,0.6730663892345646,0.3407900774548241,-0.11530852347506278,0.6653885753641321,0.21039560963462353,-0.14948699202976493,0.6588168049364594,0.09511653944020425,-0.17574906375234112,0.7645486631156381,0.5607383988465102,-0.08661873419696399,0.7659340121859772,0.37566953750829196,-0.13780212357873906,0.759243221096216,0.25211536297205106,-0.1766352935132018,0.7498251146135305,0.1374958122594167,-0.2042465464352781,0.8410663990814748,0.6207950522470334,-0.10276703991727208,0.9038526068869427,0.4980228717936849,-0.15676351135067582,0.9461978719275947,0.40930868437890494,-0.18770486467585265,0.9785845988867523,0.3238728831819592,-0.20850464142268432
76524.024,0.7512821597926322,0.9582529676547458,1.010219804520944e-06,0.6439693239842501,0.9124900707219968,-0.06333654174183385,0.5471660974682202,0.7920441003984342,-0.09627836843491937,0.4829489830707897,0.6803274959202325,-0.12277406422667153,0.423942523923679,0.5828488881623567,-0.14914524009086344,0.6052821930047326,0.5620002646433154,-0.07044426370241436,0.5557847663849174,0.396696462736601,-0.11650908738366525,0.5240372444860569,0.2871047595304647,-0.15155747561673155,0.500421877285315,0.18822057265984893,-0.1787867461562326,0.6857129290575436,0.5333022665150509,-0.07440835932335213,0.6726218041617195,0.3355222502372376,-0.11418332721756538,0.6647732665880063,0.20592526182694473,-0.1477352281194948,0.65784199322917,0.09160757219427512,-0.1737463216806876,0.762083679414348,0.553674500848318,-0.08629700397345794,0.7639519175551207,0.3694774117620319,-0.13739519803466427,0.7565765106039387,0.24743630688671742,-0.1765060506370739,0.7468699716636001,0.13438488635525592,-0.2044297558396563,0.8371759277470094,0.6128661699317152,-0.1024266840279822,0.9003466050790347,0.4904510845558783,-0.15745839558647315,0.9439099638099742,0.4030383822682608,-0.18931495592287323,0.9777577411992715,0.3190642869807274,-0.2106848741640776
76524.058,0.7504169229138747,0.9511218110327987,9.90400637026116e-07,0.6435836414044169,0.9052005668927051,-0.06224864458112877,0.5469158097456894,0.7848146627408245,-0.09427588687289577,0.4826820633464083,0.6735119790332436,-0.12004886872250149,0.42415958046747265,0.5769053562693243,-0.14570442066902264,0.6061438717163312,0.5565417600955165,-0.06873275154641646,0.5561633221770987,0.391751828277764,-0.11447856647287688,0.5241468841907496,0.2818717510238187,-0.14936935765849646,0.5005006728735896,0.18327973519061366,-0.17643062397357803,0.6855556230445707,0.5279642433561346,-0.07275863747513957,0.6719533975189302,0.33091191898796923,-0.11193968034377845,0.6639605785630707,0.20194953125819295,-0.14488847556180523,0.6570961644783472,0.08890536951010684,-0.17048617357734133,0.7612450106465036,0.5478601039989522,-0.08472317378832327,0.7627175526910561,0.3645715395604067,-0.13507415493900707,0.755062569210576,0.2429805773668483,-0.1734658107889249,0.7453324255845407,0.1310431921217797,-0.20094192290588386,0.8358261310336875,0.6064497565037226,-0.10092732490744022,0.8982545897107165,0.4843484356900188,-0.15524591072584024,0.9413669374832465,0.3974785536430324,-0.18664432001174439,0.9749656465748817,0.31427192725463143,-0.20774682283100054
76524.089,0.750763277874311,0.9461671665919413,9.804464322693949e-07,0.6438027198579778,0.8987528485846917,-0.06000380059878777,0.5478779255398137,0.7783495435262332,-0.09089165572423955,0.48464968281009635,0.6673937046585916,-0.11587391623996242,0.42522242573402386,0.5728049856243094,-0.14068387242250033,0.6056659534791569,0.5508787420087857,-0.06500093103110308,0.5568445341053122,0.3872238226736788,-0.10885327524363021,0.525306343762021,0.27785729881224486,-0.14251200821446638,0.5016591820782228,0.1796312048552563,-0.1688344214846479,0.6849956859553359,0.5227785160253439,-0.06968697437415092,0.6724483542291907,0.3274226624939071,-0.10740538699319148,0.6646416346229557,0.19905843733795442,-0.13945300411856576,0.6577530183579261,0.08730984914712452,-0.16437148068112514,0.7604611370759763,0.5432185926097393,-0.08215544581631065,0.7624955860653247,0.36157290254315827,-0.1313540641858375,0.75483073651177,0.2404009518445109,-0.1689940685436583,0.7449732443826991,0.12881087691516369,-0.1959313119888501,0.8345486735516966,0.6019338717726993,-0.09867454924460774,0.8973430387462823,0.480655206614185,-0.15204000434633275,0.9401561548870127,0.39404571212880185,-0.18272713848492428,0.9732652533083508,0.31117819762807997,-0.20329580534882136
76524.122,0.7519134994500274,0.9414684522281047,9.779024504661408e-07,0.6445643010948123,0.894664823719041,-0.059840646036055045,0.5482779279669465,0.7732703860654349,-0.09003132658837189,0.48490959599332645,0.6617250615226494,-0.11437442774276488,0.42624439632693784,0.5669217198531176,-0.13840062522303523,0.6074524129886784,0.5467621068405072,-0.06310400713930486,0.5586338055543292,0.38331552000455776,-0.10637323637596069,0.5273104236065498,0.2743766871391538,-0.13979752166471393,0.5037404448610086,0.17666723735359327,-0.16594827453546176,0.686003672942279,0.5188882939089549,-0.06735462817394375,0.6735336745975326,0.3239575408929796,-0.10437307870362188,0.665983369999437,0.1959008830724703,-0.13593254604900995,0.6594878271685631,0.08459671654220968,-0.16048105368971466,0.7608558180465307,0.5385723656923429,-0.0795189364006156,0.7626730365506655,0.35713416432722067,-0.12820272874908398,0.7553543586210342,0.23688114770919677,-0.16537057159610322,0.7462543834988665,0.12636719688342551,-0.19189581368307027,0.8343845185204369,0.5961826015456205,-0.09581161965848826,0.8967737526358617,0.4757009904280216,-0.14905646348185267,0.9396360167428262,0.38986746437079145,-0.1797250093705267,0.9730938349637174,0.3077818969307265,-0.20018153793640733
76524.152,0.7536584790917831,0.9395198172016398,9.686292798367645e-07,0.6460185048146806,0.8919374236122375,-0.05974105051348916,0.5499628975959733,0.769391346022663,-0.0897440615503199,0.4860400866599523,0.6581082234123684,-0.11396951640283619,0.427657085649075,0.5626405394694833,-0.13776940900924545,0.6089590987129117,0.5455166777053166,-0.0615325681430064,0.5612198932423127,0.38297451167435403,-0.10474284266546369,0.5301799613491665,0.27417113858954323,-0.13823132948825942,0.5065911242014781,0.17647326697585577,-0.16445560043389879,0.6871670471957635,0.5179102526793399,-0.0657068567910009,0.6754774214775034,0.3242322390677048,-0.10289006165860956,0.6678382834075812,0.19620909133271547,-0.13457294452615964,0.6606736470244393,0.08477658374699543,-0.15912203285657175,0.7616455681267538,0.5373717137675318,-0.0779127188811116,0.7635168504571683,0.35571359465462515,-0.12694815886753186,0.7560376430631816,0.23563139326282312,-0.16405669357722685,0.7461641809203564,0.12516816411294393,-0.19033319533355014,0.8350118864419043,0.5945238134800713,-0.09421886898617711,0.8974590726646297,0.4735498513782577,-0.14749968933844196,0.9398789757371401,0.3877374896587297,-0.17798789270117013,0.972523704133889,0.30581566427587314,-0.19826852723869284
76524.186,0.7546833103498021,0.9378465251594674,9.734487240369855e-07,0.6473126961363751,0.8904140755270656,-0.0594487998152913,0.5520259848710779,0.7668847148821587,-0.08936724182102555,0.4883107351861684,0.6555768018780911,-0.11373398427098895,0.43018369585085553,0.5603433060469358,-0.13775833106023982,0.6114621187084457,0.5445272165209544,-0.06111624716982266,0.56368321505717,0.3817404869616876,-0.10461552735112203,0.533276926905822,0.2723317179091402,-0.13823403926336258,0.5104411152279307,0.17501034738881854,-0.1645174307428963,0.6893796007108121,0.5174962459806731,-0.06550520230484401,0.6768899034579974,0.32472086095276576,-0.10304763585279876,0.6690884574617281,0.1967855962578913,-0.13482625378388882,0.6620279838656822,0.08515197356429918,-0.15933058940435488,0.7639468927622697,0.5369722785205648,-0.07797766110607622,0.7650137744727092,0.35503964492269896,-0.1275116205576354,0.7575225150791164,0.23492178969222363,-0.1648511569455985,0.748131478300965,0.12419403576837848,-0.19116844435682978,0.8374340155573984,0.5941972114681011,-0.09453967617845019,0.9004447590396474,0.4739455759678612,-0.14879945543968764,0.9431268159839236,0.38797830817458345,-0.17999304681018924,0.9764530035423615,0.3057951088099085,-0.2005793283985185
76524.216,0.7564454507321985,0.9361222988210207,9.886888009728105e-07,0.6487842953050593,0.888944868106669,-0.06030736891109658,0.5535018286734426,0.7655578436827012,-0.09072758971515593,0.48974800259713247,0.6537859121823241,-0.1154935126653858,0.43216597344638313,0.5579729150281388,-0.13976545333318113,0.6143607506060016,0.5424737363346007,-0.061404683143529475,0.5671140032716275,0.37943464026868823,-0.10538570812343478,0.5373061523045637,0.2702692105155979,-0.139374314563669,0.5150277429110603,0.17318662565255818,-0.16573063405009952,0.6923761118422422,0.5160292213843026,-0.06546397442982492,0.6802229495088674,0.32329373852941945,-0.10349523692701351,0.67315293521045,0.19431518557560554,-0.13524626076233826,0.6668008262207579,0.08202550710520495,-0.15945658690126524,0.7673600455451554,0.5359585317722483,-0.07777837858527038,0.7688620934092818,0.3544116432994583,-0.1274791865741999,0.7616836238092687,0.23435473564748555,-0.1643189470566802,0.7523803581326689,0.12333171509433576,-0.1900083418314322,0.8414574981681991,0.5933317620972528,-0.09431167927722893,0.9045988044782409,0.4725293862785804,-0.14802050254415267,0.9462525802278398,0.38617948636520966,-0.17850896289367968,0.9783165385175042,0.303035023738468,-0.19849735994325518
76524.249,0.7568783009571886,0.9354495395308462,9.929629966391671e-07,0.6493240825255647,0.8874448216912861,-0.060401814111290385,0.5550818242104634,0.7657053633381268,-0.09101942047329241,0.4914630146036854,0.6548924086063057,-0.11596067984263783,0.4346862178304334,0.5583152123705933,-0.14034925352437988,0.6167358541280366,0.5409892525096678,-0.06080763390642231,0.5701303535846908,0.3782093075918148,-0.10455670871937134,0.539886814969031,0.2690843653847114,-0.13856943221586485,0.5171220976141422,0.17174080713316225,-0.16504859856610285,0.6946272364918645,0.5143896846754582,-0.0648380584736072,0.6824212859685983,0.321318004088947,-0.10276291655508724,0.6751710916300178,0.19182059214130853,-0.1347517123643333,0.6682529558535258,0.07944751857319955,-0.15911093321051928,0.7691844697845008,0.5344905922229295,-0.07713169079001321,0.7710772986206859,0.35321512579153613,-0.1266055530768568,0.7635177975395748,0.2321294870547409,-0.16365816168612857,0.752989079902975,0.12034195880226149,-0.18956262112370686,0.8428677633735634,0.5922938138551271,-0.0936475523965208,0.9065765909487494,0.4730666442951356,-0.14662003057903406,0.9474617042995669,0.38673312092898476,-0.176955727306699,0.9781511535957503,0.3036015231518207,-0.1970156453232667
76524.281,0.7561492610567782,0.9358906750107476,9.84874909409185e-07,0.6492421575047554,0.887645734091941,-0.06063834403797125,0.5554643885274754,0.7647225014460878,-0.09135586251039858,0.4921558042195608,0.6529203045190486,-0.11625876241309076,0.43482198346563494,0.5562570262814163,-0.1406405042932247,0.6182953789499107,0.5401968843840902,-0.061682463492688015,0.5720760580637752,0.3763233745737565,-0.10548823681302003,0.5417247000400193,0.2666508897548132,-0.1394027065247351,0.5187827196929967,0.16904362290125513,-0.16588906986165608,0.6963129727102388,0.5142524220148962,-0.06574963610593398,0.6844962224065321,0.3205073159000801,-0.10406393169809612,0.6772219524918505,0.19113358168644043,-0.13637744585100284,0.6702208785307116,0.07926297923678549,-0.16098340717046425,0.7707936090621802,0.5351530247710623,-0.07800698226891471,0.773449706039651,0.3533619817023919,-0.12781762395698107,0.7662540430343078,0.2313903564055331,-0.16520560900470477,0.7559748904487353,0.11853720403003805,-0.19142449968282754,0.8446043160871508,0.5936918454044725,-0.09444397435850585,0.909062359106633,0.4743222436680877,-0.14743559302057968,0.9500893094056291,0.38746113184039893,-0.17795401538923217,0.9805763184459063,0.30340474452676064,-0.19830995722418354
76524.313,0.7550643901368473,0.9378771175801788,9.761369047781174e-07,0.6488320966665745,0.888098924161152,-0.06054309479138351,0.5557897094239466,0.7654659385426555,-0.09103642150491162,0.49276941562650706,0.6536308493920595,-0.11562088140497973,0.4371665737762537,0.5554389000075106,-0.139610201153089,0.6173117061347289,0.5400206920355212,-0.06093742038318662,0.5720596448159845,0.37518100382475383,-0.10419938673261278,0.54214026384555,0.2652445135877979,-0.13760107602313976,0.5196282550139183,0.16773242995886942,-0.16367330920805193,0.6963120364522914,0.5143578070907828,-0.06495325857418008,0.6855112317173446,0.3200266235459217,-0.10258367896959607,0.6788713347953156,0.19139363290667505,-0.13480414718105121,0.672194465473731,0.08060289324510601,-0.15936972834454613,0.7714122090940558,0.5359657906478518,-0.07711298104934891,0.7753023844278102,0.3541779197958063,-0.126106602807491,0.7691793456056506,0.23179212297096285,-0.16338991186970783,0.7596738881555448,0.11867795448582413,-0.18965143396222947,0.8453963790627854,0.5954715995811398,-0.09344876219537511,0.9095220281106514,0.47668379368738456,-0.14551267800877044,0.9506844471036634,0.39004694215783253,-0.17558374588587253,0.9813343829138953,0.3062211234368711,-0.19568993357789083
76524.345,0.7550012494676773,0.9399556214574112,9.705235262553977e-07,0.647513485486148,0.8912401315048492,-0.06243988279184043,0.5535909712173136,0.76968134786342,-0.09376187898237484,0.4910535873491372,0.657779285720861,-0.11873462929142178,0.43651570868643463,0.5576238561980587,-0.14307323515949802,0.6148732718851758,0.5413689508902801,-0.06275380272988626,0.5698486635914701,0.37633149500089097,-0.10662865722097198,0.5403448039585064,0.2665661426115963,-0.14062840993734277,0.5185463876153015,0.1691888340400777,-0.16709355052269675,0.6949012448478741,0.5159832159025737,-0.06600765686988161,0.6832306988355097,0.3221485470975781,-0.10399172110831473,0.6760920062449377,0.19402636216530011,-0.1370767599597451,0.6690806019553932,0.08222728539180624,-0.1623816844151009,0.7708319877262689,0.5380314708176472,-0.07753060149701191,0.7743308091257928,0.35646503405074714,-0.1269443589507643,0.7687848950420623,0.2339998695290242,-0.16516477824625295,0.759611263813501,0.11989260719156072,-0.1921461550150529,0.8454649786612917,0.597789936416992,-0.09335823416471714,0.9087898877922084,0.478643209965937,-0.14614513295956785,0.9505147794907165,0.39269605337771907,-0.17691661302563574,0.9817102721753926,0.3090746595698556,-0.19749543524007523
76524.377,0.752560947293508,0.9443549269068213,9.826127961160085e-07,0.6449170435270084,0.8969246894329768,-0.0635679508410931,0.551063017811655,0.7739495670429696,-0.09509181175402487,0.48969883639251993,0.6613567309613962,-0.12007358645217382,0.43566222446047687,0.5611608559026131,-0.1445336190903651,0.6121405917110007,0.5453423377890494,-0.0640675222410997,0.5678557711746407,0.38063902505887914,-0.10844248008481222,0.538647345837639,0.27035440328678745,-0.14294536471468006,0.5170032768462409,0.17218263435069991,-0.16988397108028783,0.6921149673830173,0.518963160686579,-0.06694966290267117,0.6814048414919543,0.32498311826549503,-0.10531357154741497,0.674065614675862,0.19662999547080606,-0.13906307129815434,0.6668885921645105,0.0844135232211749,-0.16495340762032876,0.7679267052754621,0.5404555973347264,-0.07813998584945236,0.7720411447649843,0.3596385992999014,-0.12782664539153105,0.7664939747393289,0.2370817579599818,-0.1669945166109864,0.7576219133234715,0.12322737054245828,-0.19478523313990603,0.8422857653098196,0.6001690875728981,-0.09374271789959339,0.9061404465089845,0.48206408966625464,-0.14723965794849905,0.9483486520854681,0.3963586321138674,-0.17900494550266294,0.9805304579796208,0.3130372352091491,-0.2003400769150917
76524.427,0.7520238997235489,0.9468864901378468,9.731595943317913e-07,0.6444246622338689,0.9005168176710724,-0.06350595684288335,0.5496101363052,0.7780715694361741,-0.09540204382009533,0.48769412050557587,0.6656148211319541,-0.1208233555960315,0.4331557056888163,0.5656959908802746,-0.14585182182968442,0.609259925661499,0.5510166303769843,-0.06565659283159493,0.5639637555630741,0.3850279751321918,-0.11052618874516226,0.5342295104164487,0.2748801558831912,-0.145045653563592,0.5121345451158532,0.17696526342688637,-0.17194563853474096,0.6894538925489327,0.5241353905828435,-0.06878585554622195,0.6779752947363696,0.32912358114006585,-0.10780842417678259,0.6706987404448195,0.2015432799578931,-0.14188624820906864,0.6635737245667108,0.08913307730323891,-0.16806072205577033,0.7656461067816661,0.5445797709730174,-0.08011180645189117,0.7688936293658303,0.3626709300016442,-0.13061159744514667,0.763592884725666,0.2402302338428674,-0.17025506636892163,0.7548569198097081,0.12680342036752235,-0.19836507963210911,0.8405668086213104,0.6029714890675547,-0.0957570654284349,0.9039868651067053,0.48377154832812297,-0.15002205433355978,0.9467776159960911,0.3978892314876344,-0.18222933141858247,0.9794651999288307,0.3149844564996002,-0.20388647582157288
76524.457,0.7514593959455145,0.949958150546346,9.913603618853432e-07,0.6444681393423702,0.9045867235876806,-0.06468941216210282,0.5488135949267864,0.783513877983409,-0.09740059785069913,0.48620731318454463,0.6715959568055281,-0.12333600883478958,0.4315725665690712,0.571654182406043,-0.1488688470682836,0.6077097371969977,0.5551253660810199,-0.06836099377869506,0.5616832915730817,0.3895773824342474,-0.11409397831295832,0.5314477318599702,0.2790968015275492,-0.1492783518111755,0.5090275537065743,0.18068220238422977,-0.17657897752246782,0.687896905821012,0.5270402679453118,-0.07096594495069446,0.6764251832894601,0.33213800496560963,-0.1104127929088975,0.6688542839683773,0.20438244416305643,-0.14457200133429512,0.6616559875867087,0.09239722730266774,-0.17087111648185097,0.7641512995567199,0.5466623993269385,-0.08176497795283875,0.7670337279119035,0.3651653121216298,-0.13249571606649083,0.7606282489476428,0.2432768671238734,-0.17235052214704538,0.7514282803537047,0.1308570704676758,-0.20066451633106502,0.8390745241660671,0.6047109145133043,-0.09694901473080778,0.9023482463997764,0.4851043564894796,-0.15175035469463294,0.9456437618095458,0.3992086718496442,-0.18427478042393827,0.9791632352811994,0.3167287498003397,-0.2060597992477177
76524.489,0.7523327318768115,0.9524372137338235,9.851415871679784e-07,0.6450240387488682,0.9067517797404491,-0.06354903033043657,0.5495738693386919,0.7834425904578751,-0.0956013193390469,0.4862205207872901,0.6714871648150711,-0.12110066748367625,0.43051695238209087,0.5725514837219985,-0.14629078194399567,0.6084108605777268,0.5581416593721656,-0.06747837487910768,0.5621018802973612,0.39314752528828567,-0.11332551791712056,0.5314591225036398,0.2828314112476352,-0.14859728513120898,0.5081155143808332,0.18446903881179924,-0.1760260361676704,0.6887222256539819,0.5294384464660705,-0.07075062708862011,0.6770894563717332,0.3339924706198675,-0.11014009924042345,0.6696617039752455,0.20543898215329226,-0.14379619686108944,0.6622743391341307,0.09308067505404696,-0.16963120699898482,0.7651289915411712,0.5495068047610572,-0.0822018973172962,0.7677615516300885,0.3668445707742262,-0.13313751528040255,0.7609367303083681,0.24478588956089278,-0.172446052811056,0.7511359069650287,0.1319287648302602,-0.20024044876263455,0.8402741690613429,0.6083462126671125,-0.09791535473531805,0.9039244906817407,0.488572628479706,-0.15296174205827,0.9463671562476506,0.4022255688887153,-0.18512611458747052,0.9788095688481978,0.31867150254075965,-0.20656616960781102
76524.521,0.7518362987842522,0.9550360325355971,9.891366316766791e-07,0.6451301521899889,0.9079940182175391,-0.06275628597043147,0.5509171200911118,0.7846615629473015,-0.09481273564376887,0.4871375333532829,0.673369305572199,-0.1205333023490415,0.4301313268118432,0.5753340374523228,-0.14596065197087466,0.60973937349558,0.5588556333882796,-0.06652853404690058,0.5629218662708623,0.394040935835338,-0.11261092305335083,0.531922780926555,0.2834333406969273,-0.14826165655640897,0.5086608995713512,0.18476684639088606,-0.17593013594322543,0.6901092660645063,0.5302887633534528,-0.0702113756539328,0.6780745933386685,0.33477419860803226,-0.10955483514632981,0.6708242997716158,0.20577510607937727,-0.1432526767627538,0.6637388554549104,0.09346283376351024,-0.16910263188370075,0.7667956620110489,0.5507629183152437,-0.082024500977725,0.7690496060049875,0.36777480255427114,-0.13247617657245397,0.7622349135480213,0.24547163047679948,-0.17121797587861715,0.7523757489653282,0.1327168779271203,-0.19868375505998018,0.8421506296054501,0.6104046320882364,-0.0980909536654532,0.9058485540928103,0.4911583613050647,-0.15212655766651406,0.9474565768392854,0.40472255989900097,-0.18347644351415673,0.9788801394764957,0.32116009123577643,-0.20443976674286024
76524.553,0.7521229089031142,0.9555253371372827,9.866583867168563e-07,0.6469117309885029,0.9077134825469028,-0.06248251448531977,0.5525580638358977,0.7847327358952769,-0.09465730956287793,0.4888651261487617,0.673183695610292,-0.12053903569390749,0.4319387726749304,0.5743914643468786,-0.14618248131988812,0.611152807222014,0.5594634874345008,-0.06755883283277499,0.5643833738437422,0.3933827617969847,-0.1135907447753874,0.5339903420134426,0.2831020732973481,-0.14883716333975777,0.5113386234248286,0.18383621088759505,-0.1761635680185688,0.6917663340419915,0.5321730379902074,-0.07156336822131192,0.6795808654960313,0.33553415548115323,-0.11140163830835466,0.672023308913096,0.20603581158578485,-0.14552872646590206,0.6642996163122561,0.09304871937721333,-0.17164417145378938,0.7686307765928397,0.55386312099099,-0.0834834747904098,0.7714063990975094,0.37031156873530247,-0.1342176214803279,0.7642575150417571,0.2471152473188471,-0.17302034172729797,0.7535647506367594,0.13328653451779673,-0.20045951251435595,0.8441813543245617,0.6139788992886753,-0.09955128041637926,0.9084122637410802,0.4927214747103645,-0.1530218293063714,0.9498796965089196,0.40507475724495784,-0.18381397371174177,0.9805629079337971,0.3206623490633881,-0.20450935090940248
76524.585,0.7541750660318232,0.9560327059754782,9.894613830448794e-07,0.6479495713307258,0.9064326056307791,-0.061505570497266,0.5538042597776602,0.7836159698765047,-0.09347613888484349,0.49055252063978005,0.672117291951472,-0.11932707953177639,0.4336874983640652,0.5731239922021323,-0.14487974142488405,0.6132099793517846,0.5588626527190362,-0.06647699098426099,0.5669958482922749,0.39286367851648885,-0.11243078272399348,0.5365588318706541,0.282241146641065,-0.14762730665289753,0.513888208522443,0.1826947259234325,-0.17490328615986622,0.6937830154981304,0.5325150683170976,-0.07117511847362636,0.6820561126590347,0.33625807678237646,-0.11121880973251043,0.6749385307609521,0.20592740822083236,-0.14527253767429485,0.6677605944736632,0.09233097006018862,-0.17119807688671693,0.7705523208967543,0.5551305450197058,-0.08377133762171794,0.7740691619134621,0.3715769200122998,-0.13453954336714458,0.7672996771025029,0.24758666544165947,-0.17295292685762506,0.7568131914238906,0.13281100150634825,-0.20006324549974971,0.8462171075482411,0.6160405511782935,-0.10044493623862166,0.9104854830284816,0.4950754964805158,-0.15355055822897373,0.9512093332748284,0.40630993935269344,-0.18386439972555435,0.9810189648773189,0.3202879666331551,-0.20425943180224188
76524.618,0.7542296694811141,0.9565638140306131,1.0100198073808747e-06,0.6482329088979001,0.9058380042778317,-0.062281566195712984,0.5549477646729587,0.7837052239762854,-0.09489049675624843,0.49186513472675747,0.6736308225511906,-0.1212865317082085,0.4358473681321042,0.5746054695653041,-0.1473497469548825,0.6142291219468388,0.5585738355438818,-0.06785137489333531,0.5678626200673151,0.39274858751582487,-0.11483889969551464,0.5372227221277605,0.28186211272472594,-0.1507669451983776,0.5146402789789581,0.18200728567637267,-0.17848202525569798,0.6948815922665283,0.5320419189872776,-0.07247477872805745,0.6830194814584226,0.3356980240399444,-0.11325634057312566,0.6761355555353611,0.20459414309042667,-0.14756153404926925,0.6692332416220124,0.09052173287776477,-0.1736022508452244,0.7718704974134223,0.5546866770175503,-0.08513276083055256,0.7751073470912001,0.3709380832529901,-0.13654673642610146,0.7683282035635121,0.24638404487527196,-0.17521307294474123,0.757990020501888,0.13115564915302597,-0.20241460952302018,0.8479188417785121,0.6157535930649184,-0.10196309266353261,0.912977185029876,0.49431761002726776,-0.1556036637442904,0.9539761324025017,0.4043165828638251,-0.18633047206593153,0.9838664323571801,0.3169334608316076,-0.20699972617782522
76524.648,0.7529703105968095,0.9577343997584047,9.831510028315675e-07,0.6476031480082143,0.9059528958804768,-0.05958091897910999,0.5540870901235901,0.7825594524726722,-0.09030876524074317,0.491567380787208,0.6710273256462554,-0.11531128807715732,0.4353116926014587,0.5729524805095807,-0.14011985455050885,0.6150184216555002,0.557674864130776,-0.06406985489047938,0.5692252918026797,0.39066577715542006,-0.10904146618607442,0.539358467769668,0.2796525609180231,-0.1434547353708433,0.5175096940387021,0.18017318152742542,-0.1702324450729431,0.6955655681550179,0.5322439925502278,-0.06947288326645486,0.6831563498549414,0.33555956492047745,-0.10870415705594776,0.6762440366977431,0.20485532752471566,-0.142400196122362,0.6695435128139064,0.09192473792368584,-0.16818514170796692,0.7725917946634979,0.5553365467634988,-0.08268331001410818,0.776200142688539,0.37141119601150524,-0.1327111711074485,0.7701528464210006,0.24692623023774993,-0.1709664329845987,0.7604073162816328,0.13239400055927572,-0.1981344269225765,0.8487271482956048,0.6165175909487636,-0.0998778760645945,0.9140005779260727,0.49599580399125676,-0.152383145724613,0.9551196949498867,0.40661619127471044,-0.18280868140405918,0.9851574755362961,0.32026107329673337,-0.20346824132520175
76524.682,0.7531506880001748,0.95872276731574,9.827998555650848e-07,0.6470145921304816,0.9078684963153604,-0.06260769469528644,0.553309724022443,0.785527051529901,-0.09494096204113693,0.49030004732668325,0.6738840586197361,-0.1209668824229822,0.43381695739379517,0.5747497514516916,-0.1467942283057666,0.6147672002833757,0.5579369755901769,-0.0669764176425819,0.5699359080121041,0.390830997711041,-0.11340710287136871,0.5406325915440553,0.27967642665550263,-0.14908215781502318,0.519491827810239,0.1801164011527203,-0.17677381039118092,0.6956439349621968,0.5322589303108883,-0.07133790674013686,0.6822427038582587,0.3359287440036814,-0.11194988646275694,0.6744271745774846,0.20530912552334254,-0.14699943682673308,0.667125265000401,0.091525692008562,-0.17383173682746045,0.7725840182199919,0.5554813420879608,-0.08378701295426574,0.7765039814721691,0.3723997838943986,-0.13507108317629657,0.7706845307408958,0.2470566376096088,-0.17483173673856178,0.761123877623203,0.13153708114870405,-0.20309844152488646,0.8485943169618797,0.6170552196513065,-0.10045348583980998,0.9136516060933974,0.4974594139226653,-0.1543277657775928,0.9548233432136387,0.40860721155922863,-0.1861808302373616,0.9849533840251657,0.32244942561331497,-0.20787499226378284
76524.714,0.7511626739584172,0.9611913539715541,9.681296166428374e-07,0.6445323264998393,0.9123525247758785,-0.06483587338718072,0.5510606012987612,0.7887685345280521,-0.09770411880100968,0.48888388501772995,0.6761669167336312,-0.12390357376663777,0.43275164416403844,0.5764222989586767,-0.1500087535323632,0.6139886703246185,0.5610173188326364,-0.06957346380090891,0.5721124316678539,0.39272024430094243,-0.11703448607872259,0.5435655289736994,0.28083223722649486,-0.1533067992448526,0.5226388161840945,0.18122801379529138,-0.1813502380547059,0.6947045213024056,0.5359266945537586,-0.07324867209452339,0.6807243031720869,0.33945926147361866,-0.11549574985413767,0.671148157662378,0.2097000192183856,-0.151862669971764,0.6619142283275026,0.096259557872938,-0.17957299125101808,0.7716452927783771,0.5584454196479282,-0.08514883266322802,0.7755276309994579,0.3746260080539358,-0.13832473051975927,0.7693949896301973,0.24931122997311117,-0.17957345137098507,0.7590829031713947,0.13369257255798114,-0.2086540019551872,0.8478987806130808,0.618892176820285,-0.10137436814702103,0.9130033997165046,0.49769638714189196,-0.1568355674887947,0.9547616165498651,0.40875027326493313,-0.1899590985764879,0.9853225154848314,0.32245706110085637,-0.21248894578227676
76524.746,0.747995917389659,0.9638235840196343,9.483762391337174e-07,0.641755179836943,0.9135286990516059,-0.06273243329155992,0.5490696952870042,0.7863886209190597,-0.09322982503074481,0.4879763056673148,0.6722810447756531,-0.11754383603411042,0.4334516600816377,0.573944791971639,-0.1417212507409987,0.6178134442725576,0.5595178908748678,-0.06486418497676733,0.5849706997117275,0.3902758019591858,-0.11018830285895541,0.5635713634518037,0.28030613541563637,-0.14500837455023213,0.5491982732747056,0.1821673680122072,-0.171998483675763,0.6963982500346156,0.5380882527360142,-0.06871618896545892,0.6827042663923335,0.34492681995749364,-0.11034412232714744,0.6712771503712883,0.2169284209803278,-0.14688711270698093,0.6606748046578914,0.10387302396434704,-0.17465921435337958,0.7711765428946757,0.5610450264530888,-0.08065036344950871,0.776259383551095,0.37882476004225296,-0.13391972599516277,0.7694650485823235,0.2553582311615593,-0.17550732705550867,0.7585522843759219,0.14058357661454932,-0.20455187111972967,0.8456459867562238,0.621551884632054,-0.0967538518057426,0.9117545153991401,0.5028139736608238,-0.15284927979396964,0.9546386586049586,0.41533684280481276,-0.18669051382710225,0.9870010722328685,0.32985889455679535,-0.20940742340384236
76524.776,0.7433023276367496,0.9650592162415108,8.839809564573318e-07,0.6369893400153095,0.9105435030384962,-0.060976685216424055,0.5480277750043269,0.7811774158990952,-0.09133320134010561,0.4879048918384487,0.6669396918243047,-0.11621102991662716,0.4338155522555831,0.5694742716911603,-0.14090754705841022,0.6211613158204049,0.5563761379915055,-0.06061657602770425,0.595466316075021,0.38769228333877753,-0.10549654177073683,0.5765104076665514,0.2804492171874448,-0.14090364672882955,0.5621057265208549,0.18478158911594522,-0.1685159585660737,0.6981291056594281,0.5398672689351864,-0.06522874920208585,0.6863075504331353,0.3560199537809681,-0.10778485433279367,0.67395443932695,0.2358043535153651,-0.14542527429411653,0.6609363018264315,0.12769826351842298,-0.17382810171379814,0.7708761502240783,0.5637375578974024,-0.07789408140488942,0.778664554818057,0.3856019636335524,-0.13219315489877584,0.7731718382518737,0.2642173298290262,-0.1732084978958785,0.7624725594530147,0.14939395177105233,-0.20162578959630217,0.8428198987543941,0.6239727883407165,-0.09459172383043371,0.9089356314208219,0.5059905545461054,-0.15105067623186647,0.9530115566637477,0.4204928348888273,-0.18396220838215915,0.9867862010747183,0.33705339323765876,-0.20581721582349313
76524.809,0.7411986144353013,0.9581468029888424,6.835625845933669e-07,0.6339153360814161,0.9059468899940536,-0.05199240485547224,0.5461702840179754,0.7727055893865863,-0.07631620877508487,0.4880085954180462,0.6589384836872626,-0.09650563454771363,0.43673707995785704,0.5633682331183627,-0.11616401376819875,0.6214865526436116,0.5595592711679704,-0.04466013641929074,0.5981729671544468,0.3858391428775814,-0.07802712794386812,0.5861152450794985,0.2797137695116914,-0.10510335445712804,0.5769842722279482,0.18502000412760153,-0.1288904001835295,0.6961105672075243,0.5452393586151069,-0.05059434522680429,0.674860385371375,0.3795551166813415,-0.09043195196350569,0.6545212501317181,0.2885829321148137,-0.12508448537717018,0.6350957750743765,0.21643736883038744,-0.15018063357294947,0.7691796099147543,0.5657252689337278,-0.06415353503819679,0.7789111714527102,0.3945843423087681,-0.11478192570536234,0.775632672205523,0.2727103719483826,-0.15432102468637754,0.767675269556312,0.15826007253177313,-0.18212804807716718,0.8424671391108092,0.6201928545091728,-0.08072410606954457,0.9100297356730473,0.5035571440408732,-0.13328643659802164,0.9554010358624055,0.41965628919206627,-0.1653852971476341,0.9896763040521868,0.3373339369772106,-0.18770994543159683
76524.857,0.7398140422222259,0.9574651509146663,5.008337222993039e-07,0.6388387704807241,0.9134294865448727,-0.0470343448514729,0.5520711428895362,0.7714818041544534,-0.07238950881695927,0.4894484326545483,0.663511109837476,-0.09615503113261796,0.4402265784781029,0.5671523832171415,-0.1188426744630546,0.6242429396416465,0.566701633437351,-0.01660307552236302,0.6105440579925697,0.3838810036609954,-0.04085041987495152,0.5976846608182542,0.2770889221632059,-0.06273979358211815,0.5940681313510354,0.17614805882313192,-0.08651551450039002,0.6952893250639515,0.55772236209593,-0.02980002596285522,0.6713929855713646,0.3876808490640516,-0.1025915428086308,0.6302520067416896,0.39249420061815093,-0.14642407653384523,0.6112487950142474,0.4315473276857501,-0.1596110406110522,0.7652613015907045,0.5752610669217596,-0.05089063124690138,0.7751554418573798,0.40228397969306684,-0.10858803574559889,0.762901097471528,0.28265250715929896,-0.146471344482116,0.756972567446636,0.1744638928012026,-0.16622019998384668,0.8401447172460784,0.6245299681234678,-0.07535425939979327,0.9055034281883667,0.5030089898627137,-0.11887693275232955,0.9463492584060008,0.4193144654120156,-0.14557867247235445,0.9796510943126447,0.3331535980190465,-0.16386679843407592
76524.888,0.7362979079013356,0.9580839268372635,3.784163822970499e-07,0.6326569337154355,0.9118011386175966,-0.04396405098161247,0.5482722311831787,0.7686834821790113,-0.06798945027954643,0.4886880871866277,0.6611499178056022,-0.09141967564483923,0.4424644994275713,0.5637726433793864,-0.11373691574400424,0.6233440368108013,0.5652730810906405,-0.019644984714370723,0.6105137241427827,0.3780733326359384,-0.046307721805133394,0.598261665467506,0.27379771171083783,-0.06951780975059184,0.5935331154085148,0.17369631804279254,-0.09369113156464559,0.6946809324577663,0.5595849370133282,-0.03358165408614702,0.6823497560816564,0.4046738450736154,-0.11106475680979386,0.630249601412695,0.416791052585688,-0.1565608812982734,0.5956532486543694,0.46268469918018107,-0.17091591561933592,0.7647574749410331,0.5772636080280911,-0.05511566584845505,0.7803283139493968,0.41226543396873405,-0.11500099322387664,0.7600054938180113,0.3032378732205062,-0.1531114650096962,0.7444116044715353,0.20918569724756272,-0.172645687779784,0.8393067641608081,0.6231309305651623,-0.0798595993031162,0.9045296668928983,0.49951199448432926,-0.12414860435843023,0.9433610257490257,0.4133844385964501,-0.15255203552067026,0.9752939690778337,0.32675529829133915,-0.17169238048285668
76524.92,0.7382055024361981,0.9631975165992374,3.663320159530239e-07,0.6329385176914736,0.9159661901319057,-0.04628562744409025,0.5469277156588643,0.7718290393779291,-0.07080198605533454,0.4873697292613579,0.6615995168212568,-0.09446052121128823,0.4408833727823266,0.5644471814804253,-0.11654593732039392,0.620033832865234,0.573725533433839,-0.021913144955038474,0.6066394166455671,0.3850857566217618,-0.05062983775133799,0.5914622652902839,0.2777614598893906,-0.07453821615309418,0.5845141139837817,0.17333066368116934,-0.09905428993447418,0.6918999093232464,0.5654295262097468,-0.03504155510329239,0.6768190989159172,0.40764250662256685,-0.1136529046925639,0.6265263205901886,0.4185442596117589,-0.15854631559499746,0.5949080205595726,0.4636899529952514,-0.17213913780412726,0.7629265213990466,0.580760400629026,-0.056025410531715655,0.7756838337359022,0.41886141643059055,-0.11690368240643904,0.7557957783184984,0.3127652752468402,-0.15352941410635854,0.7410029665858947,0.2201817277433753,-0.17124756090185722,0.8396697146669466,0.6239837022053204,-0.08069089006849085,0.9037574986295954,0.5004761331885215,-0.12481802818500864,0.9423051371310046,0.4144887481350367,-0.1525569251205182,0.9743298189742252,0.32880695212800554,-0.1709465960344759
76524.955,0.7430417557086519,0.9601531597249996,4.716540935300781e-07,0.6360818138028476,0.9113782811439322,-0.05150744735198547,0.5502923054485642,0.7748270225085274,-0.07852197808336812,0.48881059824179773,0.6675891501748841,-0.1024650963339644,0.44000508565097457,0.5690599944552058,-0.12509869280704758,0.6207210317596848,0.5696189148607428,-0.03338049484366427,0.5986670791762793,0.38427824313361275,-0.06383986227293248,0.5831910520561998,0.2747120128293074,-0.08903816434467013,0.5733507443875613,0.17176261410035545,-0.11354019349920604,0.6939818397328636,0.5581585719987808,-0.04124917628725507,0.6782212275761244,0.40160824199128387,-0.10688790306836464,0.6519701862331887,0.3960848984135382,-0.1467531738337329,0.6319045999179498,0.4194336912887971,-0.16239763646509076,0.7671043286287054,0.574405984448043,-0.05716647327235018,0.7729912028698183,0.4132651972452017,-0.11297722477428554,0.7597398326974412,0.3040928475220907,-0.1488445023653023,0.7450143021745578,0.2022823147881572,-0.1694116535914029,0.8431553721139788,0.6203277106055288,-0.0767882645108564,0.9081991607147267,0.5016814754666149,-0.12275213736578226,0.9489741457498825,0.4176636028622647,-0.15140179407080215,0.9801889614287387,0.331481128161041,-0.17124573828278572
76524.983,0.7420642034038429,0.9558609602768453,8.097929184027017e-07,0.6343008959554703,0.9027820677234748,-0.056951252095741485,0.5469033468610559,0.7770470925982964,-0.08659867674433994,0.48640420717134164,0.6685091292537443,-0.11162722708807278,0.43477533704058946,0.5715475559242649,-0.13600072962138618,0.6170936806923956,0.5602062126766606,-0.05422132363196082,0.5869019694838046,0.38812993368038473,-0.09564214733444305,0.5697952708959744,0.2808749396972216,-0.12840497997274067,0.5563725933991643,0.185637930283136,-0.15516337541197575,0.6933182419121963,0.5461164618870107,-0.059567712270514536,0.6729018942235387,0.38316245797453313,-0.10614708556552163,0.6535636738597423,0.28842777723082486,-0.14512165078861639,0.6337237424284715,0.20801314213302374,-0.17288378243541877,0.7686988877799179,0.567375228277449,-0.07273936862716428,0.7736953375632245,0.4069238696448011,-0.1289511471929431,0.7661871845645977,0.29208620386636014,-0.17007872756570624,0.7532290535089348,0.1833461248052844,-0.19789437316792588,0.8448554353250382,0.6215097483659281,-0.08939603857162812,0.9122292979871853,0.5033653939097705,-0.14565477226549264,0.957965436239559,0.41896950724726684,-0.17899265117598637,0.9922280765119565,0.33740016100188724,-0.20136957561370714
76525.015,0.7442887450590537,0.9533845792127853,8.795966224251552e-07,0.6369194110550851,0.9030626841258745,-0.05942123076282397,0.5489677851981722,0.7773452821097718,-0.08996533962813519,0.4873782660248767,0.6703468314510622,-0.11537743124802304,0.43431013694482373,0.5758404786493875,-0.14048003469744952,0.615764108600224,0.5571112474841734,-0.0567758837623953,0.5795231850088765,0.3888914908387401,-0.10130231725749546,0.5575841432684888,0.2804642171013998,-0.13711314976916142,0.5415894731455064,0.18608700103239212,-0.1654099393418025,0.6930340953186704,0.5403789374418088,-0.06172341646906041,0.6726692638331997,0.3748520870298449,-0.10749847519449607,0.6562082461078781,0.2648862103236804,-0.14870246093178197,0.639927357303887,0.16625167815897388,-0.17887030007619678,0.7685114763747795,0.5616078408115904,-0.07477187711881482,0.7759918798517512,0.39742576437655097,-0.1324352441914018,0.775106472218956,0.2770328194244516,-0.17727459808940133,0.7686152757457938,0.1609484596665106,-0.20758496353478748,0.8432661648100386,0.6176672920163294,-0.09122758627951465,0.9127577434746689,0.5026469906154062,-0.15019291390824993,0.9592101003155438,0.41929636281192645,-0.18522487726532805,0.9938193734320414,0.33694041360135313,-0.20836464140650474
76525.048,0.7439693720872494,0.9489004481648827,7.554460339709674e-07,0.6377335068206783,0.8957272759499408,-0.05354379497795077,0.55251705808845,0.7690782992722996,-0.0802793588530661,0.4912299645626489,0.6613361129251165,-0.1026808386413185,0.43959774567083104,0.5674512740226014,-0.12426587095470049,0.6205800339612895,0.5623154913171616,-0.04630168605331083,0.5899624586224087,0.38797113423175356,-0.08269869021817826,0.5727968885578717,0.2789512469982387,-0.11186322083871876,0.5604216635862785,0.18299093415064926,-0.1367651763581444,0.6935457920743548,0.5474464177941853,-0.0512919821652896,0.6654830396651087,0.38611764663907205,-0.09209059394759561,0.6448835836461163,0.2932659351371827,-0.12669925088165115,0.6278605355184469,0.21715041217766348,-0.151929035901884,0.7678570620391673,0.5658938152139161,-0.06429791937863434,0.7767461394205574,0.40043677655293175,-0.11680916082397474,0.7777633419950187,0.27691924869437395,-0.15635684469969335,0.774810460467679,0.15910589062092662,-0.183809962138718,0.8439943128651948,0.6171555249969712,-0.08026746125865367,0.9121751435659176,0.5024785888872072,-0.1343472523966816,0.9581107836534393,0.41985753311512053,-0.16603069342959426,0.9923309994855778,0.33761141971878406,-0.18776763072755867
76525.08,0.7343955222800577,0.9539491266343927,1.279873423543499e-07,0.6385869022413123,0.9058367315722715,-0.0418196999336269,0.5546438282631191,0.7671742654275412,-0.06719279122493747,0.4987103462578897,0.6595139247158369,-0.09189866004427213,0.4491064717572345,0.5652734165000259,-0.11534722486423328,0.6256147072054883,0.5587180279495451,-0.0237383869978441,0.6094296760033502,0.373946179691259,-0.05427912844721219,0.588950190360222,0.27138833097354764,-0.07369372120142861,0.5790605757060828,0.17118014779915672,-0.09461616415448473,0.6967522451959846,0.5537085290623031,-0.040798290047662895,0.6636373785771477,0.4212314844289626,-0.12989966422972216,0.6087506789567274,0.49028214782027035,-0.16831930144057158,0.5846549195523489,0.5567463564124217,-0.17220290300326688,0.7685573521458863,0.5748081406357183,-0.0660840345422466,0.7807386408669135,0.4194029770720136,-0.1405755599338659,0.7670247785112349,0.3121727113192664,-0.17740135640706162,0.7633410482124967,0.20687228699831717,-0.1914712441040866,0.8447439581207451,0.6194962543397675,-0.09266823079961077,0.9076852575713967,0.499451757567724,-0.1459885631259691,0.9484768318583732,0.41819788556480814,-0.1719963940719793,0.9824022507879352,0.3274133059262787,-0.1870284698155151
76525.111,0.7361756052225403,0.9573490372930222,8.121728845338037e-08,0.6365109441139395,0.9103906708097892,-0.04202194383282711,0.5537725720991178,0.7674747784970888,-0.06934051816586946,0.49707891852112,0.6553940174601782,-0.0978854652301867,0.44885891533546945,0.5554791711863596,-0.1248817247850402,0.6334094440756968,0.5619652976971855,-0.024724961499528002,0.6161835650587241,0.37169246629517244,-0.0573993891523076,0.5991160738917516,0.2655330119688369,-0.07497371676362238,0.5901801048088186,0.16786253064005252,-0.093433153663565,0.7027476709620001,0.5590208392114847,-0.04168875080155627,0.667495181508842,0.43692964744184937,-0.13978063580874006,0.6065981004085905,0.523087478123903,-0.17852499189527382,0.5740779642183905,0.6084944578422856,-0.1795145583540621,0.77125741269985,0.5798964304242825,-0.06709215588841837,0.7727215680146408,0.44995393801653405,-0.14750498424715464,0.7464016792077837,0.3672153361218161,-0.18148535179366052,0.7307965467988539,0.28316073079090476,-0.18968080158048725,0.8449293967701583,0.6220296259617739,-0.09398225356049401,0.907694942638866,0.4994088935199647,-0.14643744260550892,0.9479428904574928,0.419095538448706,-0.17129923315767062,0.9793944244955268,0.33165394912108526,-0.18410754216340539
76525.143,0.7337142209718815,0.9632440668824209,8.049992811036838e-08,0.6334906774135836,0.9149873954382564,-0.040640403421952145,0.55086454318128,0.7707760450173006,-0.06543367543519736,0.4948656352989338,0.6597562747966678,-0.09166827044113052,0.4502309164229033,0.558143612647437,-0.11611081628118491,0.6294320228916129,0.5668776660683835,-0.021601715018883708,0.6144623397239298,0.3746897513919661,-0.05272435735709919,0.6003805731068753,0.26891877255899344,-0.07007112638561099,0.595337479824834,0.16945409107510964,-0.08855540282597221,0.6994676665548556,0.5625687875166469,-0.038190921827001977,0.6657344745286811,0.4397323408856144,-0.13333892457961427,0.602846608660001,0.5170627567734479,-0.17252994744313183,0.5686968220379314,0.5995209036080631,-0.17514477859683503,0.7682397336880024,0.5823617016378299,-0.06307658623329179,0.7694191118215994,0.4517417143887651,-0.1408755048958353,0.7419084197878272,0.3708674310059779,-0.1748306615388789,0.7265757913763256,0.2905903854570348,-0.18374672483325352,0.8427748872903208,0.6237162791188962,-0.08957291844395669,0.9055706764309982,0.5007938407335435,-0.140480305761226,0.9462017972952704,0.4213162062225859,-0.16563136017935573,0.9793587248199878,0.3363882170091719,-0.17894754079544056
76525.176,0.734684620331482,0.9684108513737734,1.5397410744859385e-07,0.632168588295556,0.9198415035575598,-0.04206006710431641,0.5481127666916285,0.7731962950670924,-0.06540324641347976,0.49183193315548324,0.6620082213246896,-0.08996250545878014,0.4450736270245894,0.5624762233674312,-0.11279188564824849,0.6209720580039326,0.5761099818954084,-0.017759366132603645,0.607624050948322,0.38188002008568706,-0.046592655189773506,0.5934282107531369,0.27724122956171726,-0.06570845031416109,0.5889634172798179,0.17490087134890162,-0.08634998313844047,0.6923098034784272,0.5685350474684839,-0.03367200805875572,0.6602928287640963,0.4381728649399483,-0.12424785953007009,0.596030795905305,0.49169337093774856,-0.16734905005940115,0.5614498313920907,0.5646264669996632,-0.17491335734887176,0.7624283805278123,0.5836356865411442,-0.05782428886278821,0.7656320040018546,0.4459516908293593,-0.12968951729365127,0.7405716490083429,0.3572005616609649,-0.1656406315420447,0.7283517416893495,0.27561842270999354,-0.17819492299838122,0.840199264512944,0.6221042059930687,-0.08448399884221636,0.9007270513415409,0.49928883240757826,-0.13216523282348122,0.9393365055962086,0.4172730742700793,-0.1585781031836342,0.9724750901942887,0.3344549418934224,-0.1740642221832601
76525.209,0.7375149156543479,0.9624715054160959,2.836253828234615e-07,0.6325059257185821,0.9161322613863294,-0.04256910235090835,0.5446316166480787,0.7713625618132466,-0.06423599865487042,0.4866395209808676,0.6598445425062187,-0.0859523253686143,0.44149762693170086,0.5631651393495211,-0.10577741165979693,0.6135522541786644,0.5766945789512746,-0.01943018024814852,0.5999030262301699,0.3824428865560684,-0.04701476188815556,0.5865118470767441,0.2780899183414084,-0.06675867751958844,0.5837517364144627,0.17634995924910787,-0.08745888331837698,0.6847309004911527,0.5708050802740317,-0.033155624904032004,0.6539823826547956,0.4226720138804519,-0.11608235032853202,0.602790849899109,0.4470127436670584,-0.15916427387000373,0.5767698443477204,0.4958194686477014,-0.16896442059095562,0.7568742235281026,0.5849257835878956,-0.05466599421561193,0.7616102756415514,0.43532504865911387,-0.12122873805162646,0.7419852276474211,0.33615551567183294,-0.15868856423135516,0.7311401061871754,0.2440015014889672,-0.17393495222436056,0.8378381633599215,0.6212386105571699,-0.07901219363690459,0.8975353487370229,0.4976828829537813,-0.12604307030935907,0.9368939424107511,0.41374719273801336,-0.15478189275808069,0.9714548599289204,0.32759850293723763,-0.1723091821727964
76525.24,0.7383963632321439,0.9533223827036605,5.04423140591822e-07,0.6319539186085992,0.9061578478716755,-0.05226929902351639,0.5451670349393938,0.7725128578620715,-0.0790176910313596,0.48632307932791347,0.6632379081961591,-0.10298941928691188,0.43922225150813227,0.567440677339451,-0.12600015808641618,0.6140565259012678,0.5728141616302093,-0.043563154170702334,0.5880027340882956,0.38884766812918176,-0.07913354925217117,0.5739696305515475,0.28005549613991326,-0.10833776637217052,0.5615860813925676,0.17944866512816976,-0.13422166009463746,0.6852505961530722,0.5591991248373868,-0.05019256990908662,0.6626713673045843,0.42343401110276335,-0.10803050391986625,0.6271364997243977,0.375353241676642,-0.14739682976466326,0.5940502457220374,0.341606364203241,-0.16948144830629613,0.7591948162748863,0.5729687830805107,-0.06457893738645284,0.7654158535685784,0.4177038378607757,-0.1224673996968553,0.7540249157116271,0.30656026238753514,-0.1584965640449337,0.7384684050549701,0.2018786786209572,-0.18051881135658399,0.8348953098392722,0.615579194347181,-0.08261624495934596,0.8984807157550394,0.494768456257087,-0.13577270579811704,0.9418150004080292,0.41180546812272206,-0.1653664450359793,0.975704252401453,0.3302310124337526,-0.18439946310185693
76525.29,0.7388669132609069,0.950252922519428,6.234039547348082e-07,0.6303478704959045,0.9012397392477588,-0.05352989201529823,0.5446177271532768,0.7728470215149591,-0.0799018235778611,0.48455751224934274,0.6639020045129511,-0.10293829851651629,0.4366402532146356,0.5670407235455719,-0.12491999597217512,0.6138700049548542,0.5692626485673703,-0.04258472947344623,0.5833128679480699,0.3992336131536406,-0.0800951613518524,0.5679886534365451,0.2935859109371601,-0.11127368142361355,0.555193153744072,0.19727627994452324,-0.137768070499052,0.6853036553772826,0.5517148267400332,-0.04768658519758613,0.6567992024302987,0.41127527301877037,-0.09342901663230874,0.6275024727703985,0.32948429660646195,-0.13078159948362308,0.598470311317137,0.2540805775329885,-0.1568133088109513,0.7596521448733007,0.5668128829115905,-0.06094435728807745,0.7661449018769079,0.4042189855264633,-0.11781738585677931,0.7623327093691422,0.2902462726086032,-0.15660838721116802,0.7526692367017204,0.18171801916473326,-0.1816946053861564,0.8344178127138502,0.6154195849843916,-0.07742564102962257,0.8994711503116624,0.4960948759318315,-0.13581276980367663,0.9456892907166995,0.41454830527127967,-0.16824184209610663,0.9813973938308093,0.3342328636338238,-0.18865380511170352
76525.32,0.7373966943559015,0.9460503487809507,6.868243980521769e-07,0.6293649482479104,0.8990878081697464,-0.05427109523849473,0.544746302874295,0.7704261375401076,-0.08056565328296512,0.4864440844396472,0.6596984590223584,-0.1033207655627406,0.4395309785948802,0.5628664796079437,-0.1250805273648515,0.6139061699535193,0.5700424057407386,-0.04367150475946045,0.5809782251794118,0.4009435177850225,-0.08301589195410353,0.5648729561989322,0.2941117481404044,-0.11536021101427056,0.5528822368501409,0.19665980226360077,-0.14235642738099463,0.6853994036829032,0.549986336419866,-0.04861958599306464,0.653123622940118,0.4077108915750295,-0.09387088592224029,0.6253479888532947,0.31883863251592504,-0.13168429565579523,0.5983660376652606,0.2337680117778072,-0.15858606425403257,0.7597931222927725,0.5641252786583086,-0.06183287368982335,0.7647200191337469,0.39923855961857024,-0.12001465052148594,0.7628708984143568,0.285095067358292,-0.15939787131613026,0.755477647652266,0.1749468336549269,-0.1846216115732153,0.8347932123114435,0.6126704905629426,-0.0782393180134821,0.9004015910973532,0.49348367591986153,-0.13865867561004758,0.9470672695268683,0.4132733092108621,-0.1715884783789563,0.9824636704256059,0.33379719227572846,-0.1919331894075244
76525.353,0.7356314127820712,0.9402567361994814,4.265255648925066e-07,0.6338616544895306,0.900731108630678,-0.044765288638690996,0.5494716461368917,0.7634340701155596,-0.06902612237713335,0.4916634400093768,0.6544701749183868,-0.09160440771772642,0.4438680002135667,0.5592201988003977,-0.11336563839215485,0.6117067540487694,0.570080924045099,-0.02603157601821673,0.5878493534638022,0.3891058629419899,-0.05572234113771016,0.5720067545119328,0.27860529887990443,-0.08135526557662787,0.5631129799127446,0.1743552923187366,-0.106181404778632,0.6807945558012052,0.554905673220127,-0.036994981287139385,0.6499087797839231,0.41856350467495773,-0.10242627517222913,0.6171940563724465,0.41134202773289014,-0.1432717682356188,0.5975201197803756,0.4191396724816904,-0.15965779584378292,0.7533723288627305,0.5660486200452465,-0.05527015648549324,0.7610216237938799,0.4015622255484192,-0.11405124885311257,0.755502175564758,0.2828211948669758,-0.15135461926210675,0.7503700278933675,0.16761988322534524,-0.17208566284523846,0.829954490725623,0.6069968339844464,-0.07599576157924824,0.891940317100388,0.4884865420553991,-0.12550024919082858,0.9365373665402378,0.40943848187107434,-0.15238848261841037,0.9729795677621033,0.3282172644625952,-0.16945259449960715
76525.385,0.7273783861482199,0.9507142084931859,1.0066256345657403e-07,0.6340336040336281,0.9056593563447524,-0.03797172175518949,0.5498248980986419,0.7654415735097647,-0.061876352065105014,0.4974440145406466,0.6557092997868237,-0.08664620761911937,0.4484820673675596,0.5581469262476199,-0.11041906028821584,0.6233884724093097,0.5622395633304147,-0.016206118808413345,0.6142943487728225,0.37566957429874676,-0.04224310651245819,0.5976198629280371,0.2720599596246795,-0.058212144463477666,0.5901191525704887,0.1756114854273698,-0.07692121128484614,0.6913539189881504,0.559611307631527,-0.03443370023885001,0.646056075382197,0.4405820711941094,-0.12370994980432107,0.5857882732724918,0.5212725862361689,-0.16215483039370868,0.5625647784622463,0.5920189717404508,-0.16519031920200458,0.7594927742054199,0.5763712999902751,-0.0606003859505005,0.7647175017573088,0.4226823952404833,-0.13458143780151818,0.7439424105363849,0.31574346863239305,-0.1719581966913209,0.7368484538800917,0.21047845542910204,-0.1861352236790817,0.8323148107965771,0.6146623308716147,-0.08782975483793586,0.8909022472726933,0.49270010375577783,-0.14209241044761545,0.9334208848671856,0.41284329046537294,-0.16935833285511215,0.9713287467438052,0.32493543241918216,-0.1845097130738919
76525.419,0.728140403894956,0.9521829296927866,4.268164320954618e-08,0.6282824898780758,0.9064900453000861,-0.038641492916681036,0.5460722202812046,0.7618504355171307,-0.06383686293511882,0.4915338455087368,0.6509268998404977,-0.09101812853811568,0.4461541114961929,0.5488414652775614,-0.11685080137816628,0.627528657791927,0.5589869078137286,-0.017861216428615746,0.6137232067307031,0.37179767085997617,-0.04680858239973082,0.6003989978409935,0.2658359059753263,-0.06257069016298895,0.5948157694060181,0.17064009124888738,-0.07972109516377389,0.6959432120512331,0.5577173186809823,-0.03471495819663288,0.6494325192454319,0.4547139324621037,-0.13153092466727617,0.5886236562601455,0.5468433830756979,-0.17017515579627934,0.5581096530999176,0.631341359980325,-0.1705881603407221,0.7636133971238984,0.5759639210480524,-0.05961439168731091,0.7597164101547272,0.4566867251789975,-0.13825685679347036,0.7283421984142813,0.37575390077770393,-0.17084980144515777,0.7090668277088182,0.2898221081820498,-0.17769115647767697,0.8349834936661608,0.6144298497703217,-0.0858108701176807,0.8922741139683337,0.4948525624546383,-0.1368615725711055,0.9315230180310118,0.4175847595296386,-0.15993559692784948,0.9642677451853974,0.3329513720969002,-0.17072885734116627
76525.447,0.7278676182933191,0.9542827995785073,5.037422581377747e-08,0.629746055961005,0.9104238744059486,-0.04125527286227107,0.546436332803484,0.767508613709993,-0.06731122902109937,0.49235293940359254,0.6552296292587673,-0.09476269077078663,0.44621898497406765,0.5534036873817795,-0.12030574005917187,0.6220605428578424,0.5639299677882356,-0.01949433689276173,0.6084083632031044,0.37461992512207537,-0.04803171444158048,0.5944050687816688,0.268545947353261,-0.0628545768243546,0.5900577720323517,0.17064879112958087,-0.07981890026972478,0.6903368021188893,0.5614236388808109,-0.03544389405353676,0.6424169218499509,0.4544377599341033,-0.13143838777720826,0.5837777170008349,0.5481959685712604,-0.16858396220980745,0.5594721956156333,0.6328607668190891,-0.16830786453626778,0.7584280654993701,0.578972081946048,-0.05964923014297736,0.7541763577045514,0.45587017958405524,-0.1372289408232733,0.7240824639896215,0.37877998527949,-0.1670164785854399,0.7084506740070281,0.2950711875573299,-0.17229133163286506,0.8320406079332956,0.6171506810968351,-0.08557592174199093,0.8896298438171208,0.4968324351608278,-0.1353220293136177,0.9293428514336313,0.4204686668752493,-0.15683191327495744,0.9624875230317196,0.335298433229425,-0.1668017602514194
76525.48,0.726047917977298,0.9600911165343877,1.3495303212843377e-07,0.626147710868709,0.9155045384779903,-0.040085374459866374,0.5421979479458089,0.7704821738926536,-0.06230365280983349,0.4872532951872164,0.65943948941994,-0.08596459914207065,0.4422154782386702,0.5575077725283466,-0.10783717196867137,0.6124841136391249,0.5732831831172619,-0.017685979623901203,0.5978907251485279,0.3798981190932941,-0.04588009460426668,0.5851041568067887,0.275784185937068,-0.06398563920662517,0.5819734901107996,0.1753202557910852,-0.08346813981526777,0.682301774589179,0.5656799310629824,-0.03362191462977351,0.6419656607669614,0.44349905760295794,-0.12456385242309258,0.5759747935791494,0.5008842716687022,-0.16742297158544694,0.5413864530973092,0.5731478557406062,-0.17427915694864596,0.7513446067493498,0.5809189010537755,-0.057440109918396744,0.7524363551512288,0.44473900229512486,-0.13036679429830994,0.7245794077949469,0.35873598798574285,-0.16724691324185278,0.7099673716260235,0.2788136945566304,-0.1797724005242147,0.827579083264377,0.6188301328167956,-0.08330865218815296,0.887353731299512,0.4976187356514953,-0.13281681158351918,0.9264410090146935,0.41719231122354405,-0.16053001784291773,0.9602662849664276,0.3352616453350885,-0.1761200008361935
76525.512,0.7301769266023581,0.9594994403705837,3.3441477966470224e-07,0.62589214918663,0.9126449238356494,-0.04192388265766458,0.5382060009524616,0.7708098520431412,-0.06336418752285321,0.48076471523512343,0.6622698292030476,-0.08548417681288628,0.43550287377602537,0.5660265265853026,-0.10589189791135412,0.6047275796676682,0.5760757357429864,-0.0185427918190331,0.586650786592938,0.3852836945386122,-0.04578472733583759,0.5753849565796211,0.28017230520938396,-0.066708581829144,0.5724640114860182,0.1802546499481053,-0.08791652513776589,0.6744804831030398,0.5688057999716808,-0.03183589743180515,0.6423349078995875,0.4323588427979268,-0.11056750216298224,0.587758608932089,0.43802227332773275,-0.15511732563592973,0.5544133001086218,0.471223108726067,-0.1685209535017289,0.7459200690715606,0.581977870545726,-0.052824069768121394,0.7471745060180329,0.4375983293039624,-0.11725168461088348,0.7253924278965503,0.3408051101778442,-0.15545299033289767,0.7112598729178105,0.25483072242489757,-0.17200401105162855,0.8257169138302164,0.6187859153187031,-0.07686902498509307,0.8836581055194096,0.4970105983354502,-0.12393561726314826,0.9225914201960635,0.4127219945041418,-0.15377978197775202,0.9567272233260562,0.33072888936447065,-0.17194050979366415
76525.544,0.7323148363325255,0.9530462110814708,5.525993777963279e-07,0.627612525655675,0.9089647615105456,-0.0558236781504487,0.5381073705938644,0.774877288777543,-0.08477314549059611,0.4790761583122421,0.6645657065228879,-0.11078198245359225,0.43092074385070656,0.5694111622896382,-0.13509222744792995,0.605166080930257,0.5755478349286394,-0.047214063442980125,0.5859197142540896,0.39140684408652604,-0.08562986895035382,0.5770209217774337,0.28410913801211896,-0.11654653884418313,0.5683602773617217,0.18632786908762103,-0.14335636890748382,0.6752705417655069,0.5633108243640308,-0.05350251804363389,0.64933018509884,0.43257028075072035,-0.11789532988649692,0.6053898933944784,0.38174146338388515,-0.16028669792344097,0.5677022819047477,0.3454815766500596,-0.18306904428116266,0.7478986428311523,0.5762608985703701,-0.06808253280137476,0.7497909496737521,0.4273327278166278,-0.13146349693545303,0.7333075978111946,0.3244698959130848,-0.1689160885243249,0.7147354098557612,0.22880809730195215,-0.18997408787181633,0.8253174401421999,0.6154839339161449,-0.0868537272842367,0.8858974182685587,0.4949042937761105,-0.1432043666759286,0.9274140026340321,0.41273315802159344,-0.17511747901072544,0.9605864659779344,0.3328342560218257,-0.1949004938741792
76525.577,0.7327577623769325,0.9494486011975085,6.429137733445376e-07,0.6254432236261382,0.9036619667741289,-0.05486725030131962,0.5373045163312201,0.7762548226815852,-0.0825057176202754,0.4793806940797207,0.6664413932953501,-0.10709513922406602,0.4319755080133206,0.5710872405928825,-0.1306530909550106,0.6084399957885877,0.5727026924948944,-0.0477956404500398,0.5792135524764978,0.40542769317203137,-0.08911276837553966,0.5646852835136149,0.3015499828716002,-0.12346988600110084,0.5511947380365241,0.2081967109443625,-0.15166767701499453,0.6773010633514261,0.5558290996284124,-0.05389026882729426,0.6414114540943516,0.4167855378954286,-0.10612795334114028,0.601084422677805,0.329363555460054,-0.1476894224183261,0.5631452131988534,0.2479942658251857,-0.17587789971200013,0.7504413183755764,0.568989328787564,-0.06811388924373112,0.7506164473566567,0.41408856560956225,-0.129612114400179,0.738433583662869,0.30912879959781264,-0.1691965164426451,0.7220029979251743,0.2095344750484488,-0.1936642247220137,0.8267809559836039,0.6137196742331132,-0.0859951903496617,0.8887151127857678,0.4931670169464922,-0.1463181164503363,0.9323801076372356,0.41233729769911104,-0.1794571704698573,0.9666480859284208,0.332969413563417,-0.19987717045496847
76525.61,0.7334068642775651,0.9428998773920871,6.309037511726307e-07,0.6276593765656355,0.9035136656727235,-0.05486622529395406,0.5398137285907563,0.774352094747432,-0.08267855558912747,0.48197590421930075,0.6644080354154025,-0.10705137341317028,0.43485274315409617,0.5684365028162698,-0.13021558055170587,0.6081801838811485,0.5719669891706081,-0.04482897301356657,0.5817258251161653,0.39838417593729775,-0.08205627304690415,0.5678476497230862,0.2898370843038713,-0.1132749877974096,0.5549014810980484,0.19254349733144174,-0.14022637564828938,0.6771022423141281,0.5544761636068559,-0.04976408647870577,0.6440663143414989,0.42720710153210023,-0.10283202530500662,0.6040036860562724,0.3583223766382345,-0.14236795628791696,0.5672735592240906,0.2959709930568714,-0.16752136539661466,0.7502555005766408,0.5671974419899288,-0.06282904622428198,0.7504148397527611,0.4162499384887221,-0.12240941233188922,0.7395274522326196,0.30773574271838894,-0.15985189385745077,0.725176488034505,0.20455929558559854,-0.18301582685029336,0.8259675581984046,0.6106073506830393,-0.07958400395197784,0.8885018126217668,0.4909613408337128,-0.13777079344576584,0.9332918369064264,0.4113810744945729,-0.1696310779631319,0.968366772228309,0.33332633593267746,-0.18942660152199264
76525.64,0.7261829183344027,0.9527659733488372,2.3190340329346088e-07,0.6275893249624427,0.9137298179489913,-0.038674407557177715,0.5427283872857066,0.774195802768319,-0.061419251967854284,0.4880021020646004,0.667383270356938,-0.08410853663760524,0.4400517634274454,0.5701553389224872,-0.10581576695413497,0.6054465417810138,0.5727159337395844,-0.01852146684027822,0.5864119947065376,0.3847054374411285,-0.04541118826477663,0.5698982139145257,0.2837170671587091,-0.06485754981251915,0.5640351869102574,0.18511749627218288,-0.08544170311704993,0.6758401262767506,0.5631860790921175,-0.03531494161748939,0.641941034748974,0.4245634987403965,-0.11867653013848954,0.5852842565548179,0.474898489876275,-0.15987376033727782,0.5576526320676194,0.5306117708113504,-0.16719408380192133,0.7475538405100882,0.577706533394039,-0.05947741627812856,0.7544819230181694,0.41786674208404223,-0.1260142956973663,0.7348349146243993,0.3120919921040493,-0.16325302211611928,0.7249195512006296,0.20987966542255249,-0.17937366575813662,0.823734413396282,0.618295266390444,-0.08540647686199777,0.8845676494245799,0.4970714022307586,-0.13416619612937547,0.9249397813307447,0.4161168874481406,-0.16072185754638285,0.9596354596957416,0.32906007367207774,-0.17659543809050118
76525.672,0.722427914509786,0.9562873758104073,9.826135127586684e-08,0.6237418249834982,0.9103129219512066,-0.03726304875183119,0.5415898473602092,0.7715621982496492,-0.060259250541122036,0.4876810018720658,0.6670091725012636,-0.0849524766746845,0.4403494303095182,0.5723251770466428,-0.10871304405140524,0.6152549501603656,0.5708212271570854,-0.01855002094397828,0.6017026529848305,0.37812089666400434,-0.047421325238586755,0.5855641705283452,0.2779040722759257,-0.06575664335508757,0.5773987846364539,0.18307515551588616,-0.0851107616880265,0.6838414409586582,0.5655963749637553,-0.036546778354473904,0.6466029291931487,0.4422263770281098,-0.12801286497191258,0.5818387011623078,0.5095119283991596,-0.16951080104601757,0.5492780298538171,0.5843180085304244,-0.17484321285815338,0.7514995204562511,0.5813577391983876,-0.06221590657601701,0.7546254082717158,0.43982160027014655,-0.13502914249882095,0.730291317486129,0.34403586967065525,-0.17212717673695066,0.7184695145185033,0.25375589409693444,-0.1855048980985433,0.8250181109202889,0.6182016100274322,-0.08951019553156354,0.8836179177794272,0.4983951997769634,-0.14035071967667745,0.9225086275077652,0.41778194479219516,-0.1676374517477356,0.9571834536713008,0.3329008522247162,-0.18284382992321435
76525.721,0.7249516926764755,0.9600578027728396,8.132132013899619e-08,0.6247732504879988,0.9146424437600436,-0.03855367534458162,0.5415068048404149,0.7749392245769562,-0.06266626533072886,0.4873828439101056,0.6661358058809856,-0.088578756084872,0.4407260513875965,0.5646209607594358,-0.1132789840828451,0.6170589006034725,0.5705645389003264,-0.02074686198213662,0.6007778826011966,0.3784020751280727,-0.05031921180260962,0.585111865941256,0.2735533009320838,-0.0673059086548888,0.5781219346158358,0.1756835495035007,-0.08535542190907752,0.6856028357216112,0.5641948050508762,-0.03729724647975663,0.6509323696364727,0.44589717681881724,-0.12853979455152753,0.5869058470426335,0.5195567513692362,-0.1674085828958362,0.552573616746266,0.5983449581096398,-0.17112538402760477,0.7532041168265406,0.5809587380621027,-0.06177070674694809,0.7543886800938931,0.4496871185412556,-0.13587127363964052,0.7254803810878571,0.3674279774282309,-0.170055549693379,0.7095561716488268,0.28595623012319726,-0.18050560628019346,0.8265858582852673,0.6198561814309469,-0.08780890053193106,0.8870557162336775,0.49900522450357415,-0.13767349420121014,0.9270254370119799,0.4203580179251235,-0.1632644112858631,0.9612862089457013,0.3371739157433304,-0.1771297525674493
76525.753,0.7274252926040473,0.9601046993380898,6.652226460137126e-08,0.6275133309810208,0.916377177323522,-0.04149592531076995,0.5441236005126281,0.7770234740411307,-0.06758129364640046,0.4887597444424954,0.6677411062031682,-0.09494977230855144,0.43993113780171667,0.5685816256863935,-0.1210498031721855,0.6162937837061192,0.5712960221614474,-0.023435872089531837,0.5986846203197438,0.38199692809527536,-0.054576305777546505,0.582129462694848,0.2766250080407732,-0.0717926997180091,0.5749287973830165,0.1781624065666517,-0.09013610701282007,0.686141006411467,0.5649004285516243,-0.039633933213014436,0.6495747867563493,0.44739630516794204,-0.1348742762267296,0.5891166975780789,0.5320239555415468,-0.1735368137110408,0.5587819922593086,0.6172809464506821,-0.17575149292217557,0.755077141418117,0.5819092474360497,-0.06413912282921261,0.7544615836483516,0.4517818428290424,-0.1418303318882025,0.7262296895784058,0.3709760527497549,-0.1756269712821507,0.7105029177928629,0.2885099156048198,-0.18480045397881978,0.8295410887580884,0.6208480353963264,-0.09023611535945625,0.8891740050912572,0.4994244122014289,-0.1415118556756115,0.9288772848463541,0.4213546103454379,-0.16647134306853922,0.9618280106987964,0.3364129402440212,-0.17970031410353127
76525.784,0.7273518380125276,0.9602306171388861,6.545968395803833e-08,0.6286776935962348,0.9165309469319421,-0.04168698792134498,0.5446042030490994,0.7771124948026182,-0.0679083654065931,0.4877618924121399,0.6688410336923837,-0.09530321695978992,0.4402744940827049,0.5683156701451226,-0.1213983892610203,0.6196579090078238,0.5702962066689108,-0.022636965906876843,0.6010792073556848,0.3807330975030474,-0.05342150996223744,0.5841760921622067,0.27483486087476966,-0.07023011605558588,0.575664752202364,0.17707774329724843,-0.08820857007796581,0.6883518731352025,0.5644855301657272,-0.038829510719781545,0.6503489149565654,0.44889771589934246,-0.13580082163206297,0.5908679078753386,0.5409822880250005,-0.1746171614287352,0.5612912453189884,0.6308714939796991,-0.17565679785001106,0.7568156722379791,0.5818457917426961,-0.06335413289644441,0.7556751292466576,0.45306038685834266,-0.1424070111602021,0.7262269939747789,0.3729349013021825,-0.17635406604658008,0.7088653898613597,0.28938559555865523,-0.18468442980453278,0.8307482417886295,0.6210942607872564,-0.08932663799365484,0.8901792203044553,0.4992723035714574,-0.14096318302853975,0.9303044963117423,0.4215274652623461,-0.16525834988257598,0.9632154471668181,0.33585203145570924,-0.17749957037579228
76525.817,0.727399839476452,0.9612658567683809,8.48849543049826e-08,0.6285125501946371,0.9168571610873438,-0.04081845282880711,0.5458201841153525,0.7772957858486162,-0.06737890084369455,0.48981699129188305,0.6680410239922925,-0.09555908989972639,0.44062696558739584,0.5678850873830129,-0.12266153198730596,0.6201123345597244,0.570923883150187,-0.022143500737169225,0.6023022678767954,0.3806278010021631,-0.05260727452062537,0.5857604152732115,0.27379884049465614,-0.06919007547401829,0.5781053856028107,0.17564428565084586,-0.086986817116588,0.6888761095403834,0.5649517453530793,-0.03845482277613852,0.6522358598554372,0.4487684747128641,-0.13332328457797246,0.5920576158675922,0.5360706905149065,-0.17137823918613646,0.5616784072209409,0.6223861761516903,-0.1728570195667721,0.7573463547145456,0.5818389376540647,-0.06299283577463166,0.7566360877231317,0.4535977873100217,-0.14012296016661357,0.7274583842315963,0.37391133831435336,-0.17304420551566657,0.7107063845323834,0.2917348103922958,-0.1814385191884214,0.8311836051011167,0.6209809292703884,-0.08906695206595122,0.8917062337435095,0.4994141458726158,-0.13958715522651294,0.9322596257393454,0.42095029740188145,-0.1636926456050153,0.9659142023736026,0.3354562676007051,-0.17617667842751572
76525.847,0.728853021040644,0.9609285812277047,7.228480337546526e-08,0.6289443032252353,0.9168596928624448,-0.04204371834093255,0.5457387647403857,0.7768800800665479,-0.06875450449184972,0.48943523914353854,0.6667894471873697,-0.09677173240140319,0.4406308272431836,0.5671816542867095,-0.12360825841125465,0.6194847550287831,0.5710099200913842,-0.02359814082706723,0.6009114167907147,0.382048269719142,-0.0547975124175261,0.5846519270700584,0.2755040370056483,-0.07174314520411924,0.5774649556834593,0.17712510190896036,-0.08980896012025782,0.6888796976417706,0.564894878844243,-0.03946720332845608,0.651868171135335,0.4498123600816394,-0.13535514089427092,0.5925355248923888,0.538115898652173,-0.17346790911008889,0.562347072941509,0.6251991763418018,-0.1748058110513071,0.7581687584859644,0.5817685803218066,-0.0637641229094063,0.7570285670729485,0.45407555715458514,-0.14208177860763244,0.7282264003412683,0.37403308642293626,-0.17542408684002933,0.7116208949338796,0.2914186924761394,-0.18385517735494075,0.8328186868967764,0.620516032697031,-0.0896487091168437,0.8929438514762845,0.49868285318380107,-0.1410611606536817,0.9333367108677508,0.42030939572941367,-0.1657130719715468,0.9666930971018693,0.33469918821061867,-0.1785499842513324
76525.881,0.726917109184857,0.9634647431751399,8.71097391207492e-08,0.6276857989435254,0.9183478810562393,-0.04146496580842707,0.5453743395155116,0.7772186211973336,-0.06749001463634446,0.4895032344020727,0.6671489735968028,-0.0949894482137826,0.43983365289297904,0.5684572190237199,-0.12141501076097656,0.6194813945753063,0.5724077596030971,-0.022613318959494238,0.6017702810997932,0.38154153874157615,-0.05354197237980114,0.5859228756988564,0.2748748927526643,-0.07096023285410727,0.5788204494286937,0.1759319205550619,-0.08936767150829222,0.6886471186241218,0.5661570509556528,-0.03858988707629524,0.6537246538348321,0.4497391857828916,-0.13350215024157416,0.593023863947371,0.5334094995879457,-0.1724724172452402,0.5609959144447992,0.6180035556860112,-0.1748912177203905,0.7577380517015947,0.583333374600139,-0.06283427660150297,0.7577471489996069,0.45406083068307157,-0.1399177849273438,0.7296583201860567,0.3737842687685026,-0.1733225936467433,0.7136490835259782,0.2924154440058333,-0.18216032472250837,0.8325942156266968,0.6223299034454521,-0.08875240689192519,0.8929230002634873,0.5000636470795786,-0.1394460666928638,0.9330579318387475,0.42102632696301096,-0.16390105691951065,0.9666775410483027,0.3359915186556363,-0.17661846319182406
76525.912,0.7267275641474307,0.9662212956280051,1.1504953272221158e-07,0.6269196572173678,0.9196152751450957,-0.04292946580903097,0.5427962720993603,0.779522486211388,-0.0687450663635485,0.4873736236087008,0.6706616996005357,-0.09557593537240791,0.4408554479892353,0.5715127510336191,-0.12088227432527385,0.6164794978852369,0.576714506457389,-0.023391300064839474,0.6001001516997923,0.38447316333525444,-0.05456850223068593,0.5841565552532596,0.27840241527327214,-0.07334420170152431,0.5787554338124724,0.17731583285579594,-0.0930876461358603,0.6863868186309716,0.5694390427322267,-0.038970399239298736,0.6519683214640397,0.44754244286696954,-0.1321742742235394,0.5877329005946644,0.5176466329569531,-0.1720732995671918,0.554711337941982,0.5953045330696086,-0.17625931417031213,0.7562264349658543,0.5852053690814064,-0.0630101594850799,0.7580513078072699,0.4499790052782607,-0.13800327272357837,0.732830390893963,0.36391935638274503,-0.17166670990937563,0.7210322397385369,0.27979361027610516,-0.18171223580174298,0.8330107791616228,0.6233393848499927,-0.08926443326064464,0.892824713010605,0.5017057211565261,-0.1394542553776815,0.932416762711975,0.42169315428668175,-0.16468220543181092,0.9669335230795046,0.3369991397880122,-0.17836497645881977
76525.945,0.7310462856861977,0.9654322125309909,3.033641238223028e-07,0.6266103605262039,0.9199041716573533,-0.04478588039285059,0.5399803444603822,0.7793478054712886,-0.06809708614303618,0.4824301459488589,0.670439019393165,-0.09107981383033673,0.43794266762272444,0.5734560649777544,-0.11226757811428328,0.608950360605861,0.5811902908579841,-0.020842534522390543,0.5937629800550287,0.39013568292082224,-0.04893339759458415,0.5801922034440361,0.2823791803709983,-0.07011164450170917,0.5778215695090483,0.1783331598539398,-0.09190001637106093,0.6796195941525316,0.5727904516289651,-0.033080733444417865,0.6493049506043009,0.42911672477000845,-0.1131449862384508,0.6028410702121405,0.4531441398209808,-0.1556621894591937,0.5801174991681912,0.4997693910524207,-0.16643354250166698,0.7517706848361566,0.5847943817092717,-0.053237586045808354,0.7558182505179598,0.4353589125244761,-0.1169875968295505,0.7367281567481128,0.33676448743940646,-0.15301862328292157,0.7255879195579142,0.24433258211245973,-0.16856823108367813,0.831553284123123,0.6215536883408966,-0.07667551195797553,0.891377194524517,0.5015324532997321,-0.12234932355875495,0.9317004075893479,0.4207051672786286,-0.1499980384334584,0.967289173120638,0.3379982932904589,-0.16709409751601012
76525.976,0.7326258605152567,0.9610009506531149,5.717236033531782e-07,0.6246534375787189,0.9126749505926661,-0.05311615960583793,0.5397798505143412,0.7823949329820593,-0.07913986895743377,0.4806899736800855,0.6731755251227579,-0.10220135071658053,0.4311529296910677,0.5801426313342497,-0.12434901125148866,0.6120230278516589,0.5778954576050016,-0.04108406586680502,0.5843667571088792,0.40218404250087275,-0.07731646599692564,0.5701737209900545,0.2947370340252538,-0.10792729206718296,0.5578713439202378,0.19759087561274674,-0.13417134087293364,0.6831623354994513,0.5621470853832331,-0.046770028338679305,0.659417331809693,0.4212773471951061,-0.09611285559633592,0.6253742105833776,0.3517671259367412,-0.13403530093580196,0.5917886111033482,0.29359856138379387,-0.1584945008839171,0.7565186459500487,0.5763085541777583,-0.06046875409729727,0.7618829599227018,0.418057665301152,-0.11525115567535044,0.750909578353927,0.30850427611322184,-0.15097311423733573,0.7353296119838431,0.20625965606553193,-0.17376449537000507,0.8308403343903682,0.6223444168633868,-0.07799959789435108,0.8943823185137036,0.503499222932157,-0.13138978057891199,0.9383410140131241,0.42198994137134005,-0.1606805208920074,0.972692516807606,0.3431634613610584,-0.179247422713935
76526.009,0.7305190565338406,0.9573714318765364,7.984336117671351e-07,0.6216320760066363,0.9070763383736036,-0.05305379480899039,0.5356205980068848,0.7843988057472894,-0.07914607723539882,0.4779267803431766,0.6765576003661982,-0.1012680208515854,0.4298908269182264,0.5846973497302062,-0.12283863637917401,0.605138100921318,0.5726572699104394,-0.04811029916762562,0.575914638514394,0.4024324541928403,-0.08725704586512295,0.5600008902871745,0.2965182594555117,-0.11841324603060453,0.5474753325518976,0.203976115765185,-0.14331539061817306,0.6806259860701591,0.5558340367050266,-0.05377270768110224,0.6577627083757396,0.39332954454406854,-0.09594459007915856,0.6357022281090441,0.2887587414517454,-0.13351574643039177,0.6132406467581802,0.19300526593024847,-0.1608518060680497,0.7557278510295072,0.5736783412046321,-0.06694675458571402,0.763160607195776,0.41042901172789614,-0.12172520106336342,0.7621297489777378,0.29341725403975144,-0.16322543225270253,0.7568087645709881,0.18265102716665374,-0.19048320182167772,0.82996839887477,0.6248869487360041,-0.08307303480198966,0.8944556310201401,0.5070660172728898,-0.1402562627538455,0.9412678300106158,0.4258261899144294,-0.1730619736299474,0.9786986698063881,0.34725985757766703,-0.1935852093080023
76526.041,0.7305317241436533,0.9550105621814039,9.560939699395127e-07,0.6224852083888195,0.9068557625367515,-0.05674499744744241,0.5357783194582598,0.7853566341310408,-0.08532940875475474,0.47767163184712097,0.6755510559733207,-0.10879500649809146,0.42720059674705924,0.5829994416531619,-0.13183277362956747,0.6043391211866374,0.566305091035473,-0.05647468156778475,0.5753014354823782,0.39877537834765303,-0.09755305429162482,0.5582403985828719,0.2930996235205354,-0.12909525805806443,0.5463474660131183,0.2015146381285435,-0.1534725263959964,0.6821957464864672,0.5484016007376112,-0.061329260807429134,0.6640592610370488,0.36837551136848723,-0.10310297250305492,0.6511580651534008,0.24785517398522564,-0.14060484330346892,0.639033729923465,0.13981860881015143,-0.1678194816357802,0.7569971217928698,0.5708127173328545,-0.07342281321736002,0.7701258608526752,0.4032838953239923,-0.12827021166896246,0.7751197416550104,0.28259858505322333,-0.17118756663603277,0.7753959236361944,0.16872658431215207,-0.19918850569879248,0.8292123110131879,0.6265906422011417,-0.08846308375033439,0.8947434782868688,0.5099824465276624,-0.14545180399540017,0.9397642544307585,0.42683593050183943,-0.17823897742724998,0.9753558443850069,0.3450191226948198,-0.19867097170764383
76526.072,0.7331526204427786,0.9510968390753174,9.416971621315943e-07,0.6242307556599119,0.9031884869501928,-0.05624449877952466,0.5358083730805668,0.7812181992332706,-0.08401085554467376,0.47932108689905684,0.6716175939639824,-0.10689731606045552,0.4291044976476583,0.5794889000428783,-0.12958238607806133,0.6037424253164455,0.56303494977214,-0.05652316902984302,0.575234249799231,0.3973569304165618,-0.09793203526553862,0.5590319318354058,0.29094119909034055,-0.12958171112672412,0.5487865947256607,0.19829040254393945,-0.1539129114393686,0.6825301114070091,0.5436703331549367,-0.06197205607317763,0.6669435533156545,0.3586289715001149,-0.10210411522176144,0.656168099834455,0.23495834923407236,-0.13839982191084832,0.646765463973475,0.12533693182680894,-0.1653183439733121,0.7572400911931704,0.5660200685580905,-0.07475935424684227,0.768386335558448,0.39626702195466723,-0.1277339022373926,0.7702221970417185,0.2772272988513645,-0.16965178457876062,0.7682455537001249,0.16691526012198757,-0.19762921433166444,0.829145856812295,0.622691494508926,-0.09072660687877152,0.8929187355127676,0.507421111169829,-0.14612126840260747,0.9372279694366398,0.42594543823401476,-0.17827218542880566,0.972329020875129,0.3473482054584789,-0.1987912582397674
76526.104,0.7331740861411153,0.9502580825897685,9.286573441507473e-07,0.6245426882739863,0.9030089899185606,-0.05559956115184645,0.535749740263805,0.7772909353532071,-0.08309174237812418,0.48166201500667494,0.6651422462300601,-0.10596510009401812,0.43086595908631714,0.5726396335103647,-0.12926611787605968,0.6071553026020565,0.5592163725944094,-0.05978811963146646,0.5794501031535095,0.3953578168890205,-0.10198846131188889,0.5619562034854454,0.2907127504823806,-0.13366677224223938,0.5501938548201731,0.19868747740882048,-0.15810669709814829,0.6846513078376117,0.5414471544624196,-0.06665413047043389,0.6718384559601148,0.3555161739635283,-0.10877243601112929,0.6602709430538499,0.2302836026814167,-0.14645708097745727,0.65010993442529,0.11997977266867363,-0.17434755084623368,0.7579063755123148,0.5647432438254828,-0.08065580360442376,0.7673772507612728,0.39645925475642446,-0.13639816149492953,0.7629439329737713,0.2781702436686849,-0.1810681591898902,0.7558989974103173,0.1682176758258705,-0.21090799485552242,0.8282996727795059,0.6227315343441159,-0.09756319462112553,0.8933208020424429,0.506874234084505,-0.15551808644232307,0.9378263002248274,0.4259453496976995,-0.19004644863945513,0.973268294629859,0.34763624131453674,-0.21245966324208634
76526.154,0.7297411103615044,0.9476980879579998,9.76745151873634e-07,0.6259824726983981,0.8987753834382953,-0.05341384409150143,0.5370104536836292,0.7714322982221377,-0.07983774161944061,0.4827383053583771,0.659515166839534,-0.10239398713981777,0.43120677423755954,0.5693439935181789,-0.12501147807275118,0.6084718448454656,0.5570685312186068,-0.05758868842444154,0.5811416624278313,0.391468555357097,-0.09946802831418267,0.5656758092667253,0.28761846923242784,-0.12941639259775697,0.5563660713852829,0.19588094556981783,-0.15162378608761556,0.6823743857539679,0.5439527665132237,-0.06381241985088998,0.6712160466642348,0.3568811222518255,-0.10655380071046894,0.6634982177551595,0.23058106440831577,-0.14197629074841,0.6573967186101201,0.12120051985311911,-0.1670306362194818,0.754190505741948,0.5672522126700569,-0.07728104349324177,0.7557802630469052,0.41084804980202694,-0.13374019285123667,0.7463287322483869,0.2986956507539968,-0.17668573364287657,0.736252336526922,0.19605903985376374,-0.2034899034379161,0.8272433567334477,0.6204182695588571,-0.09357820523622595,0.8889688073103876,0.5012382340284129,-0.14867879403056708,0.9334486774195618,0.42088559140672804,-0.1812748904908976,0.9692545438580498,0.3449707706785314,-0.2020059164749946
76526.184,0.7342330905817354,0.9466067169539838,1.2554346691579824e-06,0.6294228107954245,0.9054593029449922,-0.057580980165281986,0.5386831841280921,0.7687804516642601,-0.08610749799871496,0.48378067898710353,0.6511332070236259,-0.11068511831561813,0.4354258528278429,0.5611790928254121,-0.13043865971950555,0.6137062928865034,0.5524664553367996,-0.05918047109218842,0.5848153152675558,0.3832072071869696,-0.09522810991876748,0.5693602711904399,0.2830251784276469,-0.11647912195229387,0.5578080305055773,0.19858675420773203,-0.13318305081047163,0.6844668963166709,0.5392039743719569,-0.05970091490734688,0.6807032721364517,0.3522369423364999,-0.1058095736800263,0.6738465090603155,0.22032350964666048,-0.13740622173132883,0.6707493093554706,0.11678880364032887,-0.1587689575923,0.7570367749053549,0.5662997302854637,-0.0671376799178762,0.7536780231543639,0.4430127287857683,-0.12741918430817678,0.7154752354240194,0.45271424576936115,-0.14918652323152573,0.6852743853007897,0.46840930398308744,-0.15404333246068175,0.8287125775292997,0.6194096327421015,-0.0788329540110856,0.8869999629137434,0.5023534857999996,-0.13818278044392618,0.930188678493826,0.42296002765060103,-0.16791767277741193,0.9664967384979629,0.3451333426681635,-0.18234303095879972
76526.218,0.7345833032572012,0.9462512344481997,1.4219938201284605e-06,0.628219016971424,0.9047884386394502,-0.0593842597981265,0.5369681633400512,0.7674350600527126,-0.0893395033060316,0.4848097772185603,0.6488411828008097,-0.11552641707640034,0.4385041522392515,0.5570086079883304,-0.13653356310177234,0.6123852899584251,0.5543719742773326,-0.06860035385804614,0.5878392152192853,0.38048832003133726,-0.1044160463729279,0.575434961630218,0.278606677784256,-0.12133520434150354,0.5647822682186495,0.19226910281140638,-0.13444458618323288,0.6857819475236406,0.5436108666087834,-0.0693195662822047,0.6872729583355202,0.35402644652068904,-0.12177981618968854,0.6816464682449507,0.2185176587526234,-0.15520852299806712,0.679171541094341,0.11386917559526065,-0.17618049615978426,0.7600877780540899,0.5730461068613321,-0.07637539820817421,0.7507761680481918,0.4687913722391385,-0.14786670541801936,0.6913137133020587,0.5174620924388413,-0.17227954916037932,0.6447439390786233,0.5628142644458691,-0.17395949731454788,0.8315115119552031,0.6235424387199022,-0.08687034232505245,0.8860013920302353,0.503315150265265,-0.15354844060498016,0.9270264021943977,0.4250606859820991,-0.18660859304582142,0.9616263743287045,0.34477549688726866,-0.20124659562709374
76526.248,0.7347246831341157,0.9439257993471697,1.418431819780461e-06,0.6270300919298235,0.9034019107751959,-0.059760325521054425,0.5360301526654628,0.766832150674199,-0.08973880431433484,0.485011924199983,0.6500223096842781,-0.11640968784396889,0.4411330015065805,0.5576112717338971,-0.13784853977324868,0.6114645651938009,0.5571966024161594,-0.07014821748975786,0.5866901859041305,0.3817712230622421,-0.10877571320721033,0.5741974674476846,0.2783674139395168,-0.12690307717358162,0.5629484883268648,0.1895012818744615,-0.14027815909516142,0.6849180325349075,0.5475613147182897,-0.07094215319318789,0.6856791696875918,0.3608985310137175,-0.12883325682722602,0.6805329553952653,0.22655349971898833,-0.16476316533948893,0.6784152050695497,0.11811022831486491,-0.18642294990631034,0.7585262618191091,0.5765136285348895,-0.07788548510756796,0.7489456734795551,0.4783727864798192,-0.1548169539286662,0.6902125156097871,0.5432427531818095,-0.17799222663979972,0.6447397712279315,0.598652934225021,-0.17658313570831213,0.829947243137918,0.6242269272345625,-0.08822725146552014,0.8822236705720963,0.5043480682725694,-0.15606531490869247,0.9211877348728745,0.4264673615986443,-0.187215286851345,0.9541136343323063,0.34397212962547374,-0.19974851273340033
76526.28,0.7344755472879765,0.9455120584822316,1.4065279874988213e-06,0.6270286563831677,0.9042362937024117,-0.058020873269515966,0.5357789449610246,0.768035612533575,-0.08738740141544443,0.48419103866848134,0.6503581870257352,-0.11360437760361036,0.44073335675834424,0.5569930746381581,-0.13452973978390245,0.6123084438035192,0.559350743461354,-0.06833435035265518,0.5880827722910478,0.3824668727692627,-0.10573049091532405,0.5757209382550192,0.27776303233554384,-0.1227793536410092,0.564052477448495,0.18851458877923127,-0.1353536056496289,0.6845557019474838,0.5502084246678146,-0.06922961316867315,0.6839465995734685,0.3634741574852227,-0.12602019163353714,0.6773610140003525,0.22975971036031706,-0.16104243626460082,0.6736739275826676,0.12198432105151441,-0.18193136115675407,0.7577494339688252,0.5784774838701751,-0.07602672451948514,0.7468327525216244,0.47964073731485357,-0.15180287748472596,0.6872231613839971,0.5434838231282877,-0.17471691459365088,0.6412283644290755,0.5987888080955509,-0.17320145083893745,0.8294366996300211,0.6257788430964543,-0.08601954345112707,0.8807312129812307,0.5051708487619688,-0.15342796798207767,0.919795608321472,0.42748206688255364,-0.1846873604060352,0.95313938552937,0.3458097140316067,-0.1970979686029648
76526.312,0.7340183648993708,0.9428998676644318,1.5067554898536658e-06,0.6271589815472086,0.9039226773603771,-0.06733397779993892,0.5353115964239806,0.7695285916520428,-0.10043556549658832,0.4823999561541066,0.6569610195995041,-0.1285104434125396,0.437316504258697,0.5604762229815335,-0.1507996247484426,0.6099971688131128,0.5548205154545538,-0.072807496851079,0.5852102547472585,0.38044390955338814,-0.10899840750046273,0.5724085508089349,0.2765651116629383,-0.12611980556173408,0.5611907410326529,0.19077669436958775,-0.1394414066618704,0.682897154459301,0.5461104122011831,-0.07064058290388195,0.6804460899360988,0.35795599311172993,-0.1230940254532741,0.6731769229110354,0.2237918750228549,-0.15621384618791692,0.6693316005996348,0.12006698846311695,-0.17694502387078162,0.75766999112591,0.5750494938966951,-0.07611142523290111,0.7448340018702411,0.47069564205340036,-0.14989703262543844,0.6845323218959442,0.5214628911815955,-0.1760832266961695,0.6373504447264722,0.5657128308514816,-0.1785932864616873,0.8300046941068153,0.622911615330475,-0.08576180080150758,0.8828066692122509,0.503753995851604,-0.15571890734470337,0.9231019821916647,0.4260882275727449,-0.19208961849622724,0.9568250972472648,0.34374334556772096,-0.20908799508206816
76526.344,0.7327657998143058,0.9471227927830403,1.214639894144421e-06,0.6264427755051059,0.9047579877956385,-0.061165377490370786,0.5351584753888038,0.7757017224760788,-0.09220361176879346,0.48196224728297576,0.6613656521999015,-0.11839710674088333,0.4337998530630746,0.5670193271401762,-0.14195538734439425,0.6101944884182741,0.560759060978697,-0.06550570269874958,0.5806298138254384,0.3924738940014731,-0.10774373091020419,0.5646030041108548,0.2879041017203749,-0.13503293251744097,0.5528929309283382,0.1987730113187027,-0.15513184347943712,0.6808338820211445,0.5476652572682648,-0.06656163455236513,0.6743966106792904,0.36078828428280885,-0.11258293820082403,0.6671860532942727,0.2311852253359824,-0.14519949288435047,0.661577492742615,0.12526877163801253,-0.16722206619995428,0.75225570017564,0.5701207035849151,-0.07580536689048366,0.7449120326299163,0.43816125252653887,-0.1352188876271765,0.7114663357285883,0.3778682613703519,-0.16984572056442415,0.6832431151340868,0.3255777125592756,-0.18752171998522368,0.8256921781055789,0.6186730484486461,-0.08923961813440538,0.8842736679476585,0.4999352203905493,-0.14742079887528134,0.9269015951657685,0.4170925988671304,-0.18110768105956015,0.9617986671304005,0.33572130170575043,-0.20100636069729422
76526.378,0.7298114654852713,0.9491229588446932,1.0844169790003841e-06,0.6280785192018752,0.9037954972697461,-0.05489759849116188,0.5358608650274638,0.7766564846290268,-0.08125919917015102,0.4806404968344764,0.6649522572972452,-0.1035859940426215,0.43189838074669135,0.5710039128799735,-0.12457810282549281,0.6057985013983656,0.5602845703037601,-0.0569644854121874,0.5763372950175194,0.3930690736979377,-0.09708301651924589,0.5613671139719448,0.29058955080649934,-0.12280090763248551,0.5512395023554969,0.20098544105079177,-0.14147539235717982,0.6785590772894939,0.548224698308153,-0.06113188028704399,0.6679331027732852,0.36369379969701365,-0.10650344143779976,0.6606999442065037,0.23617609710819348,-0.14087428335061952,0.6545850553894687,0.12741333065552937,-0.16335961545775315,0.7504967115426261,0.570780784157066,-0.07312798855447304,0.7470748380593666,0.43783713271813,-0.1359700975046878,0.7262700647990666,0.3498455772046519,-0.18010479526217651,0.7077827663109341,0.26647777990708527,-0.20362950901487253,0.8248736291994574,0.6190605977246798,-0.08762097977069153,0.8846912506757669,0.5021590111438062,-0.146697814690914,0.9297179282921161,0.4236882871209499,-0.18215382969849078,0.9662281407755726,0.34593437621987727,-0.20320387654941138
76526.409,0.727600737083843,0.9493460164531922,1.0726929666438766e-06,0.6287197186559228,0.9044934126780797,-0.05189709673417064,0.5370727984322644,0.7762908873700906,-0.0768586922956969,0.48183124687131257,0.6639142261685085,-0.0984758260457725,0.4324942085863118,0.5725625999022262,-0.11894049991506803,0.6066251679639841,0.5616141844036461,-0.054449012725694364,0.5757955668322785,0.39457808495181307,-0.09410015848685446,0.5600519376835914,0.292537462815768,-0.11937479302278792,0.5493512786447902,0.20324180341499876,-0.13738366571082977,0.6790406063258668,0.5494448384012603,-0.05954832555471766,0.6682562443625085,0.3636713069502253,-0.10462283926890295,0.6612978059222028,0.23360262721476954,-0.138283169421095,0.65545864993873,0.12363046348589689,-0.15978469771327067,0.7512101799956261,0.5710266867683436,-0.07218877945390353,0.7472229243627642,0.43951986785006947,-0.1337854091068739,0.72592307878265,0.34806488696470744,-0.17688676025687852,0.707237703865829,0.26297246856030376,-0.1993576461489771,0.8263693011758615,0.6179310135941289,-0.08713972717690119,0.8845233364072996,0.4991368278622125,-0.1436269544114826,0.9286551702804532,0.41895675747973554,-0.1770898664602482,0.9644970074460929,0.3411239271347871,-0.1966958554013945
76526.441,0.7345028494728001,0.9477353936119608,1.405486660205694e-06,0.6296942374639737,0.9088698470886576,-0.05989081023206562,0.53789149101913,0.7734303714999788,-0.09082079088362743,0.48234839341612784,0.6581283491645471,-0.11792260953841138,0.4343934917852778,0.5670273470121496,-0.13964104785229986,0.6130924390271406,0.5569884434587076,-0.06577560902523148,0.5828015405509166,0.3845397085060911,-0.1012043506716885,0.5669723090804433,0.28276593251150384,-0.11908188073387334,0.5542785602048034,0.19787501464499083,-0.13363727500590056,0.6851044486729337,0.5439784218279714,-0.06670109027205687,0.6816165008116732,0.3531760808623077,-0.11626018582238062,0.6730044891995406,0.22029205422825568,-0.1478129983073226,0.668117099364516,0.11681799668486306,-0.16837768043430387,0.7585866403628376,0.5721120738649409,-0.07448057409007586,0.7464651273799932,0.4567224059950511,-0.14209629731497037,0.6910424241037858,0.49958118962252557,-0.16344204780002536,0.6485703815389646,0.5398047034817879,-0.16484367537595862,0.8297891575651365,0.6245179400416306,-0.0863378796562886,0.885364594892021,0.5064278393264979,-0.15167753934516418,0.9272968003294236,0.42751975638598116,-0.18424024527586627,0.962342408914091,0.34641105373090314,-0.19940396181188172
76526.473,0.7328173783868044,0.9538157541018533,1.48947231181462e-06,0.626755348302724,0.9151332174528801,-0.05892504719671922,0.5355482893871315,0.7718513511838804,-0.08951100935818229,0.4847102738919925,0.6539241955586651,-0.11756653409623737,0.43823751877258516,0.5624710715991318,-0.14023818077910463,0.6138953006518286,0.5631738585001141,-0.07188694608498045,0.586775391234653,0.3862583939008837,-0.11204634040510056,0.5734902829537081,0.2824237310095351,-0.13049200061082836,0.5604699977331208,0.19264990733086904,-0.144184373675391,0.6884719926849033,0.5536739625480491,-0.07487125293716711,0.6856434289275555,0.3630069862406347,-0.13753450936969652,0.6796508999432406,0.2276876295667442,-0.17455597252591126,0.676998929767075,0.11594305739833893,-0.1959851579017265,0.7625782047270169,0.5842433083162526,-0.083817446811121,0.7438539935179866,0.48863777040527756,-0.16677297648630085,0.680384212247287,0.5792606747592367,-0.18543968995608046,0.6324835034980594,0.6512509726173445,-0.17827795423578893,0.8329586244400317,0.6325765549241555,-0.09639604184490339,0.8848805401735633,0.5102497354326785,-0.16867824818463834,0.9257451189056864,0.4305503488265687,-0.1989145252282543,0.9588101409352285,0.3431853459405402,-0.20958817644106711
76526.505,0.7339284625597989,0.9483600834954974,1.618956881741359e-06,0.6249071669312671,0.9133433079676617,-0.0675269447439677,0.5330551162215216,0.7704930108606708,-0.09982862090443144,0.4821928772052167,0.6567419372317798,-0.1289373017549736,0.43703110076299384,0.5620315936480933,-0.1518215921067254,0.6132408850711624,0.5595917378305838,-0.07149510699586832,0.5871001412283527,0.38473964926008486,-0.1103489415555638,0.5745710678508263,0.2783371385149229,-0.1273247636274454,0.5622278625043079,0.1872736465616241,-0.1392662411825708,0.6882679246453663,0.554259430120814,-0.07156265240648704,0.6863002488512188,0.3690587235948518,-0.13647765285617458,0.6799530733567815,0.23180450027654448,-0.17442850245113098,0.6777051448295188,0.12032528718825192,-0.194967128989599,0.761430225387677,0.5856583797204047,-0.07931256577781035,0.7413160029540062,0.5077021941794849,-0.16907103656453712,0.6760964935944918,0.6135505426916034,-0.18971914312628674,0.6273243019207804,0.6899677593326987,-0.18055103379583406,0.8315437200396193,0.6280369213072644,-0.09133735078907516,0.8814936518418307,0.5071975027517936,-0.1653469345201007,0.9231395467396963,0.4304003990766532,-0.19562832418573003,0.956461090923008,0.33991444883089245,-0.20579283871724824
76526.54,0.7336957820051576,0.9461837344885331,1.714644305465311e-06,0.6197376364550663,0.909888548414746,-0.0700738827917569,0.5291359142483318,0.7681532524523458,-0.10461237818274735,0.47864408679207926,0.6578456559797011,-0.13624204100335416,0.43427622565576857,0.5641625453876248,-0.16114642686742733,0.6118903010396338,0.5584456040702921,-0.07311767253157164,0.5862688774803272,0.3824069602680176,-0.11321641657808393,0.574299315428253,0.27504324732844027,-0.13118000485235246,0.5616137310894944,0.18382858118099446,-0.1438244911047121,0.6879665926258763,0.555105651588129,-0.07358068559359733,0.684258192274586,0.37123196631299776,-0.14183039798426683,0.6764794965626982,0.23457177852334515,-0.18171078909649388,0.6729421810435032,0.12507116404105975,-0.20318196139320616,0.7610998053232058,0.5872019333264129,-0.08217986909043994,0.7373392017215076,0.5129664659186608,-0.17405006839869655,0.6728049439759303,0.6304288110908345,-0.19192641030716406,0.624424121669931,0.7119016206201871,-0.18017770521169263,0.8311232469322652,0.6268619777166394,-0.09571962178300476,0.8800126434311725,0.50386521148037,-0.16969649733157519,0.9200510279763611,0.42537021761509586,-0.19844200211047797,0.9503757218730844,0.3307475371698464,-0.20769734191422395
76526.585,0.734637479749997,0.9474940393720118,1.657489820431843e-06,0.6210369497820677,0.9135354178262673,-0.0711760000254696,0.5287587998639844,0.7717261721941088,-0.1052590456275847,0.4781920191574621,0.6589428045136528,-0.13569329022193663,0.4339349570773607,0.5630895558816307,-0.1595883871910304,0.6130089584254947,0.5604636879405707,-0.0744065065069045,0.5857974062440979,0.3835040265001753,-0.1140903436007042,0.573359950493581,0.275475865458527,-0.13147166325852885,0.5604310453780054,0.18382386824150088,-0.14354624694125268,0.6882096220032645,0.5564323082980956,-0.07316885602024528,0.6840372432738199,0.3717070153031903,-0.13977514360091828,0.6751657231792209,0.23717318906313328,-0.17806013185370012,0.6704795854815171,0.12839758592418216,-0.19835011343977843,0.7608859907046508,0.5877873458711971,-0.08006906653085706,0.7378957086538851,0.5112952875434372,-0.17126982130844878,0.6732549857343779,0.6254209143468675,-0.1900335921648219,0.6253965196297714,0.7049973794005161,-0.17889706767781918,0.8307921237966034,0.6284489041655357,-0.09176721075692418,0.8798182471328048,0.5054766170682207,-0.1661080935088327,0.9192677629605085,0.4269030755462949,-0.1956297447566116,0.9498811441524629,0.3325804991450684,-0.20517553850110679
76526.617,0.7298142302954199,0.954517455311868,1.5159364068632734e-06,0.6255613738979865,0.9166805812108431,-0.06152931587583281,0.5336152325980175,0.7752640563754392,-0.09428220815228487,0.48271806800647843,0.6594514407687232,-0.12414965606675474,0.4366329536800742,0.5667922076641546,-0.14850332878696076,0.6112211758507594,0.5669780330732074,-0.0770162297108405,0.5836365834775648,0.3871155037675927,-0.11889605100772961,0.5713562129721553,0.2809500175001672,-0.13735510855963332,0.5587707055150263,0.18914315931676007,-0.1501913495892047,0.6857708247295553,0.5592120711704618,-0.07909438166602127,0.6817907508875726,0.37188849338666985,-0.14476046970527776,0.6744520575881753,0.24009386507554345,-0.18192136672130998,0.6699043017073186,0.12892381678062645,-0.20221995347639474,0.7604336289698672,0.5897672221105673,-0.08714494919867385,0.7390000087905619,0.501457782153315,-0.17445496702551522,0.6749688350546883,0.6030799413347973,-0.19227450386648873,0.6276833590898697,0.680167917403671,-0.18249693606263204,0.8321726463898427,0.6365750278479992,-0.09877606640138294,0.8819293602463442,0.5123736699963669,-0.17211920671349223,0.9215869639925821,0.43227105216182266,-0.2006839543368806,0.9543652672122758,0.3429791910262607,-0.20943401913732337
76526.65,0.7321704431325882,0.9478710878239235,1.5566383457444013e-06,0.6266928332864163,0.9115341697840994,-0.07464059027858302,0.5351454151492033,0.7779936664691998,-0.11286671996134301,0.48114306696491854,0.6694337663580119,-0.14514750768416212,0.4337557850858032,0.5708162401044257,-0.17192333429760367,0.6087395586972487,0.5593449743300279,-0.08348472537969384,0.5816838834894364,0.3862003408902107,-0.125608569402619,0.5668792577198829,0.2811822353677028,-0.14750668521935614,0.5553804938385992,0.19438437437453746,-0.16393112921288702,0.6828195398422537,0.5520530297136085,-0.08052027282738641,0.6788041686094636,0.3618490073416621,-0.1385994978543879,0.6697333081190384,0.22780436637387996,-0.17563548342838403,0.66483995499527,0.12395627762410492,-0.1988460260409052,0.7582348775871586,0.5836631922332702,-0.0858828024404094,0.7447307836042694,0.48077493997019105,-0.165659897255001,0.6837172139673053,0.5335990241989091,-0.19412918347868188,0.6365964000317725,0.5765724566067384,-0.19738059656090973,0.829875392396419,0.633283924194372,-0.09590645207615246,0.8840688885195926,0.5109314657680095,-0.16951185789025913,0.9256540635541223,0.43120363596672356,-0.2069614771979832,0.9602638653628457,0.3449715599275562,-0.22483290925506455
76526.682,0.7338034612329201,0.953162955440813,1.2380578181875982e-06,0.6273272593910761,0.9148196275136278,-0.0649771265269374,0.533101845777926,0.7867449475102769,-0.09910579256154266,0.4797857464727258,0.6723865173872151,-0.12761061878388685,0.4299929555480903,0.5750613551579571,-0.15428347433890696,0.6084440458765903,0.5721199946627815,-0.08038520710611169,0.5752366717331265,0.3994424818813343,-0.12819114452480493,0.5574862026261016,0.2923575004984615,-0.15761047398267555,0.5449281069048949,0.1993004037450021,-0.17895129906103552,0.6807198560464439,0.5592242677121247,-0.08226535806977076,0.6695361313363265,0.37178542893883126,-0.13938076767033541,0.6593549696745851,0.24094393516026028,-0.17984833728313665,0.6513586508168204,0.13153958397712837,-0.2061697796856205,0.7528288741022364,0.5810961353003146,-0.091793244098584,0.744354286683909,0.46059831917462896,-0.16511768630513443,0.7054114107329279,0.40100231423189403,-0.21021608197333727,0.6725502362346278,0.3455194293784281,-0.23257479608965148,0.8264196635711955,0.6264369651728101,-0.10452292073145847,0.8854341884763584,0.5051110698411521,-0.17258172286328832,0.9304832185547238,0.42401623758541934,-0.21249826886000125,0.9662257449206236,0.343011851789631,-0.23612532787015408
76526.712,0.7332382056955417,0.9487285253208269,1.4067333657707397e-06,0.6265362350106763,0.911178371003817,-0.06902923881244762,0.5342322936272501,0.7837819957759621,-0.10668752666513724,0.4797844304245564,0.6724824630354687,-0.13833419380953574,0.43170233428155147,0.5767257754657759,-0.16596675799906463,0.6074292464536301,0.5635144743412396,-0.07714299378799058,0.5722402501550655,0.39483900145429957,-0.12189905938654906,0.5526202124861749,0.2881135434776907,-0.14955118520439029,0.5387008127850208,0.20215080072730046,-0.16979595123516844,0.6788456727619171,0.5490731875617674,-0.07466356595345332,0.6713034924981274,0.36133359132690046,-0.12293660492182565,0.6627065463022329,0.22855004667398093,-0.15379701421423247,0.6567560763280385,0.12048831530957843,-0.174652365438127,0.752873668344433,0.5731671058080926,-0.08094236315236664,0.7442996486792457,0.45141238612252377,-0.14374755765686006,0.7051345969734472,0.43261250547629476,-0.17145371017333125,0.6737047219250584,0.4210076688905116,-0.18201157299638426,0.8264340676097047,0.6241597482997975,-0.09244544487021601,0.8864758078584216,0.5051000115722574,-0.15651393062700736,0.9314357096478169,0.42047359264447165,-0.19168905820615526,0.9692896050858391,0.33731262639045434,-0.21094442626904153
76526.745,0.7346524811994819,0.9556103437294762,1.4235798966164127e-06,0.6294681359939709,0.9172038593986789,-0.05900699048877262,0.5363369193243489,0.7847412631634465,-0.09154581723335665,0.4825894471693011,0.6690362444976188,-0.12046045805250698,0.4371651719874368,0.5751130378118338,-0.14400631730051636,0.6067409438352489,0.5672086655159915,-0.07459802512216641,0.5769541873571149,0.39309683896802666,-0.11513082154917167,0.5610113957646348,0.2892603265258263,-0.13535868165623316,0.546502330212445,0.20103332290951173,-0.15032488710050676,0.6817276267725829,0.5558445955143537,-0.07657978867686202,0.6765816704424656,0.3651555714690541,-0.13385300579697004,0.6677195097195422,0.2309481387127732,-0.1691227531709291,0.66245071620534,0.12096789050193668,-0.19063886519957193,0.7580401588705074,0.5860489351042392,-0.08415472970198434,0.7463845961277265,0.48658978419108023,-0.15793930433030146,0.6892640511857021,0.5472480944705551,-0.17743836484057846,0.6451747686240654,0.6002823655090553,-0.1748167113085953,0.831109696641549,0.6382493557977317,-0.09534508525534845,0.8849864066096496,0.5162007770316182,-0.16280454602035496,0.9265596370050696,0.43399749687953343,-0.19204534109069804,0.9618740753353869,0.34945942514977735,-0.20304909615288264
76526.776,0.7285120157130202,0.9597219667563651,1.504955770072013e-06,0.6229214532614277,0.9207152841701555,-0.06297991598672525,0.5325227444054559,0.781275762388311,-0.09618066698437547,0.48210105988531116,0.6644145383928084,-0.12586253319528407,0.4361652060992737,0.5720764960379227,-0.15031231318016286,0.6092357441451925,0.5722094292628638,-0.08075230956453339,0.5813654763436396,0.3921432821219917,-0.12490715070538072,0.5675337668000983,0.28476079962594303,-0.1458138753312489,0.5527834519952687,0.19052952901988088,-0.1605514453719622,0.6846258433549456,0.5635715833326634,-0.08167727508135485,0.681673700911135,0.376240835226152,-0.14772517888868625,0.6746951328290276,0.2421779130910235,-0.1856707861416099,0.6701731221136209,0.12750322622766744,-0.20716473175010966,0.7592469594370945,0.5947180511299358,-0.08857562578639618,0.743632701662913,0.5079213360228028,-0.17459493921505692,0.6796592954884346,0.6004402379424161,-0.19360868080782218,0.6303587079798414,0.6714526683887193,-0.18574617580611524,0.8310840388614463,0.6424205417817208,-0.09925595816709619,0.8840583205450742,0.5197005894407858,-0.17359273672995187,0.9246737629448714,0.439306795395181,-0.20379263293034083,0.9583581517529068,0.3511241626858805,-0.21362351707644203
76526.809,0.7299307855683762,0.9563731484821997,1.6319874947136707e-06,0.6208826042293842,0.9205396168155713,-0.06921064552887901,0.5307895970732865,0.7806445441404943,-0.10326056016397366,0.4805736274649101,0.667999023695731,-0.13345825282547355,0.4355922131667604,0.572307304407481,-0.15759707149435084,0.6098092531348001,0.5694228837811984,-0.07761038309996755,0.5822738359969264,0.39154660952828085,-0.11945897749828387,0.5694655747701088,0.28283363088173197,-0.13861602919751523,0.5569876686667679,0.18872444520926235,-0.1517065581425768,0.6852783634841533,0.5633670318520433,-0.07651645280536937,0.6831436074489684,0.37626055983972556,-0.14326298616852318,0.6771134290478035,0.23890993823235449,-0.18191745001279017,0.6746147044261862,0.12547096255883164,-0.20262642477705797,0.7588611245180744,0.5945481167282407,-0.08276751715220296,0.7404080647809125,0.5170152388058633,-0.1731687459202418,0.6746051792445659,0.621699514795409,-0.19342920708542602,0.6247309151771763,0.6974287980300071,-0.1837467121678645,0.8292370272689599,0.6379603716812074,-0.0933186055205814,0.8807747707273629,0.5161538744814846,-0.1677189788864815,0.9225077074102658,0.43844664066389644,-0.19716825673404706,0.9560122206494976,0.3479391421958921,-0.20624576864148633
76526.841,0.7299099571554019,0.9550107102340816,1.6710040183331587e-06,0.6192134263668485,0.9184491019491238,-0.06929266822989937,0.5283260517658666,0.7783668980266505,-0.10356885484625945,0.4777678968154963,0.667458954284942,-0.13409836279224638,0.4340373957523479,0.5714614955395546,-0.15823030563877746,0.6103986032044929,0.5668632381045721,-0.07637845751607776,0.5825015333763535,0.39060555854518375,-0.11614078678847825,0.5690154880499966,0.2829005508923302,-0.13390341099497488,0.5555545452719732,0.19052527850696024,-0.14635082320949572,0.6859240871635813,0.5620770790069805,-0.07592585425187327,0.6824006919158833,0.37513535376851187,-0.14140100638310243,0.6755342530039535,0.23770520599539893,-0.17913381697679429,0.6728768336880724,0.12611879847048704,-0.19929586782294648,0.7590004157740036,0.5942647741340279,-0.08302395077265474,0.7363244430888098,0.5182958154327943,-0.17270027164720383,0.6701946093580576,0.6289436405153742,-0.191307959133964,0.6208893209282939,0.7073257619457828,-0.18054329829016,0.8290288427133048,0.636845552641359,-0.09465107155933451,0.8785224908251532,0.513730499180665,-0.16803462095462213,0.9189637212430786,0.43489408592720963,-0.1966782156958588,0.9508245618379843,0.34179189061757564,-0.2056382977004882
76526.872,0.7279480301320107,0.9586646640486892,1.6389535641302946e-06,0.6175857550901708,0.9214227072153381,-0.0673653565113642,0.5275358270182487,0.7799075884539504,-0.10017140953998054,0.47857477581552743,0.667543367344344,-0.12931057673091348,0.43557540709321907,0.5716985830018467,-0.15201367478436104,0.610211195467742,0.5679100799921917,-0.07264026703158154,0.5813168180458833,0.3903744351696425,-0.1108425895312558,0.5679373731453939,0.28240723548473357,-0.12704592656337588,0.5545419613922763,0.18993421885069697,-0.13790121275705572,0.6852848778896956,0.5625256633017985,-0.07186903284234283,0.6840010503620712,0.3739186241838347,-0.13484449004709528,0.6777914114369993,0.23769692904186462,-0.17027831160337456,0.6749055401443277,0.12667971341421308,-0.18837134221848992,0.7580194296755668,0.5940295746559215,-0.07854126048209716,0.7358512990352419,0.5160624132053059,-0.16648821402150507,0.670226075573501,0.6269393802518932,-0.18417905858675424,0.6217530660039648,0.7066711263106841,-0.17226969716697663,0.8278703956804759,0.637417547999722,-0.08947057537044668,0.87746147532462,0.5134623157016509,-0.16100546963902435,0.9179020364222604,0.4344431766602153,-0.1881838428721914,0.9498621333904311,0.34173434624060534,-0.19569605579543023
76526.903,0.7297714658228611,0.9559150873552128,1.6629176069341976e-06,0.6166905665020597,0.9199866156391677,-0.06879073650980094,0.5254015465353182,0.7771798565601334,-0.10166434728558008,0.4767313160202924,0.6643316274437046,-0.13094480681000042,0.43310744069767704,0.5689767185742859,-0.15378901002522313,0.610070209782353,0.5673024577461578,-0.07339579241078126,0.5814446525414447,0.38992750080908556,-0.11205135117677065,0.5681450277596705,0.28149904721536884,-0.12866784512033688,0.5546876811609556,0.188664603578321,-0.14001912879893633,0.6857868714687322,0.5622937901098737,-0.07288139047521024,0.6839990646752899,0.37445168083467417,-0.1375127483706475,0.6778777429344903,0.23701667765465725,-0.17413347352571534,0.6756428377356117,0.12624860316037406,-0.19315521630741803,0.7584303304860598,0.5943325926927543,-0.08010212703371362,0.7354807554693026,0.5179474822732943,-0.16934165206472437,0.6703048868661563,0.6324784655095144,-0.1865213686686115,0.6223672095698329,0.7126816108792209,-0.17426251936428247,0.8285053449524753,0.636407242186126,-0.09188882703278413,0.8775597762287881,0.5122849098805953,-0.16366031453735982,0.9176653487468319,0.4335761956230026,-0.19054681288954944,0.9489784348054647,0.33864894704978066,-0.19831520657920282
76526.936,0.729375186684362,0.9571194626828551,1.6815655115022406e-06,0.6158590321244511,0.91998305731335,-0.06914386959567267,0.5256373078854819,0.7762301902551982,-0.10205783614028609,0.4776736062117907,0.6628219630549878,-0.1312313854457776,0.43409170277130643,0.5666984625369803,-0.15374269665818377,0.6095454413141745,0.5660361756634259,-0.07236039381565768,0.5807279644688527,0.387311713336299,-0.10970688727469306,0.5670953007689757,0.27895916209301985,-0.12490143325802848,0.5531126667237862,0.1867856837681195,-0.13508899536144983,0.6863769360706953,0.56160675975075,-0.07142987125227876,0.6848968379584213,0.37239552503985773,-0.1345420752332256,0.6783253579425994,0.23624989338647276,-0.16943011946069425,0.6755130021454803,0.12745561652015466,-0.18693234600901074,0.759705493876929,0.5940308431926651,-0.0784554727202436,0.7356900200623513,0.5181148509168418,-0.16728033667487985,0.669948120356997,0.6363280679406224,-0.18378118905939259,0.621773181972378,0.7191954115029948,-0.1706603754552201,0.8300253107418586,0.6361994920252636,-0.09005145198276478,0.8792282180207878,0.5120779885607986,-0.1617188942954757,0.9185658674609027,0.4325132746555272,-0.18857367724916582,0.9490759452345608,0.336404504970939,-0.1960879357087318
76526.969,0.7289185968173297,0.9601198235104171,1.6098205740154405e-06,0.6168839227055563,0.922413175474148,-0.06282198566708584,0.5253698833002216,0.7762455025944053,-0.09290519040153486,0.4772257409206838,0.6601532471808097,-0.12026214837230915,0.4333481101652311,0.5655948611821131,-0.14142065231052395,0.6103263934658624,0.5654846793139765,-0.06695047194494678,0.5811255535304634,0.38731169837664886,-0.10330463462638789,0.5681694786099158,0.279293023330207,-0.11802476282994906,0.5552385821095286,0.18680377021188427,-0.12780650851118366,0.6864760335900095,0.5602862548485837,-0.06826438027844746,0.6859432321043328,0.3706654325476836,-0.12964830498900115,0.6806234699475512,0.23497516862722478,-0.1637340046049514,0.6783103185498559,0.12437991107951948,-0.18074762596106778,0.7598153998036072,0.5926109696482976,-0.0767557392146921,0.7362082329240074,0.5158061561004716,-0.16374134544196012,0.6714092685096177,0.63257160260639,-0.17939754379189904,0.6243165728070188,0.7166604435603687,-0.16578209737053803,0.830096134488735,0.6374980896943105,-0.08918912464552944,0.8795792731057306,0.5125901051884881,-0.1590205522922688,0.9193411716345982,0.4322741353301706,-0.18411257219828453,0.9506116909498912,0.337597842651064,-0.1902467858761995
76527.016,0.7306165880938745,0.9602648663391831,1.6265760836385413e-06,0.6172321334789181,0.923055570476058,-0.06483159251776295,0.5252580564983578,0.777356585658653,-0.0957510881631331,0.4776864593876973,0.6619310196505137,-0.12388652411927632,0.4358614766366895,0.5641518695677074,-0.14561059283890254,0.6102210249703406,0.5655596700176488,-0.0679640244786599,0.5808701806887665,0.3880142143022325,-0.10516795994667211,0.567827935612202,0.27988565932694665,-0.1205813149472761,0.5549088575006161,0.18715504504889172,-0.13084591368510154,0.6867848826410815,0.5602112571029737,-0.06906459501362987,0.6857088357260713,0.37120556016931516,-0.1317648049805922,0.6803214099479062,0.2345285379130773,-0.16687920985440058,0.678021540124018,0.12340521985872918,-0.18463062438405994,0.7604483487475003,0.5923438404792273,-0.07771388582899397,0.7367782544285433,0.5160927490914016,-0.16621918891994802,0.6719811040524528,0.6336874390277613,-0.18249376611750895,0.6246470281108777,0.7177326717232728,-0.16913600500465392,0.8311751285257859,0.6362347408937864,-0.09053817309336817,0.8807635243247105,0.5111322201843097,-0.16123182672145595,0.9208924637721754,0.4311736175596031,-0.1868189291568573,0.9520686703478558,0.3360027132722531,-0.19340600171046096
76527.047,0.7328463232621578,0.9598004667842505,1.6262552571257884e-06,0.6195629646216925,0.9243131403400632,-0.0644952059694813,0.5265825045273764,0.7772585550473673,-0.09484685865629132,0.4786489991435532,0.6606392478223515,-0.12223976538736463,0.43579146846737826,0.5657267850694391,-0.14331327713512093,0.6124635572412357,0.5661250939807561,-0.06907597283850297,0.5827036004081565,0.38734750090341835,-0.10593003736507496,0.5690872942184011,0.2791321890743892,-0.12082471883489475,0.5554652710597047,0.1865991841295879,-0.13086593064089955,0.6889327133498842,0.5607874639199892,-0.0699838911909842,0.6879573575529584,0.3711372051623365,-0.13262581473578422,0.6821937747197699,0.2344019451070577,-0.16741922695758163,0.6795059212891662,0.12359714644428815,-0.1849645266882723,0.761973716135141,0.5931311250459621,-0.07825162468655199,0.7374290127770975,0.5169145441703036,-0.16621807033880806,0.6724203203163014,0.6345142841101211,-0.18196781560530748,0.624928552923201,0.7184054270004149,-0.16843581993715778,0.8321573931642596,0.6366904174380877,-0.09069332033624414,0.8815430370547489,0.5119261605579193,-0.16133229918340486,0.9212774243233653,0.43163446821339263,-0.1870509887560408,0.9519237152013307,0.33556116396112473,-0.19379236888414014
76527.081,0.7340493246812316,0.959157207187365,1.6623716518621818e-06,0.6200123614082997,0.9226571956753606,-0.06692060604826033,0.5270440920445945,0.7765222570946977,-0.09835300911961985,0.4781492407385078,0.6603917692025297,-0.12636294783542792,0.43584136993279865,0.5636323124844066,-0.14779019666966187,0.6122517323145336,0.5658340629026338,-0.07077176518601258,0.5824498529045974,0.38691080617044804,-0.1075985501918002,0.5690578930085063,0.2782640606125079,-0.12256151013583522,0.5558735438900709,0.1854545322750258,-0.13290457448702195,0.6889023575018401,0.5607314737332326,-0.07068965127387124,0.6880627304094281,0.3709660228868502,-0.1332424179315097,0.6828473509081848,0.23344118139370673,-0.16812841749374297,0.6811180843869167,0.12219077306906244,-0.18600195899289457,0.7621195257480433,0.5932082238647964,-0.0782765215810877,0.7378838070879699,0.5158495223858971,-0.1664159382299999,0.6725335138892903,0.6312013690513697,-0.1830690766754223,0.6248671622826544,0.7130046815095998,-0.1704407249495914,0.8322006203517526,0.636282936806622,-0.09025420341393607,0.8821065389410755,0.512188593165945,-0.16193371519942934,0.9224856521065191,0.43274698513091453,-0.18911952174491597,0.9540700463121792,0.3378979575194154,-0.19697226480335947
76527.112,0.7315895276147718,0.9630016326501413,1.5086553099232232e-06,0.6244710298100273,0.9241154639893278,-0.057614326932885755,0.5312837895791571,0.7773809030085468,-0.08590935121829649,0.48098008072641246,0.6590872387780126,-0.11149565523981181,0.4373146135968943,0.5663360125321647,-0.13135895798992842,0.6131220127707161,0.5706507615217472,-0.068574122545574,0.5821088600771738,0.3901760330865292,-0.10501217510070428,0.5685274184133381,0.2831078718050183,-0.11900488428628354,0.5548272205815105,0.19055634100624083,-0.12823685652138445,0.6881462940136936,0.5622349537170159,-0.07035561716481963,0.6876741755263995,0.37054852616310685,-0.12956057343622499,0.6827949050349144,0.23603690082646409,-0.1611834145446087,0.6800525022607626,0.12492893053856695,-0.17699180253109892,0.7618180155249934,0.5929241535262795,-0.07811543785904648,0.7378341725282107,0.5099031965589209,-0.16160967225844391,0.6731405294803472,0.6186127532427073,-0.17668221252733393,0.6263269983946287,0.7011140048556579,-0.1638989714683449,0.8325778936473269,0.6395092812006243,-0.08909618358360677,0.8821318232897466,0.5150752332987826,-0.1580742570635491,0.9215852527574202,0.43522896627021174,-0.1832757966484437,0.9534132726801893,0.3446320963660569,-0.1894118109055634
76527.147,0.7347565047633903,0.957147064393022,1.526551853125159e-06,0.6273740129089834,0.9185635935479624,-0.06290764686613674,0.5346718872627867,0.7819703984977705,-0.09639458849499549,0.48189321622514497,0.6658935650838955,-0.12554702587923405,0.4364118286608701,0.567726543849543,-0.148811584141773,0.6116940211448805,0.564919339225048,-0.07290150956757584,0.5826762859765233,0.38772123159731864,-0.1111660424530446,0.5679141600838917,0.28201295752216526,-0.13036325650702213,0.5544638335295476,0.19399906870152206,-0.14468188272983493,0.6851822997529098,0.5550697119467127,-0.07272406620405758,0.6863530009215895,0.3594711220116378,-0.12496780590345692,0.6814125522984412,0.2237392699129781,-0.1560007962662313,0.6783680815352189,0.11949440634777309,-0.17490649056053972,0.7593430758266646,0.5858969835158723,-0.07942197872825295,0.7450907346549852,0.48445308011907384,-0.14963011192123976,0.6880314223244669,0.5493228174464476,-0.16680911092960612,0.6454625738007107,0.6060725871191432,-0.16279559214672282,0.8304879700903354,0.6371500474059315,-0.09052539779645116,0.8853351323776164,0.5148650981405167,-0.15533981542280403,0.92761125970963,0.4346549630714694,-0.18407928072007074,0.9632049177792701,0.35046935447150795,-0.19551026096492125
76527.177,0.7304713690347627,0.9630343154567316,1.180528547051422e-06,0.6267178900717774,0.9157667485555725,-0.05640591317491867,0.5356884927587586,0.7854165722745169,-0.0850856053649881,0.4807442911715159,0.6696907848712014,-0.10992102449644624,0.43036901162221824,0.5765488046738327,-0.13261753711216392,0.607593052876001,0.5713607667206398,-0.058874361942178786,0.5759452088528646,0.401565103621725,-0.09975708201564706,0.5604899232862353,0.29667513413649665,-0.1264020821557154,0.550900166920333,0.20392053880191496,-0.14624448942160304,0.6803524017278232,0.5585752840160753,-0.06262419455155846,0.6782426814809264,0.3684641904665701,-0.10757377602822119,0.6763539166945524,0.2361307830172154,-0.1403029114320257,0.6753059763679904,0.12679406733020343,-0.16238428441926234,0.7522155349751597,0.5819655821488798,-0.07425385848909392,0.7490066047955318,0.4449146494443919,-0.13321239254212303,0.7245900108833433,0.37054434057564,-0.16942007206413917,0.703467252957326,0.3041699125439073,-0.1884192694774575,0.8270768871827259,0.6318513025730242,-0.08948000885934153,0.8884752330209468,0.5125308386155442,-0.14582359682188242,0.93271455788956,0.4296465003917646,-0.17792169776606692,0.9682494368138187,0.3490720430290112,-0.197022459587481
76527.208,0.7290339039924323,0.9566861763792411,1.0985388243128393e-06,0.6262198371255687,0.9115809918534087,-0.05444589438902312,0.5335984385277891,0.7838554026757069,-0.08113148475262424,0.47928854115442987,0.6702472427461712,-0.10386267948456329,0.43047382855656047,0.5777244627231378,-0.12585497297773196,0.6040704807979239,0.5686164942947647,-0.05994178087656643,0.5706377164989036,0.4000160012819211,-0.1010147650912745,0.5545311126690304,0.29582724803158184,-0.1279340520147367,0.5444352673126062,0.20423573639180506,-0.1479235121546707,0.6785556373258542,0.5551586244023736,-0.0649820914818756,0.6699356059623737,0.3685152268860961,-0.11057916640447236,0.6656396422373251,0.2395688281183754,-0.145478802015993,0.6628831054964778,0.12904661855492233,-0.16906249952137906,0.7515064376972981,0.5773056165132641,-0.07753791075527747,0.7477355328002236,0.4358796551919392,-0.13955261099854027,0.7287024542899573,0.34022752781060583,-0.18383273710440995,0.7133147216480267,0.25083810597159023,-0.20886703057104483,0.8275484579902431,0.6277888802253726,-0.09260954728150111,0.8894693884732043,0.5101010450672313,-0.15198350936660074,0.9356506710570612,0.4301941022845318,-0.18754965289549574,0.9737665968350168,0.3513580869300584,-0.2093275748541576
76527.241,0.7283774015991883,0.9558949504149318,1.1049119802912206e-06,0.6270757073236415,0.9102340436486711,-0.05475994987458961,0.53517529308275,0.7811095245913096,-0.08180024692248936,0.480942597202416,0.667936527725109,-0.10468805346363748,0.4313793634814007,0.5743051872408471,-0.12690056838704591,0.6044434747452394,0.5661313795752241,-0.06002678934913463,0.5708872926101748,0.39873732516978283,-0.10111898601447919,0.5543047162711748,0.2952037605437132,-0.12822900306108856,0.5438797361140928,0.20503716268646222,-0.1484402731729417,0.6786844724336268,0.5537435346496773,-0.06514914353031907,0.6701128259779008,0.36765364898450464,-0.1109391240170138,0.6663499099323912,0.23969324146445004,-0.14609927687283342,0.6642844790993717,0.13087981963502845,-0.1697965867318917,0.7508870895390162,0.5767436450168946,-0.07786349099794923,0.7469220333754861,0.4344828043873464,-0.1403914955725121,0.7287663679908344,0.33744433868341384,-0.18548674362787568,0.7140262940675189,0.2469431879543143,-0.21116675397061888,0.8257883302871964,0.6278659984434174,-0.09301976967967245,0.887819403755503,0.5100838225894206,-0.1533828287419712,0.9342996163510777,0.43008110895627033,-0.1897535896563439,0.972519717366717,0.3510905604716637,-0.21210563617876907
76527.273,0.7265796654759642,0.9563420881079812,1.1090337166672862e-06,0.6285763732362888,0.908903205451062,-0.049239669969515336,0.5361417871328722,0.7765053116360534,-0.07235412307226564,0.48067513522459504,0.6635426338563284,-0.09230354889972861,0.43126086167167915,0.5712174000178281,-0.11103057933538828,0.6067203088168182,0.5632077680264354,-0.050532673259650905,0.5724730932932057,0.3956673899766032,-0.08655446626575122,0.5560376963826685,0.29413197930741675,-0.10870601419093726,0.5455233396097507,0.20704971844215553,-0.125078934077108,0.6796905806799449,0.5528353900770953,-0.056389134004906694,0.6737452850441871,0.36500249120841255,-0.09887164570684069,0.6705660848394409,0.235744856523739,-0.1305191387227141,0.6681223223071374,0.1286461904438308,-0.1506712165338622,0.751373495442404,0.5760375945514628,-0.06963412785996115,0.7460331963033686,0.44325210054910685,-0.13043057644118783,0.72580784736594,0.35053192591218507,-0.1737447300994832,0.709327501118006,0.2647116851651839,-0.19665291645638608,0.8263434647852453,0.6245836458120152,-0.08481009563135107,0.88688313794456,0.5068702149308805,-0.14255729624321764,0.9342847932582613,0.4284518401042965,-0.17702310248672928,0.9732763259397268,0.35166551674988855,-0.19736071607214864
76527.305,0.7326958682425412,0.9546394814202416,1.3167857566824829e-06,0.626495162741426,0.9115570342150551,-0.059392471565689824,0.5348496398802436,0.776604724507875,-0.0886081255847462,0.48169158631766407,0.6570465016343827,-0.11306321130250002,0.4327591229678094,0.5636488392463634,-0.13406367957838025,0.6105113313070468,0.5613130368691195,-0.057230198049144865,0.5753945109156863,0.39404453129005207,-0.09296579000196141,0.5593719208768712,0.2892050902829522,-0.11533059228248607,0.549321884752474,0.202607749753996,-0.1327241434197561,0.6816473370010753,0.5469035944850135,-0.05726132231242308,0.6793193828726871,0.35441926941960206,-0.09392516352127525,0.6778095006813645,0.2234526143608625,-0.11782199616334212,0.6774278347586743,0.11879703035838375,-0.13447543836548484,0.7539949432878588,0.5706363508908888,-0.06612574340312204,0.740339450302463,0.4314736495859711,-0.11601980350617995,0.7055448717515723,0.36547230103507544,-0.14261062948991887,0.6789481540813986,0.31164958380431507,-0.15683462068287454,0.8282844347460678,0.6222296871127929,-0.07999662064861586,0.8867015311894506,0.504158208133878,-0.13296414722233105,0.9310642886173228,0.41949889218503955,-0.16360753728315203,0.9690724083088431,0.3372981321241665,-0.1822924234484298
76527.337,0.7331812393715796,0.9612061670215846,1.4820116410650821e-06,0.6282125421463867,0.914068576308939,-0.058743222002896375,0.5364094761476247,0.7744552267107758,-0.0893305570316115,0.482470149152459,0.6548862542064106,-0.11564643115281487,0.4376682644322374,0.5575780487561774,-0.13616946690879767,0.6122309053264386,0.5643580025723878,-0.06986892663372152,0.5812172243283821,0.3882215061008872,-0.104516684705644,0.5672901434431826,0.28411305464720227,-0.1192604850161959,0.5547433825998572,0.19641537799567513,-0.13029292821309268,0.6883350314447636,0.5548806680193527,-0.06971912222799724,0.6936596652905351,0.35942842344823794,-0.11993974405313075,0.6921699106946781,0.2238943343569352,-0.14909200567661707,0.6910171626362309,0.11633931563617163,-0.1661067180233221,0.7631234607957549,0.5862967990028409,-0.07555375056016488,0.7465360891486984,0.4872514379074949,-0.14419246770471544,0.6863351432836368,0.5421094110478245,-0.1622807100560745,0.6395891821576348,0.5886507331719435,-0.15879434617153215,0.8346710360657591,0.6378779836347165,-0.08495550908278188,0.8877974538258427,0.515100453464275,-0.1480413765644908,0.9298400609690107,0.4345228262267951,-0.1758797882829977,0.964236194317601,0.35118785566660027,-0.18633882558103088
76527.369,0.7314960925233062,0.9640943456172499,1.4715422122557472e-06,0.6253232169968029,0.9179419793436538,-0.05848906191911,0.5346718220267322,0.7742419696181617,-0.08856178363920612,0.4822529724099877,0.653743523015803,-0.11537903370359542,0.43850824320766313,0.5569566513508662,-0.13671289616745902,0.6155995510776318,0.5712869585506762,-0.07197012659242512,0.587623097950253,0.3907433241682151,-0.11134527374669188,0.5744950522363288,0.28349767852314733,-0.1283660071299304,0.5623991842816968,0.19020571132701486,-0.14021799823630496,0.6910635510114465,0.5631609997686792,-0.07306477987562524,0.6956740082634186,0.3722261123886584,-0.1334198047472298,0.6938217433706548,0.23570664756286494,-0.16758308221016222,0.6940095387045685,0.1221757980321504,-0.1863640113034038,0.7641297248466398,0.5950175982464122,-0.07986030795318615,0.7493098351548539,0.5060960206401542,-0.1599925559906916,0.6844676276941608,0.5900960038642665,-0.17703971227232485,0.6356680671509648,0.6564834191954099,-0.1684665817904474,0.8342327266625067,0.6441278686508728,-0.08998293239903873,0.8870006026046777,0.5218626826124106,-0.15845814027070543,0.927552127064725,0.4414730661904449,-0.18513026500075794,0.9614073473691747,0.3549851116733023,-0.19292641338672245
76527.401,0.732526938069616,0.9636247041562945,1.5043826185250336e-06,0.62553208937829,0.9215556421650171,-0.058059540700276475,0.533171525370921,0.7756964324168963,-0.08658958249515562,0.48152308377246844,0.656588521344129,-0.11251845918608597,0.4379460539659515,0.5617532699215534,-0.1330280095976252,0.6149486531329681,0.5725332248167183,-0.06829931000123192,0.5876634142842426,0.3920486459668617,-0.10695276906150483,0.5750284879414821,0.28356790905098983,-0.12316859742798951,0.5635714699447716,0.1896533074577388,-0.13373221047438055,0.6899097178655915,0.5651791266572249,-0.06989826018238776,0.6937659690760248,0.37502209973374767,-0.13131635479274098,0.6913908759030168,0.23702252466468904,-0.16566902494343727,0.6913286632010096,0.12322524635254127,-0.18325500572433512,0.762936469668702,0.5957548006662631,-0.07761519816466805,0.747296530156599,0.5141150006310435,-0.16169575225958369,0.6819242252952108,0.608687039514558,-0.17975279347219295,0.6330145732189629,0.6813609075788222,-0.1693935303606774,0.8337413223109769,0.6416512917030469,-0.0884620944643195,0.8857333468978547,0.5194317226205509,-0.1573366601959894,0.926644392142589,0.4409444588871018,-0.18324036251619075,0.9604995936760079,0.3535555118521878,-0.1898587781724017
76527.448,0.732271852922933,0.9640112467040849,1.5653484108554983e-06,0.6226873491746311,0.9226364427000104,-0.06046498605455343,0.5310043561757583,0.7765050098666936,-0.08961964492371118,0.48066542499070003,0.6587344341850142,-0.11585772309726318,0.4372812374991818,0.563671517044982,-0.13634012742166957,0.6162909282093747,0.5728417525006453,-0.06874277730022481,0.5874953454441549,0.39108852372430114,-0.10619797215595583,0.5743943251281051,0.2823352791094886,-0.12128219118067968,0.5616945443904434,0.1884743276647884,-0.1309651860097115,0.6908563438159246,0.5669943747784094,-0.06941468122476101,0.6927262525681469,0.3765800338529435,-0.1304685346776209,0.6886364982673077,0.24008673615016266,-0.16403899965384722,0.6866606691668835,0.12787634720050517,-0.18076091880370315,0.7631886274754434,0.5974087697572951,-0.07661996624738728,0.7421766453053189,0.5185914091799789,-0.16186877089803475,0.67608070729119,0.6239575364259186,-0.1787437403678028,0.62744673272889,0.7027140161038972,-0.16664814673533002,0.8333374676178184,0.6409367446070806,-0.08729749359671171,0.8854267161503786,0.5168801859165528,-0.15630645184869532,0.9260719863108321,0.4378555111133501,-0.18180128933195777,0.9585853817294273,0.3476686848638889,-0.18811948132549228
76527.479,0.733711884980286,0.9633549827178806,1.5927744586727592e-06,0.6219568668535363,0.9229687056622279,-0.06402848853992567,0.5302349627826209,0.778211490189489,-0.09527786683341984,0.48007022056883086,0.660714112478348,-0.12306149755101403,0.4369696327289718,0.5639856570808601,-0.14484104303339776,0.6155127852444475,0.5729621067261997,-0.0729955194283766,0.5866775998558132,0.3906778226770465,-0.11219532121785518,0.5737938240866494,0.2818769468733707,-0.1286144743667283,0.5607681184359876,0.18750638688577662,-0.13930894455602477,0.6907683186659536,0.5674999350789297,-0.07275475152220034,0.6915716821144956,0.37772021447427717,-0.1358023749433937,0.6863779553872558,0.2422246450447802,-0.17052576354037266,0.6830674698621546,0.1306921984351642,-0.18812591109705867,0.7631955373320531,0.5985481094288558,-0.07939012190248287,0.7406827785880724,0.5202952788459907,-0.1663896577184051,0.6739668731905996,0.6283474026216439,-0.18323848576337912,0.6248410763296117,0.7071984829073676,-0.17102060341669156,0.833199012046112,0.6419437146603265,-0.08985909825823853,0.8854399698951232,0.5175078142395715,-0.16013048531588328,0.9260126471489941,0.4381138640869186,-0.18613341945100625,0.9583142249649205,0.34622675975557643,-0.1929078205212229
76527.512,0.7333346477739375,0.9646489209858966,1.5679677364593967e-06,0.6216841433125653,0.9241041485844929,-0.06285833236195162,0.529770922427006,0.7777970419317962,-0.0927025632935797,0.4801983299960452,0.6590244139994809,-0.11906308078977867,0.4371096931340839,0.5624435598069044,-0.13946605958483163,0.614643732898004,0.572706455975763,-0.07058613303945592,0.5858472680583672,0.39080014795086,-0.10806696730447626,0.5728887898563804,0.2823511474385338,-0.12346878898012249,0.5595077346377106,0.1883959914924788,-0.13359710183067283,0.6894967719482225,0.5672463064572735,-0.07026983826618352,0.6904129333538088,0.377193565431194,-0.13114202700974384,0.6847763944827943,0.24234041948090768,-0.16486274565353679,0.6811961027579803,0.13140436702818772,-0.18203455063043772,0.7619031820051654,0.598702966893129,-0.07675294696900449,0.7400749989092822,0.5199259862703722,-0.16210789971338824,0.6735572002712017,0.6273003376844304,-0.1791820084378233,0.6247302492342801,0.7059851745475915,-0.1674735575875898,0.832026049911189,0.6432761078558628,-0.0869449022998677,0.8838244080736724,0.5185992996009173,-0.15665310497175433,0.9242422012026705,0.439018250918688,-0.18297702914352879,0.9569096411777022,0.34743972215274416,-0.1900639842887317
76527.545,0.7336042325454455,0.9641977226076941,1.5606584359031523e-06,0.6206256631915013,0.9248373028914999,-0.06396617457666154,0.5284798876084821,0.7778123865401495,-0.0937679596946569,0.4788132198434524,0.6585911454041508,-0.11999143305357275,0.4380352490142785,0.5606370275012743,-0.14022926995175727,0.6146329396068382,0.57392218764802,-0.07127507870854542,0.5852810302979626,0.39153337937283805,-0.10937780654376505,0.5715913788004862,0.2826114823948391,-0.12483823379891405,0.5577224412732208,0.18821775531554719,-0.13477492466420263,0.6897112906268402,0.5679363846921619,-0.07039698017741512,0.6903874387360945,0.3787386597989087,-0.132373091241216,0.6839349419466773,0.24470263414841933,-0.16631677798532685,0.6796865505735717,0.13403018203063938,-0.18324035506277325,0.7617507175621142,0.5987975934671554,-0.07644762173568291,0.7395949811995882,0.5222623459189827,-0.1631688421430997,0.6732773816987389,0.6333904254801443,-0.17990364969838843,0.6246529683508797,0.7133824759121786,-0.16731516633986032,0.8317634246259672,0.6421196131554116,-0.08628829057147781,0.8826056231968782,0.5170155800073987,-0.1564478685479287,0.9226468742387594,0.4375467638913505,-0.18228243529380245,0.9550174563878033,0.3448025107931937,-0.18875633268621728
76527.577,0.7320969456267404,0.9649820640441771,1.5791334765823277e-06,0.6202104209072327,0.9250737215199797,-0.06473394446668161,0.5283676669011715,0.7787318171511288,-0.09506969609217589,0.4790392302588567,0.6609806155666822,-0.12177528309761271,0.4389393050664141,0.5622842513040849,-0.1422754207776851,0.6147260049234116,0.5732829270795069,-0.07210441640798894,0.5843183717577275,0.390594619797859,-0.10998501699890567,0.5704502374401281,0.28134560910654627,-0.12501170555377436,0.5567121911375548,0.18712024634991822,-0.13467390860839945,0.6898916266405801,0.568082588627775,-0.07090723653490454,0.6901943538948749,0.3789747449403811,-0.13287591606567817,0.6840231660599924,0.24486734571310684,-0.1661675895298349,0.6802267849060769,0.13475214787247924,-0.18249213457956623,0.7619807951225198,0.5994305160244912,-0.07680109787218084,0.7390114020392018,0.5232802922140379,-0.16385529746921232,0.6724314747507579,0.6348913430840266,-0.18024542708194832,0.6238313751594431,0.7150792580809667,-0.16725264985902885,0.8317906366093397,0.642856669340545,-0.08660389834314534,0.8830265447152343,0.5183546510775332,-0.15744064319161277,0.9231919775099867,0.4385201609129917,-0.1838138315658393,0.9555816569895916,0.34465070456649133,-0.190545290839636
76527.609,0.7326939383648543,0.9658007469351245,1.52746737790315e-06,0.6217789793290112,0.9251741006723959,-0.061356097663153614,0.5288451407889566,0.7780060991891405,-0.09028737692164795,0.478891113115163,0.6593074518568733,-0.11598080754283413,0.4380476153961793,0.5620249796816811,-0.1357815615279876,0.6146763730391837,0.572878895245202,-0.06949976987612536,0.585297094289787,0.39089876699504317,-0.10669890841703186,0.5715652854876795,0.2827007336999001,-0.12158810761889961,0.5576322079573255,0.18881943638502116,-0.13105405564183592,0.689498769775618,0.5668731246937253,-0.0694855880560508,0.6901945309561368,0.37806006088683014,-0.13018836494940184,0.6840158817446121,0.24405743336801292,-0.16338125701136647,0.6794844242357473,0.13354448057871396,-0.1797953684477591,0.7617033926982402,0.597893166197027,-0.0760673762256625,0.7388875677710948,0.5213767092113448,-0.16163870624017432,0.672541712118987,0.6307092636865719,-0.1784581491594662,0.6238964216856951,0.7107184659519362,-0.1660498453679625,0.8316084180255021,0.6420133211859348,-0.08611929696033403,0.8825406320247433,0.5167972237940134,-0.15531429863123422,0.9225938487169424,0.43708567062740444,-0.18077162770971608,0.9549975256411533,0.3452563122126166,-0.18700421590274233
76527.641,0.7308944839144448,0.966702796015604,1.475553599748133e-06,0.6243801253370614,0.9238836376245896,-0.05624848060283275,0.5317445853820686,0.777868316305401,-0.08450567992298018,0.48008103256580525,0.6580867815580573,-0.11031613156481337,0.43798605303988936,0.5622432000220958,-0.13074903899169352,0.6128354307209676,0.5757034354425462,-0.06905492780879648,0.5844276146088794,0.39272478485914386,-0.10751246636805757,0.571420465566173,0.2846380467190991,-0.12321779379685263,0.5584122607650537,0.19045565987814175,-0.13333345802429547,0.6879474117618186,0.5675238863768098,-0.07111150528066185,0.6891748966749413,0.3773695397643087,-0.13206093036825517,0.6837316098840364,0.24236855956747835,-0.16570351206537998,0.6793223661986997,0.130498441418378,-0.18291164957828995,0.7611456080767723,0.5974981275498541,-0.07885859741231498,0.740430292212933,0.5172684815717778,-0.16242689554144862,0.6742841047086765,0.6173823746145319,-0.17911181527403003,0.6249763505649997,0.6934394034678885,-0.16790389760468466,0.8315005747783756,0.64288400542849,-0.08952449744801763,0.8823294393803729,0.5185409225566301,-0.1577991522426903,0.922124687791924,0.4383737076153214,-0.18279011449157737,0.9546490644981384,0.34903504623540144,-0.18891348499579402
76527.674,0.7318112819489498,0.96401593171684,1.4393960420360884e-06,0.6263920006094176,0.9203622417362372,-0.05837199132869297,0.533835277507291,0.7806471107176843,-0.09033292942305136,0.48067138611034427,0.6620860361067314,-0.11902314198025005,0.4393329019412321,0.5634670841478566,-0.1425033363634749,0.6115420372017409,0.5769779756622551,-0.07839843417913037,0.5856561008961894,0.39598212845352593,-0.12164811313679416,0.57105858252953,0.2886594748045577,-0.1416908510069536,0.5565154689682331,0.19571139347407346,-0.15495932816039398,0.6873086527507343,0.568711338789269,-0.08028944864906856,0.6881156003997476,0.3781977914431668,-0.14355222689771802,0.681919682056283,0.24132490299888917,-0.18028905060040837,0.6771756606885712,0.12796829082679742,-0.20065928587000542,0.7616164314137008,0.5995144847894102,-0.0873626414793537,0.7468460472734174,0.5140963950684083,-0.1681373533121786,0.6834779791592681,0.5916802460667794,-0.18639359953031429,0.6345531444786995,0.652992429706326,-0.1791597911756635,0.8331342440732675,0.6472060847458269,-0.0975559226865761,0.8841282902818549,0.5217491500965861,-0.16476001791493114,0.9242853640697749,0.43933466542651733,-0.19002341870196446,0.9582016981806016,0.3522026330696477,-0.19727064144339396
76527.704,0.7335655574172179,0.9611941499764785,1.526471495501885e-06,0.6274021546344173,0.9214298249869717,-0.06434607617053638,0.5353741560170491,0.7851359805727616,-0.09834621360694185,0.4812383430407554,0.6698872508786272,-0.1273813703363769,0.43400131243518936,0.5715351669217396,-0.15069071081086113,0.6112282987284735,0.5700039596764556,-0.07554533372320532,0.5825108864595547,0.3922046543008396,-0.11409521828928723,0.5673549318401995,0.28626182728003996,-0.13446994180432573,0.5528302170395414,0.19685789419805347,-0.15020221937699835,0.6845474137284422,0.5605432812488046,-0.07456500397123088,0.6837474974763599,0.3661362366272144,-0.12638433535615468,0.6777061187360579,0.22892260135786482,-0.15890053420669314,0.6734818853419454,0.12382446291099622,-0.179618091923588,0.7590491598034993,0.5918031762297437,-0.08034972623916235,0.7452078349849481,0.4901110374824508,-0.1485414215050903,0.687413916157983,0.5369936412949066,-0.16828292772625442,0.6430023431640184,0.5792072107421858,-0.1677711738159718,0.8309098882750685,0.643518482170748,-0.09065299727530278,0.886804293339181,0.5210918881601481,-0.155484854986915,0.9295016497676822,0.4396667542337801,-0.18612651556830295,0.9656238931066228,0.35617671200197326,-0.19949592102120123
76527.739,0.7289376691402634,0.9675628961924962,1.1754787313190945e-06,0.6246171229998924,0.9202433538078871,-0.05731486975293083,0.5338054308756311,0.790752626978812,-0.08645582401158662,0.479687130465538,0.6759126432396337,-0.11082613801304791,0.4288580052198574,0.5808395637724102,-0.1336976357215196,0.6062581948105246,0.5723140567431733,-0.06352447320046642,0.5749304626471701,0.4021137884700224,-0.1058759216983248,0.5584003090884742,0.29513395919430313,-0.13460000472139927,0.5460597138450207,0.20173287461711473,-0.15607700547952197,0.6808278936307404,0.5606740159034945,-0.06773960658506023,0.6767646724683003,0.3693400323599739,-0.1119270975477544,0.6733913146390647,0.23617516954529008,-0.14521117745660192,0.6699330398928904,0.12809631119481493,-0.16817612723284964,0.7530171161741362,0.5879689417963804,-0.07974858766817819,0.751284788110243,0.4416824952567312,-0.13785358777712958,0.7318258361884683,0.3499362212088527,-0.17716682547952262,0.7138887510954953,0.2674439175627481,-0.19998611466734906,0.8279664978800436,0.6444692460029336,-0.09513083221324346,0.8957419117882843,0.5292920446078757,-0.15207933132189957,0.9396729174663373,0.4455452928661844,-0.1860309197748153,0.9738800463929094,0.36253201181554223,-0.20724197515827736
76527.771,0.7287621913288851,0.9677548951860468,1.0966209611003773e-06,0.6256417742924353,0.9189819505523873,-0.05396474641411459,0.5328282071021547,0.7909382963076392,-0.08138252302693244,0.4789743152191479,0.6783189577269733,-0.10387458112027219,0.4272245470140893,0.5850933897869575,-0.12699429916541605,0.6034187670217289,0.5671606323845253,-0.06513496718253052,0.5680997003282168,0.40191973703277883,-0.10735093162398504,0.5481396814581424,0.2943929918196907,-0.13813020800499878,0.5340332286304409,0.20039833158299408,-0.16228306259250758,0.6798342555212473,0.5540413784131479,-0.0732145209420428,0.6704716074758293,0.36379598362995785,-0.11453281099045574,0.665489523138783,0.231501222528034,-0.14994047114813003,0.6635088617672106,0.12033264008199003,-0.17605923094328768,0.7513300151166925,0.5858661440762277,-0.08822010584712403,0.7532879849118556,0.41764961366352066,-0.14448969313863624,0.741767107995821,0.29649669755625746,-0.1911722666920656,0.7317215934929837,0.18720781884276072,-0.2230203216692126,0.8215400013342353,0.6557672497514995,-0.10579901397919622,0.8986279035673379,0.5510250322787544,-0.16712084659739723,0.9490762783457947,0.4700502007800043,-0.20633498639259182,0.9903480900365798,0.3914915506542497,-0.23240682303260474
76527.802,0.7276012472025645,0.9676281673553196,1.0451636725133624e-06,0.6248614928425894,0.9185324244898846,-0.05348959002535417,0.5316365094269244,0.7879881369527093,-0.08110676387772747,0.47764905281967174,0.6772914091900151,-0.10340410267965537,0.4249170950012902,0.5853376720015959,-0.12668247524240342,0.599188211791461,0.5667697630834317,-0.06567843850483261,0.5615814382949672,0.40461769333742725,-0.10819868395830372,0.5393981402679222,0.2972518855071469,-0.14019302167345343,0.5219589628649578,0.20206561709344376,-0.16581316259832332,0.6731069874116034,0.5537246353023193,-0.07394568635536451,0.6689150519362587,0.3609183825456852,-0.11378339922740555,0.6662671475511567,0.23313632418939248,-0.14722501937787974,0.664662042039011,0.12325826460965504,-0.1723352239325645,0.7414141838114436,0.5888484924298953,-0.08891862222171487,0.747571734143867,0.41068337004141886,-0.14171995982349528,0.7403450926293608,0.28721110665096666,-0.1841910275140505,0.7329648279868742,0.17323918728534543,-0.21418110869303475,0.8072973443171035,0.6629660690655709,-0.10675557471139105,0.8784457719209348,0.5569625753571151,-0.1664970777665239,0.9259209100601158,0.47470224763895263,-0.202863618083249,0.9656606216851955,0.39295690410999173,-0.2270568472924987
76527.832,0.7284743819134477,0.9706478679812528,9.875827008211739e-07,0.6245415632912068,0.9199918491303855,-0.051436557517282745,0.5322562189027082,0.7881103278150627,-0.07933068039280448,0.4765650364108721,0.6778650496364635,-0.10202588005880663,0.4239574331113913,0.5849004931405307,-0.12640218636394154,0.5966280562717529,0.5622016684555226,-0.06387875835451003,0.5600928569234906,0.40422824357686177,-0.10766487155059723,0.5362137100827613,0.29941195987077784,-0.14159608453678701,0.5176712785430733,0.20609761010001912,-0.16888970600736028,0.6679326082585847,0.5539186486963895,-0.07417445751787705,0.6702968085511349,0.3668835177211741,-0.11594865666234315,0.6703700505638271,0.24221813233552345,-0.1513115906113417,0.6714380268502279,0.13347790592727685,-0.17815609278838024,0.7313307794781155,0.5947523259959684,-0.09109028779801812,0.7403395933667911,0.41770752587197335,-0.14416198634485722,0.7330762548382638,0.2987507800045397,-0.18550989055594125,0.7277155383869451,0.18730289408874443,-0.21519447997118824,0.7885852525288595,0.6737502515603576,-0.1106698468392963,0.8401784904025557,0.5665767610092178,-0.16984415294660044,0.8767969016430689,0.48296025659966646,-0.204129389082147,0.9096962862700452,0.3979585654958671,-0.2273921607575391
76527.882,0.7306310727571249,0.9747795960999244,8.914127537039133e-07,0.6246722432638779,0.9232373752476188,-0.050552040376300296,0.5299144466314074,0.7918535441379305,-0.07834141294327694,0.4754117990413571,0.6841294238091564,-0.10126098063329096,0.42284034942941207,0.5883103763451297,-0.12603484547558624,0.5950376039100599,0.5653164291768651,-0.06437972492198857,0.5580456499648456,0.4081983144039736,-0.10918778308557378,0.5322672389400193,0.3060323830774587,-0.1436685623647063,0.5120043544602348,0.21361957711076068,-0.17193023444629613,0.6631865689293225,0.5613465248238857,-0.07720708536329156,0.667292445111609,0.37413195831246576,-0.11990812901667632,0.6714495912189969,0.24800609498382833,-0.15694864181898446,0.6753755408006309,0.1357435506475453,-0.18516129367045978,0.7221493803688603,0.6082173165459113,-0.09661342049373517,0.7319080073176549,0.431647005096231,-0.14885346805145924,0.7293801128737674,0.3124362216816542,-0.19027949657968318,0.7280415283051342,0.1967287454628177,-0.22009898073342532,0.7749449135688843,0.6904622266825893,-0.11882572676224995,0.7958754608176408,0.5871795980230045,-0.17632845640098732,0.8083755172527114,0.5062772886527632,-0.20950578852841478,0.8214716773808032,0.4227688823973729,-0.23246556785492184
76527.912,0.7301941249824919,0.9718314463211127,9.08005432319785e-07,0.625922743806446,0.9255506222594547,-0.04642973439147578,0.5330909462281648,0.795720940513147,-0.0694228515818957,0.47702099575850343,0.688689991318678,-0.08820057717604733,0.4234658837068128,0.5954776646079397,-0.10797096015094618,0.5892528718671586,0.5619667861612557,-0.04932804855069235,0.547037523126031,0.40955012260082363,-0.08742821181424745,0.5218654724423715,0.3085014096931831,-0.11725027692027438,0.5026962667591326,0.21760612530055226,-0.14254337288499824,0.6557271799519683,0.5517608237971506,-0.06188526821189047,0.6612481280078195,0.3623027845962482,-0.09435615070289231,0.6664328221679766,0.23843508604297722,-0.12482545457174225,0.6717097220005036,0.1356397035913395,-0.14827451307299128,0.7123862077059513,0.5995442218767384,-0.08136072881324795,0.7209022653255194,0.42161153459324496,-0.12409765966755165,0.7169772555967925,0.3034779822043593,-0.1605494420932475,0.7152540896901449,0.19196266621990668,-0.18780939195336233,0.7602328844333238,0.6877217262215627,-0.10382021235424896,0.7652747103402271,0.6040385936026468,-0.15476040631810117,0.7623026177750557,0.5345240691280407,-0.18407508060640296,0.7613566188190811,0.4622847990463674,-0.20434142636598693
76527.945,0.7309477198058337,0.9699338914736703,6.366261499973466e-07,0.6248883480217511,0.928348093692757,-0.03810754609444679,0.5271658557958305,0.7909746580649685,-0.05121274864399626,0.467934396192554,0.6859027606063737,-0.060718830472422006,0.4136153490046548,0.593864190116557,-0.07285015893086288,0.5843253843660043,0.5610337282287595,-0.033282429300591214,0.5409072506598415,0.40893333863230613,-0.060191406440673174,0.5172106133613243,0.3077989587600535,-0.08218419560913495,0.49512693353797127,0.21697295523127308,-0.10345952317737772,0.6562673889566539,0.5518834328014022,-0.05097370719803934,0.6598496638040952,0.36123205064245867,-0.07435329556067552,0.665903755255772,0.24290161009466654,-0.10164293424465214,0.667493958479419,0.14263702231903996,-0.12435226828318025,0.7149362979998766,0.598808893333326,-0.07531815028868667,0.7239389883778653,0.42813661289395455,-0.12308336888147078,0.7121389574022505,0.31018721464786553,-0.1700628865852815,0.7019071173661839,0.20238343155771088,-0.20547152155482906,0.7618653762087357,0.6808517378297969,-0.10035803132896007,0.7330628771199834,0.6310948990566677,-0.16350247447587246,0.708417722127475,0.6573137762279759,-0.19440247425552107,0.692287405039989,0.6780309088984611,-0.21535742115638393
76527.977,0.7368791041497506,0.9772482167030921,5.384066020420811e-07,0.6250715512098733,0.9303721856337989,-0.03631956822709113,0.5271002545540998,0.7943296232225842,-0.0498118656663449,0.4689305422534369,0.6863720280127671,-0.058806596063732806,0.41458880154293787,0.5919839059802772,-0.06984871613884369,0.5828355964992887,0.5863283304540654,-0.04488651768094983,0.5414990457445867,0.4204425613140716,-0.07165228395163906,0.5148548286416301,0.31293651202325723,-0.08920177757330919,0.492270288165983,0.21904132197159612,-0.10725566630051901,0.6572580584014254,0.5778335657252422,-0.063618735471989,0.6548957689937218,0.38453930362126243,-0.08820258281864288,0.6530454337278747,0.26274770520709934,-0.1152340309990022,0.6511991570944616,0.15432606880259975,-0.13775731197403654,0.7206048298621592,0.6201949804278629,-0.08793931148158698,0.7069270658670196,0.46428024100548226,-0.14147523342141002,0.682436933391538,0.34067789085970346,-0.19536113407834635,0.6669215695517181,0.2234644047334718,-0.23520838425164423,0.7731137880088916,0.6943361434402218,-0.11190823097050981,0.7054842874228446,0.6804799873983868,-0.18488720007387374,0.645627388315901,0.7286331280480073,-0.22420179127874043,0.6055193077084471,0.7658973736761444,-0.2503549929060396
76528.008,0.7341159993377736,0.9718270283836022,6.382666204251362e-07,0.6241406624288597,0.923419683412608,-0.03140723465726913,0.5246067813563916,0.7887266493404002,-0.044100272687936606,0.46526594287952877,0.6876251158516555,-0.05328356106434292,0.4139818730743518,0.592460376046155,-0.06501588018468098,0.5811981900850038,0.5800041443885361,-0.045573490720812695,0.5396210733735968,0.41911180469755377,-0.07289758002964696,0.5130315017703488,0.3148206047597695,-0.08879221077036742,0.4917906066968603,0.22456565522836008,-0.10508528868054373,0.6556181010305204,0.5755742984155267,-0.06588468145173933,0.6535211606315127,0.3829525268008406,-0.09266121853038024,0.6558839340600792,0.26126980345646117,-0.11932904363686259,0.6571270393524591,0.15224307255939334,-0.14028989413411144,0.7196169113229556,0.619593906773991,-0.09101746817591858,0.6930167735573659,0.47788896483733867,-0.14802130556301615,0.6564431513149604,0.3678045733901431,-0.2017985937288628,0.6276793165164903,0.25887992590537745,-0.240011605629266,0.774274420323654,0.6936866205437434,-0.11483281156920168,0.6966495701162394,0.6934931690596592,-0.18936799993684786,0.6305538928369094,0.7511358806800141,-0.22793736715195922,0.5813734210310199,0.7924167326360934,-0.25288381490677203
76528.04,0.7373116340211677,0.9645073317423151,7.543326737587379e-07,0.6257291775072341,0.9237581929890273,-0.031221432701506062,0.5230766914075121,0.7911240664319236,-0.04307447458157007,0.4644094069623936,0.6903601007630931,-0.05164851999317675,0.4169333459235556,0.5961045159995,-0.06222658623647981,0.5786361496839566,0.5786888324182813,-0.04599821451876097,0.5339132820203686,0.4158604226327337,-0.07423609088326713,0.5094599275733463,0.31379897423797415,-0.08902090838536046,0.4913959807846548,0.22465293728498095,-0.10414125260048138,0.6531966666839788,0.5694975560016723,-0.065867568622066,0.6531719402207263,0.37170270955905754,-0.09548944791281644,0.6605600779612787,0.24894946562548115,-0.12245269432215519,0.6665166527704054,0.1417166769468417,-0.14231993145667923,0.7178746862678262,0.6109116655342441,-0.0904481555167389,0.6894400786408018,0.4837247068562042,-0.14855178815521042,0.6444754308896347,0.3872422412934041,-0.20146990810387047,0.6097162332963874,0.29337963307491965,-0.23765315235478246,0.771827721428838,0.6820307504850674,-0.1138468995479783,0.6916326105482777,0.6888204037225791,-0.1862875752113716,0.6241121575725275,0.7456974107285629,-0.22384635159984625,0.574112504565409,0.7844607673076868,-0.24760949568572882
76528.072,0.7359012189385428,0.9747635672332344,7.372837961060615e-07,0.6262984878784705,0.9317282774059265,-0.03452663951724884,0.526679555285409,0.797415469512236,-0.0491617126978128,0.46766689312939985,0.6950062080071967,-0.060515376357567395,0.41608996481106597,0.5995358956197154,-0.07417627171653299,0.5783910566596515,0.5869504509421327,-0.04812569366130242,0.5360512768268227,0.42331050450856056,-0.07896819568421976,0.5102268622795327,0.3178764966907475,-0.0973781172290676,0.49049222507514006,0.22611845201699649,-0.11522332110844351,0.6525058580805929,0.5806518040207519,-0.0676013693306863,0.6552013703777178,0.38458209223126205,-0.09985820447147292,0.6633255850074368,0.25863463318543084,-0.12948068895470322,0.668863699490024,0.14636372490353805,-0.15203511553087093,0.7165997878108105,0.6206048863400813,-0.09229357402146497,0.6903549389066183,0.47568707207559635,-0.15183963315356627,0.649545855975083,0.3760817830456117,-0.20485269455390476,0.617164469147559,0.27925677860302955,-0.24158736486446006,0.7710908375179848,0.6881638674676483,-0.1162444100805888,0.6921693159935637,0.6784194420105841,-0.18996637760760057,0.6269980979434784,0.731277869898879,-0.22791331280302501,0.5783136022241812,0.7683793301785237,-0.25226805426406285
76528.104,0.7309571325246114,0.9745718620339642,7.020167789531918e-07,0.6220873155464279,0.9361073213697089,-0.04039030043255955,0.5219753950873262,0.8008748411468942,-0.056109213094332325,0.4633120902439954,0.6930188218981779,-0.06890612310859498,0.40957138427391804,0.59851350430555,-0.08288425732826926,0.5751717582974984,0.5708730129023005,-0.033424925377140244,0.5339442681211616,0.4186499113288825,-0.06041790211585285,0.5086679972146328,0.3188171824682414,-0.08151175460576288,0.48568397348628306,0.23315453828404167,-0.10139424520277557,0.6507256643489343,0.5652373377625748,-0.04871750232752428,0.6514072034908368,0.3785947068506192,-0.07410372090511241,0.6499774518111717,0.2606698031791372,-0.10280615437751812,0.6451443933389339,0.16095802915638663,-0.12576801954586656,0.7149676925542537,0.6108069814992024,-0.07095572161983552,0.6961909790769913,0.4550815345995327,-0.12149897906727049,0.6521980615861787,0.35592933523206927,-0.16970707456195472,0.6146037920345157,0.2631631619554275,-0.20378788064773545,0.7675584015624863,0.6876563991148243,-0.09384767793151312,0.7103882891625051,0.637187617849789,-0.1585663849952141,0.6603484700885573,0.6573077807065645,-0.1923772446464119,0.6229266527453206,0.6736872112218699,-0.2140495095893449
76528.136,0.7302670265656899,0.9693892751284133,8.343477292508482e-07,0.6166761278838954,0.9262953016985431,-0.04355021587853177,0.519715122770552,0.7967283626819759,-0.06920240639465428,0.4654032329690889,0.6975503762098578,-0.09330304508315505,0.40999758050302404,0.6052127345356818,-0.11992187179656245,0.5740051284287544,0.5724500538930006,-0.05616060557328785,0.5290472156619248,0.42093170030589766,-0.0975223102715253,0.4988751085640559,0.322842856280295,-0.13007961247597197,0.47348990396986335,0.23381997755331096,-0.15927080575869873,0.6436401551518458,0.5669566698311516,-0.07591198092459826,0.6375056324943722,0.38351272717513946,-0.12031024421284328,0.6338518757055953,0.26518079275208417,-0.1627995950485999,0.626505637420675,0.1619778354379448,-0.1966064847452122,0.7048603447724193,0.6095948219613655,-0.10212411491854859,0.6888734412374569,0.4444122280804666,-0.15903937287312878,0.6602988090406524,0.3352154071355768,-0.20866733383271868,0.6344282757573455,0.2303077224928874,-0.2450707413756183,0.7599449906127597,0.6841368818599494,-0.1304239726627295,0.7501708897045072,0.5756053583315763,-0.19292783527511898,0.7389484403233408,0.49820715334215404,-0.2334998306000859,0.7309006929213859,0.41856345795248273,-0.26369942500705235
76528.169,0.7356504812266099,0.9613364681690125,8.289480876570157e-07,0.6176571948443201,0.9200373863056983,-0.039646876433845867,0.5219951708829883,0.7926563274960708,-0.06708065982187793,0.46744058921919646,0.7010214459728986,-0.09496987352551313,0.40509557835289667,0.6095398945583496,-0.12709133666838135,0.5728413270461931,0.5722332158236828,-0.05909447627514045,0.5225685389147257,0.4244204763453161,-0.10141452823556417,0.4891563925442479,0.330058245353489,-0.13580794468426172,0.4611803793200776,0.24203080307713518,-0.16794697153317167,0.643228183413819,0.5655724110853186,-0.08531859364737537,0.6342605612892515,0.3817661609914621,-0.13316808298220134,0.6295858922302606,0.2666921417237356,-0.18120238256161939,0.6205734239844861,0.1649793609871939,-0.22059505152012082,0.7044959676820003,0.6059411428831774,-0.1177483331913597,0.6880296932968842,0.43743120556315856,-0.17771352496430198,0.6626493561866286,0.326243936645144,-0.23451486174023367,0.6393771167654172,0.22036164375317913,-0.27756553197973327,0.7590448526279915,0.6782864720717188,-0.15185409595598634,0.75341138788319,0.558506363842353,-0.21720651919035044,0.7466638111747677,0.4708455110987844,-0.2645289598932945,0.74097483081175,0.3831037015516776,-0.3019040952291546
76528.2,0.7320951401651329,0.9701817865806711,8.051861407075382e-07,0.6215085805608767,0.9247328308388008,-0.04108782786550349,0.5257522818623268,0.792921891649104,-0.06175526211643962,0.4707158321846018,0.6910458101311646,-0.08019536515771428,0.4145942746803054,0.5995391823640376,-0.09957649819451858,0.5733525342864916,0.569296127000026,-0.04060467534130355,0.5263719791539966,0.42112640973257925,-0.07514250584474469,0.49401477140939465,0.32559516588571813,-0.10290108260680711,0.4670877899007245,0.24012374893953353,-0.12781921347202707,0.6386143081611189,0.5614383107300358,-0.05612763359942498,0.6341543353496557,0.3843134631482973,-0.09211809641773412,0.62991358954882,0.26921174273388654,-0.1262321256526545,0.6238464475967974,0.17088185536673658,-0.152448396291616,0.6969728189254392,0.6037102747614126,-0.07842539840235468,0.6834221187248489,0.43593365685918833,-0.1261299167261065,0.6628611389072289,0.32520504042418996,-0.1643044510265162,0.6434509632579074,0.2168992979629291,-0.19170473587447187,0.7484533961820822,0.6801830581407116,-0.10318516691283637,0.7394233135505754,0.5714561971226553,-0.15661552135912357,0.7304954301558767,0.4879431803924378,-0.18779738633803927,0.7242832613633539,0.4014552264695884,-0.20979560935929992
76528.232,0.7312526055602652,0.9705105820543646,6.122588527920163e-07,0.6211210275104577,0.927117193301671,-0.03485815189482482,0.5245282772504988,0.7932014653490187,-0.047074644163341936,0.46734697721160334,0.6891101572984688,-0.0571393638666924,0.41536735488664206,0.5942958923107292,-0.06873421151556186,0.5744978070034307,0.5635413345662813,-0.024778533552843436,0.5332524327188016,0.4150181391807553,-0.04961225073327434,0.5039745317144881,0.31842568338404,-0.07032641778308181,0.4775012861557787,0.2349816844970975,-0.09077222692622147,0.6475171988243559,0.556060182435608,-0.04317734173778315,0.6496825935376457,0.3762689707448727,-0.06686271973074315,0.6442942050716542,0.2608335970063945,-0.09645481677202156,0.635856750222716,0.16129247411595843,-0.12086801857430121,0.7093643609565752,0.6032108967030588,-0.06836351751073992,0.7067959396417606,0.4430365760809087,-0.11597336129204965,0.6789225236592428,0.3354552767666996,-0.1638038534984929,0.6531401529497113,0.23294971486776606,-0.19921969244206647,0.7591238768064279,0.6832033968220084,-0.09397362696953626,0.7160640632365128,0.6409928911137512,-0.15744331435704267,0.6753420643885537,0.6477558941235857,-0.19309704387714632,0.6443065060262712,0.6441847383100271,-0.2171311012305421
76528.264,0.7350450891376616,0.9729917429247696,5.289370054586319e-07,0.6251691208318385,0.9288291265839981,-0.03320491147479824,0.5272936698164811,0.7934036415772736,-0.044894875303748916,0.468765433789212,0.6871060254582734,-0.0525337320097378,0.41999471683642964,0.5874690615763601,-0.062016249650517184,0.5780075099112154,0.5766755176488418,-0.03758213252422736,0.5356845833327686,0.4174332145372268,-0.06114200768412027,0.5059020815450584,0.3149134267283169,-0.07633873156224119,0.47997335281396913,0.22599931069484205,-0.09311052866566014,0.6516993815385768,0.5696034977003765,-0.055905096096974194,0.6486034710586653,0.3827440323819525,-0.07951272255976316,0.6487118267247068,0.2667360246501298,-0.10632129435492764,0.6478080579292503,0.16247971628026786,-0.12843622125253554,0.715804459986252,0.6109765613976084,-0.07971337303086912,0.6985294786547447,0.45376182098657086,-0.13424595369734443,0.667061917973206,0.33738055733562616,-0.1882355521123149,0.6429332638831976,0.22438757877164905,-0.2274022119829024,0.7709267086373444,0.6819415326649377,-0.10242315083671413,0.6995469124526186,0.665822653298476,-0.17633853431410035,0.6361806526631544,0.714668687136051,-0.2164044784458359,0.5912297974775499,0.7488415883888978,-0.24270002184249445
76528.313,0.737247090626444,0.9668042495619156,6.512833840941487e-07,0.6269512202486826,0.9228464887531308,-0.03128801500132604,0.5269144659408385,0.7887306808671362,-0.04245398054520101,0.46856368063878046,0.6864295971851314,-0.05033096952900454,0.42169831372599914,0.5883340029910357,-0.06023645964437641,0.5773865775802675,0.5742978622003607,-0.04092532788626154,0.5346311918302014,0.4147900547513822,-0.06567854025014247,0.506922959411572,0.3122795834770076,-0.07959915504685577,0.48342857243034093,0.2233938788274142,-0.0950892207081842,0.6522431530351845,0.5678412030869899,-0.06066918077433411,0.6540731492509395,0.37623705004443114,-0.0857381847540032,0.6607565379197131,0.25752197614040395,-0.11148062968589209,0.66446449051553,0.1515773880957952,-0.132143398509898,0.7164728484090472,0.6102942612968341,-0.08556832341062023,0.6948816996489913,0.46723386381806886,-0.14103881257064177,0.657189008015254,0.3622934631363558,-0.19396868875174209,0.6262145321119136,0.25920259189136163,-0.23168870638088446,0.7716120854596319,0.6822208035625237,-0.10927904363566848,0.6951192057856109,0.6781073957453884,-0.1819829055301188,0.6285186929426804,0.7310157294250024,-0.22090966181533706,0.577898241638013,0.7670031766615559,-0.24648002732518123
76528.345,0.7427800449163063,0.9651430347900911,7.465297069896517e-07,0.627106343884508,0.9226823054397643,-0.034814560151583504,0.5237559884122286,0.7896789644650777,-0.047974350060704586,0.4647549804204081,0.6872832204952216,-0.05760047178689015,0.42002350445505604,0.5867393529666635,-0.06886047261925465,0.5783124561531149,0.5746354547145461,-0.044345126712255496,0.5328871306446592,0.414365500717708,-0.07364687351794237,0.504199709634367,0.31166082536841677,-0.09082451837201232,0.48110992281578996,0.22140517760974426,-0.10856686375548552,0.6534785773302786,0.5658067907633031,-0.06356936698952494,0.6562147452601346,0.3740885598779399,-0.09522533801351078,0.6671175694421915,0.25075625854494904,-0.12499732266541932,0.6753681249384895,0.14092100179859934,-0.14778081669191562,0.7185955938985309,0.6060411741597321,-0.08832000858769934,0.6938307430398284,0.470182216066006,-0.14949681841218912,0.6527456692791135,0.373000151147501,-0.20440586363080437,0.6199135291879839,0.2762297675999295,-0.24248794388936967,0.7738267331441511,0.6751177803851593,-0.11222565332000387,0.7003058497699447,0.6761812204432108,-0.18892291013355353,0.6362974969911156,0.737039882944306,-0.22894898904610164,0.588623470535757,0.7782621274227667,-0.254690886178798
76528.378,0.741177226028852,0.9699791243197874,7.434337788954422e-07,0.6274388417651197,0.9263689460240966,-0.034593357027657486,0.5247500098782701,0.7939385928406472,-0.04831245100958519,0.46575373349181376,0.692564218761098,-0.05848983599422672,0.41912845523199627,0.5929182465447137,-0.07028076032983631,0.576588379157092,0.5759700983945778,-0.043790219802989694,0.5322031513530542,0.4160292963852429,-0.073083585908708,0.5042264411244092,0.3128693457043039,-0.09059866489584996,0.4819182000748432,0.22260973912902332,-0.10850050937138978,0.6532372751147432,0.5665712959449005,-0.06293736902663856,0.654680437929422,0.3745954592660391,-0.09393251531723334,0.6654078219426125,0.25121508902984907,-0.12334954793503639,0.673571703894028,0.14043689035591683,-0.14606800476445056,0.7198898125100094,0.6061207474294905,-0.08764285507271272,0.6936354162123016,0.4688395325173601,-0.14773849621843926,0.6534589930504899,0.3734599540571735,-0.2010908394807339,0.6218238462471894,0.2770062179897106,-0.23832261861607332,0.7780905827903435,0.6747292376602952,-0.11153702423146855,0.7051331842032957,0.6730343960996065,-0.1867504649905814,0.644184322707563,0.7335017803238638,-0.2251159326577379,0.5994338531940008,0.7733608433616844,-0.24983143076046946
76528.409,0.7400322958210496,0.9752574885131664,6.55274459478798e-07,0.6290355872515536,0.9371529667993513,-0.038369634060562104,0.5281456773040062,0.8022601254677868,-0.0531047930368523,0.469898836599668,0.6930546871413308,-0.06349150402332335,0.4187204849961496,0.5933790656751572,-0.07545069943822072,0.5728936509461299,0.5770755418690782,-0.04147444932472708,0.5282579366212282,0.4213256748762923,-0.0675547654920106,0.5002622962396597,0.3186881769908432,-0.08477469616280853,0.47442919345360113,0.22850454533836959,-0.10279662616212873,0.6504177675732655,0.5665105226137499,-0.05801888756008085,0.6514369818399228,0.37795674501193416,-0.08510768385678556,0.6577083211766164,0.25915123379847416,-0.11246089286901141,0.6592493318333807,0.15393492617980728,-0.13421854402119385,0.7167320954829574,0.6058773998840945,-0.08062663888732015,0.6935720660979197,0.45409627596693863,-0.13868089718001733,0.6541493516744388,0.35132267358918384,-0.19144039058235096,0.6207742758354908,0.2517568707169084,-0.22823292717773577,0.7747091646381301,0.6760022340796362,-0.10260337530434911,0.7051787369687641,0.6465384556099466,-0.17718369788695212,0.6453758867525112,0.701706745744121,-0.2140150376268976,0.6004139027332736,0.7455006306564176,-0.2372114092020573
76528.44,0.7362962938380172,0.9756300126141797,8.419815841126232e-07,0.6221398826524682,0.9270033381400536,-0.04582339808445592,0.5236335301442878,0.798561376705474,-0.07112433915914915,0.46614631154928043,0.6971101766430051,-0.0931521099058073,0.41036295378395293,0.6051779386655151,-0.11629075947988357,0.5729060169656679,0.5734751541887655,-0.054586437819269126,0.5250549744666269,0.4237224644306561,-0.09384532065108511,0.4924713446281235,0.32545511219851103,-0.123643515598333,0.46579676349698423,0.23719754764113743,-0.14963204490528806,0.6443851960364415,0.5650989684727551,-0.06910675108201546,0.6406667832864967,0.3840328443005277,-0.10827497775609489,0.6373026940798963,0.2660800469571932,-0.1444829243626788,0.632123823291711,0.16364733778961316,-0.1724985362598456,0.707281138287322,0.612110451227366,-0.08991422010391005,0.6900497410261619,0.4534227360256436,-0.14134441975733594,0.6583759229847448,0.35107849724184176,-0.18385549921493194,0.6295991981090262,0.25218236704325436,-0.21437890082238348,0.7621375693233999,0.694149165949571,-0.11281592043025002,0.7424488957336239,0.6022254168185682,-0.169040118772398,0.7202901952620935,0.5401290695213897,-0.2014893346482845,0.7011081192526813,0.4752883607158013,-0.2243496115240263
76528.474,0.7364224279574445,0.9668131403681485,8.463343921041864e-07,0.6189176628635048,0.9232243877789308,-0.044343705709306395,0.520689529950233,0.7956093572351055,-0.0717120597619678,0.4639558810815653,0.6980794816668761,-0.09743237745323312,0.40198336892557823,0.6101066981147186,-0.12595957450193904,0.5703462469156197,0.575271769396491,-0.0595797464243909,0.5183401792627628,0.42691762844720954,-0.10156117642912632,0.4828879246354281,0.33214217287151604,-0.13467699849617046,0.4524412974271652,0.24417262202350618,-0.16510173489221552,0.6400595979562973,0.5664407481438458,-0.08019600116701256,0.6339174088655098,0.3848886594054494,-0.12597520886343827,0.6308680519023423,0.2689710683592451,-0.1697916720184939,0.6238156036035213,0.16578037597879844,-0.20487253556098933,0.7009871265619083,0.6092069434538817,-0.10717948802376034,0.6839074630650119,0.4419331902981648,-0.16564525071833167,0.6585513573970316,0.33128588208316945,-0.2170083790524777,0.6351063223453258,0.22212152564309479,-0.255036270462266,0.7565831394412301,0.6853232277239613,-0.13609437459765028,0.7479334826016076,0.5770981748455288,-0.19981970095825927,0.7380122810976865,0.49473526788249916,-0.24193734618801108,0.7301596915052749,0.40891842461385186,-0.27386624006057475
76528.504,0.7328312611928779,0.957170434774822,8.938725519444701e-07,0.6113301215139296,0.9101276803688256,-0.03834428193671727,0.5176673457618273,0.7846411650725951,-0.0694606458250474,0.4635532397218038,0.6933262562576147,-0.10242947635521092,0.40018143862714983,0.6013244221039,-0.14023389864612154,0.5705377830818531,0.5698982864696654,-0.061724003207635984,0.5177479512199226,0.4238793062524749,-0.10626140764328454,0.48073221274945876,0.32814851192783834,-0.14184788588901792,0.4495574947442415,0.24229913434376343,-0.17506537519678395,0.640786624731767,0.5671300087496942,-0.09231195128437497,0.6316236463309876,0.38484963629626423,-0.14370104310527132,0.6269787312341943,0.2701246734485695,-0.193543408442,0.6184422084799022,0.1688967830169487,-0.23409944086136722,0.7023461617441578,0.6092524012720139,-0.12916926020075314,0.6927056235663795,0.43852928590864565,-0.1933627559149989,0.6703969912199662,0.32444847218865513,-0.25296346341542225,0.6493523642886663,0.21611623154180853,-0.2981037735136243,0.7581012147276425,0.6821309504847439,-0.16749009898571116,0.764237079847652,0.5660874093209172,-0.23770488739865778,0.7639119671234056,0.47730467039937424,-0.2882194131112897,0.7628106403575043,0.38964093293860913,-0.3280055980468625
76528.539,0.7312471651835976,0.9669988427187292,8.484289643244691e-07,0.6212648209235485,0.9202052100949726,-0.041592728375319424,0.5292466004321892,0.7920137564228558,-0.06502754135392123,0.4749138680357631,0.6907207092700365,-0.08619932421626839,0.41898518871149126,0.5984981519275603,-0.10884997513152303,0.5762266312025687,0.57094045098896,-0.047374075722447284,0.5270950874919703,0.4224722145226648,-0.08552000757745062,0.492514764105332,0.32577338222216246,-0.11566336145301964,0.464338547214477,0.23772999265736258,-0.14219035237555533,0.6398321376346061,0.5619244876553485,-0.06364933241753494,0.6361139277227197,0.38238916211197155,-0.10176336841656766,0.6348230185665329,0.2657373540921252,-0.13704389995395283,0.6337031184370921,0.16502530450975755,-0.16435446857359126,0.6968434055826354,0.6034521224606818,-0.08623184506520903,0.6890208826762653,0.43205832775056263,-0.1346404213907852,0.6752760004826954,0.31944820547773367,-0.1729379919162446,0.6638082482762243,0.20992911709826603,-0.20116870730724695,0.7482235572836605,0.6813586349747108,-0.11124003571074625,0.7516033701599039,0.5775824195317864,-0.16535674357560615,0.7529839603272924,0.49648866661373575,-0.19633174662775377,0.7566189293191896,0.41322357666013715,-0.21841436381665552
76528.568,0.7299870112208793,0.9654041485909064,6.628080124645464e-07,0.6211210471275932,0.9218563070737601,-0.03521202773283699,0.5257395549056986,0.7859829054326667,-0.04891732206435391,0.4699606716876277,0.6780420632022177,-0.05950878383902672,0.41788833083560956,0.5826007783490017,-0.07216675849034952,0.5774336952489717,0.5642015459546778,-0.03505901800048407,0.5353604409914754,0.4121552917651174,-0.06167301302915815,0.5064846463793182,0.31137710919407724,-0.08236611250558383,0.47806547391045506,0.2241278853310693,-0.10307299448433994,0.6508261014213795,0.5602158898051807,-0.05398563085768085,0.6557225568098743,0.377530536207843,-0.08034907039285794,0.6576998247272474,0.26060004083116783,-0.10974514153576034,0.6537913587294663,0.15586840971559202,-0.1336183770862822,0.7118558835771056,0.6093532119501671,-0.07875723694744194,0.7118584146588796,0.44603900448629086,-0.1309417398527999,0.691557280087207,0.33015050574950466,-0.18025609062225453,0.6721483402711012,0.21786527108742126,-0.21650262970414613,0.7624165645918721,0.6918340915246662,-0.10328312594737113,0.7325648003203163,0.6508143475270787,-0.17154215159435085,0.7016479761543252,0.6684983766115797,-0.20687808400550242,0.6788931946584286,0.6744693712369665,-0.23036944370573462
76528.603,0.7349679287747432,0.9737665422413776,5.954158897854937e-07,0.624863893887891,0.9269581355393565,-0.03745263313752224,0.5285596665568996,0.7912429399367755,-0.05349165007518524,0.4715835868222413,0.6832035304573069,-0.06503689020594709,0.42422325520027787,0.5806175514817782,-0.07869638866938863,0.5816506640586478,0.5805940027907192,-0.047196968392538285,0.5411054133089481,0.41823560060020304,-0.07595185022791535,0.511936481493086,0.31342028325488114,-0.09479854335478054,0.4859628286122291,0.2216704979328621,-0.11427456883963803,0.6576196990855705,0.5766001679413248,-0.06539848605035847,0.65692468941971,0.38860078662702735,-0.09483344555284115,0.6608779684110193,0.2702731020778713,-0.12516093565614578,0.6631221342487197,0.16018581202692384,-0.14957852212919906,0.722287607411034,0.6199788549040541,-0.0890173171388575,0.7033404957195486,0.4620672335921895,-0.14750831628140323,0.6752400619123989,0.3450322370388631,-0.20201062403438289,0.6546054559774364,0.22594254171727,-0.2414325224590803,0.7795953982737224,0.6912512638287878,-0.11180263806397588,0.7134082996832521,0.6706344460608543,-0.1873939455954221,0.6556355769231847,0.7126946759980592,-0.22677274695358773,0.6149402279275551,0.7389824463905306,-0.25268012931802275
76528.633,0.7430251066163306,0.9694061081518942,6.735314807836193e-07,0.6283421064474561,0.9261096730676318,-0.03589270258726678,0.5281509280874712,0.7914135342273784,-0.050755699343168356,0.4725903662271069,0.6835890138302979,-0.061281458239708195,0.4256844382606284,0.5828663013009846,-0.07341687261592,0.5811424869882291,0.5763445550384092,-0.04914026254751174,0.5373680067344982,0.4157258183754856,-0.07778737992872345,0.508425155363694,0.3097099381110163,-0.09541207120317599,0.483686973063663,0.21737773220877268,-0.11408586905937661,0.6580123607923962,0.5706056988498464,-0.0680025035508376,0.6610802532667255,0.38147056840406973,-0.09710007770154168,0.6692105218733961,0.2609662120942719,-0.12548086314530602,0.6741890851349969,0.1504882263922455,-0.14822986907243815,0.7236330592051977,0.6138502489877387,-0.09216862447149614,0.7019051340723004,0.46318348651653424,-0.15116725716321786,0.6687739459933545,0.3512206583714622,-0.2050226474069212,0.6431261783745928,0.23723120402775735,-0.24359157361565575,0.7817492315653798,0.6870892473917174,-0.11543215501236097,0.7139396846411327,0.6727035050241336,-0.19164981213183177,0.6491225944499848,0.718698040703386,-0.23137086777117877,0.5997027126653602,0.7487169929789639,-0.2573515677944884
76528.666,0.7426274517990094,0.9755610962834502,6.104517794427154e-07,0.6301148761872518,0.9277842245617335,-0.03423749958944644,0.5308856342277007,0.7930712252921504,-0.04921934468774786,0.47282905314393664,0.6862267272174678,-0.06000755823318783,0.42532243559441824,0.584342000392624,-0.0724207992489208,0.583981548006654,0.5813118587497716,-0.04827685268471047,0.5434061205842924,0.4185986335980706,-0.07640099644570324,0.5147327041058084,0.3138263180926412,-0.09383931522788402,0.4903208722087091,0.2236851162974545,-0.11206856783590155,0.6620735660023886,0.5758512590929579,-0.06768951780733731,0.6645635611216854,0.3887674633455263,-0.09638652521207364,0.6700336302869034,0.2688110777946348,-0.12487236238428512,0.6716887275395738,0.15694247442322123,-0.14796904435779573,0.7284414666608836,0.6178254162514879,-0.09218480479843917,0.7043193859730152,0.4669968563090128,-0.14996878580983308,0.6724108649297819,0.35464135631998395,-0.20318840975068572,0.6467843998235752,0.23993541729727597,-0.24164775092944663,0.7874269902847086,0.6884595700681185,-0.1156132064566578,0.715091564911413,0.6769210648045852,-0.19010511551440365,0.6505864370478751,0.7244318461707333,-0.22899248593336072,0.6018962116557048,0.7552155928296325,-0.25459897700884476
76528.696,0.7371613938328104,0.9734073381802143,5.950646307098084e-07,0.6306046407081394,0.9331957616456268,-0.039292087723849636,0.5308822512282521,0.794104893646433,-0.05370970214079496,0.47459549368184956,0.6823285361786368,-0.0633673446795813,0.4265355214909924,0.5824827837884032,-0.07502921278631931,0.5810941308129782,0.5729681639917827,-0.04346068418777879,0.5368618961662823,0.41520187658218916,-0.07061578056561918,0.5079378592616742,0.31182860378814314,-0.08955163375904464,0.4809938355108109,0.220430363256041,-0.10920279383524362,0.6580393490936255,0.5655253072134426,-0.06033437362338268,0.6566453958032678,0.37764692070776223,-0.08757317645818607,0.6631199601415053,0.2593341660507927,-0.1161349908046054,0.6660767331591816,0.152810460512642,-0.13926418058655268,0.7240204664406535,0.6095329474161922,-0.0832112681463482,0.7064996424498505,0.4570185771605161,-0.14045858299464473,0.6790086445466404,0.3426991573630958,-0.19393546023677666,0.6576659038326225,0.2289920265088716,-0.23249262613176597,0.7818169706874355,0.6838374638061911,-0.10565563630036744,0.7216855593321185,0.6550354148623131,-0.1802990690472191,0.6683555907467732,0.70817481666651,-0.21728646994557496,0.6304725557444804,0.7496480307348743,-0.24128728217311657
76528.746,0.7350444543978586,0.9745327433682269,7.841367340893791e-07,0.626588877130905,0.9284451782207841,-0.043474130685812906,0.5290887084066939,0.795039181032241,-0.06463691165547482,0.4741272702873829,0.6883350834973767,-0.08206996013733443,0.42284102285568914,0.5936860119110388,-0.10049588053392583,0.582634975572453,0.5678087279623701,-0.05020345273864902,0.5353543730245577,0.4134319020161429,-0.0861167201362558,0.503291058144262,0.312488321219302,-0.11334009473651654,0.47592502208900644,0.22316064024106502,-0.1379729986240942,0.6549871016183677,0.5627002100718558,-0.06618684143667537,0.6565033394253239,0.3793383206177984,-0.10123292182264287,0.6591168896266469,0.2604355378246634,-0.13472998742000414,0.6588717426803554,0.1564390167329671,-0.16054441546586842,0.7161862065927564,0.614567148737556,-0.08852973740416636,0.7074060946295478,0.4524428574137952,-0.1401295074813695,0.6887301644744241,0.336161543937865,-0.1846935258511057,0.6724661638252057,0.22350953181079092,-0.21662005652430205,0.7665914593362606,0.7017395389240874,-0.11242416591478185,0.7439249559872184,0.6288160800561642,-0.17381109540597986,0.7184795248714663,0.5812255029389308,-0.20794756494445252,0.6971180308237187,0.5299657354241895,-0.23101637554535187
76528.777,0.7328022210924258,0.9735922497446745,7.210365579338143e-07,0.6232414130775689,0.9272870951286872,-0.040938002932778626,0.5243895780758528,0.7957286990440696,-0.06174708266479588,0.4691532113919985,0.6897704017657197,-0.07971506159179088,0.41959663546438253,0.58937663971153,-0.0995360911524635,0.578335848115379,0.5688611017730942,-0.04797073587602462,0.5313062472985771,0.4146175255407987,-0.08355382023157344,0.500519713954155,0.31506714447302836,-0.11108310262842787,0.4732629867527378,0.22599289050973093,-0.1364371336736706,0.6511673716054133,0.5657008982755529,-0.0666447356407706,0.6499547211628428,0.38048233036489043,-0.10146415864915104,0.6522930689537321,0.2621458678201254,-0.13714086461826688,0.650502825576861,0.15755939815749223,-0.16553779216589604,0.7129915889281319,0.6165386414490882,-0.09153310472685647,0.7060013415083166,0.4510294117114546,-0.14437824495675503,0.6887076826631513,0.3297462923714034,-0.19257104838979688,0.6715455046748052,0.2146090774090938,-0.22787745052669572,0.765440136163534,0.6989725068705468,-0.11741538284637998,0.7387834281956295,0.6251165785305078,-0.18079564064507622,0.7121590991021122,0.5788379051191227,-0.21692205191301717,0.6886411513986032,0.5309079244384834,-0.242082051384802
76528.808,0.7342750091824337,0.9767287618168627,5.066503653080142e-07,0.6249643543546494,0.9344374221825711,-0.0401514813937608,0.5264917665762977,0.799528262001984,-0.05596014007259552,0.4688637758085975,0.6889999578004208,-0.06654501132552942,0.41815887305911636,0.5868415393685011,-0.07894176799099156,0.5799142761028935,0.5763346932348871,-0.045595282225125315,0.5346971418365761,0.4172993172602977,-0.07208328669407149,0.5036077998792667,0.31341625982108007,-0.0911210528097376,0.4740630321915357,0.22087818001700532,-0.11124162542031146,0.655211424066567,0.5699875219480516,-0.06291082487532214,0.6521587147204508,0.38428522520389585,-0.08884179035477577,0.6534366270794912,0.2677011456710366,-0.11730513376739095,0.6509551310305918,0.159659848318825,-0.14121004725112374,0.7201336161317156,0.616420920409299,-0.0861917248429733,0.7102169904689104,0.4532041319652602,-0.1423803626828648,0.6904919019622661,0.3294686505315003,-0.19560636248040475,0.6747347347006862,0.2064474425150338,-0.23490730674836546,0.7762111289555245,0.6937838542176876,-0.1090488507034438,0.7185573572674798,0.6571240353878753,-0.1837864158901645,0.6604129136371166,0.7036134655624502,-0.22131752816314154,0.6176855322961181,0.7393371754851453,-0.2463500307753413
76528.84,0.7377591781169986,0.9764504299037206,5.518355286911059e-07,0.6279872659469034,0.9304059765895385,-0.03640040419809742,0.5281025932574328,0.7954801146023546,-0.051277267625868324,0.47013389578568454,0.6868783670522646,-0.06063010353101166,0.42344223604361286,0.584017641782287,-0.07204677055027679,0.5810040856841067,0.583543677267725,-0.0531079516814261,0.5375125374178596,0.42103898000465523,-0.0806505524689039,0.5067279656790956,0.314878638448594,-0.09712416149069239,0.479783153096245,0.2217176167464557,-0.1147780711442633,0.6590630055129966,0.577704412015575,-0.07154133402414511,0.6593514279152508,0.3889362630325518,-0.09922071417653247,0.6642032551933336,0.2693957134103871,-0.12681810603167273,0.6660770596307777,0.158520141046955,-0.1494339530717896,0.7246053391064216,0.6204659948648115,-0.09482554769142479,0.7044002368866734,0.47460084102022415,-0.15438616077229844,0.6783836210879716,0.35421394103064446,-0.20998619494108445,0.6588744026434992,0.23405322066749046,-0.2502180082735671,0.7804600435015975,0.6921852765621926,-0.11691279380246232,0.7073167006301151,0.6861808208553489,-0.19426062177720632,0.6443721901451729,0.7454585529612597,-0.2339105295087658,0.5985580962769579,0.7895476886452827,-0.26004200775040254
76528.873,0.7390078258396432,0.9715007701471954,7.061978551638322e-07,0.6294580415215792,0.9316754852567044,-0.037510969757159444,0.5277941279751849,0.7973020559241021,-0.05175978844207461,0.47088804418362895,0.6886205326844,-0.06025386599139226,0.42377288992277146,0.5873879265151907,-0.07074269059229954,0.5770442474847108,0.5781761140780751,-0.0546629581631839,0.5313457763546904,0.4150451197994456,-0.08243284367390592,0.5006521403230103,0.30900880703030226,-0.09727105418861216,0.47668627910361333,0.21387658108240398,-0.11387455538620951,0.6551493961385834,0.5681581446269701,-0.07155296225870872,0.6589318436567919,0.3771861256105244,-0.10102028087615963,0.6693991041365586,0.2564868333479705,-0.12771859821087633,0.678264433065969,0.1465277890913736,-0.1487962241580382,0.7212055464168271,0.6083242299757068,-0.09330813045923503,0.697457792142541,0.47620272742458686,-0.15482131809209745,0.6647176502560629,0.3698687114248316,-0.20966525447468018,0.6413870884498237,0.26236978267711614,-0.2486023813695485,0.7766596620256023,0.6793377794684672,-0.11404315664564037,0.7029915696330892,0.694859040461146,-0.19261281537342956,0.6401220639371881,0.7665217193514986,-0.2326410200129197,0.5957690239062136,0.8165024792475778,-0.25876471984742655
76528.904,0.7435304006018976,0.9728521702804774,7.039112181784035e-07,0.6301888141584882,0.9330748486977429,-0.03810680957397985,0.5261919187520404,0.7968689584238651,-0.05260928420223192,0.46707405574318156,0.6853505779064835,-0.061243569035988724,0.41934929718961117,0.5801254998701867,-0.07182892622375879,0.5749707143720012,0.579018274598866,-0.05478400498021143,0.5312762748442188,0.4152060268866438,-0.08237802271831134,0.4995404803758343,0.3097976235573416,-0.0971730978340189,0.47378935571370817,0.214954158232043,-0.11408040653712895,0.6543611020091143,0.5710460267352289,-0.0717880467932973,0.6606444616027568,0.3825456119533839,-0.1029213691588742,0.6727875040326684,0.25995980482814035,-0.1310862000222006,0.6819456373639691,0.1459835448056427,-0.15345046094452108,0.7203695677544694,0.6120177140910682,-0.09378922535985279,0.6970810871163216,0.4777257843567698,-0.15837775289416445,0.6651877461113296,0.3712506891131044,-0.21535864066793606,0.6404401305339742,0.2620139912046915,-0.25547532927392497,0.7751914028487308,0.6830731078153598,-0.11456447247887176,0.7010905027789845,0.6962351785011067,-0.1961991935450818,0.6374466379852552,0.7710360199373022,-0.23816444841848708,0.5908888828607213,0.8230706567583969,-0.265647127779119
76528.937,0.7421860224521565,0.9747817720885166,6.791764867654395e-07,0.628540642241,0.9342502637537128,-0.037981691772201294,0.523837810305064,0.7984285924770789,-0.05309773459885698,0.4640864563955562,0.686966231939409,-0.06252512170695372,0.41656643484955275,0.5806245230376936,-0.07381669136325295,0.5759608306698599,0.5823459399797597,-0.0543577450691401,0.531039910042722,0.41984800238974723,-0.08200127121765353,0.4996734628480264,0.31523890214545247,-0.0972680216458934,0.4746910981995606,0.22110946444709204,-0.11447324518766552,0.6550738544272593,0.5739217531059931,-0.07175050382580576,0.6577001342604438,0.38580211917454055,-0.10219797786994923,0.6674105514709062,0.26221476720571524,-0.13015123994561983,0.6740839394633173,0.14731175528010093,-0.1527316569753038,0.7206850704786368,0.614467002341203,-0.09420758551638582,0.6950675630115541,0.48143299182327914,-0.15801113623299226,0.6620045506118698,0.3730998610289031,-0.2147205036797727,0.6347413432114258,0.26331455300251205,-0.2550476116368812,0.7756936591183513,0.6855732481054007,-0.11551052954787148,0.7018974310342649,0.7006589194426674,-0.19646336101995487,0.6384080843495186,0.7768436709239802,-0.23796054072427733,0.5902606569123985,0.8316358847178945,-0.26545685174160893
76528.968,0.7417991514463552,0.9747025795647644,6.999084510890944e-07,0.6284150497043387,0.9353909956531065,-0.03943342928050088,0.5238563701441946,0.801024675943989,-0.05462736324541261,0.46418988893912544,0.6904463370475343,-0.06384783732124906,0.4183238441075952,0.583763024391734,-0.0748021551521732,0.5735758834697307,0.583118150743896,-0.05425788684405511,0.52876951847857,0.4217435798701168,-0.08206496983118253,0.4970489274771528,0.3173952600732642,-0.09734287587009545,0.47139708175007883,0.22343721495666186,-0.11437495444317326,0.6526194369820754,0.5727396492451831,-0.07037361297071865,0.6554340049591525,0.3858569136227323,-0.10078651134847465,0.6649734195178663,0.26315899442680957,-0.12873666567574377,0.671770707832526,0.14903648040666273,-0.15105724068503892,0.7185371077953591,0.6121636118128706,-0.09164558949733882,0.6933959238031636,0.48357683808454566,-0.15528515754952074,0.6588474638126018,0.37966244181697856,-0.21153382601890547,0.631007582926396,0.2739088991335074,-0.251162506484,0.7734968285480267,0.6824532294516815,-0.11195075445653267,0.700082396031076,0.7007687234450387,-0.19251572915142373,0.6379682970578768,0.777916281029061,-0.23361080719285104,0.5918294697654325,0.8328053158468619,-0.2604566482839951
76529.0,0.7413686867229262,0.9756815108225333,6.989585498452996e-07,0.6278389361164447,0.9358824858392261,-0.038293966416054974,0.5234977142713704,0.8023569245002885,-0.052616843397359746,0.46463413404104553,0.6926144246994024,-0.06146600210494059,0.41875788077129505,0.5880407919975397,-0.0719033550434821,0.57467517109755,0.5822157788067653,-0.05198775399367892,0.529213905875807,0.42128054230573,-0.07945154695298007,0.4972515731144622,0.3167950498574924,-0.09518944014124057,0.4716121252682931,0.22304424446224963,-0.11260407900730778,0.6532794591332245,0.5726057195727884,-0.06867889508071036,0.656488442790316,0.38609037882476577,-0.09851316194059664,0.6654257642747449,0.26366020315053196,-0.12649486831063061,0.671012153752164,0.1505719208902386,-0.14901286680059606,0.7186023436359033,0.6127076098237341,-0.09057712013921765,0.6944412259503964,0.48258039149671195,-0.15247973661047884,0.659018904463214,0.38000896125852485,-0.20780351545921535,0.6296996584112237,0.2766800217222026,-0.24706955640489034,0.7726872701649126,0.6836166887398608,-0.11165603065059017,0.700696862352965,0.6995273746425857,-0.19005944595185828,0.6371097299368259,0.7739065669307764,-0.230603447105529,0.5891208063103606,0.8267016903105162,-0.2573800398185797
76529.031,0.7415085462421837,0.9768601925611919,6.904101324915372e-07,0.6285121620311002,0.9365182450205565,-0.03940883112035013,0.5236100193997605,0.8026094926168268,-0.05469081996384943,0.4639426887525273,0.6919743833935995,-0.06415313884185653,0.41792975479590894,0.5850151857958399,-0.07522260027618473,0.5731864595821056,0.5838628731106129,-0.05352817057994952,0.5288762428393056,0.42176657898337705,-0.08133631221545232,0.4970262800981687,0.3170010393402193,-0.09721853192878141,0.4712200242615372,0.22295887508877288,-0.11472604804260784,0.6521507361335995,0.5742083149084932,-0.06971346943975665,0.6544941694837794,0.38900724036742385,-0.09980865136031168,0.6628559044885064,0.26700009853498613,-0.12817743526072845,0.6684048877422876,0.15326409491781054,-0.15106700044130228,0.7179107067191864,0.6137621000782227,-0.09108957059069003,0.6930803406884912,0.4854065971755092,-0.15353474221092062,0.6586330546680769,0.38234273551183456,-0.2091307566953748,0.630522236668954,0.27766175004219834,-0.2486475546450674,0.7727252063107097,0.6838745305535886,-0.11166647509639936,0.6992251248845899,0.7014460086740276,-0.19090908289975012,0.6364075100751294,0.7766338779068801,-0.23161855918196972,0.5894811825777504,0.8299133707375536,-0.2584101441505428
76529.065,0.742717008688007,0.9760037805227895,6.890331894820641e-07,0.6288743793095933,0.9372982496035962,-0.038286185922379375,0.524062435045891,0.8021472912811092,-0.052446037742204674,0.46541561049473423,0.6907010670901454,-0.06100299114269105,0.419318366383411,0.58536064911774,-0.07129938565756112,0.574341630179017,0.5827401595477878,-0.05196079966030934,0.5288418451943268,0.4210169945062034,-0.07908133342424352,0.49679838196937987,0.3163649511903401,-0.09432122546801586,0.4712388004304229,0.22286025150058764,-0.11140428112342486,0.6532344469849131,0.5718831212814057,-0.06863964441433117,0.6549586710389224,0.3853828011681576,-0.09819172870112566,0.6634054422751884,0.26346401575401535,-0.12609140983053432,0.6691375358934749,0.15096366918399431,-0.14854956365596925,0.7186899954243521,0.6111589574663109,-0.09048343241405889,0.6932390933498134,0.4823728036135803,-0.15274701582353692,0.6578380394149039,0.37996390948132425,-0.20872886088259876,0.6287586948160082,0.276700244196669,-0.24845738837943138,0.7727670485682141,0.6813270612887039,-0.1114182135375169,0.6998159277017966,0.700996618280265,-0.19091062978235523,0.6370164241556382,0.7765113866398291,-0.23233499473182587,0.5897569733697043,0.8298002951669319,-0.2595976523613221
76529.097,0.7455994978566387,0.9770737054176845,6.63108954631172e-07,0.6317989880082711,0.9383797531253395,-0.0371971171512777,0.5259434583649266,0.8021597204929981,-0.05050513999685175,0.46641051225550617,0.6907030331116215,-0.0581133604615828,0.4221646472536326,0.5846247671129585,-0.0674981802473726,0.5771148646754285,0.5825073597577524,-0.0498078701031123,0.5313347346370106,0.4202397778695207,-0.07524207444046116,0.49978887067143885,0.3148894728571901,-0.08897574880989821,0.4747720183465019,0.22176601097754567,-0.10498105871199118,0.6561046104839329,0.5715428021877421,-0.06645897230466276,0.6573343708075942,0.3842065791591835,-0.09453765559385982,0.6657976153491753,0.2624100379237802,-0.12109572456840892,0.6720228484669715,0.15019543306310282,-0.14248672920417657,0.7215472249537611,0.6102245517506217,-0.08822346641974776,0.6951759566546931,0.4799461151717421,-0.14996028000552106,0.6603589938556569,0.3747147923145817,-0.20585784557370276,0.6330459042083423,0.2699524392230068,-0.245457028377908,0.7750902972652253,0.6798705217105374,-0.10891341791288728,0.6989141667273289,0.7001333138768772,-0.1887476089463858,0.6381996002716718,0.7772916437345433,-0.230261589423828,0.5944639842861327,0.8323457165677229,-0.25739965777802415
76529.129,0.7470140426264796,0.9772280886346293,6.653369494977969e-07,0.6334329661783769,0.9377296649222016,-0.03774925156261029,0.5284233994477731,0.8005380831894648,-0.050831055176989375,0.4680204751938341,0.689334365269037,-0.05815845056257228,0.4220922728842929,0.5827124746780431,-0.06715120525253841,0.5790479749956857,0.5809763136972645,-0.04903274399733057,0.5332735307359329,0.41903079280791583,-0.07450559251531985,0.5016515383730231,0.31385706296408233,-0.08819412710524566,0.47672137506812323,0.22074001332134086,-0.10405069041306791,0.6577722960307245,0.5689436608592963,-0.06529308189523697,0.6587432424628565,0.38109902082715,-0.09316806962679003,0.6670513783673677,0.2590348110645483,-0.11966686284170207,0.6738262369533408,0.1466771563259304,-0.1409079011233053,0.7235038741436435,0.6068223115382537,-0.08685846792584972,0.6973000428070532,0.4788186726930944,-0.14840011913293075,0.6621296212240946,0.37428171121838094,-0.20439695053104465,0.6356501826394708,0.26962278237670007,-0.24396229100175543,0.7773998054768815,0.675663521937417,-0.10748948080311253,0.7009829536581602,0.6971481435531828,-0.18740676515192886,0.6398893028911075,0.7751949689261101,-0.22922867609380032,0.5971573307257351,0.8303032582414215,-0.2564458781214418
76529.176,0.7492742658968379,0.9758906127557372,6.574495715128607e-07,0.6346719160491743,0.9374927366615976,-0.04187588286926574,0.5303879187990675,0.800682161027424,-0.056564842922799154,0.47033682139809496,0.6887660316902946,-0.06470165128657275,0.4246133718128144,0.5781483487835951,-0.07421664511245048,0.5802578077096187,0.5795853610326429,-0.0497744351593563,0.5365976168421932,0.41857277947564064,-0.07579687359627664,0.505261851154965,0.31370727498339107,-0.09052706209425603,0.48018424631583145,0.22056826718161757,-0.10725446945450395,0.6597402347430402,0.5674251791967373,-0.06411285940535094,0.6618585033385909,0.38107206953546674,-0.09292267438928976,0.6695347019076334,0.2605134783157712,-0.12064801408748706,0.6758567265314038,0.14864553488288296,-0.14279155230207588,0.7262198749464869,0.6036626226134743,-0.0842598804168241,0.7012798394951024,0.47282610194776514,-0.14721515496020468,0.6663915364777605,0.3676101396885716,-0.20365050343163585,0.6412581756707924,0.2602726500796963,-0.2433749415371576,0.7816821541428275,0.6693574200424303,-0.10378283109764443,0.7053671923780956,0.686589910493296,-0.18545328695047253,0.6454151388635443,0.7653356794485873,-0.2275640466057039,0.6053284735273912,0.8203769892036634,-0.25470023870859015
76529.209,0.7441294877317454,0.9752583908343033,6.374682259724877e-07,0.6319233394364328,0.9305338993018519,-0.03708468909854465,0.5307797101365325,0.7944310050815725,-0.05112254479857106,0.4713930845724266,0.6848275188282226,-0.05987008723428183,0.4240564112451629,0.5765710580613932,-0.07012203983911616,0.5828260100427357,0.5780175130184397,-0.047806747522404484,0.5385207686632797,0.4154969635077804,-0.07335077110367287,0.5075531834319502,0.3106862920385255,-0.08712819570195456,0.4814944730609472,0.21843721133074354,-0.10303885987449153,0.6609704630984073,0.5675379993705094,-0.06497273909051376,0.6629599978627194,0.37795958850573375,-0.09161078364248096,0.6706325248729941,0.25848011006362265,-0.11751898190622455,0.6753808491645674,0.14811519359141115,-0.1386472297087293,0.7272822940124729,0.6068424487073212,-0.08752453149206024,0.7041090003681837,0.4704029122192166,-0.14730826861417834,0.6703025167823655,0.3644543699726716,-0.20208993437678696,0.6434920271463357,0.2571753733042112,-0.2412688662763912,0.7844771337959447,0.676209063815529,-0.10909468360617999,0.7109172885551495,0.6873436322674643,-0.18774627697955157,0.6508165276418031,0.7579821271804591,-0.22861119287021542,0.6074610029623255,0.807214705202004,-0.2552714136757254
76529.241,0.7449285888681442,0.9777814311734335,5.755993018501868e-07,0.6348691851310233,0.9344235586058742,-0.038163624971990454,0.5334986555471142,0.7965914354656894,-0.05277196807267925,0.47468902911929195,0.6849408079891205,-0.06195497812250865,0.4261802066472241,0.5816407367446658,-0.07288248250366172,0.5853864432284973,0.5817686212689946,-0.04919146947098273,0.5382779368589814,0.4205297240739703,-0.07664574619238969,0.5068194122670493,0.3152255145923432,-0.09345990431833492,0.4791247319417366,0.221966517814436,-0.11147056988384366,0.662197808062082,0.5721347963427297,-0.06639196042097362,0.6606450064446606,0.3801735247365298,-0.0932246713444593,0.6653869216655777,0.26186123263658373,-0.12019965781279666,0.6678327815367585,0.15377837996843244,-0.14245367208423296,0.7281038918622418,0.611871248628553,-0.08905206161477355,0.710516409893584,0.46143512886343535,-0.14729213948770595,0.6784081044639811,0.348864604747038,-0.20135895665194592,0.6533530546523157,0.23667344257792008,-0.24051654422042978,0.7862693377517788,0.6815800755014982,-0.11093136818281438,0.7214893963230913,0.6672578118170611,-0.18657495041134445,0.6615775848810856,0.7300014634748792,-0.2246163778552451,0.6177519864594432,0.7768265798919756,-0.2496632944880846
76529.273,0.730727769190353,0.9730982050821108,8.833909905245463e-07,0.6212539451018627,0.9173119809051309,-0.04088966685883408,0.5286369385339741,0.7883458092367178,-0.06342637295585282,0.474500383961561,0.6827990816090274,-0.08273987524277458,0.42393290617534485,0.5869405056766104,-0.10304725615773978,0.5816397321692985,0.568639924875164,-0.049837017227794114,0.5365027942818743,0.4119462475450575,-0.08822833225764656,0.5050290061920928,0.31104772982252227,-0.11642757070599451,0.4773260062783279,0.22264458863479802,-0.14036027419894556,0.6528099452452686,0.5632310184925912,-0.06513792217045396,0.6551504019018363,0.37604219068232514,-0.1009136840686487,0.6577074408625952,0.25376787204254614,-0.13262081668127848,0.6582808287505009,0.1485048546002382,-0.1565948320457068,0.7150783702036533,0.6092619481087354,-0.08642547551800032,0.7100612818320484,0.44350918333554107,-0.13495002272749765,0.6950443564539605,0.33032678227987106,-0.1733343330709102,0.6795183893905928,0.21962872089314123,-0.20118995545925267,0.7707004128974486,0.6910198758531068,-0.10937555416364776,0.7799063566776069,0.6114281480699351,-0.16484477735712955,0.7777436526214396,0.5565021487161693,-0.19338618360429322,0.7736334554296704,0.4968658484320129,-0.2125212603310881
76529.305,0.7361629882976866,0.9680025379415252,9.402013620432181e-07,0.6216425721993092,0.9138539843399349,-0.045790526278149106,0.5294417753623218,0.7886900282261655,-0.07544363839670455,0.47575832250643,0.6866589577639478,-0.10174240892890797,0.4204016496498001,0.589926960330471,-0.13081919065085923,0.5800990965504846,0.5699110820540564,-0.07050286140581004,0.5322661633376446,0.4157988343227032,-0.11884013687820935,0.49961487220725775,0.3156958889640262,-0.1540382442684659,0.47118405845499384,0.2246458914292667,-0.18400656269594856,0.6510736664247505,0.5656073538325179,-0.08941441377878051,0.6483180425448631,0.3785520237775701,-0.13856506808755814,0.6504950476145419,0.2546637969583722,-0.17997276866970144,0.6514221592671697,0.14522309999104122,-0.2116719621701803,0.7121135973332705,0.6153753489367505,-0.11411690960684756,0.7103354689185463,0.43768377464787483,-0.17653617973049643,0.699387377194176,0.3214909454998949,-0.22579432053944315,0.6906650320160074,0.2074576085357536,-0.26105902330714176,0.7662524679849354,0.7017173070262135,-0.14013292881205516,0.786927629547113,0.6086206943386806,-0.21082786382702629,0.8013121456230257,0.5342284470719376,-0.2526941313350835,0.8163198874556858,0.45462812707375594,-0.2814705921073186
76529.336,0.738391677594374,0.9703543997122057,9.098893316024576e-07,0.6254721967704135,0.9191025134745525,-0.04362475879069736,0.5321475517536778,0.7890414527760313,-0.06828476706120667,0.4780111093211717,0.6822386770306154,-0.08931521001733134,0.42607536411080493,0.5822833573011029,-0.11268288902829353,0.5812910254307524,0.5700747629651236,-0.06008511084024321,0.5324903948634693,0.41686495814793395,-0.10277785657088556,0.5001454114878361,0.3163877248118518,-0.13409072886707388,0.47272272044922453,0.22556001316160354,-0.16128593353979676,0.6486260752973362,0.5651710928233824,-0.07746538016041034,0.6478043501184776,0.3784694334992977,-0.1211204854958008,0.6503856283107271,0.2555904289715675,-0.15908018486469644,0.6524446328250354,0.14911966145648223,-0.1877983097526827,0.70617623843252,0.6140881388066384,-0.1006316734212457,0.7084861552594424,0.4404565646977564,-0.15866730527524217,0.700411389363583,0.32153268730079365,-0.2055280246763147,0.6941387722165895,0.2055428528436508,-0.23895391435815194,0.7562217956500642,0.6991372883307508,-0.12501467196432725,0.771947140441763,0.6126970057262522,-0.19172383786675345,0.7860045250044192,0.5436046407401357,-0.22993648567318875,0.8015739569850385,0.46923796793576394,-0.25572653050606786
76529.37,0.7371124657956796,0.9757378697627789,6.84538670940246e-07,0.6271417727399992,0.9256387519621546,-0.03730475232387908,0.5320714128016746,0.7904066880503184,-0.056131725641416025,0.4765083018066613,0.6805311634237243,-0.07123671197082136,0.42542005547469536,0.580701101505686,-0.08928168224022524,0.5865355464727083,0.5720310961607009,-0.053219460121390436,0.5382619250069777,0.4144595250318395,-0.08798558362194285,0.5065683929558215,0.3117575218228028,-0.11318293917920766,0.47661505718268443,0.22145695125835774,-0.13703959295743584,0.6604218351862033,0.5713016281004328,-0.07398636582531719,0.6655808573335331,0.3825571795347534,-0.10762646481710138,0.6710322309855261,0.2609975160779406,-0.1409866614221729,0.6704043850196916,0.15274979203265032,-0.1680964700149894,0.7201036559473031,0.6258577670165361,-0.09991533105432623,0.724161294561334,0.45975078329951397,-0.15628954437633058,0.7124659984011273,0.331011408506374,-0.20891720518540763,0.6968657294640757,0.2082139393921589,-0.2483311380848362,0.7691019829751926,0.7141883176056377,-0.12536623607201103,0.7488310208676415,0.6693675800183199,-0.19606071895678714,0.7212473751135056,0.6683139183582568,-0.23399408281172465,0.6939400680503762,0.6606782819750435,-0.26020485971252855
76529.403,0.7463087435865607,0.9749169194992677,6.148297226959643e-07,0.6351702137872954,0.933267649562522,-0.03794333940045247,0.532159922540588,0.7973610548395181,-0.05294584978305166,0.47358958998529976,0.683435622397057,-0.06228990619886422,0.4264126129057708,0.5767710343422991,-0.07330361707205285,0.5870185854675931,0.5827654091295776,-0.05322559593353473,0.5354747576868687,0.4188811092683172,-0.08055289116645266,0.5039530727733462,0.3134782530101929,-0.09540828840911629,0.47612331900606286,0.2198042882738922,-0.11151435512907668,0.6666618880768374,0.5748358466972222,-0.07102310317184893,0.6667054085195045,0.37966089692571214,-0.09888688994558116,0.6759592602538392,0.2563979176450987,-0.12505490041338138,0.6819582877621069,0.14380109285935294,-0.1456888263771186,0.7331438197090623,0.6192368760702756,-0.09388317100301913,0.7129653319933412,0.4801479870174302,-0.15366059553797026,0.689572164302123,0.3622097619337694,-0.20859530491611347,0.6710946152844801,0.2446467536634505,-0.24756647531585457,0.7888426778450887,0.6935974730079588,-0.11576306090683366,0.7237515078036691,0.6910054764849889,-0.19258284496553588,0.6647172382247973,0.7522343097941158,-0.23105592892016813,0.6190684005768811,0.7989468200659403,-0.2559851352993058
76529.432,0.7458683192701697,0.9714277176810833,7.59998563996284e-07,0.6379342594195803,0.932912353517286,-0.0405965156666485,0.5338029168787398,0.8019487308070042,-0.057961757035255364,0.47746965983559053,0.6885101673410906,-0.07024093564963439,0.43147020631691735,0.5816611225697982,-0.08337287799339149,0.5841504957696585,0.5923514353631796,-0.057577160786615705,0.5305117259437414,0.4240120975056442,-0.08857432147656526,0.5002248581153745,0.3193776903408187,-0.1031356722900191,0.4740149066200631,0.22434370235575993,-0.11803562412571474,0.663903664791379,0.5770969863956994,-0.07348515162756633,0.6598031664540001,0.3753488537594665,-0.1038643089607097,0.6679947315419174,0.2503289332947782,-0.1293933466405861,0.6735594509656688,0.1376360761874103,-0.14847477937158443,0.733868602615496,0.6151397787802677,-0.09434653619525413,0.7021907968652673,0.5038361559722646,-0.15400112460479667,0.658244618529739,0.41719565974824446,-0.20459384889351862,0.6225573550447695,0.3275970223934076,-0.23903148778718739,0.7963950380613007,0.6853856433292634,-0.1148779592781511,0.72544586082495,0.7032602058379358,-0.1873621262718137,0.6668955719709571,0.7697598093376806,-0.22128654035838924,0.6212109919660156,0.8178997478815562,-0.24255569664842003
76529.466,0.7401693957187003,0.9743530717392651,8.437652834951289e-07,0.6343760331540281,0.9310829441738285,-0.04505856521653612,0.5334957860479944,0.8076005881301974,-0.07215866538961327,0.47413302447984434,0.698057717879242,-0.09498886704548351,0.4271153560985507,0.5905737268491861,-0.11884237678777014,0.5857936497097143,0.5901232131987088,-0.06997071307056679,0.5322774751569355,0.4258193048549005,-0.11376990969381862,0.49977048286866216,0.3226129497843241,-0.14126194742105244,0.4686776666279089,0.23219469754556185,-0.16457621823492952,0.6635503756719652,0.5839029399903134,-0.08774626068636755,0.6560022110015372,0.383978097645496,-0.12982444032169493,0.6585375104500372,0.261458960883351,-0.16212501089065506,0.65649289205364,0.15524890269201172,-0.18585847305210776,0.7321227899952348,0.6332798066332764,-0.11074890271789943,0.7133863155186357,0.5031917350206618,-0.17247924128377265,0.6828181330007544,0.4156716627966256,-0.21654420642654387,0.650968500823592,0.32858666709083467,-0.2464972670918362,0.7944154982487898,0.7176272297219783,-0.134413007502248,0.7718081778647533,0.6790236154913828,-0.20288990116206157,0.7459342663991368,0.6968283813648992,-0.23104597415125977,0.7161632385144027,0.7103663102633666,-0.24837730054404095
76529.497,0.7272550687618905,0.9791012085169054,1.0103017525331489e-06,0.6231126213057717,0.9266751119849005,-0.04688514367043272,0.5296346696290077,0.8158258429255419,-0.08125919283160223,0.46914097187693454,0.7274547194966906,-0.11221898055662562,0.41385385168025995,0.635658065655835,-0.14491208034224268,0.5784453618980415,0.5860403786863666,-0.07731831919774873,0.5259687893693707,0.42894686293838163,-0.1305782803320319,0.4893820992473312,0.3338857327303411,-0.16646554551370213,0.45556651807470155,0.24674055467680048,-0.19362101126036263,0.6530837116729813,0.5804674667713831,-0.09477804794507798,0.6477400831052431,0.38660120793537506,-0.14684185278682138,0.6416048011421857,0.259455292887679,-0.18621981440693433,0.6319384230625807,0.1492194982478613,-0.21373077134365637,0.721406471574361,0.6283691698039574,-0.11769754145325059,0.7146024080922803,0.46746817243886063,-0.18138873625149407,0.6944112878533256,0.36149936106693925,-0.22448736142477238,0.6731273785851384,0.25715037329463664,-0.2520339502704922,0.7842918244578223,0.7119979168225895,-0.14186482717634943,0.810125422387155,0.6081994509333063,-0.20604313658736967,0.8254657357990723,0.5354623106183776,-0.23733016319264452,0.8360658556031284,0.4604171280086483,-0.25667140311861925
76529.529,0.7272925602400847,0.978084755750736,1.0715894876544678e-06,0.6217113523412269,0.9335224149411245,-0.057253343488187995,0.5243373289723852,0.8271780867449194,-0.0947429644742968,0.45170262259521604,0.7407614869998866,-0.12710887610306582,0.3845782821506087,0.6626857204409766,-0.15987881831584355,0.5765494074400007,0.587038458815876,-0.07128410193153571,0.5232198761961018,0.4349107963268022,-0.12170461829587226,0.4847316394167708,0.3394592637200108,-0.15835082428736924,0.4501416463251337,0.25291132768094005,-0.1860354376808861,0.6499913203273489,0.5718380117986905,-0.0817538494049535,0.6351273559828303,0.37959913459145567,-0.1284163395098257,0.6251845221241553,0.2527715243819362,-0.16418189795495033,0.6145605187177978,0.14331066295784664,-0.18953749784110382,0.7204039568750988,0.6077216684244471,-0.09977311121874423,0.7110531863102818,0.43313399651563744,-0.15819603147778943,0.6928548312174163,0.32072770874180706,-0.19813139401065621,0.6738547712936127,0.2111959235219294,-0.22410906852717408,0.7899228635373583,0.6801817490012858,-0.12080983013274793,0.8354749462818767,0.5642372209535297,-0.1797213364315935,0.8635643274731429,0.47673251613474354,-0.2105879254863942,0.8841813234165787,0.38723608325807185,-0.23030334836562974
76529.561,0.7351020232825571,0.9781457898090843,1.056702326409551e-06,0.6268188997126355,0.9411814577323129,-0.0605431563177986,0.5240892351864733,0.8367005399518631,-0.09726394353071188,0.4429309334992592,0.7503664425614972,-0.12858857571768728,0.3672939401355299,0.6825530181483398,-0.16009911425465487,0.5790477529595406,0.589417111014938,-0.06879516341712956,0.5237659089344296,0.43612936983520495,-0.1154389390689773,0.4868913956127072,0.33776478689389516,-0.150636773234809,0.4557518116442782,0.24943216002845628,-0.17820279037194803,0.6533765303962252,0.5666656790399203,-0.07665366584095516,0.633368833123464,0.3771013013674276,-0.11961295639224039,0.6220198221410936,0.2500669226083621,-0.15397368526821434,0.6111414360913522,0.1408312159018136,-0.17960541731871568,0.7268349544535501,0.5932421647227282,-0.09268777208785553,0.7151956190983905,0.41373764149096726,-0.14875406676441064,0.6984886651853225,0.2988482492301291,-0.18925361331824844,0.6805823015120184,0.18933805494699152,-0.21680192882576887,0.8002350849037119,0.6575971199591962,-0.11241871997226785,0.8551269915234201,0.5382932422839883,-0.17090974843993076,0.8895992750144388,0.4501949161128789,-0.20411936651992768,0.9154726024515112,0.3620655133954086,-0.22615960974139931
76529.609,0.7358278324819313,0.9775417104800869,1.1251947128661699e-06,0.6298410955709977,0.939360427293581,-0.06108688988053401,0.5305955019032097,0.841419096242956,-0.1007015019207176,0.44629762426616454,0.7672925480697921,-0.13535141966500813,0.36607909926965254,0.7145343993250974,-0.17066997910147544,0.5806649061368864,0.5871485808435916,-0.07219333275222566,0.5253747318331627,0.43179355994416496,-0.11960522657136885,0.48940747772848886,0.33178592193292605,-0.15564460072096,0.4600869538537021,0.24272184182129497,-0.18374401580722308,0.6549292550015363,0.5651525043703556,-0.08054489441874282,0.6362572718281027,0.3772893261692304,-0.12467746282434657,0.6256770551464564,0.24939193742537227,-0.1603202407667828,0.6160976669639086,0.13950416887916853,-0.18707634402674544,0.7288207952925942,0.590228704669224,-0.09690806117268634,0.7201651454873969,0.41014657642168506,-0.15364409311182178,0.7046448796269521,0.2944189057840868,-0.1953971441165904,0.6878862590561164,0.18416560730933315,-0.22402208441987956,0.8024374882673706,0.6525938324268925,-0.11701154903990268,0.8613006768972169,0.5302092168159738,-0.17568108743645136,0.8981225682424073,0.4415745099539976,-0.20919281161242534,0.9258257163401202,0.3535804411892936,-0.23163284579572518
76529.641,0.7396204487265355,0.9740643746149995,1.1575042674131385e-06,0.6368899591220013,0.939939390204172,-0.060749192733135005,0.5379058443590519,0.8444409180280297,-0.10044680262688817,0.4526258132737439,0.7718956128477525,-0.13533574851790584,0.37026058781317983,0.731258580509988,-0.1713145162770645,0.5809114612807073,0.5891200864395765,-0.07278658943648848,0.5254716865805686,0.4345013130638486,-0.11941858961288475,0.49024552045145536,0.3316929567287794,-0.1546825526642326,0.4618651313365322,0.24128127381955927,-0.18238926816095163,0.6549163373410196,0.5658147991522596,-0.08077391325278441,0.6355831108182731,0.37837037487229846,-0.12365786969898171,0.6260910466518446,0.25100236481007887,-0.15764780837693881,0.6179006650370343,0.14148910621052135,-0.1833597364397131,0.729041012647003,0.5892354030555327,-0.09663848948272753,0.71800756695042,0.4107103645172247,-0.15231890757221275,0.7013068938237749,0.2941934474124078,-0.1936050677461634,0.684459434652339,0.1848195186883771,-0.22208260522099063,0.802529271587813,0.6493769913543777,-0.11627245314796185,0.8608997573829817,0.5274832057681109,-0.1735221384000212,0.8987011199232198,0.4392077634470823,-0.20664515014237744,0.9278892570113063,0.35269853067075696,-0.2291686143541963
76529.673,0.7390956616051138,0.9715404011358124,1.1484308191416664e-06,0.6421042128501866,0.9414204217694564,-0.06137785219547009,0.5526512498030021,0.8493546243256407,-0.10052454559481264,0.4886126442878489,0.7755783172141111,-0.13427279484449262,0.4239072231258657,0.7193731671997444,-0.16866533995791014,0.5803718202574438,0.5901688966423232,-0.07610576154591644,0.5265405879495889,0.433676601708901,-0.12394113420454067,0.4915962803843885,0.33093972023617735,-0.15956971300285874,0.46317507135987745,0.24085089344658756,-0.18693150105228268,0.6552871516652493,0.5657376401289591,-0.08339179363152381,0.6362202612408838,0.3766239918985529,-0.1270450448730649,0.6267877909531097,0.2500908074920072,-0.16242909504163405,0.6182743148545564,0.14056903603914647,-0.18901036103924723,0.7282023415624664,0.5885385300420573,-0.09823203597247747,0.7186740442049309,0.40918607811250624,-0.15334730878880704,0.703274704184622,0.2935932002089766,-0.19542547561456802,0.6871994057249566,0.18481255761724988,-0.22462723222173558,0.7999259864562395,0.6496136363699523,-0.11681902875210166,0.8579669865493809,0.5274093459344347,-0.17402253600865072,0.8962592470610359,0.43956865851213367,-0.20746856736922334,0.9255141259806282,0.35256781573820983,-0.23001636937582481
76529.705,0.7228641861810005,0.9758135379188969,1.2223170051918003e-06,0.6353630252019308,0.9472815880879599,-0.06609986631640057,0.550141856323992,0.8658013130803766,-0.11367687340866968,0.505818807263337,0.7893339185213131,-0.15565845681099394,0.5316149095271255,0.7434574496667425,-0.1984308285528266,0.5745009809986811,0.588739288078085,-0.08354472966438885,0.5246591361612439,0.4347575411313662,-0.1334259253677641,0.4882796642949543,0.33215931488572836,-0.17168410513347843,0.4586893458339627,0.24273099982969845,-0.2020951552880534,0.6516888349932417,0.5653495472852955,-0.0899048470494372,0.6342852677920809,0.37674356818202565,-0.13420119963192884,0.6244668439475172,0.25247546744989235,-0.1690246938016216,0.6158463154686847,0.14274303456086465,-0.19518575770389876,0.7267573939975548,0.5910294441712023,-0.10356801676212055,0.716646612533942,0.41170436595802395,-0.1569618419947492,0.7022322519328899,0.2925478585730018,-0.1969356928250679,0.6879904411126231,0.1833857259666423,-0.22493713782766778,0.7980859298898545,0.6570217748378775,-0.12169215044271309,0.8519551597784869,0.533273747221512,-0.1758034997589643,0.8909676000104452,0.4450967725057476,-0.20656631558988064,0.9222699445221165,0.35898911548141516,-0.2274638167958945
76529.737,0.725559884811834,0.9800220613145175,1.150155960029297e-06,0.6376626844403139,0.9512749054092497,-0.06762130062446078,0.5463361224275346,0.8703504944478783,-0.11549833679412898,0.5146436054041852,0.7841492561545852,-0.15738833290364268,0.5776242609573672,0.7304729915922922,-0.19922550829502708,0.5755770318816524,0.5900181246817462,-0.08517947173347895,0.5222384029530726,0.4345562663448728,-0.13613224531621582,0.4858512461771167,0.33070363265786656,-0.17428715813065646,0.45795176111195157,0.23971617601168493,-0.20425244583258956,0.6523021124274355,0.5662200510174199,-0.09001266463183467,0.6333364413294974,0.3772823201228583,-0.1340153725520688,0.6226239989920259,0.25410699605345094,-0.1669548564318893,0.6128520362439862,0.14401258765328953,-0.19116439193386595,0.7278746846884336,0.592206477296301,-0.10240954114599513,0.717190726770525,0.4145110997827988,-0.1550309721083549,0.703321619168387,0.29561280607698476,-0.19296103743038048,0.6889270267704194,0.18617709679895725,-0.21871686594514808,0.8000816535225415,0.6577107378405248,-0.11960704775367659,0.8519557201149385,0.531825967519389,-0.17228831809982106,0.8909002272489865,0.44399414414859006,-0.20142051401992137,0.9222029979242705,0.3580111864438581,-0.22062347009403094
76529.769,0.7258551807273544,0.9795826846257226,1.123157843951227e-06,0.6384544991668974,0.951323252556982,-0.06315433389307858,0.5448970632916382,0.8672314709937271,-0.10763447331449176,0.5159097891026815,0.7743984614649022,-0.14676294853755778,0.5830850683756956,0.7246151055284631,-0.18628135156031608,0.5771928220249356,0.5877672128011293,-0.08088324167082636,0.5240597008676794,0.43242554447797504,-0.12849356763079603,0.48805073208101685,0.32861689688100004,-0.16433733139937956,0.46034195685456336,0.2383132676764534,-0.19325436615025762,0.6545482215087771,0.5640916904497414,-0.08710254796783737,0.6367358209067746,0.37424098326255917,-0.12875361373149977,0.6270081890046828,0.2511939762977551,-0.1606834633553038,0.6178535267695274,0.14153869137676672,-0.1846199799985673,0.7301847679077897,0.5902026714659714,-0.10029767641902697,0.7208289130814053,0.41300591028552025,-0.15120943886131893,0.7071705723167958,0.2929697995030995,-0.18960502426107986,0.6931801585886987,0.18400695061207448,-0.21624700682035147,0.8023074350713999,0.656230891663312,-0.11787925598295713,0.8553819717143875,0.5315346554154838,-0.16974148435246234,0.8952804733624959,0.44366510013223254,-0.19941225893172448,0.9280043673308811,0.3592232821891926,-0.21942070496162885
76529.801,0.7258031361522838,0.9762362386378887,1.1720836653162297e-06,0.6361360156284027,0.9477957222468028,-0.06579348819931448,0.5414779718736837,0.8643907313906983,-0.11206360864819119,0.4960087229438305,0.7753848435246057,-0.15278702580701004,0.5473741893982885,0.7259739929142598,-0.19358434298466418,0.5749571373346454,0.5852461837097154,-0.08010273878750933,0.5239561307268831,0.43013694358673615,-0.12792334772784814,0.48933069637550636,0.3258325645390856,-0.164019221739427,0.4629140704610431,0.23552432101804305,-0.19292115405840793,0.6524595136176143,0.5625790816029431,-0.08501718493765811,0.6357137472856181,0.37463675323198714,-0.12676972681566148,0.6274241614783281,0.2517553403672516,-0.15829007138908815,0.6205729510670507,0.14372131071992197,-0.1816224314464477,0.729200633883234,0.5891444891021255,-0.0974605503773836,0.719725319318423,0.4134229177278103,-0.1482121286679661,0.7071130517103585,0.2927828888859767,-0.18592311857187657,0.6944712237862596,0.18285145804517447,-0.21187190483053836,0.8026711902009496,0.6558517630647823,-0.1146069699103412,0.856544510317941,0.5321190275426804,-0.16544182655071432,0.8973202148968217,0.444801232115167,-0.19453303570359254,0.9305822810645678,0.36054771777406425,-0.21412835724635146
76529.832,0.7323487338549312,0.9756684674488917,1.0919248294000349e-06,0.6411390158357423,0.9442350556853178,-0.06211641532160574,0.546959697527649,0.8595360128423475,-0.10475861931818885,0.4844280290193418,0.7794583072796701,-0.14205488640605382,0.4863913185016244,0.7098921324588031,-0.17975235048068489,0.5820019615083007,0.5882053373649848,-0.07661849432195673,0.52999577021428,0.431757417344406,-0.12545064743986523,0.49342486622746806,0.32779900573207904,-0.1625239341076573,0.46478211586921825,0.23725225299413424,-0.19142782058127106,0.6575122649035284,0.5656750075964724,-0.08238086579161062,0.638782039813008,0.37474635538513473,-0.12486648655195114,0.6287977075667124,0.25019224649243116,-0.15829603845240126,0.6198533736385637,0.1396249697440435,-0.18339894031519516,0.7312065403745263,0.5914396907663549,-0.0955725447271381,0.7205157389003146,0.41195366577834036,-0.14719776798261294,0.7069969990519027,0.2910741401763917,-0.18656797159227503,0.6933123528834554,0.17872216800949703,-0.214248239814282,0.8015249757609694,0.657354989687109,-0.11284416481624811,0.8559469249810634,0.5337728388879371,-0.16658444025137184,0.8965449634086752,0.44525927439490975,-0.19812890374079778,0.929903028134085,0.35769328773817055,-0.21938847504697231
76529.867,0.7365982423070413,0.977335451128589,1.1866644140677742e-06,0.6404137973627776,0.9429856123340657,-0.06602327209514064,0.5502815025292453,0.860733811339252,-0.1101495904765228,0.48394956385782195,0.7951570827176123,-0.14787819945134473,0.4301713130089393,0.7236365025472636,-0.1859965542351538,0.5805118223908046,0.5869617084643636,-0.0815877124810411,0.5278729017670798,0.4306187099218371,-0.13120785876479438,0.4928774717598573,0.32624754225374714,-0.1691853352649864,0.46510389173264605,0.23484961284029085,-0.19808153660648503,0.6558803408108884,0.5652717788834278,-0.08691543757448116,0.6373673812570173,0.3758848444028103,-0.13127781494369137,0.6267752836686185,0.24925983261543577,-0.16770172958684498,0.617961997221628,0.13904881521244483,-0.19501906450155274,0.7289448965269654,0.5917606753240926,-0.0999762260323591,0.7208612542282936,0.4126297753486074,-0.15448056865787366,0.705262691051575,0.2923350388408207,-0.1968100611925973,0.6895692293097785,0.17991791511643945,-0.22659627897716947,0.8000784626498282,0.6575888717409487,-0.11709630608329913,0.8576886693442354,0.5343422232776575,-0.17357678844841304,0.8967909752051356,0.44512276663975087,-0.2065853648187355,0.9277010707499371,0.3573865002361455,-0.22879528527755702
76529.896,0.7354725649228295,0.9781280643611868,1.2464550081566635e-06,0.6403307682115428,0.9426176287991566,-0.0684478902398376,0.5531638307782452,0.8609093002325242,-0.1142817537411286,0.484721406371854,0.7996569858820303,-0.1534129933536547,0.41641694090629,0.7370575560704906,-0.19291787921620643,0.581375568258385,0.5873120187912292,-0.08280493842249673,0.5302500977346241,0.4305456729245978,-0.13227620866121578,0.49615153679673574,0.32639906526872453,-0.17037055787776265,0.4686477401414862,0.23457779110221774,-0.19951084317958528,0.6558626960900449,0.5653110527372357,-0.08729593204476621,0.6390184426013445,0.37751532061944065,-0.1308408571571053,0.6294808256568374,0.2511734874555375,-0.16666070948455322,0.6215316479224294,0.14083341921620748,-0.1939673926089968,0.7278538282031164,0.5912157046800566,-0.09988396869743901,0.7199304452699681,0.4116925832995147,-0.15381926999474968,0.7047987597287697,0.2941771621274496,-0.1954206482222759,0.6895103727696098,0.18313514326292832,-0.225019589450971,0.7983949448846549,0.6560215289149228,-0.11693001274441206,0.8562578589279052,0.5341983509778404,-0.17362135660657507,0.8951130971773937,0.4455585062557008,-0.20686704395832195,0.9256730617009407,0.35761632207880767,-0.22940491408818137
76529.931,0.73589349186892,0.9773353539637186,1.2247925749167915e-06,0.6435374916047104,0.9420439429945089,-0.06724602321875824,0.5613282274937723,0.8575099445020515,-0.11157376228291262,0.49919613597289747,0.7908671681186134,-0.14943305406084204,0.43420450755421314,0.7283729114206574,-0.18756437014227262,0.5815440453874204,0.5875702564485935,-0.07940585972540899,0.5302240291536873,0.4324190473860443,-0.1278866898573539,0.49603324015627714,0.3283226813558866,-0.16529325776216403,0.4682342692882786,0.23711458631466908,-0.1939617295105999,0.655832221355304,0.5648667164103138,-0.0843339679871541,0.6372601053540763,0.3767578689896683,-0.1270952233728032,0.6270540246706938,0.25084213956947765,-0.1623215508118084,0.6188703326505175,0.14074055687349374,-0.1890218789940793,0.7276144562472999,0.5903675306679987,-0.09738461379038736,0.7177261605472608,0.4110478686810107,-0.15080958135425465,0.7019792977995715,0.293203308672466,-0.19220884483071893,0.6868574253386409,0.1817503743477,-0.22161826966241124,0.7976053123168224,0.6549805360918867,-0.1148613338535722,0.8538382506874589,0.5338710563153715,-0.17121538803966674,0.8934552649741438,0.4464498228766246,-0.20408129634143532,0.9251163934676855,0.3594338911373283,-0.22630409765266696
76529.962,0.7255962004405111,0.9766243003261044,1.2768384556387095e-06,0.6383131957373427,0.947536544410332,-0.07195292891855909,0.5554341531433333,0.8640951524475425,-0.12350437881040323,0.5049610031219088,0.7834511886744714,-0.16862383069521952,0.5149665285539033,0.7343599421819714,-0.2141791045850845,0.5776082858156772,0.5903034934242702,-0.08615672793721135,0.5293524041127741,0.4331233522286564,-0.13648234907648163,0.4941433994148792,0.329534720455272,-0.174764739048585,0.4661445195911637,0.2387366588794956,-0.2051712859756234,0.6536755909421834,0.5676572967842634,-0.09010535755581396,0.6374863001767456,0.37866624944553035,-0.13487687256904105,0.6275733601653348,0.25440306202773877,-0.17032884778776028,0.6196181565181423,0.1443656393005116,-0.1971235744264761,0.7268371391045696,0.5938034227623251,-0.10193222216563616,0.7172064624955682,0.41560145994270503,-0.15512184043416458,0.7025565944484489,0.2968112994513248,-0.19520211585875316,0.6889467731298663,0.18673129058754623,-0.2237163706035458,0.7963313456512049,0.6602621957927365,-0.11881083438573906,0.8502277753610742,0.5372987882381396,-0.17213322801077938,0.8906649096047173,0.44939950438292053,-0.20287307761810908,0.9233786895179362,0.36365461669059507,-0.2242579206444148
76529.993,0.7247217842196617,0.9804719913263277,1.2059138603781143e-06,0.6364815860993825,0.9530794042331633,-0.07117485781666547,0.5482196325282425,0.8659787777494257,-0.12043945839670472,0.5214516563670524,0.7753289511691428,-0.16319230811765364,0.5854244434557612,0.7227502603312499,-0.20560861883062032,0.5758956763425314,0.5895245208641761,-0.08328881269180065,0.5255776916118721,0.4340183416998787,-0.13132819845796034,0.49058671933824116,0.33156349765484094,-0.16739829949503462,0.4641541565850007,0.24212480581077273,-0.19659649308536023,0.6519798750445334,0.5651454630321179,-0.08662120342255339,0.6347176554440567,0.37598217849072096,-0.12837518010441104,0.6252467528153102,0.2525612000854945,-0.16046239528978443,0.6178878189476361,0.1426515261259007,-0.18477796323258042,0.7256162422394828,0.5912476228194486,-0.09806148225417036,0.7164256048813501,0.41201535362312824,-0.14939002026644643,0.7036662976375174,0.2932509481584882,-0.18805366165223322,0.6912319018997007,0.1835856508133495,-0.21517807188420432,0.7953632963290845,0.6572079182357983,-0.11469786375477953,0.8477834875325528,0.5348790830300902,-0.1677579155641832,0.8888994121778214,0.4489265062523963,-0.19849575324717617,0.9223694845553343,0.36489343778004485,-0.21939349290988802
76530.073,0.7226129815256308,0.9841178960325156,1.1456842832354783e-06,0.6367246195859664,0.9535155136431931,-0.06317580950499203,0.5464432354207073,0.8647290875008145,-0.1061507916685446,0.5327059601791005,0.7689169511182674,-0.14350197338617782,0.6020981509363794,0.7120876137992381,-0.1808975546246211,0.5739574936071473,0.5880195515038057,-0.07847643754071626,0.5223528365110037,0.4305538898160553,-0.12308963775965537,0.48884383913091156,0.32626939687596007,-0.15617335817709904,0.4628103294378523,0.23529968889750513,-0.18332468279826922,0.6507510874636756,0.5642533380305218,-0.08434322948918982,0.6339048844326574,0.3736700735202271,-0.12367263948289817,0.6261059890272859,0.25118328645476595,-0.15432304076798697,0.6203418020873688,0.14302230697628815,-0.1775183932729742,0.7254206322569935,0.5910188882526635,-0.09725182552120776,0.71721695390063,0.4129138623380962,-0.1463724677258182,0.7043936334856578,0.29384786392113615,-0.18448767979312986,0.6922929985564371,0.18466298115727262,-0.2113575960323843,0.7973356615842672,0.6571172669196607,-0.11461368236742091,0.8500293643280805,0.5349936442269007,-0.1657947450546327,0.8899142868450455,0.44813359644225004,-0.1954866101060663,0.9228463797004179,0.3636326895800984,-0.21572962940658524
76530.079,0.7241308207597245,0.9849444424305459,1.1216776926842607e-06,0.6379824739606093,0.953087225417445,-0.06228755392662661,0.5475258308652102,0.8649984595134272,-0.10489788643594089,0.5328469463890734,0.7680355680738007,-0.1421951770956831,0.6029899900294216,0.7117673854551754,-0.17945564450954798,0.5753415144240921,0.5893070795308756,-0.07743891185918689,0.5239544202651205,0.4310433689576365,-0.12209175103267474,0.49077818140081975,0.32774917426220745,-0.15521227505478868,0.4646294774199389,0.2370052994143404,-0.1824658491866746,0.6504673419092951,0.5650382434048521,-0.08382018675867862,0.6322550573101628,0.3728527523757996,-0.12321578157979733,0.6246917040655764,0.2509534502850698,-0.15391782176285038,0.6190430567593687,0.14316448469453227,-0.17722688752463303,0.7243474377097809,0.5913907566914386,-0.09719914038207376,0.7164688023451331,0.4122510380963648,-0.14650016917116698,0.7049366489067713,0.29146025099669365,-0.18511202497117485,0.6942757737400392,0.1820472036950398,-0.21238802690154385,0.7968583463760811,0.6571019058709199,-0.11499403701614576,0.8514959766921203,0.5352625114199386,-0.1661979307575201,0.8917217854762916,0.44708112325049565,-0.19646744591696041,0.9247526634535898,0.36227815292699056,-0.21728694552538078
76530.104,0.7278859955696945,0.9786937180772133,1.126003267592219e-06,0.6374889335350068,0.9495433932961058,-0.0633304093760347,0.5421435898906078,0.8608154630392985,-0.107050649012187,0.5116963351971618,0.7632283203620863,-0.14550755159441567,0.5753012080314076,0.7189746478217812,-0.18433481851335207,0.5758267207926239,0.5879848137917146,-0.07856729657883471,0.5251288960375267,0.43103396604036803,-0.12450883500404622,0.49169825954474394,0.3268466646245132,-0.15903461531762017,0.4655978491048195,0.23610841870509428,-0.18755028236971494,0.6516992261443209,0.5648594385384442,-0.08466594005028019,0.6338538401017866,0.3747658551349014,-0.12600825285597483,0.6259255782185668,0.2520218190748991,-0.15758235078960164,0.6191785216549722,0.14349008097296143,-0.1814468626372621,0.7265804430355018,0.5914774402232974,-0.09785449602174834,0.7184608227260079,0.4143793543367045,-0.14853434942767255,0.7073974561293679,0.29291674360178716,-0.18705720598093023,0.6962710830873902,0.18331170412049572,-0.21413487070086767,0.8001279725863097,0.6571828482991244,-0.11553719387340859,0.8533682497330135,0.5346675192933447,-0.1669225847609534,0.8933436464292729,0.4465970397542645,-0.19692214767154695,0.9261856990531219,0.36241625255223764,-0.21774493752719015
76530.138,0.7278453400471109,0.9780285542127989,1.1104013852489979e-06,0.6374173748746893,0.9466474013205747,-0.06317743566087246,0.5393539365031641,0.8527619078801251,-0.10791276353869159,0.4810050302892934,0.7530458406431649,-0.14744986893796938,0.5270446972051882,0.7026830327761903,-0.187544110588663,0.5808115419491953,0.5903022454437846,-0.07769087662405451,0.5300997037971382,0.4324828489412348,-0.1270409563069835,0.4933360425988977,0.32767241491201365,-0.16407946825719982,0.4653508714762938,0.2371070218134428,-0.19376342610349206,0.6567202810061353,0.5684165359452387,-0.08337312010920021,0.6406419389646617,0.3778784932461604,-0.12665222643181162,0.631096247418456,0.25330145879776084,-0.1592855898266984,0.621806119356692,0.14197796639661106,-0.18371285965258388,0.7308997806376625,0.5952491278666817,-0.09634078792352778,0.7226697879101223,0.4172380230066821,-0.1476999061287682,0.710007246884312,0.29521120111173565,-0.18632418510104196,0.6971159844635875,0.18394356250140992,-0.21340453464322093,0.8012645901424744,0.6617854334885813,-0.11369649442361099,0.8550166231759844,0.5403413606269217,-0.16573297081047586,0.8957973065335129,0.4519676705254932,-0.19674276954294748,0.9294061867053093,0.36606208242295396,-0.21812473418274805
76530.168,0.7307473877106108,0.9775103586150554,1.0959729816587334e-06,0.6346494604344624,0.9402207326620466,-0.06550590339017451,0.5430577684231648,0.8535853302513088,-0.11057877730644092,0.4800368555619541,0.7775629735259195,-0.14944025418152646,0.47930739744012474,0.6867371584329758,-0.18779242672150012,0.5833534739322234,0.5854011546374956,-0.0791318466918466,0.5323611674224095,0.42811299261303326,-0.1307955920436412,0.49579390552634955,0.32419303382499476,-0.1698308468943174,0.46831049202360564,0.2342672099512753,-0.19915647934260025,0.6579363354059854,0.5651902314414963,-0.08341073613851943,0.6414684483712862,0.3741916374900721,-0.1278464259345861,0.6314808649423489,0.24845204880113658,-0.16311687772290354,0.6230473145155535,0.13820891151471545,-0.18899905690897323,0.731749861693916,0.5928109470343906,-0.09548115399245884,0.7249018809933803,0.413739118583041,-0.14778045981401935,0.7107726148067677,0.2936670345668432,-0.1866863178305934,0.6967944052092436,0.1821547056500196,-0.21377928747612027,0.8021157846627374,0.6610147633340833,-0.11183146608528331,0.8572180600512664,0.53825298983572,-0.16539466125029764,0.8957895036058952,0.4502292198809735,-0.19570154193937128,0.9271968916022816,0.363149545009253,-0.21558517878371436
76530.2,0.7325736394351157,0.9791919863902548,1.1117244407156704e-06,0.6355132692485725,0.9401959256288486,-0.06596723726869597,0.5470511040287565,0.8524390325380277,-0.10959164227945319,0.4856127368451578,0.7790235955046766,-0.14659578999037595,0.45369534770548203,0.6847081449769786,-0.18299055818515542,0.581443079500006,0.5854166826368035,-0.07906513816834608,0.5309017873087858,0.428130348081292,-0.12990100201517552,0.4955915239826619,0.32351887974170007,-0.1686182566025632,0.46768281974611525,0.23226468199288589,-0.19774216135035566,0.6569848841965327,0.5647914907497805,-0.08362497292368888,0.641429313833776,0.37500161656282593,-0.12804405447222394,0.6321371953587256,0.2484090935623298,-0.16406222140341611,0.6236320334536175,0.13733514626413457,-0.19075324757590945,0.7302936380615691,0.5928000098279765,-0.09615210024678206,0.7239164438702527,0.4136783152941808,-0.1494814160309715,0.7094867951151553,0.2939851072740225,-0.18961184767827652,0.6944267681231305,0.18114322822138904,-0.21776261436871033,0.8004745516244366,0.6613358559676159,-0.11291313493892345,0.8564567602894753,0.5397864127824854,-0.16853619746421517,0.8946152202819396,0.4512959980925833,-0.20024459973244355,0.9251752559044125,0.3627828143912358,-0.22113115983439893
76530.232,0.7327928588289004,0.9802727106717659,1.1386648170849948e-06,0.6384681774539421,0.9403702102477279,-0.06870921170124887,0.5529251689857836,0.8479817245199986,-0.11334467600238021,0.49495520092320683,0.7670902425328923,-0.1511631217718414,0.46835050550911,0.6801009708395995,-0.18824812771550636,0.5832659255821799,0.5853909574578949,-0.07738620203741306,0.5327929508668134,0.42959144152801165,-0.12755239799902518,0.4971649503027658,0.3257555050020035,-0.16593753258533378,0.46929132055822737,0.23445573517980603,-0.19518966933958434,0.6580766464086706,0.5641321732279649,-0.08091716895111571,0.6422138907154206,0.37563838557126594,-0.12518853538761382,0.6321169777503568,0.2502794776278529,-0.16131294854001282,0.6239936485336951,0.1390835265741365,-0.1881303190717652,0.7302751764175964,0.5914005553238375,-0.09281240369476909,0.7232454572523779,0.4139778406305026,-0.1464110427554935,0.7087568013113545,0.29494558654049857,-0.18678056995416115,0.6948252096489121,0.18299228736051254,-0.21499969947653114,0.79938050887933,0.6591941502674106,-0.10934039447920649,0.854715588872591,0.5392051548328095,-0.1649540375318078,0.8942990827696113,0.45156595667642146,-0.19690399006912757,0.9264672570667849,0.3644252533595269,-0.2180980676848367
76530.265,0.7238423402451393,0.9782181233413281,1.2002350533501608e-06,0.6333518843741817,0.947316528392335,-0.07059637832441237,0.5503705317133111,0.8533397390629573,-0.11976354797955828,0.5134341811711571,0.7545928686468507,-0.16221230963576094,0.5455179939225886,0.7049373016688564,-0.2049538235487105,0.5767226535337519,0.5894581127124515,-0.08537326560250412,0.5297570774187691,0.4312549424627967,-0.13530717629782818,0.49490938425083836,0.3280516828663461,-0.17287656459043607,0.4668657168966145,0.23629991040251316,-0.20324089280191096,0.653807320672849,0.5675382118152974,-0.0898355526740487,0.638687754477476,0.3765146846981372,-0.13440113695775724,0.6300315908818704,0.25229355733629166,-0.169586926747777,0.6229328167902592,0.1395953786824312,-0.1964359494317397,0.7272738689210871,0.596004545887376,-0.10184390094713043,0.7189180225459454,0.4161889377527386,-0.15504108415527837,0.7069652379628893,0.2964289039199435,-0.1948635735964184,0.6955508988384878,0.18400854396513727,-0.22338450914485702,0.7971361524811729,0.6640345818292055,-0.11876035946526745,0.8493376657043493,0.5417664895055696,-0.1723386437043436,0.8907545608776073,0.4545658462740253,-0.20302573315759,0.9246653005664826,0.3687446369761153,-0.22450076205590055
76530.297,0.7224677581825818,0.982690363746244,1.160387443741031e-06,0.6396854394231026,0.9524194689782551,-0.0674301401622014,0.5555563987366071,0.860728502902114,-0.1127144990826876,0.5408167261859684,0.7622316891954686,-0.1514739443001672,0.601145483180818,0.7028030834912296,-0.19015477889350102,0.5747786624476788,0.5884951913197464,-0.08253086024971266,0.5245340693739988,0.43100989573550735,-0.12894486799214647,0.49096223582914544,0.3269760145817363,-0.16333421434211065,0.464297102259184,0.235740417245042,-0.19123691257209677,0.6530995266241019,0.5649664197149545,-0.08716412834800491,0.6369358617623823,0.37408371139281327,-0.12791892501768842,0.6287205774612981,0.25132436063432345,-0.1599409251646019,0.6218323328115488,0.14176120099750342,-0.18418479709834645,0.7280514215524108,0.5937559556205273,-0.09910174424818355,0.7198019869004741,0.4152124953581893,-0.1496963755000339,0.7073094800199968,0.29712531927520663,-0.188250869096906,0.694494356417851,0.18681860788691668,-0.2153731371541703,0.7988120479180233,0.6620350008966263,-0.11570709328313156,0.8501235351642813,0.5388641742586754,-0.16791590597181777,0.8897967944681959,0.4517240594856168,-0.1975896431578491,0.9214051711772843,0.3660615781062193,-0.21777459265466392
76530.328,0.7262721059233374,0.9860630308075553,1.0584439332506937e-06,0.6394538812610041,0.9502958558780148,-0.0558299097679,0.5562789167561415,0.8513818459470934,-0.09192244641712519,0.5598147197811734,0.7499278268933735,-0.12346596099496265,0.6252102939183528,0.693685259159376,-0.1556605601649883,0.578298140726806,0.5909892234274873,-0.0715416375577315,0.5265874889133764,0.43238647564585053,-0.11306375878896047,0.4948481136600352,0.32852275781680995,-0.1439716431687314,0.46863231619301043,0.23690364940592368,-0.16984178134315478,0.6539330448762817,0.5659903466254281,-0.07999457856904886,0.6353852278516056,0.372837913087158,-0.11713921300820669,0.6278958633676408,0.24978117705910885,-0.14788680116535727,0.6217594184865406,0.14157512679329914,-0.17148554729592566,0.7275093837088226,0.5925348272866447,-0.09463290314837905,0.7206275012952306,0.4129422978999809,-0.14216276186652385,0.7091137727541174,0.2922754793821881,-0.18173326988011212,0.6977418014180441,0.18221166897212043,-0.2100395873675627,0.7991010447181126,0.6582706855143924,-0.11305418333428895,0.8539904277885316,0.5380101541531991,-0.1635678496623827,0.8933610335195009,0.4495971175518028,-0.1939615796877366,0.9256583551960321,0.364547274901747,-0.21505171718533275
76530.361,0.7275074902024519,0.987449748315967,1.046529888056399e-06,0.6403994407773632,0.9503275888417014,-0.05348880823164576,0.5573013756012194,0.8491234204070205,-0.08798645883525806,0.563886355942667,0.7482077826370344,-0.11845815926139705,0.6297957039069387,0.6935093607315286,-0.15005484651138648,0.5788401906996066,0.5899174913083648,-0.0703248931272033,0.5280916245884226,0.4306176351561155,-0.1114719778778973,0.49666585147200454,0.326297959792379,-0.142487770537891,0.4698127922239727,0.23459119079714436,-0.16857747148044983,0.6547061117185063,0.5655537278155943,-0.07972893968414131,0.6363534844213982,0.3721752994470399,-0.11652715849891454,0.6297367070844442,0.2490343629507539,-0.14767040792571745,0.624261251983125,0.1402095983785745,-0.17186804852459128,0.7286240920339236,0.5924305480458701,-0.09500931132827611,0.7218246501556421,0.41112588051719706,-0.14236497646325577,0.7112013433417479,0.290458285457782,-0.1825121721175869,0.7005200414823742,0.18109766498926202,-0.2114436784248939,0.8011483240948926,0.6584166122269008,-0.11383581541079622,0.8567168524701116,0.5362631673189239,-0.16466662374835053,0.8963979201020578,0.4472964390808851,-0.19543700674509554,0.9290761418333999,0.3623359307185622,-0.2169078176814791
76530.393,0.7280733750132479,0.9884372519909109,1.056757228922492e-06,0.6407231390170759,0.9510827850507103,-0.05317434624260307,0.5569011081345375,0.8496434537635423,-0.08746768899505686,0.5637070850299197,0.748988076748679,-0.11783394905450457,0.6313071827636859,0.6970196345974077,-0.14933980776328937,0.5795180324779715,0.588656270728124,-0.06925642667788218,0.5290671955799656,0.42885696971268994,-0.10992351197079248,0.49833640358566356,0.3236708452056962,-0.14056552094197544,0.4725568084597255,0.23174322350988433,-0.1664566841685957,0.6557821733912405,0.5640712641586558,-0.07874575730483584,0.6383702940440711,0.3707702165603723,-0.1151170975296986,0.6322057957287783,0.24804748637096205,-0.1457782046770202,0.6272683889008361,0.13995901513747877,-0.16960169219224971,0.7302080168398681,0.5904853699462845,-0.0941482902417863,0.7236565093099854,0.4089698036003897,-0.1407908672509539,0.7127296399980934,0.28951762477461984,-0.18008891460370616,0.7020720634345047,0.18137823271359202,-0.20843556522778722,0.8033855305522852,0.6565305986896147,-0.11319135097767812,0.85823323876852,0.5346286386808007,-0.1630847307342569,0.8973440453260966,0.446017701948813,-0.1931509796608365,0.9298917349051246,0.3614406841121497,-0.21414387127270626
76530.457,0.7312285717407371,0.9882403943421773,1.0478988761459826e-06,0.6409802900371253,0.9487213139703261,-0.05291768025434727,0.5587509800332413,0.8427734763979579,-0.08627145166727296,0.5749827136811323,0.7422876405823207,-0.11564984517527192,0.646307449761206,0.6920811033936946,-0.14626431781341753,0.5815580839043271,0.585775305769905,-0.0683050223497758,0.531184869422564,0.42683334161826086,-0.1088836255300485,0.5009059760080666,0.3220778040694375,-0.13978578982809,0.475202815571575,0.23034061255578042,-0.16595328933209472,0.6574196962788058,0.5605149176370702,-0.07767425865164417,0.6392703464780631,0.3681770834819354,-0.11373036675166068,0.6332185544895365,0.24616469243378422,-0.14457725150375866,0.6284556543726253,0.13845099325783664,-0.16864022355955036,0.7313428434450833,0.5869873849742114,-0.09302936938391124,0.7246719231168673,0.40642498166196,-0.13926914488912,0.7137642437093277,0.2874890162300386,-0.17895176777163627,0.703260180420617,0.17971032566481468,-0.20772630462943098,0.8040902003128555,0.6533685798426117,-0.11210652708728326,0.8590997589731566,0.5319517374813517,-0.1620256719510793,0.898475472848092,0.44374703464085,-0.1923794062104516,0.9315962922603711,0.35979360028181284,-0.21364345290758047
76530.506,0.7295749484327086,0.9905469966531064,1.0381825559309045e-06,0.6390782202541758,0.9489918476097905,-0.0525914036222106,0.5582929797706618,0.8415487042207338,-0.08572530111340351,0.5806736606841827,0.7421772297267492,-0.11493806969189904,0.6552486442458614,0.6920703378800652,-0.14570781876578473,0.5826771321705041,0.5877063908303598,-0.06872647320448717,0.5323337470932431,0.4281794232713739,-0.1092402363022,0.5021032608067109,0.32373278801201727,-0.1402728511337563,0.4761404362671258,0.23188457176955712,-0.16676968402203682,0.6584997770147435,0.56184237018529,-0.07824785551902692,0.640238959363647,0.3684833246324337,-0.11421352866241741,0.6342204870551038,0.24590818484965368,-0.14584747053825434,0.6289036546007035,0.13713317459098054,-0.17087932879164716,0.732116024346412,0.5882183381894481,-0.09362395361303989,0.7257705067038429,0.40606257293789716,-0.13979055744681715,0.7153573900808385,0.2864086586565318,-0.18059152720655586,0.7046985250439659,0.17854093153609626,-0.21047746632954395,0.8048712920621869,0.6540115369534357,-0.11263203380256766,0.8605895790755024,0.532036196727609,-0.16272654035885245,0.900157228942028,0.44328614222546214,-0.19382626060532196,0.9331401144417595,0.35943486400880037,-0.21594916516252594
76530.511,0.7298298062219324,0.9909708810285653,1.0240471719449004e-06,0.6393877983736558,0.9484822300060419,-0.051450903845827935,0.5588595412087236,0.8412506075377917,-0.08340508504775582,0.5814461548879682,0.7431887598188277,-0.1116414946147373,0.6555183244500254,0.6933340854873699,-0.14129667602049095,0.5815617043361686,0.5862749799381762,-0.0654915751047332,0.5317453898238266,0.4273813967894683,-0.10508304390719833,0.5022665302082708,0.32358555694674357,-0.13548367409304657,0.4774369782139907,0.23234680756343834,-0.16149913917941142,0.6575441770130602,0.561232360606981,-0.07524128299951162,0.6385586561614204,0.3685367352808116,-0.11037596628738479,0.6328386531811102,0.24598720938397786,-0.1417833564311129,0.6286125977670787,0.137934446550584,-0.1666978522276657,0.731542769151612,0.5881855157433915,-0.09094712658543778,0.7254362536921954,0.4082148169523035,-0.1366228619912177,0.7155458536877775,0.2898340206840702,-0.17718216427531155,0.7056553610045464,0.1824314890905726,-0.20682948420287584,0.8048099449854361,0.6539535587030156,-0.11023373921624308,0.8603531358230526,0.5326505747949344,-0.15974758212905607,0.9001141876744805,0.4447846913149458,-0.1905185687750848,0.9332807020613089,0.3613778786999995,-0.21241130977287173
76530.536,0.7295849516162421,0.9900760250219135,1.0389659937861015e-06,0.6382339250384662,0.9472331819248073,-0.052675453254442936,0.5579098250974017,0.8391665267742309,-0.08536322324564198,0.5828067573083804,0.7405990479951063,-0.1140823557938624,0.6581111555292725,0.6917174271133658,-0.1443624840582725,0.5813631511738437,0.5870592386560141,-0.0680984100904734,0.531829572738363,0.4273999612226697,-0.10820873343213777,0.502483298918667,0.3234229622022379,-0.13898465067871082,0.4775063339096255,0.23174338989332788,-0.16540381595298076,0.6572911109902067,0.5619369777992749,-0.07738416887433251,0.6384193374331429,0.3686023178346627,-0.11289717750609479,0.6333993795291278,0.24589817736721795,-0.14446448130715756,0.6298352958281854,0.13719428067230885,-0.16962327586938936,0.731199588946574,0.5888448725261574,-0.09261682868205637,0.7247917942420186,0.40774858391676805,-0.13847409434931404,0.7154275655842482,0.2887087444783641,-0.17945663919727914,0.7062633931121028,0.18099303805821182,-0.20955806226398924,0.8045584297488693,0.6545252967178729,-0.11152691312501209,0.8599573544837761,0.5331375893508123,-0.1615493213331451,0.8997334354143046,0.44504135963718416,-0.1929328269818273,0.9331156969534685,0.36165145259708203,-0.2153707889891706
76530.568,0.7298071665689395,0.9901991359862496,1.0358227018966095e-06,0.6388619959890258,0.9490484077189755,-0.05342503339983485,0.5578624494604999,0.8425201055290452,-0.08703529932477544,0.5804447109925057,0.7426090684866185,-0.11646544166581241,0.6558187736967026,0.6927529827777005,-0.14747151149990728,0.5815176677319257,0.5880261606915012,-0.07013095209814006,0.5315690299949181,0.4279915003556026,-0.11098745103682084,0.5018097843316515,0.3238675969222253,-0.14224443987016508,0.4765351770541914,0.23191528388886032,-0.16896334386013706,0.6579490208985748,0.5627992592182207,-0.07940803966860448,0.6391669496707082,0.36892511730385125,-0.11586630593687425,0.6333983855090246,0.24615883189774806,-0.14809258956013027,0.628696186959358,0.1370358467871202,-0.17367422505997554,0.7319794538442839,0.589785259596805,-0.09453760981140355,0.726057838368538,0.40831068687864364,-0.14123818542040648,0.7163990661341181,0.2884207721037593,-0.18269238722396797,0.7065118623364195,0.17988073953693007,-0.2130879776644753,0.8051184035118955,0.6560216113278668,-0.11329935554686274,0.8605587319620279,0.5339675220359172,-0.1638016867155755,0.9004006690238325,0.445275494560717,-0.19534548634692328,0.9335134987662529,0.3611488881573644,-0.21789434433344587
76530.6,0.729047782305258,0.9906005859809219,1.04397080583527e-06,0.6384702385935569,0.9498897175950516,-0.054401504835082944,0.5572815425089069,0.8438809229811598,-0.08819688022922201,0.5787228017196924,0.7436898318406421,-0.11776793252472986,0.6537722556863699,0.6924277463329493,-0.14875533340332453,0.5810761226688754,0.5888923813258528,-0.06936727280619757,0.5304859088622974,0.42946894609833886,-0.10994775922590122,0.5006281214585773,0.32507215075956875,-0.1410050456653813,0.4756216427881818,0.23310997198794867,-0.16761041316384218,0.6573450155295608,0.5632427013998791,-0.07804036939998459,0.6380027688038484,0.36988899638477357,-0.11393797835230454,0.632439425655421,0.24680860879684324,-0.14570879724004096,0.6284540938932285,0.1374118129882112,-0.17104420912714563,0.7313057993459134,0.5897308375099835,-0.09283549493750823,0.7249936235170469,0.4093612908461526,-0.13930294364813503,0.7149964957296173,0.2898820148036273,-0.1806863068775238,0.7051531789845128,0.1816019764425043,-0.21108048386023767,0.8045525369362609,0.6552130955242339,-0.11141040497058823,0.8603844553474449,0.534410979635318,-0.1620380344674342,0.9004727711830343,0.44642143125194134,-0.19389068612498656,0.9339358713747152,0.36273357030593717,-0.21666054484532846
76530.633,0.7299886880355884,0.9903372921554464,1.0385149688985473e-06,0.6386517320750429,0.9509641348856307,-0.05326058071286605,0.5549664567384809,0.8468131637819742,-0.08712315484091442,0.567623431666795,0.7477856857860625,-0.11723307719861932,0.6391688232023964,0.6979333348970954,-0.14877251358714028,0.5812494519679647,0.5901682432619897,-0.06878345655586872,0.529682285232837,0.4309937090239447,-0.10984640011424567,0.499481131966961,0.326806674258739,-0.1409499184215448,0.47460611421579746,0.23529217339123754,-0.16730243503194292,0.657339647434332,0.5653670999333973,-0.07841976148606732,0.6379377774564148,0.37143072355579054,-0.11540273713546244,0.6311685580346427,0.24800886478199016,-0.14738311996824482,0.6261694071515214,0.138825301611301,-0.17237718758749418,0.7317054709213252,0.5917631661622408,-0.09404625179142871,0.7248240485390965,0.41088782701442383,-0.14135370438035724,0.7140822488415337,0.2912358768621324,-0.18237112781312698,0.7037261836214775,0.18335283180485074,-0.21201703486579995,0.8055473039112759,0.6573973839570602,-0.11332068799435312,0.8611588377314803,0.536754062915977,-0.16397894679055325,0.9006854928909414,0.4481877285414539,-0.19535428607219177,0.9337669940087947,0.36406153529667346,-0.21748086663619562
76530.665,0.7310300200508252,0.9866169617013048,1.0487645943963336e-06,0.6403646127966751,0.9498752114561145,-0.05585954458532948,0.5482031526328978,0.8504072517042727,-0.09260503917002345,0.5398475797366752,0.7478683010562591,-0.12522495226355398,0.6099782456242067,0.7018207506203044,-0.15889479483780825,0.5845952484373418,0.5915210178182586,-0.07224772418181406,0.5331096304176711,0.4316031259735658,-0.11496028091565767,0.5016531233844436,0.3268980973591361,-0.14683748708390226,0.47574969527577504,0.23497195004550614,-0.17375684085259824,0.6592052957439436,0.5671329508065368,-0.08111313612621532,0.6398721356933467,0.3730199883181877,-0.12029285008654801,0.6319033873718525,0.24947733130393174,-0.15235567382114903,0.6251049622280578,0.13945118013057176,-0.17701209958508649,0.7323719102998,0.5929718790485756,-0.09611438542109922,0.7255672651768847,0.4134088390439344,-0.1452618927044377,0.7142510729818141,0.29194643629418976,-0.18614708648735315,0.7031927604872996,0.18381867051066128,-0.21528107844682104,0.8050759132481795,0.6583985278095582,-0.11493899142847956,0.8613007591466835,0.5385524079365344,-0.16613785428565353,0.9007544525858223,0.4494103721512031,-0.19795303974897208,0.933771714286697,0.3653430577376558,-0.2203712025389706
76530.696,0.7296615394674442,0.9899445607490897,1.1132188186035466e-06,0.6344033494930422,0.953842713784351,-0.060375155447130145,0.5376104262736041,0.8487786660767359,-0.10045972046290653,0.5061120422487155,0.7413644735269989,-0.13569011183804575,0.5711056765730556,0.7121252281607284,-0.17169502293397113,0.5809520664335793,0.5885530992564492,-0.07247378995674995,0.5331708169450662,0.42839009704561426,-0.11788580880561063,0.5008753196826622,0.32117831072747743,-0.15273274045408536,0.47617385383412253,0.22977227126776692,-0.18172469666860544,0.6570556109137444,0.5665848489113703,-0.07914736133988963,0.6392005217927438,0.3755996931988645,-0.11988485915718014,0.6318585247169937,0.2514489728886329,-0.15119355017116085,0.6259562729426639,0.14263650144241025,-0.17458508294869712,0.7327802432823041,0.5943725289998769,-0.09291264235121395,0.7249821583282692,0.4150463500819128,-0.14289278644314096,0.7152129782430537,0.2922497853458406,-0.18162119201903268,0.7060885644642201,0.18307743789556077,-0.20850775277698996,0.8074441107345862,0.6621574088809029,-0.11110688273340856,0.86141690560523,0.540862749463278,-0.16261732822597236,0.9021804535859714,0.4533701596452019,-0.19343824173467059,0.9370079702906742,0.3703521158759036,-0.21454631812524932
76530.729,0.7311402734545931,0.9903165834174251,1.0993843185998044e-06,0.6347541152639583,0.9555176357876742,-0.05804438712538385,0.5337640412114176,0.8475555120827066,-0.09765748423728794,0.4816416885479149,0.7365510947157912,-0.13285107285997746,0.5364403198452783,0.7062101398679477,-0.16893034340012053,0.5816983036949851,0.5866178476858116,-0.06909758480288916,0.5343115222130838,0.42658787290197747,-0.1140947876655465,0.5006051772343668,0.3198865006876938,-0.14872383446739298,0.47500625349841563,0.22927579562325334,-0.1776908202709277,0.6590745474270355,0.5664281725908576,-0.07659476428747776,0.6447772380751211,0.37649909743597987,-0.1168986122610468,0.6361664003338531,0.2511880962987413,-0.14847245099303766,0.6280077149683908,0.1402528848808072,-0.17250677672700152,0.7341991782632133,0.595828600230543,-0.09108923761150818,0.7273613979117137,0.41745021550166633,-0.1402006925007316,0.7154338664412323,0.29442472881157794,-0.17901841016357173,0.7040273508176348,0.18341170304535592,-0.20657503300274238,0.8054473886361136,0.6653976438034467,-0.1097304508181352,0.8601912139860609,0.5466163807865981,-0.1608528426437991,0.9026478879226608,0.45946454280342786,-0.1926464949207512,0.9388581736558474,0.3753192364608258,-0.21484936691419007
76530.761,0.7319364726587312,0.9884433192042457,1.0535357462785053e-06,0.6325864517800384,0.9471552041542693,-0.059182907764467475,0.534409137608597,0.8505667423805882,-0.10039391686063347,0.4717909057427987,0.7603441377611126,-0.13681308491987032,0.5003616388528621,0.688641746917443,-0.1731750350847697,0.5848232608702901,0.5877553106892773,-0.07125819068166496,0.5368955459895287,0.4277190813633625,-0.12101049368419278,0.5018253714316423,0.3222401506977619,-0.15910914741705584,0.47480408644500033,0.2315579637609201,-0.18864732415193147,0.6612558101847101,0.5681086880388228,-0.07828549152223728,0.6464848257686571,0.37713294192508845,-0.12192991417913535,0.6371652944572018,0.2501552361535175,-0.1562413578366639,0.6287619362513621,0.13812196646378933,-0.18158380789601802,0.7364245512775496,0.5966275933957064,-0.0927301585423913,0.7306167900802661,0.41693081173806107,-0.14450940895322945,0.7176961338792198,0.29575712690417105,-0.18340636953539374,0.7051523865676239,0.18522580602421207,-0.21038074215970085,0.8074667124199357,0.6665022002217226,-0.11110927045868113,0.8646232096500285,0.546468457423831,-0.16384271037777146,0.9046315140577325,0.4586682795503665,-0.19462300801170085,0.9382728679233518,0.37186600910463247,-0.21513792881215682
76530.793,0.7338214475783353,0.9866302357125581,9.79776957997811e-07,0.6312005534385313,0.9422331367438198,-0.06029566174952304,0.5329606650119957,0.8451880598946461,-0.10112297482748321,0.4678149657754744,0.76040961537907,-0.13665636574648768,0.4757440361017359,0.6639547965853816,-0.17191265171103165,0.5858359116242673,0.5940149646858636,-0.0743969503641962,0.5370951980031556,0.4382994610373767,-0.1278709053504794,0.5003889596366957,0.33654463604375795,-0.16927159224671565,0.47081123149068566,0.24624382854973317,-0.2003612682202912,0.6609465650961719,0.5693604981561217,-0.0802170601670496,0.647458905610301,0.3794686872003321,-0.12492871644013673,0.6384258081154344,0.253426536920728,-0.16006115120915984,0.6286361964290006,0.14077868016963077,-0.1861054081451826,0.7354602820435834,0.5942886356658521,-0.09369622752935827,0.7320770986424086,0.4158037709714931,-0.14603889259900668,0.7202070316016296,0.29557051147582947,-0.18443959957486575,0.7071586009977293,0.18487657556890857,-0.21113621549348988,0.8061531130180926,0.6609503500212217,-0.1111396647237673,0.8660968605505818,0.5419882396977923,-0.16553395567591347,0.9062810964876207,0.4550250952119091,-0.19628523464632244,0.9396971457691212,0.3699418481916512,-0.21626013522421852
76530.858,0.733911054204208,0.9896094318342586,5.657314731105615e-07,0.6304444697670657,0.9404635285348663,-0.046448844387767384,0.5334241212416715,0.8399152692257041,-0.08460679829138984,0.4670593896631188,0.7538618688236918,-0.12359690301318976,0.46083809937381615,0.6524067793834147,-0.15974757563610423,0.5972869182021591,0.603150124966076,-0.048566222295236036,0.5490178881586667,0.4629195742168801,-0.12389460409417573,0.49025811914545137,0.46706747669268156,-0.17989918131377727,0.4492993196638853,0.5087443529752546,-0.20816017130227066,0.6644285578644149,0.5710856097730915,-0.05947434039368891,0.6522202580916538,0.37898296256258085,-0.1035151051803951,0.6337020444380571,0.2512414633193104,-0.13322410448772862,0.6162294867675153,0.13943838673542402,-0.15168888443745765,0.7359344504941637,0.5917568869884595,-0.08149303709862603,0.7365755012236986,0.4133821081291686,-0.13255343779504986,0.7270438826188151,0.28814863454431244,-0.16240995808094816,0.7130480606218544,0.17651963290433617,-0.17862816158255015,0.8064502109423992,0.6599101272956117,-0.10726153284170556,0.8703814669506187,0.5403075840897467,-0.1549319618282301,0.9123492094473539,0.44987042820846523,-0.1732534699074397,0.9472412613774426,0.36567764127597696,-0.18077348938203908
76530.89,0.7324947563518257,0.9940294479490771,4.613927282100917e-07,0.6290118040115578,0.9408528583392093,-0.04452950898385852,0.5328930179425987,0.8390105097923488,-0.08244667644730846,0.4670713331537646,0.7513800487452283,-0.12202738845630587,0.4595679971130705,0.6491406992777646,-0.15843283586726184,0.6012517971476106,0.6038908133584339,-0.046097467565757305,0.5561931244583034,0.46089596396170407,-0.12207165314227028,0.4944915490156228,0.481663576509944,-0.17850160440565688,0.4519281222110783,0.5412735358355794,-0.2060716538722959,0.66698617514145,0.5739322278650336,-0.05744479658329447,0.6544997450863003,0.3818545671595725,-0.09838854644939789,0.6315797458669659,0.25717756978571815,-0.1264534994703739,0.610835392927914,0.15014981171273226,-0.14441938347453884,0.7377288430849738,0.5949663676626233,-0.08011690603310861,0.7415044633079845,0.4156384562282244,-0.12752011965189036,0.7305802610555965,0.288171137270682,-0.1553868776996979,0.715581494426147,0.17761034682408558,-0.17122879805560462,0.807598537563972,0.6628344931391892,-0.10669406675456698,0.8736997290776221,0.5426880370364331,-0.15222487423310488,0.9168871911809883,0.4502999134430759,-0.16943411903746503,0.9530875493908609,0.36588710922520357,-0.17637898240774036
76530.937,0.7328067695248226,0.9986596532576766,4.4748531808780455e-07,0.6299270036851315,0.9449846581230774,-0.04534712147247726,0.5336829393280539,0.8430909328620412,-0.08411451594322149,0.465604890308793,0.7540863519855889,-0.12444520682437693,0.4612693295761742,0.6515241181583863,-0.16156338593805,0.6000112656451079,0.6074583504494521,-0.04915902319453507,0.5550165372196451,0.4452287747610184,-0.1251065485366312,0.4938189798368364,0.45996974863477424,-0.18015347131556272,0.45212175820165856,0.5209004815753518,-0.20660859418085809,0.6677545360066807,0.5793084032400084,-0.05914534994356174,0.6544360459403437,0.38389978688433646,-0.1006619727657406,0.6285629070162695,0.26249836815473254,-0.12967260046497375,0.6039745570865572,0.1614001977309391,-0.1484290747554614,0.7404455331626645,0.5996283241482381,-0.08021817952688308,0.7461172073964488,0.41806509679459875,-0.12802042470764563,0.7359212784207814,0.2902640326565144,-0.15723364932112305,0.721411835673669,0.1805648857272608,-0.1744740069699298,0.8100797835826115,0.6661136275698768,-0.10497221282253925,0.8785470171490096,0.5473731911698293,-0.15209406846170523,0.9230684002561704,0.45561160551827223,-0.17167387371767995,0.9608407005049363,0.3710998804561689,-0.1803770654699461
76530.943,0.730754559988745,0.9980380182027925,4.5646738391593124e-07,0.6285901458658545,0.9441122325797632,-0.04570994479084218,0.5330849343480951,0.8429418847579668,-0.08484605289816351,0.4652659819896134,0.7538965200101186,-0.125548732941867,0.460525714295128,0.6509156343406901,-0.16303254704823006,0.6007665504520422,0.6064630018462454,-0.04923633432117031,0.5553394937208492,0.44288597750552366,-0.1253649778951849,0.49408343722478054,0.45624547789443326,-0.18052164571761461,0.45229810302867657,0.5170421031345348,-0.20689570769840038,0.6681477793323053,0.5787814218869995,-0.058897529232621794,0.6549173187550317,0.3830643862299558,-0.10024750973880574,0.6290475237126635,0.26218681537120914,-0.12922133843458422,0.6042231844612819,0.16179311921726888,-0.1479695993693458,0.7408150483485046,0.5988013723173067,-0.07970400858632332,0.7463171321335813,0.4174333210633873,-0.12730193256486416,0.7359589407315136,0.28963750194688753,-0.156466228904456,0.7214888148672196,0.18006149935846372,-0.17372354316496114,0.8105658829692618,0.6647784730667278,-0.10426562154850758,0.8793152172913101,0.5459576042601486,-0.1510402905661181,0.9247270127500282,0.45441742907886173,-0.17051850100361093,0.9635535780047452,0.37038874414465756,-0.17918195145192586
76530.97,0.7346242963288638,0.9982104855919306,7.222950671407523e-07,0.6315731054188092,0.9470665147561907,-0.05341048989046524,0.5368957001976402,0.8447001938555214,-0.08882761072587106,0.4697396897370352,0.7559101682854024,-0.12098516494827907,0.4518988359493123,0.6564557137087936,-0.15275107995969536,0.5929557463230696,0.6092866787428679,-0.062018430436611774,0.5423605822004269,0.4478287309181375,-0.1151118669727088,0.5025767886756891,0.3604240164673696,-0.15586873693348946,0.47018581046712327,0.28694421745518356,-0.184584372621926,0.6668115653476827,0.5816185772302905,-0.07004438207677864,0.6451047754943603,0.3961570847206745,-0.11406383343292814,0.624273443901282,0.2777547930082114,-0.15172319379778695,0.6020681899163121,0.17382381557635615,-0.17940560896011487,0.7417877893587113,0.5988380672116306,-0.08568476252287015,0.745432693781885,0.4206855621016065,-0.13924521498105902,0.7379950657384626,0.29641849460515574,-0.18112519246742476,0.7258005815756584,0.18457264862182537,-0.2097317171656759,0.8142060805902196,0.658982294904235,-0.10443914978481639,0.8843918768014994,0.541884814494938,-0.1597826555172512,0.9308509229456263,0.45422111293934775,-0.1919984730730248,0.9683337904891133,0.3724129740439969,-0.2125119414242297
76531.002,0.7332448433793671,0.9919529756857626,7.379902035550969e-07,0.6285204149438957,0.9443972397122858,-0.05286166810577806,0.5352191744679758,0.8379593046619433,-0.08659502538074501,0.466760612912661,0.7479595275594244,-0.11727727259818195,0.4574436009989326,0.6486636316781046,-0.1480814312916202,0.5897877774472108,0.6094336572191142,-0.05912245250955188,0.5362818572260516,0.4382611332884944,-0.10663977888620818,0.5005790790084028,0.3340693800482703,-0.14370540670649484,0.47282211171700017,0.24548390326773364,-0.172471758799512,0.6626080564086542,0.587845759206244,-0.06676329880602505,0.6273645424979843,0.42072667684715814,-0.11242972357833944,0.5980941454432918,0.31499209909701714,-0.15174455463613457,0.5679871480446068,0.22191041224935337,-0.18075704249875316,0.7398214418998464,0.6043754488001164,-0.08160535954944524,0.7420616205309097,0.4299161582601106,-0.1381174090616253,0.7368967547225039,0.30678815215776567,-0.181213936611592,0.725874561012831,0.1926649086680045,-0.2106962683988636,0.8155629946233992,0.6604554568453914,-0.0991684253702183,0.887565732917261,0.5404810043288322,-0.15905399052956834,0.9361727664409185,0.4523720106449765,-0.1941099776038524,0.9738187775696514,0.36792237858126703,-0.21661646090982153
76531.032,0.7294255481562667,0.9889379104759454,5.908198893191577e-07,0.6282665258067336,0.9487212487711597,-0.05157359941821921,0.536481930951413,0.8288667003842966,-0.08532352468631411,0.4724147337623116,0.7351509808980223,-0.11642623581162682,0.4633494137454745,0.6378306998970514,-0.14742359769960883,0.5976252757602187,0.6110774630706306,-0.057504374122683895,0.552458723762198,0.42714659741474226,-0.10257196745657567,0.5210719117707933,0.31535285309632705,-0.13912175518544295,0.4942930211445039,0.21646289069260027,-0.17007831065052514,0.6643557502304428,0.5924853278640749,-0.06701212099217535,0.624891129429897,0.449500541406,-0.12885188132510486,0.5774318807795688,0.38964874708450914,-0.17038599928571682,0.535503560186619,0.34418619117482263,-0.1946996035411127,0.7382642774485692,0.6078736496684406,-0.0835924034641048,0.7400999074836707,0.4364835008889446,-0.146308654817871,0.7269078611508861,0.31650113226106164,-0.18470056679771987,0.7100858177692815,0.206384262822853,-0.20883865728269035,0.8131975810311048,0.6606589139309268,-0.1033589999909827,0.8880729903264803,0.5408268816398145,-0.16440184361131968,0.9350071800367936,0.45294657016147627,-0.19767833887295352,0.9710167913346465,0.36623593783640207,-0.21879232556861267
76531.064,0.7278901786015667,0.9911005050185155,4.719394645211656e-07,0.6272236591437073,0.9527874879738042,-0.04475566609031537,0.5369437469591406,0.8251908708276061,-0.07720825525510476,0.4726133764243844,0.7336597945849399,-0.10954117532126503,0.4634310884452909,0.634757751078347,-0.14172885713665442,0.5932484212608546,0.606356434550429,-0.0340927887779431,0.5591654346049697,0.41757335502882487,-0.06989529190529001,0.530690160696384,0.3106185647720776,-0.09869937541392229,0.5144404678582909,0.20715488350773034,-0.12633156330212908,0.6626955621056276,0.5952859873349167,-0.050835612290603585,0.6255101343797904,0.44060489301482036,-0.1358287655900487,0.5698902016337827,0.4516970130610792,-0.18442546533455167,0.5389647706039375,0.4879479795111157,-0.19962904233974552,0.7364571905360809,0.6120150653748284,-0.0746012000362318,0.7401582225561152,0.43805788661929435,-0.14244054288001146,0.7193281343876133,0.32080516333162284,-0.1842715920672804,0.704770300460861,0.21572262744737794,-0.20523816049942276,0.8126963035366112,0.6633457827124397,-0.10115639795023268,0.8871760669696358,0.5437701036401555,-0.15432438638695092,0.9322174550971051,0.4559627940943174,-0.18661598986928873,0.9693119641897434,0.36786793143927826,-0.2073651538444537
76531.096,0.722575228754856,0.9879709973529247,2.2806339461455138e-07,0.6235355908373417,0.94895648761255,-0.04136890290598779,0.5329547411277805,0.8218596485237428,-0.0721133839735977,0.47162961753819643,0.731483015435804,-0.10308361351803862,0.4674182817678764,0.6297169529189647,-0.13279796416236508,0.593122403615771,0.6058370613247309,-0.0376580515206523,0.5732634312277038,0.40516991495767835,-0.07560879792297909,0.5458034830805549,0.3041406064078066,-0.10094217132174409,0.5281661526366797,0.20528344860823616,-0.12527250881579327,0.664108099538544,0.598056382277977,-0.05617347551824094,0.6229035349283548,0.45106585430103446,-0.1523725898541071,0.5560415049561813,0.5057737260147006,-0.19758292699106567,0.5222565699802144,0.5775411625153358,-0.20585669862663383,0.7380871133713854,0.615482934633533,-0.0817720408604165,0.7452470561868835,0.44581108680614034,-0.15747967123887735,0.7193885529674882,0.33782921865343857,-0.19864687293800395,0.7046607915837955,0.24139925273913848,-0.21599068665284718,0.8148646044782865,0.6616746436630175,-0.10913816035585681,0.8875080232327958,0.5397926593364862,-0.16591718586329693,0.9319726386635028,0.45346451804148563,-0.19880092971963678,0.9700143615400969,0.363842395225198,-0.21814740965678855
76531.129,0.7275797933546823,0.9905084448371992,1.974589891056833e-08,0.629441229434931,0.9508305055790929,-0.03608423257850663,0.5350113588032772,0.8239104764201062,-0.06339291336155559,0.47515809469002707,0.7302336230673796,-0.09234356405041196,0.4624439580243491,0.6295073696467933,-0.11962915898121196,0.5995526428648331,0.6042585960422598,-0.02772266218267224,0.5787189739887092,0.4059511046742179,-0.05804507274215097,0.5505554974974031,0.30486034262701234,-0.07228785528986956,0.5326243123245943,0.20784768226560482,-0.08936121501237801,0.6716129534592219,0.5992499895647316,-0.047786120396737214,0.6148226133174386,0.48101498907496093,-0.14437730152718017,0.5520251316942801,0.5752833919973102,-0.18129852063603538,0.5270628401286223,0.6613486429443198,-0.1818843619600921,0.7445887046932257,0.6169092018396126,-0.07537128717492844,0.7378284269776055,0.4663568805545937,-0.15527973426465597,0.7056575177086836,0.37338595932371693,-0.1927973365472097,0.6880246153890591,0.28178921808135066,-0.2054209916548167,0.8205588114541489,0.6573550629351028,-0.10353254774089894,0.8839789578500314,0.5316243796515329,-0.1610178866644558,0.9282882038778211,0.4485037525656207,-0.19172535211585295,0.9655945823907267,0.3584755890627548,-0.20889119094435943
76531.16,0.729977647845507,0.9941354707769124,-7.1770947442796e-08,0.6312442368021943,0.954915939943472,-0.03966279063119673,0.5366091879324087,0.8300604760910971,-0.07421433980785434,0.47689462211125544,0.7376288791011154,-0.11118917466634151,0.4614841985737678,0.6260808312220199,-0.1466683720208593,0.6028126811756239,0.5995979910439209,-0.032239013108373155,0.574512212548524,0.4084781479460655,-0.06743466189065284,0.5474275595969703,0.3024351776342085,-0.08391115589921144,0.5297829489489004,0.20618293274733737,-0.10130724058578705,0.673308932992035,0.6000759352400151,-0.050391610138752374,0.6103674342775832,0.5268313636882036,-0.15696012229044481,0.551735035023638,0.6622530244400191,-0.19218871410877503,0.5249125830973961,0.7722974863508268,-0.18729718817000493,0.7470664876066494,0.6166684626639147,-0.07676052144547366,0.7328785425555869,0.4958441400230911,-0.16245341741058025,0.6897809572181536,0.41717739505130724,-0.194417160678913,0.6579810260972598,0.3311138263744141,-0.19990164527790455,0.8206557081282673,0.6564474649272928,-0.10386552584280045,0.8797733056401422,0.5315877386639827,-0.16051803447299065,0.9225112637481165,0.44818979664344705,-0.185123629273361,0.956837640905388,0.3538936717342292,-0.19605842377467392
76531.193,0.7331113094876143,0.9992889455718591,-9.498803581122644e-08,0.6317398150279411,0.9585121231939131,-0.04167112824437993,0.5371871427166532,0.8336469993661811,-0.07516348964787878,0.47668385142803255,0.7413176112506352,-0.11009991128045209,0.46123968371449997,0.6284976880477368,-0.14304164166581845,0.6042972409836258,0.6093296499401462,-0.039934540531614666,0.5712527924878712,0.41693193592764516,-0.07843834294416514,0.5450144293675776,0.3051579476415035,-0.09708997566628351,0.5269103620037222,0.2060494240029211,-0.11435234564054952,0.6732738014796001,0.6098770719707934,-0.05394999450791084,0.6129574935653735,0.5380958502457889,-0.15868314177453743,0.559059819143594,0.6690227085799503,-0.1942241045150669,0.5318462525227347,0.7818338461338854,-0.19106411946916757,0.7465424210957442,0.6246427371238226,-0.07536051196710801,0.731832104816824,0.5125249513052134,-0.16100550231742203,0.6808694775291153,0.4641393653956249,-0.1904138093094468,0.6398589222322174,0.41164655057893373,-0.1928594193482742,0.8184653748294283,0.6611234734641495,-0.09772375671910015,0.879349383001406,0.5380416407941079,-0.15497906455568655,0.921859432295245,0.4523681779844543,-0.18002246970273866,0.954927162282015,0.3611163099675052,-0.18977285664240265
76531.257,0.7257039854044752,0.9930110931340267,2.1911341130677023e-08,0.6275416751969968,0.9514820956042135,-0.04455728463967337,0.5336609211322567,0.8322305106805937,-0.075361616521497,0.4714066216953949,0.7409265097604516,-0.10547263394205927,0.45782061562057663,0.6342122078611993,-0.13303262727572726,0.5854271610013781,0.6212519031225169,-0.04567658309196534,0.5430075453743402,0.43803174152770746,-0.08424229203834925,0.5170574668656656,0.3355285035107254,-0.10504169271298498,0.5066886699910713,0.23691629622204247,-0.12429995818671863,0.6570342757113478,0.6107907172472968,-0.05700322101882233,0.6124749010442617,0.5035223889689642,-0.15146532676299113,0.5582194116602651,0.5908805589146233,-0.18825759519962157,0.5286679734258202,0.6751010151279737,-0.19201023242503387,0.7330871120459688,0.6235754131584603,-0.07555469456622957,0.7260489622927595,0.4901066040728711,-0.1563008819416112,0.6819454059992407,0.43175393559170405,-0.19032813190804412,0.6478360169542458,0.37561908805979527,-0.2004164950559864,0.8092172006986887,0.6600308033264447,-0.09531361390243696,0.8761873164723278,0.535028623745974,-0.15496024076842443,0.9192455607275494,0.4523296485496988,-0.18691376360877815,0.9533704273519457,0.3675119227777338,-0.20411514912512077
76531.289,0.7221874945833446,0.9977388819720553,-9.605771657313135e-09,0.6258283417335108,0.9398949500880355,-0.03469532629650539,0.5359560575071172,0.8334571561599009,-0.0634836824626896,0.4660777773771223,0.7439226044236787,-0.09633959461822325,0.4494295399984879,0.648111072859005,-0.12795463243492342,0.5977635323835367,0.6528499765882628,-0.027158343669059632,0.5365349040165425,0.5443209560762883,-0.0914802772555522,0.4896834417522014,0.5702289129227167,-0.14003853029190327,0.4610497739465673,0.6103688342047511,-0.1672926474768377,0.6584689613102062,0.6189611900485146,-0.040817916616241,0.608524363471603,0.4750109874173645,-0.08540123278812017,0.5672111704680141,0.40177658077729667,-0.12013819292987965,0.5318446013500876,0.33164644519423775,-0.14430382862196012,0.7339249986193738,0.6238505339323587,-0.06465180616449864,0.713872729480958,0.4711204378839506,-0.11952745562132766,0.6828724285463451,0.3729873831132027,-0.15756846714196782,0.6517715661967568,0.28200610332260684,-0.18140480389632188,0.8113645156621868,0.6672411678570968,-0.09041906524855194,0.8763226291159566,0.5476210347178133,-0.14051577928839687,0.9219406729730715,0.4596476969155262,-0.167875207532502,0.9598245875788505,0.3740525558847742,-0.18512445986416512
76531.321,0.721357284332343,0.9946855731203144,3.8817072049626144e-07,0.6246152209022648,0.9456357268191994,-0.03476655971673625,0.5354824048015889,0.8434471003229285,-0.06435317698327185,0.4717087237472729,0.7617856723908595,-0.09760856947232321,0.4498971857267002,0.6752789039180442,-0.13051903000735968,0.5985195655978567,0.6515562729722127,-0.03028912980874773,0.5333055431480955,0.5621928133317051,-0.09796671261784262,0.4794754087834073,0.5938086328275245,-0.1502878540312633,0.4472010425876154,0.6451811775652095,-0.17767357929199878,0.6583091944446408,0.6111800133748145,-0.046477517896415584,0.6219580968945356,0.4394994189002619,-0.08925076161759073,0.5903885956506676,0.3312890078255961,-0.12281764333036942,0.5654481529938323,0.22879216131258145,-0.14424296023039077,0.7309236990161734,0.6199833499686064,-0.07265411533468527,0.7160002121226525,0.4538896916153225,-0.128282127380542,0.6917354022195622,0.3378292325292352,-0.1668885206911199,0.6702914420234585,0.23075509381639675,-0.18838693091776587,0.8031270166253719,0.6769278785224351,-0.10066102352372247,0.8676180975545298,0.5558013036885894,-0.15025002789796993,0.9180118071623458,0.4689196462737072,-0.1717903720483107,0.9632567750762298,0.38862476256181816,-0.18260546127226238
76531.371,0.7261695230680332,0.9915297763773253,6.277225019559999e-07,0.6249245731927139,0.9473592666055846,-0.04462187588620647,0.5338898121363783,0.8462446548553881,-0.08173615538726338,0.4665288117948508,0.762084415752276,-0.11808864051907227,0.4421791743532905,0.6697585237308477,-0.1553352769614651,0.585301363993563,0.6398495646818206,-0.056884493485717516,0.5256827844628047,0.5157902996915873,-0.125579173437564,0.4738472720613541,0.47584863794526544,-0.17822897665040763,0.42795225819140265,0.4564901203072158,-0.20939795415458487,0.6535005309567633,0.6100656778882411,-0.07170014350100865,0.6236852683886525,0.42800610552984303,-0.1211074364995337,0.5938353857836016,0.3116845280602248,-0.16118368237439595,0.5637207011629741,0.20496161607360935,-0.18836253529429764,0.7271377299691236,0.6326110455807206,-0.09493836676371831,0.7154279650391037,0.45967732822631047,-0.15364370417228446,0.6947100837317232,0.340527529423393,-0.195893221872164,0.6728427322820647,0.22677060201147067,-0.22250661502715485,0.7964798896248463,0.6993063086351988,-0.12021544759375893,0.8503989882057441,0.5793699456239159,-0.17571671678638423,0.8941148995565594,0.4937458863990999,-0.20316373887539974,0.9305127376306858,0.41082268463308264,-0.21965750839262632
76531.376,0.7310216234174587,0.9908705465777143,5.700376826917243e-07,0.62858597588166,0.951215791870008,-0.04247173225604442,0.5334905743191599,0.8512563901820392,-0.07571096846428542,0.4648761739416395,0.7656488821465054,-0.10792557933915711,0.4471769775251716,0.6717096158370811,-0.14081600645376569,0.5844108277037883,0.6381102338022834,-0.05096599390259141,0.5260179559005237,0.5118535460437306,-0.11392629840352166,0.47563596978546324,0.4673401107660394,-0.16288117734648996,0.4318340410986546,0.44277217825211435,-0.19266632442469944,0.6533731668755308,0.6052013141613379,-0.06549770772537086,0.6232010817219796,0.4281504266826375,-0.11007173730623986,0.5918940153330957,0.31262988209766696,-0.14863676948388846,0.5611666658749036,0.21040517935134828,-0.1759066593660546,0.7271321191446062,0.6270414070457416,-0.0882034290730191,0.7189507888296666,0.4552758759354525,-0.14322001884820168,0.7004898719960638,0.3390559937190521,-0.18539968428374548,0.679846125648501,0.22970634561000627,-0.2130211019314825,0.7968268811364617,0.694491014198075,-0.11270894526807018,0.8542733976887811,0.5799786707199824,-0.1675971414592855,0.8946089003624186,0.4928101950386357,-0.19703296161409953,0.9265389131050488,0.40697462478081475,-0.21534976027596034
76531.402,0.7257120286633975,0.9928069086744037,8.631988091554683e-07,0.622533894006511,0.9487605962756305,-0.0590398199195797,0.5317866671480629,0.8488251363770024,-0.10291394666935294,0.4677027881589367,0.7644202319100324,-0.14134898325538925,0.4441895736020594,0.6632064980258311,-0.18220820810437768,0.5773615385147093,0.6188942526123948,-0.09261795071703885,0.5272680899733643,0.46754317293718933,-0.1577506471945384,0.4867526569995371,0.3768998702203693,-0.2067618444554871,0.45073675575858774,0.2955136635090771,-0.24268919293855437,0.6503036948413935,0.6059619737757962,-0.105626343088219,0.6204459891181002,0.4276340940849462,-0.16623481830522996,0.59060688196533,0.31494150761921536,-0.21502420969806918,0.5599672449915089,0.20901332379360796,-0.2500430517640715,0.722248318455107,0.6457325287679491,-0.12457735464201006,0.7132736638625151,0.4722010628011113,-0.19284075819851004,0.6962281443807109,0.35751245986351665,-0.24090455881444234,0.6760620393619817,0.24514190410754383,-0.2734293869403572,0.7872783753196211,0.7272316807963981,-0.14579535206406977,0.8277314885019615,0.6157253377454522,-0.21571198169400652,0.857369715166459,0.5317914849135659,-0.2527002922022178,0.8812360297081604,0.44616989697165227,-0.2761604990621761
76531.432,0.7318793684240558,0.989019455789991,9.601539327470182e-07,0.6284657246078194,0.9446789716721513,-0.05814964386630616,0.5324404907772564,0.8508732988873884,-0.10577644003174598,0.4667777270794605,0.7697912533844045,-0.1474115834828433,0.44401850792363173,0.663281594634453,-0.1910392949359,0.5783426250118463,0.6325112394924128,-0.11395975681573252,0.5299471323418555,0.4527293318488433,-0.18322308245768754,0.4945445332667476,0.3472647659286956,-0.23040348462440136,0.465439987673935,0.25388411140131095,-0.26469631021059337,0.6456827549102085,0.6320208006813964,-0.1286627898615032,0.6094219200400026,0.4482112752217661,-0.1967334909141306,0.581250111554546,0.33549929744360146,-0.2434329587849254,0.5547082261560708,0.2292593884381627,-0.2757576983835723,0.7147299734489913,0.6772778154733737,-0.14775611141944803,0.698561573425352,0.5160579214593792,-0.22132505313240688,0.6822783807584495,0.4025494973820109,-0.26462473426541244,0.6655218319676791,0.28837230976059436,-0.2930334501881915,0.7818058639525822,0.7570661652178812,-0.16883261022701843,0.8092719856159692,0.6471186176282416,-0.2421113465766857,0.8341223862065948,0.5687648446051001,-0.27540010502475587,0.8540088631534326,0.4864981980166085,-0.29557353737269026
76531.464,0.7311765099770718,0.9941591427976851,5.072449297024749e-07,0.6217476809941695,0.9417848608821311,-0.039592052148916236,0.5292937357573073,0.8325148571621,-0.07833147241679941,0.47114663200175794,0.7526628987739161,-0.11698083349470714,0.4451084079392931,0.651657813828925,-0.15734911510947033,0.5857084001590633,0.6375565923335583,-0.08392745690263712,0.5386323595738748,0.44267992404541173,-0.13655711298963158,0.5130289661300622,0.32817520272934814,-0.1736554135949066,0.48947069419488315,0.23083959440435808,-0.20317114462215963,0.6484179063085325,0.6548316149323286,-0.10450945953382362,0.5994662159022527,0.5277670936263344,-0.18579817042131277,0.5326554446144887,0.5024330079505618,-0.23563166104981167,0.4735151427431882,0.48933793876432174,-0.2621313183977855,0.7136900041534048,0.6988397199128701,-0.12722322599307995,0.6882666659153447,0.5826038577803019,-0.20202888810233907,0.631997034031581,0.5221757420246901,-0.24084321855200808,0.578824870960089,0.47218372262562897,-0.2609703067377487,0.7794399410710702,0.7645864418180723,-0.151023427319463,0.7923178803569715,0.6560800075152005,-0.21281754548145368,0.8064813741067225,0.5862107797850921,-0.24068643843402301,0.8192786457134886,0.5246098723867495,-0.25593681581000594
76531.497,0.7297521330766511,0.999460910058086,4.6929437889664413e-07,0.6200348439909142,0.9483720085585601,-0.031390480508214184,0.5315414886613692,0.833719304368595,-0.06103151412158746,0.47543788865095216,0.7498563230926637,-0.09142265747169451,0.45467689269573414,0.6525282394581288,-0.12368262184214728,0.5793160538991557,0.6295642629579832,-0.05529458817469135,0.5400358955768862,0.4451918240469499,-0.10006746196841727,0.5218996090208393,0.3316833788164982,-0.13640430446943388,0.5097525299913582,0.23577355523004026,-0.16789798529622021,0.6479571000081774,0.636649794998523,-0.07949940142419246,0.6155852236927624,0.4857457151644196,-0.13592011740118962,0.5789810389688196,0.4240091028566213,-0.17922921115477458,0.5458544917666321,0.3808575521547739,-0.20784867968296222,0.7164553338617871,0.6827498634046361,-0.10712714937461339,0.6958411662102624,0.5432840397179985,-0.1659219815585562,0.658439453583437,0.45810721180757774,-0.20687802262468274,0.617168577236016,0.382290145808602,-0.23619949383632458,0.7870787779442974,0.7603543635967338,-0.1354284899149108,0.7789816176908736,0.7151115445144791,-0.19542993515624715,0.7497338526705698,0.7020617996564193,-0.22354637249533868,0.7120667046175966,0.6891741046120424,-0.24248944929354188
76531.528,0.7286201028599224,0.9870047676330121,6.776307026028824e-07,0.617206783425046,0.9385705104751039,-0.04517627124292078,0.5259111750213914,0.8417390707603981,-0.08188335568049998,0.46554694512882466,0.7570973116374884,-0.11589804281914927,0.4481684014160589,0.6547885571194133,-0.15239608348315942,0.5739881731793602,0.6178476553390395,-0.07739398447790181,0.5382614271711414,0.44429506389750334,-0.1334538225174717,0.515331162333879,0.3352413291151874,-0.17496915988084566,0.49827004871690045,0.23994495639729602,-0.20699458626729753,0.650177229816364,0.6108112869561406,-0.0973010328351753,0.6132885688795633,0.43357326064305335,-0.1454579283239488,0.5894526756158159,0.3197888932990985,-0.18557474760524584,0.5656054727561557,0.22214731694387255,-0.2161298101171756,0.7234040679938972,0.6548018487583761,-0.12200522354203829,0.6996986469243708,0.5053163504956347,-0.1810447519045318,0.6675355966991304,0.40099770617449504,-0.2241664500192281,0.6324590264671851,0.3078876819395993,-0.2556814633691355,0.7927742851993743,0.7358934101940741,-0.1480387154749356,0.7593782508733856,0.6941100786099459,-0.2130624292264805,0.7254945643425034,0.6911844978940029,-0.24096261061392155,0.6915506524566034,0.6898787068110264,-0.25851286540720264
76531.559,0.733311294423193,0.983625347686827,5.631182752992058e-07,0.6208178439258083,0.9374855464860549,-0.041339141171740264,0.5263320857852692,0.8354144938035608,-0.07249976773083167,0.469575599053851,0.7470607441621208,-0.10184525582220495,0.4449600571628175,0.6476150815015489,-0.1330421877939829,0.5792452271386197,0.6136903999662846,-0.0567413952192834,0.5350860545299876,0.4782782402172732,-0.1086111307032662,0.49489456722330977,0.4024866716957836,-0.14829744267616007,0.4531859166942805,0.33468207588052634,-0.17873102574058453,0.6530674648414649,0.5986406984412759,-0.07786945484547816,0.623835074455617,0.4152473008328994,-0.12167544304892547,0.6009857373194071,0.2932710627056654,-0.1615860669134676,0.576528769278511,0.18528411094471925,-0.19137675383987943,0.7224885840338069,0.6428270566132342,-0.10505783669383517,0.700596350179513,0.490144793571946,-0.16312024889901922,0.6674055936992045,0.387132949618848,-0.20920121499137184,0.6310997109694331,0.2913920071876508,-0.24089781280389247,0.7891959893102315,0.7260772971835575,-0.13313145182196515,0.7637576018535661,0.6747952398147353,-0.19507759097850952,0.7328451124069257,0.651262257283041,-0.22433290706383496,0.6975135484409855,0.6273135030766565,-0.2429636292670068
76531.591,0.7325832788182912,0.9696275360794462,7.24067059449243e-07,0.6212344037325824,0.925557851469705,-0.04558383815203541,0.5294063169706236,0.8263702587811937,-0.0785287824544848,0.4745937015743951,0.7382938326371673,-0.10871674282538975,0.45287451490609776,0.6386190772302279,-0.1406611345004252,0.5788129222940468,0.5994313434736968,-0.06935087049145007,0.5413440970475915,0.43516372750717824,-0.12146848101726024,0.5169074974490178,0.33268327770843675,-0.15889631556233938,0.4956269959343429,0.24405547692211832,-0.18720256473691826,0.6543930021595463,0.5917998484359774,-0.08790505754152501,0.6163504876136462,0.4077952917114731,-0.13238707240512576,0.593193643024952,0.28776993352665814,-0.16978763299926425,0.5699610749313433,0.18473649860078106,-0.19722247451532482,0.7273269195708596,0.6369926378047049,-0.11180902523587304,0.7000082093165872,0.4928989998381248,-0.17070547150350338,0.6639464197888973,0.3931797455021392,-0.21335354028958847,0.6266264375440795,0.3035493795905716,-0.24221170780146364,0.7981707156978998,0.718596049016717,-0.13696341529438083,0.7664943797907138,0.6708085124650709,-0.20039608282647026,0.7365618713730171,0.6654019546298,-0.22645545315419438,0.7053133420830653,0.6624503841640333,-0.24156189626854918
76531.657,0.7416967325431341,0.9614623921432138,-3.9679274116558836e-08,0.6315469378000049,0.9138065510408468,-0.029326498393020345,0.5383987590337495,0.8025647041685399,-0.050227302554481656,0.48703823465710927,0.7138217016971006,-0.07194677722546053,0.46903822210880947,0.6185417411716396,-0.09408579822630586,0.590839943215132,0.5844984509530813,-0.04051157188742457,0.5496005114937019,0.40766613418990577,-0.0780006430628375,0.5285268926423452,0.3023294569166937,-0.10514738003071114,0.5093523357431612,0.21194537723242343,-0.1282879939702053,0.6660740977891078,0.5829798950592958,-0.05687710319778275,0.6046097108661517,0.4793080738633022,-0.10610554568730603,0.550344360602245,0.47123042612933963,-0.1340427964160319,0.5050530103750247,0.4685573634626665,-0.1490416880742388,0.7394129434533705,0.6170215652808055,-0.0770402922564197,0.6914121788685414,0.559547383234147,-0.13111662346661077,0.6273478465932171,0.5463959515505237,-0.15282973147574092,0.567539036977467,0.5343884927835247,-0.16353085431310432,0.8111378799241422,0.6789365826978078,-0.09888766102046409,0.7617636220755174,0.6960417268058414,-0.15024823396530076,0.71354350698188,0.7426036938949113,-0.16389594316287184,0.6673625466839438,0.7815988387069925,-0.16781346190780055
76531.691,0.7506689630794079,0.9676614685691207,-1.3701220744926383e-07,0.6333080691111199,0.9096233965411248,-0.032006350235771044,0.5376162886464205,0.7908052460437499,-0.05491763650563834,0.4809919422331687,0.7002301906423808,-0.07906552442141879,0.47326882881008064,0.6034703616878871,-0.1035790757522698,0.6012212454097762,0.5794448831111843,-0.038777975626151845,0.5603701940657433,0.39767206617406764,-0.07804367610035301,0.5373027420904851,0.2919386019625455,-0.10916491413185744,0.5135199805956484,0.20179211067443245,-0.13609635094377265,0.6739149228086581,0.5777742666057554,-0.054847513490561176,0.6128008823785881,0.5044143492856766,-0.11219268376325164,0.5501312350282023,0.494311951634641,-0.14885147753542927,0.49405711238090905,0.4800942345381417,-0.17002003303651053,0.7449207269937417,0.6080651495308406,-0.07472177676479305,0.6876329973630252,0.5726527025139115,-0.1343502766836481,0.618890157320652,0.5610045030758137,-0.16187805742047062,0.5535231469599277,0.5435054266264173,-0.17706838575523867,0.8117563409042661,0.6661407505216794,-0.09684543338234704,0.7490064414336631,0.7105212253382264,-0.15464532346338186,0.6976714814887358,0.7673235199384486,-0.1729620300383823,0.6511027851085621,0.8121398507853415,-0.17946684933282217
76531.72,0.7566773612275233,0.9693767837336948,-1.2926320874595036e-07,0.6405764808051263,0.9143162614122483,-0.02954956305923381,0.5422562218939491,0.7940316363645488,-0.04844806400620979,0.48536202341012097,0.7031875139714854,-0.06846843379735859,0.47079708511939117,0.6097331386777692,-0.08928318272185658,0.6051850291700998,0.5757694195832834,-0.03244878721482594,0.5641733321545842,0.39893747339702973,-0.06717158052288605,0.5408974961083417,0.29703015972497554,-0.09420502922685586,0.5198709939218402,0.2077404192070383,-0.11834631866294966,0.6780357148696076,0.5745302343511617,-0.048821401219750885,0.6122720141295476,0.4766763330476715,-0.10095798438803509,0.5492142629065936,0.45652293851927306,-0.1367295675734144,0.49758308189066885,0.4397198812482284,-0.156873577278706,0.747151738333295,0.6055415066742552,-0.0690944173742771,0.689110034795258,0.5653642323829341,-0.12747438231690686,0.6192013458052787,0.5447200540742747,-0.16081095124056452,0.5558908582327803,0.5228956747536231,-0.1793448338412107,0.8115312978456505,0.6630154468475649,-0.09090733104129124,0.7431374879005223,0.710217958615192,-0.1486208266522353,0.6894906922871818,0.7685186380667848,-0.17074674275422502,0.6416388934327381,0.815427763394438,-0.180358286297518
76531.753,0.7521720708436053,0.968252205517501,1.2720887992739125e-07,0.6450249563754457,0.9143036258208486,-0.026785949435918697,0.5455249655346508,0.7920182593561472,-0.038768392608630534,0.4903275025946317,0.6966910695871773,-0.05117681355738838,0.4727814865243723,0.6037792935586773,-0.06400371724257146,0.6001845246334694,0.5860289268451847,-0.02477298267274714,0.5496591472796625,0.43066818792835093,-0.05727733214978029,0.5261199480438953,0.3357281953356698,-0.07872312127674261,0.5121052492507219,0.2486272148162121,-0.0963127935588227,0.6737679943015696,0.5748038021508598,-0.04207284248183761,0.5999567322305288,0.423439126688791,-0.07863547988498368,0.5519610843863838,0.34047593227244594,-0.11091465540903513,0.5135372086950911,0.26400800352563913,-0.13155368408123727,0.7447990156767695,0.6004222578368174,-0.06373642898559113,0.6897484538889034,0.5553144120349994,-0.1225609188593875,0.6253406598272309,0.5281167104506177,-0.1634093903970576,0.5666722527394432,0.4934851975322901,-0.18560664664715856,0.8086853074450189,0.6559318304186916,-0.08544822739992408,0.7338488111824287,0.7063849592014819,-0.14596965366156855,0.678428843732882,0.7723233921160821,-0.17099470770435934,0.6303329693205683,0.8202609287743678,-0.18309737563609732
76531.801,0.7477436188859272,0.9602492978341584,3.816506408141619e-07,0.6428275279260626,0.9085615378126047,-0.026659559575810003,0.5437525003719622,0.7885417432166626,-0.04128418005968206,0.4922036252464289,0.6952713711626829,-0.05662517363794538,0.4676870837429539,0.6048719668993907,-0.07323728812279735,0.5944677728012391,0.6015820496185249,-0.03476577596586554,0.5382506832243926,0.4579834868852005,-0.07434367559592148,0.5048091494079399,0.37665763200848235,-0.09921762071560276,0.4776891487026696,0.30016479000198093,-0.11725175244226055,0.6671061933451234,0.5849770576139893,-0.055015406107469876,0.6246477765605261,0.40432301547470395,-0.09373202009055225,0.593102221608118,0.297067744102993,-0.12526099260541101,0.5684360556954946,0.20257147817234794,-0.14483842684569304,0.7383172510843816,0.6114282377961995,-0.07939190035293182,0.6944963257495849,0.5218636060652417,-0.13869462458223672,0.6337372677298924,0.5016343831753666,-0.17627082284002832,0.5841752403154511,0.4737135513800983,-0.19533419435315288,0.8036197097894324,0.6668357532252946,-0.10358797245963354,0.7327813292520852,0.6971436290907399,-0.16495809850027363,0.6763037509956442,0.75282750991648,-0.18819546379483174,0.6333226053776582,0.7906494540161488,-0.1980163528612727
76531.806,0.7442557566785104,0.9554115129381459,4.279092084354563e-07,0.642566948612937,0.9074476899326854,-0.029694582414121477,0.5445564610513455,0.7926520556510207,-0.04619635474045043,0.4921738921190221,0.6998877503254289,-0.0626095981780184,0.4700162004266208,0.6073009290066589,-0.08010974041352736,0.5943661994247713,0.5988204140554442,-0.039386006787200604,0.5363112545044888,0.4562955081369066,-0.07843317746067976,0.5040424120008772,0.37485681334369525,-0.10265573118576328,0.47944377471170174,0.29754959704002815,-0.12027026105510422,0.6676348721588682,0.5815519204844868,-0.05795479215350202,0.6266184573093195,0.40188729872936924,-0.0954696268190502,0.5967029316483806,0.2929397480448933,-0.12596991307187502,0.5737704310067062,0.19783934598922545,-0.1452692101904982,0.7392330461711702,0.6090693169127611,-0.08061954798708595,0.6985009975672006,0.5191634828910899,-0.1390146545938126,0.6385716720927953,0.5015324728879862,-0.17587962684752662,0.5900997770151523,0.47825369978333,-0.19460848630526043,0.8038650145817323,0.6665117703648634,-0.10329400353056457,0.7346645382383334,0.6924735635010423,-0.16445474982765546,0.6780730332503452,0.7494668424175667,-0.1874454725762146,0.6350402315953888,0.7905965620888832,-0.19710332222520113
76531.832,0.7440843815250933,0.9507804842193205,2.1394152044770313e-07,0.6404875451882703,0.9008631118959748,-0.02146048741641015,0.5434033428607118,0.7788633813616888,-0.032578707625881505,0.4908725646230816,0.6899594143635448,-0.04519520127710641,0.4627359351570035,0.6032840954813137,-0.05887919214104326,0.5930234059856201,0.5917050151552529,-0.013824979280989882,0.543204464907731,0.47760252226138067,-0.05539593782444584,0.5001208569529891,0.43694602949925526,-0.08873199732733338,0.45178499905210684,0.41033681060807675,-0.11026120550142475,0.6621119022755084,0.5720872577534595,-0.03667635615946742,0.6351979356672409,0.38676013602958426,-0.06548612279174938,0.6129747293794922,0.2753092517248804,-0.09665644365018557,0.5904342490877985,0.18133685697787605,-0.11835102887905741,0.7310135793213428,0.6011628322856948,-0.06630370898220284,0.7038564154242919,0.47778306457609737,-0.1167746354535844,0.6496420851389085,0.4179743374036855,-0.16079298085798602,0.5994215662444795,0.36052688925402876,-0.18795504304860666,0.7979963269001296,0.6612090958796218,-0.09527740892254646,0.736985878352799,0.6470342242732707,-0.14865147895540787,0.6823122847438208,0.6910369661487404,-0.17075885042236294,0.6350490152898018,0.7247079588600907,-0.1830780132854462
76531.864,0.7358830481408453,0.9386545248293997,6.505034397680784e-07,0.6301198259563018,0.8805075856789176,-0.037204280733825715,0.5439318820224213,0.7715221050172691,-0.0646461166937706,0.4924317396876729,0.6877327130448844,-0.09164306692218001,0.4660193683723159,0.6033257256439732,-0.1195818734126306,0.5878450705260833,0.5652805271633253,-0.04915624441747296,0.5404131445402082,0.42433605564719,-0.09561409146966689,0.5066143826307818,0.3414465058477374,-0.13153247789584255,0.47888506536121445,0.26735024949614195,-0.15830912380135748,0.6558497800646789,0.5573165149155768,-0.06643735728293917,0.6235468870042367,0.386662160253516,-0.1100368863777842,0.5988574736821821,0.27467794819688784,-0.14844060168608245,0.5772244618285803,0.1765951325608332,-0.17597430854474597,0.723776892331987,0.5954342164641016,-0.08898750895290258,0.6975160632944024,0.4660347028088242,-0.1404676071355434,0.6507728732470779,0.3958256218107724,-0.17819577069402023,0.6081547572794272,0.3342352959731107,-0.20251048235152141,0.7892634724601307,0.6666279777859707,-0.11333145237328597,0.7613659835993339,0.5939173545101535,-0.1628217997354194,0.7297591910510384,0.5624219681270544,-0.18562372206496097,0.699861903902866,0.5347840299483733,-0.1995454984909178
76531.898,0.7304919768653285,0.928704852926225,7.115432994352146e-07,0.6282006847625566,0.871511698947107,-0.04099794018123295,0.5476705951373974,0.7649919602161743,-0.0751667639529249,0.4980159124715587,0.6820055939577587,-0.10769054721764795,0.4716210990966834,0.5888637865945818,-0.14098933613196427,0.5884006672219199,0.5682676445876387,-0.07142259197381669,0.5474954822694112,0.40506290891705776,-0.12498423395930555,0.5236745899599531,0.30886986350724677,-0.16353820497056282,0.506452384437367,0.22100978514072142,-0.19101434732535078,0.6471222395459116,0.5743091446893347,-0.0857884052409115,0.6072001318204163,0.4107792550186186,-0.13986021166585266,0.5735766187036203,0.30718087437164865,-0.17965179280511137,0.5414360832881047,0.20955576969087925,-0.2061168612120564,0.710832783479013,0.6141317083201647,-0.10400211915913077,0.6856244525720605,0.4811158960648856,-0.15977743054275576,0.6489817950789953,0.40155674149606746,-0.19208375699018232,0.6099990300904243,0.3240201984386505,-0.21106154568532773,0.7784462171776643,0.6814725395776509,-0.12440106648065216,0.7779494754266247,0.5794780905443792,-0.17397501056930892,0.7659285291172089,0.5132648849752038,-0.19554576547072508,0.7482104766869557,0.4463624915781523,-0.2077529434861912
76531.929,0.7344797866418332,0.9314187163401045,3.6917066205622794e-07,0.6306748611839135,0.8716067064095183,-0.030394426359798037,0.5472560591399867,0.7540622455926097,-0.06049137893951378,0.4987290479506294,0.6715712446839183,-0.09177635323193821,0.47225134700938876,0.5794612202945929,-0.12458019137332647,0.5941656059580327,0.5720056290263408,-0.05801182904715606,0.5514903203343631,0.3996321651819116,-0.10495122624791475,0.5300411063485556,0.3007623087473309,-0.14155651614280734,0.5122777705072825,0.21188329175880785,-0.17019765022306327,0.6512510928259952,0.5837925494161916,-0.07816872812875837,0.6098053442859258,0.4549311827022152,-0.14613548592159556,0.5578223010120987,0.41083743838570974,-0.1921623601480784,0.5114940803056924,0.37330062054971835,-0.21708037722062556,0.7134068516243085,0.6218135680881637,-0.10071196285103723,0.6823687973002863,0.4955993579998219,-0.16013005615651288,0.6375855884457974,0.4217601883572386,-0.1924236893003529,0.5924467214491774,0.3512557424007743,-0.2097479493315406,0.7793382966034205,0.6833098631003635,-0.1245870736584713,0.7801679583792285,0.5795553481961185,-0.17289499382503662,0.7700122379259705,0.5100364597651059,-0.1935344349099308,0.7559944183330295,0.4400658859157475,-0.2047341422248735
76531.962,0.733505674542765,0.927248224106298,6.307355976414039e-07,0.6299741801875359,0.8630048306972734,-0.037586321438938815,0.5496348703615457,0.7516865312534932,-0.06821507207842414,0.5021647554041316,0.667475348298888,-0.09762538744962761,0.4817821859060219,0.5735443691781612,-0.12796321729769428,0.5978485677904577,0.5500895614871792,-0.054003540910341576,0.5628608647091106,0.39301852473657023,-0.10242613443053676,0.5394647453047694,0.2905526461847949,-0.1424540603308566,0.5220297525556247,0.20209409473220413,-0.17395295889998094,0.658238083510961,0.5553535061416802,-0.07122814197215208,0.6405412638370583,0.40414596575348144,-0.11808523169590725,0.6189296526427503,0.3132146907442245,-0.15642510621201103,0.5986364787232732,0.2346726942440095,-0.18472824186890793,0.7181546662057161,0.6038365026894489,-0.09340668076883224,0.7016541823237374,0.4566208764578173,-0.14097776531193235,0.6725412437429412,0.3632402898467462,-0.17240478630700212,0.6437424000944675,0.2751048150149972,-0.19595519890325025,0.777433433269465,0.6868725104165294,-0.11813875818930127,0.772986712979953,0.5981594260580078,-0.16714751453298451,0.7535338997927947,0.533860514784822,-0.19025048280531115,0.7319992657877803,0.467844995329748,-0.20601852247268582
76531.993,0.7387896707318733,0.92094600497108,5.89644241508575e-07,0.631609424863378,0.8586163941563859,-0.03569479032933509,0.5491070301414269,0.7538939346369787,-0.062252501256917316,0.5014525424921409,0.6689196368547998,-0.08748401261409768,0.47548111034331325,0.5759432383526257,-0.11466366438965657,0.5961723464471874,0.5442483166441299,-0.05041283870308034,0.5533619049872837,0.4100705004272297,-0.0964191030149415,0.5205100740757274,0.32112380097456283,-0.13309791455050896,0.49303249498761453,0.2385364620438996,-0.16299599700100117,0.6630701138323607,0.5322171938058367,-0.07162839012565872,0.6335010686481399,0.3636102896105359,-0.11321543301877406,0.610097709340214,0.25078613315279163,-0.15184122830530875,0.587661981539215,0.15134886664186348,-0.18113962919338514,0.7253139444099088,0.579081675871707,-0.09793478326455562,0.7120497125716169,0.415592689606266,-0.14856869279258392,0.686205180243276,0.3057229486368925,-0.19009008905544741,0.6591349143785529,0.2030133764081016,-0.22048060561298619,0.7822998015837233,0.6664149069673672,-0.12545811717113278,0.7704978141439922,0.5977885709505221,-0.18241141725930438,0.7445846958042133,0.5393054777545961,-0.21361416461245475,0.7171167896406471,0.47826778500150163,-0.23467367183326832
76532.057,0.7438326102989735,0.8987676779099629,3.667829463794947e-07,0.6409849797521202,0.8470134647828459,-0.03009691942001552,0.5537896816283496,0.7355188250047686,-0.045124950550463186,0.5078258891392401,0.6495148939044818,-0.058230426007795474,0.4926358148034094,0.5532381564262013,-0.07354578645132809,0.598918626787451,0.5273419526013448,-0.03918313505831261,0.5619406736053053,0.36981555279689393,-0.0686585699522999,0.5422910037404622,0.2713848981125589,-0.08836724007964473,0.5265531648849886,0.1811681070628356,-0.10572270919181748,0.669568669518716,0.5192928204693581,-0.05752947555268019,0.6304208117431201,0.35914825339431833,-0.08320557784246574,0.6073576383936258,0.25154365559937786,-0.10974391494791802,0.5884163166369426,0.1523969295057687,-0.1307647935690243,0.7366674261778519,0.5542257292007245,-0.0801814264411815,0.7025400220510772,0.4439710954651399,-0.12951893147546126,0.6611196202316296,0.3499335929275302,-0.17426568023198186,0.6269609362220714,0.2603000723954883,-0.20699961737648884,0.7993447845135635,0.6212955231634805,-0.1027868578949691,0.732858528403711,0.6399261708151632,-0.1643340493405233,0.676418018130727,0.7014997194273596,-0.193012068534533,0.6347668653089071,0.7510228415162756,-0.21165414612812805
76532.089,0.7412964080187499,0.8979786993462069,3.790387028597092e-08,0.6392673750390444,0.8374581252234407,-0.023175382378637744,0.5554948606817046,0.7290271098197566,-0.03994511258555439,0.5149707153353751,0.6320590581028576,-0.06115829659203888,0.49586853643424317,0.5493178501124605,-0.08081855815481362,0.6054907515665814,0.5228965441883863,-0.02868471433689422,0.5748242653631626,0.3492748748775875,-0.06860171998940655,0.5592227104606833,0.2505185076883431,-0.09133917692305304,0.5478951310729681,0.16405420403978366,-0.10589932252349517,0.682490421124933,0.5196355164825641,-0.04507444955370529,0.6258599578586659,0.42054534888709394,-0.10969650768754771,0.5776883116146566,0.42907518328734817,-0.13717365264503856,0.54575187697449,0.4460840456925551,-0.14046972841939617,0.7522124873552273,0.5492119662109344,-0.06424164901609146,0.6737596033759052,0.577230569032768,-0.12948740723443758,0.6212075327879134,0.663230784944925,-0.13803884371247616,0.5868526408461904,0.7287339781382743,-0.12564109130696527,0.8096498199933659,0.6077243615685403,-0.08529008943167458,0.7311303105586994,0.6711846038851841,-0.13042310699472462,0.6764168607480797,0.745464631696924,-0.13206881696134448,0.6360833446702917,0.7984375403400795,-0.12077803516409402
76532.121,0.7462810826194501,0.8985441310871527,-3.8649707626826265e-07,0.6526107331945143,0.8358654840562049,-0.028317030886383786,0.5749339760459606,0.7339970234813592,-0.05107314665707327,0.5259833560531092,0.6433659840817235,-0.07847474572448314,0.49586255508080895,0.5527340501801441,-0.10548690993022233,0.6240958196799269,0.5198504137747917,-0.03682370986502301,0.5953483565672373,0.347622817259629,-0.08428438820294959,0.5775990984492647,0.24476120217809094,-0.10935870846177305,0.5634188737418528,0.15883087375770408,-0.12428067374048406,0.7025742869154814,0.5147398846156713,-0.050840821596464365,0.6219436021015559,0.4624237130917577,-0.13163131782867385,0.5717696843775121,0.559243162790932,-0.15583543239972036,0.5454186305615972,0.6485454245171853,-0.15126428356618837,0.7669522228760676,0.5469551973701583,-0.06835159311343643,0.6719264628240247,0.6134531248657443,-0.14548888227573448,0.6173811479538368,0.7278847997962326,-0.14738642848051536,0.5811779272350676,0.8066643325506105,-0.1266842344578525,0.8188409728136758,0.6078498993850059,-0.0876107206683152,0.7356520540186952,0.6791837183416044,-0.1350435314011682,0.6826420071929403,0.7608490182953326,-0.13066801053268068,0.6423034737510156,0.8165818742638244,-0.11308915175643425
76532.153,0.7482293081243218,0.903714999745807,-4.332485473935442e-07,0.6502112086790603,0.8353255858451777,-0.03014054443453453,0.5700405173322413,0.734154136687333,-0.05429271989899741,0.5193741263463647,0.6455521589062511,-0.08340869164963595,0.4862577270282552,0.5534554298094675,-0.11288816824280286,0.6282846386274156,0.5226063888075012,-0.04028233013617249,0.5946701936041955,0.3547001568568511,-0.09302384929018485,0.5763642693728042,0.2487670103276567,-0.12440098093235223,0.560837254516846,0.1588511926719732,-0.1435739349718886,0.7067915431119718,0.5146022189856553,-0.05430786166027498,0.628917002322569,0.47900737112044073,-0.14182195028469444,0.5751656665696326,0.5803438315321073,-0.16959527867731675,0.542125100753243,0.6719552739882971,-0.16679851817488103,0.7724966207776424,0.5437728759744608,-0.07219237119453364,0.6756201981890086,0.6097915512755685,-0.1548931087236481,0.6223293525870024,0.7261543060692798,-0.1556387559434451,0.5861889387331,0.8089046368696443,-0.13275207152127835,0.8262221061072198,0.6022787373352679,-0.09221687483952724,0.7445420463220289,0.6686209555633337,-0.14321829314636392,0.693743951544534,0.7516699742744013,-0.13663438657118626,0.6565906771229115,0.8110266873735057,-0.11605264691978276
76532.184,0.7435176095922714,0.9019055919309894,-4.2151267252700455e-07,0.6437146505451184,0.8295034305313334,-0.02778781424052203,0.5627907164980521,0.7314946331045583,-0.05139461462383778,0.5142299651726613,0.6451080207717059,-0.08060075182224621,0.49369007497767003,0.5589279058402838,-0.10920339669517928,0.6201294061907362,0.5265379259057896,-0.030048525839617528,0.5763780305585872,0.3717499503370277,-0.07643941422511802,0.5561076379157747,0.27384861737233457,-0.1068178278174459,0.5435287862660887,0.1873702029944327,-0.12765793379460344,0.6940967974281981,0.5209202552166081,-0.044840528021309396,0.6280451409322633,0.4768660680180446,-0.12030278900464318,0.5793803533750185,0.5503372502413559,-0.14814802196465848,0.5505466843890886,0.6154959145136797,-0.15043994379186956,0.7615839797761583,0.5483243860050475,-0.06389880095133027,0.6865478731981453,0.5723091216175791,-0.1342873044948173,0.6410694067362357,0.6695643443472874,-0.13494394211800767,0.6137072650060054,0.7449284067814399,-0.11654518807812285,0.8245535738475523,0.6027025372142465,-0.0857999390834788,0.7544096262223146,0.6425445949168352,-0.13050357090631828,0.7073080521645747,0.7085098042327934,-0.12704890566326518,0.6769938371069085,0.7602911479613472,-0.11149836881481151
76532.233,0.7433872438987119,0.9144158728966189,-7.591100520045347e-07,0.6472185691288412,0.8354714834286553,-0.016413541683379378,0.563227077980404,0.7160046664201682,-0.032507743077975174,0.513477093498835,0.6280986739215368,-0.05320955189099986,0.49920089663764666,0.5469017244000083,-0.07211459569345756,0.6383537919734933,0.5283649557143884,-0.0005869140231509196,0.6024444038444937,0.4209631072457945,-0.044778582159316634,0.5530716257447309,0.4100662998986492,-0.08236270322489089,0.5114417344965226,0.4133917355712471,-0.1062817297419132,0.7000459213153563,0.5304485395041011,-0.01884018277761179,0.6487392578315275,0.4350883537718638,-0.059848144130430186,0.5872962392858166,0.44555238878370357,-0.087697759608383,0.5401051560163895,0.463624438501965,-0.10323243511378476,0.7634513928162122,0.5604537736522643,-0.04359428539404873,0.7147553105619022,0.49194867204306675,-0.08690260725968577,0.6512552010608654,0.5117392057997248,-0.10078519549851267,0.6006847966401082,0.5348072005176611,-0.1053280076756088,0.8287903862754105,0.615567368043309,-0.07023756806293893,0.7716648563010381,0.6009676854633997,-0.10524476671753176,0.7199434254017789,0.638136539426946,-0.11167568097321504,0.6807322683722351,0.6722804872185871,-0.111498745995786
76532.24,0.7376192227874021,0.898283170645383,-7.218615721937141e-07,0.6479420682644913,0.8349358569781588,-0.021560472278460217,0.5584610703604262,0.7181428530011194,-0.038254313426969125,0.5093276714184011,0.6275682029199525,-0.05762059874532281,0.4993302900653001,0.5441395770543788,-0.07449830546797151,0.6399068293114134,0.5320607339849143,-0.002256035927499908,0.597532249774328,0.43855866301553303,-0.04846541481817459,0.5434674564351073,0.43806029976938266,-0.08822787057636793,0.497280359141055,0.45268017325653037,-0.11274315489862471,0.699946892283933,0.5279203991182375,-0.01591703015404404,0.6459910726305871,0.43532192788573476,-0.05463278654515897,0.585328041112314,0.43889946120699763,-0.08242163194501884,0.5385101119317832,0.44769350740766156,-0.09855405006125122,0.7624494391381545,0.5550495339099565,-0.03699684354372819,0.7155328936396766,0.479590592619747,-0.07864756282302103,0.6536326435139563,0.4979730583157354,-0.09340311402922857,0.6029115685513237,0.5176998248579291,-0.09918131756784217,0.8267974276321364,0.6081921008851164,-0.060466200258525636,0.7751756417520554,0.5931669563060439,-0.0974339556769154,0.7249214167308728,0.6296779093498195,-0.10749735838909881,0.6840598986022361,0.6606919051859875,-0.1098783837675005
76532.265,0.7286938787028051,0.8779082185466653,1.0334936943710349e-08,0.6421287448841091,0.8235961933920171,-0.03127542937922086,0.5675413749332342,0.7233423448462392,-0.05675017950019617,0.5212471832268641,0.6490568801859634,-0.08387409436430569,0.5051397275674879,0.5790255003111586,-0.11010230387766021,0.6338937662814789,0.5501801810005895,-0.021589980521305587,0.5777570069685264,0.4782611808069603,-0.08556161680930452,0.5276388747687969,0.5162585393649042,-0.14069142109818744,0.4922261232601505,0.564871826033973,-0.1715113018537262,0.6876411457168009,0.529058723383255,-0.03521977544911685,0.6448680738762709,0.382948250226613,-0.07299310197996248,0.6039035227160396,0.29836304159296395,-0.10753672915806678,0.5712041636919991,0.2221776199436875,-0.13061859545636983,0.7508582917194154,0.5578682887567404,-0.05757882793434507,0.7320917951924815,0.41614274391957295,-0.09736592319894592,0.698985787387395,0.33910277500225666,-0.1222525753712839,0.6657471266009234,0.2656108341100851,-0.13655667376120023,0.813152179049129,0.6270942005897944,-0.08259361436228516,0.8156792474567193,0.5454754450151847,-0.11450556299237427,0.7989731930204137,0.49525200052213525,-0.12125603391576223,0.7748511160122222,0.44708093594454146,-0.12262988810211585
76532.297,0.7329767108185604,0.8750635421023796,1.6914707459022024e-07,0.6403599668957748,0.8223265061607054,-0.031226330893104528,0.5600979342334945,0.7210294459132547,-0.05947525478348971,0.5056841517004836,0.641318244727639,-0.08914609660280456,0.4997873438692535,0.5532488154634237,-0.11852856450584606,0.62958482107723,0.5439892423058295,-0.030023451703245684,0.5746230300236213,0.460969427783629,-0.09585205328418665,0.5276683398664362,0.48523718435251767,-0.1488551468154981,0.4968042250013534,0.5223251644447233,-0.179301352068453,0.6869186968261131,0.5176179215547351,-0.04740973824322726,0.6517928878949103,0.35068861809128027,-0.093088088941613,0.6207183504113384,0.24871648138024138,-0.13144690179463966,0.5940280746609601,0.15533444683456676,-0.1568416141705137,0.7496423600887141,0.5454964959838681,-0.07300801395719804,0.7387238183940522,0.38251967419852545,-0.12416323933624651,0.714468055193079,0.2834369700912355,-0.15888120125463345,0.6868849248058991,0.1863391833135531,-0.17912964290874772,0.8086884293943044,0.6177552510609048,-0.09984850144020438,0.8259832556953625,0.517695419044189,-0.14423707656903104,0.8267561565447211,0.4440205126267836,-0.16166213340837607,0.819384538404558,0.36959462144619176,-0.17078266745886142
76532.328,0.7441866484840827,0.8735348841781636,3.7039529646224045e-07,0.64591635675955,0.814322013803691,-0.029378080755063016,0.5667614170555314,0.7108722270863655,-0.0568236935510912,0.5136412677075988,0.6324420053119195,-0.08560092968828568,0.49788748852435405,0.5477993177911041,-0.11604698077664936,0.6238321885648737,0.5260455130948873,-0.03392324536737023,0.5764816104124308,0.4236948654244982,-0.0923923444379777,0.5367673344063619,0.39959290567314126,-0.14060372592399048,0.5043316429454185,0.3871435112365539,-0.1711396535355208,0.6864969270955864,0.5033431243290633,-0.05528973198659871,0.6570036658909105,0.3334216513961157,-0.09985875251492439,0.6312735350945713,0.22188931096970463,-0.1402646601509228,0.6077807074517607,0.1215408605220489,-0.16845940393758632,0.7501502299968726,0.5377736917224543,-0.08357984534491832,0.7407712488846283,0.369786170898758,-0.13526543866813887,0.7203590823556231,0.26304749443408104,-0.17435103627205917,0.6982824688360938,0.15878431863112852,-0.1995268458896494,0.8064564681713642,0.6147860003206543,-0.11269235938778753,0.8210049449994322,0.5157015573693605,-0.16225425400866628,0.8253047308398079,0.43775062875741366,-0.1860136945323118,0.8251174090634233,0.35732733717246107,-0.20065574444549653
76532.36,0.7538605303370207,0.8733844848165236,4.376747416683848e-07,0.6560848241754004,0.8175924743098492,-0.033205073594496815,0.5705678351993924,0.7040866568678428,-0.05231572905893287,0.5177958440818737,0.6146877411106391,-0.06962655186748376,0.5027669449156734,0.5247577546159236,-0.08980854216388914,0.6288214815662179,0.5036270356032844,-0.038217038188584226,0.5809096364900808,0.37868919507758003,-0.07653858884985133,0.5458435161516721,0.30281073540799297,-0.10693316538298753,0.5130736895742753,0.23316872051127152,-0.13146026805174832,0.6998144911726771,0.4892387886116732,-0.05811379120313889,0.6772307978841597,0.31210822886951206,-0.0882129994319986,0.6625619525574464,0.19586614939406033,-0.11876363337773149,0.6475281745776464,0.09386679604368786,-0.1419761247939994,0.763913722020649,0.5306517430575016,-0.083843112178861,0.7528837868733154,0.38108894050329334,-0.1324784405368243,0.7279987561850034,0.2745537587167281,-0.17690926436117066,0.705477574415367,0.17404027089503668,-0.20866735059021524,0.8229686053509887,0.609100311284119,-0.10978845990066331,0.7884513439627503,0.5732393078235701,-0.1676763114015982,0.7513294568125404,0.587317123417689,-0.19473140080298973,0.7213267477213597,0.5948933057083008,-0.21211915202278744
76532.391,0.7612476109035204,0.8716293301747059,4.60077973077907e-07,0.6592279246192473,0.8161029947469803,-0.032098302332064045,0.5728093371122752,0.7029366753931795,-0.04804120268303004,0.5240516257988002,0.6128725316598479,-0.06061651648320594,0.5067990401186584,0.5157688437883898,-0.07497826520744189,0.6325079865211857,0.49697422302973193,-0.04522693466888669,0.5899614143198095,0.34803100770809753,-0.07760410077153625,0.561318792816749,0.2526244600732869,-0.09705907164135887,0.5349038068558051,0.1668666009358486,-0.11395070916419356,0.7084353763022823,0.4851924713602408,-0.06438231402796223,0.697005167081795,0.3033969737198712,-0.09386797086197507,0.6926026710003252,0.18533722662857502,-0.12056100768924552,0.6872373193299416,0.08232574199021404,-0.13968369632055241,0.7727109931628584,0.5248676386644672,-0.08830613141921789,0.7521377560384919,0.41101357496585655,-0.14578836390630565,0.7297091075799605,0.31071446207062847,-0.19595198246538312,0.7131387765861417,0.21436930998636128,-0.22944517461051125,0.8272618418675471,0.5980133338666584,-0.11123961539138137,0.7580983261869715,0.6152814781672332,-0.18086399141751136,0.6976861827199341,0.6780512502884901,-0.21309311064079192,0.6520215302057418,0.7270293567588442,-0.23232676818160003
76532.458,0.7555758413578182,0.8715833796607377,8.886028631158351e-07,0.6547713532533678,0.7982069772270491,-0.022159462138764997,0.5740113057025359,0.6807161739500481,-0.03654449294569718,0.5330461324086159,0.5897982415972904,-0.054406052324248375,0.5181179447026231,0.5066029603626765,-0.07037436829401345,0.6360272824540653,0.5033925476452276,-0.03877004692401182,0.6135466251635903,0.3288463320125485,-0.07708848771704484,0.5938349402157994,0.2272747815432394,-0.09716091863085771,0.5795819171191061,0.13826487975898952,-0.10913668855870608,0.713885080970985,0.49831078153843694,-0.05750370304783315,0.6915981304481085,0.31971965618316406,-0.101664051116386,0.6821972911133063,0.19547976060573335,-0.1323150212244251,0.678237883696811,0.09234708155707448,-0.14752475153185707,0.7836477737639668,0.5354205352106374,-0.07737588790743144,0.7146077115892758,0.523140224401206,-0.13486984190416307,0.6607906588104766,0.5938931180955043,-0.15081492676489947,0.6260426287212643,0.6474577079599417,-0.1472190629217826,0.8306679740014528,0.6007336974280747,-0.09822094412357792,0.7446579282477718,0.6543972995447276,-0.1455152171773133,0.68774420567497,0.7213060027377516,-0.15063664432614493,0.6511185095698729,0.7687485597821406,-0.1436446968117111
76532.489,0.7589891545391245,0.8698881530344955,6.879003573743086e-07,0.659760807395836,0.7974966589905179,-0.027780794619719065,0.5833336823643006,0.6838226100767766,-0.04806793824640751,0.5456813892505494,0.5867665684152734,-0.072613035111938,0.524785978763443,0.49559803406003006,-0.09451224502368706,0.6377588349844333,0.515718677093105,-0.046137613869881564,0.6178657868220386,0.34480700566135486,-0.09247238626626943,0.6054954881062896,0.24404512135051734,-0.11831193070758463,0.5986699514248136,0.1525349031698993,-0.1322701191669745,0.7111171543979451,0.5040420562107546,-0.062183485438856295,0.6720682937060886,0.3582561727407309,-0.11571864718687119,0.6426698988695223,0.25081586568991143,-0.14768246491757486,0.6170021772814509,0.16045515937886995,-0.16110815428156783,0.781452095336111,0.5318241905363638,-0.07988575232141165,0.7007579270362749,0.5753206330237186,-0.14200933959370265,0.6460787164603501,0.6717216514478528,-0.14976652376142602,0.6063420939800112,0.7459450463249034,-0.13694599037856342,0.8333621746707307,0.5897397894961146,-0.10019850076012596,0.7497677547078534,0.6578015077715619,-0.14371371436279648,0.6970953344798568,0.7282009140136584,-0.14091837517561057,0.6569184055453202,0.7822708067700225,-0.1264185845425979
76532.52,0.7471160906853185,0.8592048553767122,5.74135456553859e-08,0.6590731107820899,0.7967016063751745,-0.03479575140146584,0.5838585669293616,0.6886695944994943,-0.060736382213430036,0.5376948546953181,0.594302304121181,-0.08994817213117734,0.5195921392089701,0.4988717735915596,-0.11798533515745756,0.6455006261673955,0.49593439649629817,-0.042014374836437884,0.6302044606796104,0.31973558319187306,-0.09084527225466091,0.6227058709114707,0.21908661149005373,-0.11707866568086697,0.6197146661906399,0.13034784142297115,-0.13210724724682932,0.7228202901242252,0.494212060250235,-0.05363384196313553,0.6699610189842053,0.4008240293655583,-0.13582230500728482,0.6166703905001225,0.4600889438075412,-0.1649357505032445,0.5846967723324731,0.5252228250762048,-0.1622643616150185,0.7870014351979071,0.5266014880876418,-0.0685069903533568,0.6996021478231603,0.58360682320116,-0.1468342793352915,0.6398627455543595,0.7003134215554496,-0.1504008658317746,0.604166601468881,0.7845792777973019,-0.12809727098525503,0.8350997274242732,0.5874149833316034,-0.08558319675842718,0.754011493009599,0.6570241860517311,-0.13318129252257524,0.7024924749142094,0.7388204104269278,-0.1290056954175088,0.6672295086881876,0.7926282505219998,-0.11017743954917537
76532.554,0.7581344589085025,0.8691935594454764,-1.8136712727198646e-07,0.6628493213982949,0.7984933398231672,-0.03622105904944954,0.5857473645367042,0.6939741540031155,-0.06446319308004508,0.5376489492265589,0.6022072263296924,-0.09608506662498256,0.515894584155224,0.5062660862459173,-0.12684955275444104,0.653927532520997,0.49747834034340443,-0.04929083513449833,0.6382531933070152,0.3181377774767717,-0.10410649867044833,0.6314122079018567,0.21285179041882799,-0.13485051499611703,0.6278477351667677,0.12279625181817792,-0.153211384151474,0.7300993566124584,0.49320898384178546,-0.06110124773656735,0.6595916706208599,0.4330203863839276,-0.1507122238894177,0.604801675478586,0.5230545666400941,-0.1789126147184704,0.5712213917979609,0.6083642108847761,-0.17562851456657153,0.7921208082527494,0.5243256015264616,-0.076687863280112,0.6945312390229326,0.5954231156685539,-0.1605158822136975,0.6444711243478112,0.7140158077968022,-0.15916675177909084,0.6101800648417645,0.7947676873181089,-0.13445498953592405,0.8387749467371276,0.5839792747897194,-0.09518944606836471,0.7614826215519015,0.6591941108871081,-0.1469572956039965,0.7143540188529206,0.7432120103922628,-0.13978235772055286,0.6768039350046017,0.7978816022149416,-0.11875501398079619
76532.585,0.760824752758502,0.872975112750024,-2.7000915942410875e-07,0.6601202698128169,0.8006599038591261,-0.032372184191402115,0.5816825247614704,0.6911473615847407,-0.057403742332764095,0.5356786384310505,0.5990354855933978,-0.08681369811866309,0.5134798453388837,0.5039972668538939,-0.11580672930166995,0.6487580052173244,0.49518300653327896,-0.04520572104929018,0.6352666660487593,0.3184617778716737,-0.097426526461515,0.6318174140345547,0.2118636762601655,-0.12691789051705515,0.6296077373835761,0.12292725763576229,-0.144569102230013,0.7276226582626679,0.49315254357793,-0.05753747427918317,0.6591757663727713,0.45402559796309916,-0.14614647463397915,0.6060671812430142,0.5500173112261862,-0.17362931628048733,0.5720773055102442,0.6388584705513648,-0.17015846469741602,0.791476011591803,0.5260661213607831,-0.07325106733608364,0.6987333130615245,0.601209232876701,-0.15667549623732865,0.6507598566168394,0.7217132778020627,-0.15487427818065733,0.6166610808683605,0.8052182359308218,-0.12980135095348128,0.8412370626875195,0.5856758634644909,-0.09138044866013666,0.7676955018911616,0.6573514374637957,-0.14343182123753628,0.7203594500762529,0.7424498435648214,-0.13575174001083087,0.6817107544809882,0.7997066407934268,-0.11383977462572073
76532.617,0.7583072876726275,0.8759393776487128,-4.554903964226865e-07,0.6605495362786853,0.8022819208258308,-0.027352685606241902,0.5824460133273321,0.6899040834615475,-0.04825207272995413,0.5397374566410039,0.5979291420619004,-0.07434873909234618,0.5179867842563441,0.5059372424724137,-0.10080408821949499,0.6483328045771168,0.49324222445847127,-0.041052549800896815,0.6359947878187495,0.32108226441716387,-0.09107074150367644,0.6342673661057072,0.21240805559129458,-0.12017513086121573,0.6326137199800395,0.12336456155041366,-0.13823769452747148,0.7273625038995215,0.48983239121865974,-0.05511145593009377,0.6599833818712502,0.4794847732863407,-0.14091803050681892,0.6112105281416745,0.5929128358874713,-0.16662830376823337,0.5806506511553704,0.6881777564196325,-0.1628781039605836,0.7929359212878361,0.5252613363112563,-0.07210954632080521,0.7071911088606102,0.6040242616380957,-0.15372874941144601,0.6603445979257438,0.7267616411929899,-0.15088404404730538,0.6271382759607204,0.8110689999872727,-0.12585166831353664,0.8462297119688764,0.5871223156900733,-0.09097977332346598,0.7765925463213692,0.6587284577251596,-0.1428841490770932,0.7309843485569262,0.7446854166793127,-0.13477720548338762,0.6948256146551909,0.8034975335140402,-0.11241657871010736
76532.665,0.760896207108164,0.8817862173955032,-5.638255897277699e-07,0.6639016861276253,0.8048211017101263,-0.026209224592007307,0.5860736701961774,0.6948069158392809,-0.04648671865787913,0.5439014575069936,0.6041543108799221,-0.07214392773786657,0.5198560410206963,0.5123656951512074,-0.09876817738990117,0.645832523636996,0.49933555685836317,-0.041913585437555,0.6318218417639229,0.33023368895139277,-0.09302916641207214,0.6276562675701068,0.21902983266642745,-0.1246664615467025,0.622697993851833,0.12528581467330954,-0.14508309213465198,0.7263866548860128,0.49015788659020443,-0.05646796971859875,0.6571235289955979,0.5001816955058159,-0.14333501579958452,0.6131550880484792,0.6231179777820932,-0.17068988921172945,0.5844273283185947,0.7208339467418364,-0.16852923484288795,0.7956350797921887,0.5221278620206092,-0.07356967830450217,0.7116124467346219,0.608966971436245,-0.1546746886162555,0.6675792824713609,0.7328805715831933,-0.15178123602669016,0.6338818447655618,0.816566073871221,-0.1273231336711957,0.8523181397843629,0.5797811635580122,-0.092664820316478,0.7847340196998213,0.6556269955874077,-0.14429721100329432,0.741526730656594,0.7400499779135923,-0.13596674855509056,0.7062213202815426,0.7975659605114308,-0.11346732551099487
76532.671,0.7599729304698494,0.8824022530479279,-5.523811356572316e-07,0.6632557377460334,0.8089348369753684,-0.026376275630333533,0.5836895806334365,0.6984692927934542,-0.04653946982696206,0.5424248808772956,0.6049638835236647,-0.0720512734563391,0.5210648833391723,0.5136924873287657,-0.09867238142434219,0.6449467192056764,0.5007332475027677,-0.041921695906114054,0.6303265758903709,0.3309686712054729,-0.09245029442836922,0.626156346169563,0.21870634970899663,-0.12395588210878832,0.6213711097146974,0.1253290777130741,-0.14447576779583493,0.7265515106199874,0.49193961139483927,-0.056495451209489275,0.6567082551436852,0.5028845604821731,-0.14340004639246565,0.6130636093643255,0.6278191037928207,-0.17086921017190426,0.584392190255644,0.7289487232117322,-0.1686996017966405,0.796602714985634,0.525293288858781,-0.07361241800800432,0.7130884793877338,0.6087149030379483,-0.15532708548009433,0.6688557375617206,0.7329338827511723,-0.15310825245581366,0.6342794812781493,0.819158092553546,-0.1289007824235725,0.8537830441675366,0.5849373527984169,-0.09254549553726776,0.7861415575340432,0.6595572521235774,-0.14527575927373648,0.7434515201654214,0.7435048854297774,-0.13760253303794714,0.7083054672801781,0.8018541003900373,-0.11533090145112834
76532.697,0.7554365451541918,0.8864141689957531,-6.727414720297841e-07,0.6563461173224058,0.8042924963206096,-0.02523802936031093,0.5788194006846075,0.6877492063398126,-0.043063481986823096,0.5389184437584149,0.594454369223002,-0.06639628437166875,0.5213758944661382,0.5065280888285271,-0.09110528655096327,0.6422522760620563,0.504328782868083,-0.03799860909101585,0.619332006501099,0.3471566040261408,-0.08561209921572077,0.6093214731339689,0.24348948230439382,-0.11529956059815981,0.5984069815253228,0.15419365503791907,-0.1350399227993377,0.72489636196992,0.4916880233534181,-0.05232088302852797,0.655939655398006,0.5115491814320478,-0.13460753537252687,0.6170411039483613,0.639693767469311,-0.15926554689010938,0.5900441607723919,0.741015999288489,-0.15643030476066605,0.7965862350715553,0.5229824534074462,-0.06949720017535113,0.7154900962466865,0.6062146270988457,-0.1480910622104334,0.6743370652420734,0.7321854958484786,-0.14451598722050452,0.6410864140033947,0.8197711020282235,-0.12019898181589288,0.855507146198439,0.5801633748332015,-0.08857894252451207,0.791853060583464,0.6487504955650553,-0.139118439005561,0.7507147735877974,0.7309767501016718,-0.1309813703666751,0.7155018827834889,0.7902420121479667,-0.1092310967209948
76532.729,0.7532873267774034,0.887834384046263,-7.876272361532538e-07,0.6576615716754639,0.8053825316132769,-0.027621204914328897,0.5787397294551647,0.6874037362489065,-0.045794511985523145,0.5376816871426472,0.5944113230042972,-0.06878844904370392,0.52032872568408,0.505534968020043,-0.09318983968169463,0.645046173568692,0.5058512715288704,-0.03221683099482432,0.6108948740544922,0.3745273181688607,-0.078542532439337,0.5940956462606278,0.2862994226070888,-0.10974534172194705,0.5793694984164922,0.2058245040429603,-0.1309856542442211,0.7252379645047107,0.4926299908666079,-0.04500183282478264,0.6554126156308414,0.51112791620679,-0.12444733716920654,0.614705374550859,0.6401219332525718,-0.1503879825422189,0.5854831864723931,0.7411557011846468,-0.1491976833337793,0.7966157025482739,0.5223380014595641,-0.06161745445083876,0.7180484529123163,0.5894525135842636,-0.13931388438763087,0.6743787488542596,0.7137708630221501,-0.13869094348316044,0.6402237341314019,0.8024656866416404,-0.11648777040396834,0.8575491101065011,0.5768647080380774,-0.08013637285903814,0.795220794627634,0.628561879726265,-0.1307075703053625,0.7543801424622775,0.7117723117330604,-0.12463680001814949,0.7223216594571656,0.7746385011026219,-0.10486048110950737
76532.76,0.7508566265367544,0.8892438284770074,-1.1066690140499224e-06,0.6502825070867687,0.7986044532401237,-0.015962235544315598,0.5691217828007556,0.6740805376480085,-0.0310227989265167,0.5273322645079966,0.5818611228172584,-0.05425459014323981,0.513306206370227,0.49850385249613655,-0.07611339514988473,0.6517095493616245,0.49543096149920085,-0.003610669689551014,0.6093185919670303,0.3863978046604399,-0.05935596867260442,0.5835033961250388,0.3906703321825177,-0.09743974653036028,0.5627694739757843,0.4154896994738586,-0.11542144020178585,0.7248482666652629,0.4932869823107823,-0.01973027739327084,0.6620734230465052,0.4952255364784746,-0.09196363801230201,0.6145676206181315,0.6103050892264176,-0.12067825647501827,0.5807654727047796,0.7054134175219371,-0.12293319259524368,0.7937446585084219,0.5227244527702605,-0.042681987706238156,0.7224274188146451,0.5641618873066894,-0.1132281833335928,0.6702708888251407,0.6772280693300445,-0.1198669712621644,0.6303215575764247,0.7647305786743028,-0.10416499273402996,0.8574547758600284,0.5739605148143984,-0.06654195492228389,0.7995629012464236,0.5991969004177209,-0.11017191689555392,0.7506464380350529,0.6765289032686873,-0.10735389230969584,0.7124048698053838,0.7373857909486927,-0.09143699230123822
76532.793,0.7501011006811479,0.8931575913870562,-1.134739064733847e-06,0.6538962125254565,0.8011537720828285,-0.017869972326564475,0.5778053952985378,0.6915432287107146,-0.037108272866651845,0.5340953817156193,0.6099125727265751,-0.06266075872700468,0.5146114217873887,0.5255395807953704,-0.08495583077446545,0.6530821563854838,0.5164654564912812,-0.0005125182649865037,0.6030513245741159,0.44097822254021707,-0.054110997168794216,0.5575738990316258,0.49249434155779,-0.09565524862556382,0.5316062888842407,0.5463464142632818,-0.11842089489563525,0.7162646305952053,0.5193680690409491,-0.015467937899622263,0.6563325141089471,0.4691210772959263,-0.06507311147245651,0.6058833639149442,0.5513070614549722,-0.09001075921298017,0.5828468815604395,0.609644301247077,-0.10009486735080476,0.780823683351858,0.5480254429096371,-0.03800130238514604,0.7319924938367253,0.4963524979620626,-0.08705314919313514,0.6777525668304923,0.5756819245435566,-0.08909262937389942,0.6468644054585331,0.6371475888117779,-0.08125767807478058,0.8480961077346344,0.5998020991919493,-0.06267281051761858,0.8068914724702496,0.5653562325648814,-0.09724868461731699,0.7546212115253295,0.6202452677516248,-0.09423047223878454,0.720802512063152,0.6667715284404429,-0.08422173268539006
76532.856,0.7396431617186422,0.8587283615689479,2.2856097335426434e-08,0.649426552119333,0.8027782606986738,-0.03064954882191169,0.5727951186127297,0.6964648829411753,-0.05383710606487462,0.5232918412288968,0.6167993283534341,-0.0791856675784082,0.5027591073603769,0.5310158914983037,-0.10298209356666005,0.6463033841266065,0.532680983612092,-0.021600139864338726,0.5849866335663682,0.47749814678732655,-0.08479839364982204,0.5418242271772175,0.5487237300656749,-0.13761082847508446,0.5176480306239121,0.6170292853334172,-0.16731715366536992,0.703558525663285,0.5068625272959197,-0.03702645107957894,0.6647926776191697,0.3645880854583414,-0.07822802569076362,0.6286490994695852,0.2870542817979315,-0.11447436934685183,0.5988670128713313,0.2098223063335895,-0.1383176521189291,0.7664722831354167,0.5329629181925785,-0.06121340110744318,0.7544516296056698,0.38841378154050504,-0.11039505584170542,0.7310975582011519,0.3060220207925394,-0.14328114486639174,0.7042900330803918,0.22318586055376405,-0.16161924051232598,0.8272545323701866,0.6026502054375193,-0.08660733065661816,0.8528214122541401,0.5158241502479181,-0.1270782713606959,0.8536451162725062,0.4584876929625489,-0.1402342230479134,0.8434329065874665,0.4005218328883611,-0.14597638638438784
76532.889,0.7437229001797044,0.8587416186803394,1.3989052381991715e-07,0.6520645384767768,0.8071466726333997,-0.030252698368604624,0.5775086109145786,0.7052919530311355,-0.05612686612093382,0.5297441087306377,0.6320090731938969,-0.08431284998361945,0.5097967755154093,0.5582744256965629,-0.1126205420404753,0.6482893642129169,0.5291123251318373,-0.026353270129783897,0.5894046340293759,0.47140299129851193,-0.09135491990041929,0.5444934706708034,0.5247171168437362,-0.14576654223379673,0.5215072436303677,0.5778164428509273,-0.1765579477300824,0.7025820478749839,0.496530342797383,-0.044411234725215486,0.6706445841650817,0.3392230675684011,-0.08545672958879619,0.6391377295778817,0.23712198644201904,-0.12145405876637967,0.613402761124302,0.13662760829449994,-0.1462880564707833,0.7627561358511705,0.5198021603771323,-0.07132096110349444,0.7579709342828681,0.35487489764802804,-0.12053407405509783,0.73908664894209,0.25247545013450085,-0.15607578046051673,0.7168540930192346,0.15173458368378745,-0.17765174581399928,0.8180194304035536,0.5907833836607593,-0.099668028254516,0.8517006913450202,0.49129948695006614,-0.14279740137944802,0.8643284170781443,0.4160732013325077,-0.160018899978186,0.8673597672937632,0.3406593914573819,-0.16960680624755117
76532.922,0.7465441220076472,0.8615984477260137,2.319270520652551e-07,0.6499211344250905,0.7998556914707784,-0.022692424796050124,0.5765578862573287,0.694839133003268,-0.04505932009428601,0.5276241439994571,0.6201410465633593,-0.07042742558891155,0.5115901098451906,0.5432506471009955,-0.09747354404650445,0.6497389164158225,0.5191082660499889,-0.02132780771362425,0.5894622476178174,0.4549000454215937,-0.08221139348478448,0.535829261298574,0.4843088152009577,-0.13436735929305513,0.5042105743443063,0.5221148313146574,-0.1645629787320605,0.7040344895924191,0.49587757887768696,-0.04364264823252221,0.6784834414619224,0.32398049360656367,-0.08455156104718503,0.6528645667728525,0.21144924330524714,-0.12143767918460643,0.6329173725781195,0.10735815786921789,-0.1461721039171122,0.7617538805634748,0.5279769834850901,-0.07362269073445044,0.7645023299841721,0.35600965942002855,-0.12422740438514208,0.748079570392271,0.2429811121723991,-0.1628553043472704,0.7297896719873185,0.135466834341375,-0.18570919567639396,0.8100332703435537,0.6061368493172131,-0.10383438276801278,0.8378247230142714,0.5026220690969693,-0.15037218410526756,0.8498297560932337,0.4242687816962189,-0.16949795955010455,0.856641375102643,0.34549285856895035,-0.17973257233666512
76532.953,0.7530055224993251,0.8681428292068613,3.3331548184982036e-07,0.6507547931400564,0.7997460655575042,-0.023810416998165596,0.5754253083133597,0.6878439806354083,-0.044830005729327854,0.527316008874408,0.6059733461727677,-0.06725145077321507,0.507355252826957,0.5157965940797056,-0.09154945692405747,0.6492694898972255,0.5092575999015453,-0.020934568967422327,0.5969085992743517,0.4163561819911894,-0.07908082484950088,0.5479428363655846,0.40592304984371497,-0.13005404193489184,0.5093270728647707,0.41046085877016536,-0.16014009143117122,0.7071104892257161,0.4873024710080531,-0.04303913179683913,0.6944943873599018,0.30933488756452343,-0.08099577476787272,0.6803024408197649,0.19098729041701915,-0.11786146490075594,0.669027308811696,0.08628542695750521,-0.14273089942589504,0.7627180319902271,0.5276277509267407,-0.07265051665515139,0.771994478459549,0.3585657739067497,-0.11871095748535243,0.7626050365674574,0.24046862205806502,-0.15706039116403347,0.7500470786130257,0.1279849477042096,-0.18167320066984688,0.8079116234785669,0.6130066850801399,-0.1025197365879146,0.808619788181118,0.5309655184707315,-0.14589180171198507,0.8026517697261463,0.4681785630316766,-0.16268166298488373,0.7940117781463165,0.40324842455995014,-0.17237294925686317
76532.984,0.7658527358195906,0.8696459427179186,4.4143281831045897e-07,0.662101721810207,0.8118935908303015,-0.029305090805942815,0.5744098805315149,0.6944885156074708,-0.04385481324782555,0.5285454641131028,0.60395961725809,-0.0547273632171337,0.5063273769619758,0.5060809949113699,-0.06807962995666027,0.634563834460503,0.4998208080896066,-0.042302789991893075,0.5870022933186811,0.3697949475573503,-0.07464035877520783,0.5523868706485708,0.2911727333788777,-0.09711948783082838,0.5227301398852772,0.22047268855444482,-0.11626241524146541,0.7088959719906581,0.4832756752097223,-0.0640856294555834,0.7071285933123145,0.2988006940345721,-0.091656948940419,0.7073253820176508,0.17542262396878372,-0.11961608539079685,0.7084563083831532,0.062386560952377934,-0.14082898788966275,0.7699710512207568,0.525560673847347,-0.09094924854247821,0.7698406175735087,0.3835257223448026,-0.1454120774334077,0.7631639258864722,0.2615971012832239,-0.19852970256207517,0.7601991317869257,0.14533593106192538,-0.2357716905438887,0.820572668334578,0.6011789098502165,-0.11638668287243775,0.760640537615426,0.5923977033089051,-0.18477122054647505,0.7063582042046955,0.6317874279247102,-0.21926871485783295,0.665936490699345,0.6589498308750643,-0.24113283110344333
76533.019,0.7617565696111073,0.8770709244214079,6.931630031940172e-07,0.6622808947721641,0.8136662567917418,-0.03221217671850096,0.5806231312845664,0.6979710790390924,-0.047680214803105296,0.5393156423564199,0.6085609271158612,-0.06147463947674936,0.5072716324560564,0.5121935296807303,-0.07549714707488274,0.6385512710611762,0.4909650205140779,-0.04610995792842663,0.5979955314004368,0.3366125203912822,-0.07872543685758306,0.5666173021708023,0.23969318287662728,-0.09452459433437362,0.5418180402308976,0.15285787147916094,-0.10735409342601543,0.7148597322026639,0.4836689564854988,-0.06324079341777694,0.7129515712784766,0.29840961459226767,-0.09599187443606902,0.7151858254394102,0.17856474461802568,-0.1194617769582035,0.7200077901832055,0.07368898406983557,-0.13365048655116651,0.7781456822277826,0.529671106665171,-0.08476966979685523,0.7467757474178215,0.43899054117750647,-0.1437516758314535,0.7218491870729081,0.4005844647167594,-0.1813060080072546,0.7098431285009731,0.3553744638908408,-0.2007559606480115,0.8266935171582032,0.6064963072109452,-0.1062054860395208,0.7418801948059107,0.6484824888589658,-0.17348618910908306,0.6789185271354334,0.7139672421163082,-0.20149945073963252,0.6393236510475995,0.7599737428575706,-0.21444795721123938
76533.048,0.7549244995065104,0.8739355690383533,1.0052751191134162e-06,0.655701082365851,0.795034615382247,-0.01948129033846854,0.5763941761630206,0.6774045934495513,-0.03505373251531629,0.5365932095115116,0.592483400257813,-0.054338860250315105,0.5123792835447407,0.5077012374682389,-0.07207114349889282,0.6387448590638025,0.5009815309235052,-0.04856868758226155,0.6139323298200554,0.32262729240903043,-0.08555515677637036,0.5886666077639523,0.22039578490680312,-0.10075224525638588,0.5695299954558438,0.13216738487389618,-0.1080608456459278,0.7187556209570171,0.5013336349465445,-0.06772774508890073,0.7099752098207598,0.31657641838023776,-0.11034676893733855,0.7106995071740319,0.18959833277610733,-0.13700025621134457,0.7150100014038553,0.0853539579270813,-0.1487265494085306,0.7864125070049255,0.5446190863178137,-0.08680572274764925,0.7124882012576872,0.5541913937211354,-0.14322076560150043,0.6562437289588765,0.6340096349081101,-0.15766307466159946,0.6222414587399134,0.6915954878506476,-0.15226336272160743,0.8290464144362754,0.6137453743326555,-0.10617037630625822,0.7400402902755007,0.669102138684046,-0.15045374246944151,0.6811600311035356,0.7366104728547727,-0.15259145287189968,0.6424640116405056,0.7853702555869957,-0.14344533315765168
76533.098,0.7566488831352867,0.8788228405282279,8.919883088394021e-07,0.6606899213475815,0.8032005738748902,-0.029296380613717227,0.5850751942573353,0.6861764927250567,-0.05226265737451174,0.5455332850218768,0.5900996150639031,-0.07977744252366167,0.5128836525521043,0.49912437826990635,-0.10495560543808116,0.6341732845087151,0.5168496851818634,-0.05390092321851708,0.6162574560134588,0.3429171433191433,-0.1049458079230026,0.6048001048185214,0.23738201865284908,-0.13380630758166884,0.6014767948713557,0.14129689954905414,-0.1495921970241669,0.7117658150385879,0.5058793742239208,-0.07192569566319952,0.6785952290678026,0.35213041913458937,-0.13159887863467146,0.6625347008445123,0.23253549476451202,-0.16844628754004143,0.6508193239574736,0.12909093313937003,-0.18473190938741724,0.7847717807428994,0.5378256453161009,-0.09103245015199804,0.70377130681434,0.587591661894348,-0.15749947261558217,0.642493219770625,0.6928984083834124,-0.16502832742613566,0.5975981346492582,0.7724129811224437,-0.15107863213077452,0.835663553553274,0.6004695297402263,-0.11287899843429502,0.7508755340040795,0.6709804626404227,-0.15788110698081514,0.696030507434152,0.7413754782289506,-0.15313704135517864,0.6531104014928847,0.7947303213866739,-0.13698379195338037
76533.104,0.7525754875538757,0.8709852025599033,8.799577403196186e-07,0.6575669513034553,0.7968391776444227,-0.02958766236914661,0.5851300747784461,0.6819908077469061,-0.053119050634700606,0.544927700687473,0.5869554491616921,-0.08070952899926737,0.5096426697632285,0.4957289965889223,-0.10609708731565665,0.6383569815039614,0.5203914939763338,-0.05944829278171572,0.6242619010009737,0.34123939711842727,-0.11002459528404795,0.613406404661159,0.23362050482941404,-0.1379963576545935,0.6099613794253775,0.1342040421325926,-0.15326110466566084,0.7129994616187009,0.5092595743918025,-0.0761141768594414,0.6762412704349592,0.3682616626548929,-0.13539402964980338,0.6519396768095349,0.25428113583330897,-0.17080942022509613,0.63312074107263,0.1547106159819139,-0.18670151312105268,0.7841586657133448,0.5388377035027654,-0.09334254575197393,0.7023239429241018,0.5964371082807758,-0.1576627386809672,0.6423172068031873,0.7023777347170213,-0.16297590293231354,0.5988358127645294,0.7830119251301823,-0.1485275384403859,0.8362285845678228,0.5979773573098609,-0.11340090581964052,0.7510730849858499,0.6691067656948892,-0.15668345692814542,0.6968582739488364,0.7396684622018016,-0.1509059803235482,0.6548748150715307,0.7934994549545789,-0.13445969533001012
76533.13,0.7548434336634742,0.862576789591773,2.7853750093852652e-08,0.6619532457767898,0.800511257740487,-0.033071060994847336,0.5871059983945898,0.6920478390822269,-0.05734798326702375,0.5416926741106611,0.5963952929235887,-0.08459907350842477,0.5102383212584304,0.5039634822586369,-0.1105719486210914,0.6413516636291852,0.5014551450549418,-0.046083285012795766,0.6289704613246593,0.32177656578142244,-0.0948400312107388,0.6229261105379185,0.21875215014093416,-0.12017020534996631,0.6209431211036984,0.12710984154287755,-0.13495806912021782,0.72026161009627,0.49839087682923944,-0.05830397336300465,0.6711109805259257,0.41396503236530413,-0.13987389366387043,0.6233762446363668,0.4786016238527855,-0.1672465022920372,0.5942414206862785,0.5446397347394488,-0.16459364726521628,0.7868010873368799,0.5311074186703761,-0.07342945561894379,0.7052082443109483,0.5966925285862221,-0.15091274644349306,0.6454672576383295,0.7124570506140455,-0.1534333773649034,0.6057242170878989,0.7938682236344751,-0.13224387466330756,0.8371948002125579,0.5922314543965038,-0.09072183505048934,0.76278516036315,0.6688508031218304,-0.1393626244277436,0.7099138790442833,0.7525550844871988,-0.13581275537693485,0.6698055042652484,0.8066051869808688,-0.11838102981846912
76533.162,0.7604909088498938,0.8743972655119562,-2.457588102537822e-07,0.6621208983788597,0.8024941361517001,-0.03320509900917287,0.5848599664441823,0.6905765128589898,-0.05671779052273681,0.538456705073411,0.5947693008679732,-0.08408477536554682,0.508994936436671,0.5010802352277338,-0.11101411561269163,0.648191274329618,0.4995558324197252,-0.045395883791804224,0.6319349851471805,0.3216008574296122,-0.09854820699194336,0.6262284813884534,0.2147767485064042,-0.12863642238445622,0.6229375433296982,0.12369781905083412,-0.14681150803518578,0.7268969406150136,0.49418792866680483,-0.057536483593343485,0.6596082920243539,0.4438014948386591,-0.14720509799144335,0.6080930884446089,0.5392997514374283,-0.17570186966356416,0.5756147956789578,0.6264512364422625,-0.17259367101124823,0.7927107938223663,0.5243092363406368,-0.07320876073210848,0.7030479444742357,0.5944990086366707,-0.15730080166344074,0.6539820649673606,0.7156079581739115,-0.15685767556380606,0.6176638953683725,0.7977387480248109,-0.13259551274723125,0.845497509440625,0.5820807182122225,-0.09135025935308848,0.7737100835084489,0.6553067132933735,-0.1440924061275115,0.7259787045977215,0.739402451221645,-0.13815433739155555,0.6866325203945277,0.793061367274254,-0.1177625538315662
76533.193,0.7599514217498091,0.8830890294723119,-2.830247879256905e-07,0.658288650763914,0.8069153389215722,-0.033503089702462165,0.5786510497734013,0.6963351050116562,-0.058255683401711916,0.5313757595548627,0.6008363043932382,-0.08731050981016154,0.5049877605536535,0.5066633335550746,-0.11574257623878542,0.6445458938535238,0.5033451386429494,-0.044632465022573196,0.6211111237462386,0.32580776734582817,-0.09905700475360514,0.6116682860277423,0.21763178785980525,-0.13068968289019955,0.6047203806769416,0.12466138973006066,-0.1500970354516481,0.7241876146655387,0.49717763321615127,-0.057516771334399946,0.6593042215181616,0.4472106885157177,-0.14941275111782074,0.6103131708920471,0.5450856395522583,-0.17860704417907505,0.5788852867209575,0.6331624592288659,-0.1757758675094582,0.7925679417373824,0.5253605927315367,-0.0742495306044533,0.709358028337453,0.5857230434663403,-0.16072308705614588,0.6589065998859366,0.7091639063480957,-0.1598671473305896,0.6214959836412846,0.7946731234048615,-0.13465151625987618,0.849364775152898,0.5812102467399094,-0.09345062203533196,0.7806003217635004,0.648707699829702,-0.14734944244976803,0.7332029281239782,0.7333415268285021,-0.1407203237255608,0.6956658611392784,0.7903439122204284,-0.1194008886375822
76533.255,0.7472852459840384,0.8815207117552794,-4.458696705234218e-07,0.647874683488081,0.8037979156656224,-0.026544307289167783,0.5701222503616801,0.6920978078668417,-0.04871906816454607,0.5300583135008738,0.5993114468177594,-0.07659128539019333,0.507454502471698,0.5072417834317272,-0.10464446868679138,0.6426086651552056,0.49841782021183906,-0.03690701439479146,0.6168271403907928,0.33331479150561005,-0.08593028393614599,0.6033363670089231,0.22813249697275545,-0.11871700741513964,0.5936486396734412,0.1369066768616956,-0.14149597035605313,0.7142515757603087,0.5059726643882939,-0.05297914857867262,0.6530269780167876,0.4517562018926177,-0.13305176161997684,0.5942378951730576,0.5427531518327451,-0.16008185507858136,0.5608558600950745,0.6258741933927765,-0.16182909429528147,0.779031869895147,0.5432269411991547,-0.0730066502769876,0.7135251978259491,0.5324471667318017,-0.14656218965561857,0.653111223545231,0.629892162705247,-0.1450478126530853,0.6172950029370905,0.7085942577664454,-0.1254724654305068,0.8423875829003349,0.6030488963855896,-0.09550590407112766,0.7846983455018907,0.6050709209799982,-0.14425376530252715,0.7304113207079661,0.6647417453161117,-0.14024870641813963,0.6965467423239324,0.7167157036042959,-0.12410500591408703
76533.288,0.7505927452780945,0.8951145562824685,-2.757284125214664e-07,0.6488366992560753,0.8119674898488021,-0.024436531427136515,0.5683558482424208,0.6843694409457441,-0.04236881437789735,0.527438544799683,0.5869191335916422,-0.0637738392903665,0.5056479861400146,0.49396581594632333,-0.08421016648413408,0.6345230353728636,0.5176952483258489,-0.02140329181241534,0.5932104648635352,0.3816345384178264,-0.05852840106136531,0.5691075442100558,0.3040939183652769,-0.08973691776908053,0.5530375413311144,0.23444979564763466,-0.11494436829329195,0.7023237467165844,0.5234787154370948,-0.03836563054253067,0.6603611097401638,0.4194983242692029,-0.08825476232429938,0.6055321435094269,0.41261873146295197,-0.11597534857067332,0.562098292815986,0.41522581278330484,-0.13058102142101036,0.7692742768872973,0.5592981967890587,-0.06039321372913351,0.7362733350597799,0.46672232580416895,-0.11162305715591761,0.6827767085925398,0.49067645423518624,-0.12066099110625407,0.6393201341998738,0.5208648647475568,-0.11998163217329072,0.8381656853911401,0.6200209386756685,-0.08509237783904064,0.8035598541021431,0.5774513080374075,-0.12839713571085531,0.7539362821224638,0.6008437045699226,-0.13490156338467593,0.7139039756229245,0.6290821635564428,-0.13354215296559863
76533.321,0.7423593479039661,0.8861345424790895,6.90347484976049e-10,0.6441858972560583,0.8068792930935308,-0.02465297632116716,0.5714379018044451,0.6956765530104252,-0.04749911519742711,0.5258338618457701,0.6106368650196718,-0.07407825401131846,0.5035718047009266,0.5292585847599809,-0.10113645537559812,0.6410029989515207,0.5329108114623148,-0.015498547140712644,0.5920991869481897,0.44485130624881764,-0.07800748623540871,0.5397816728793293,0.4598128167217677,-0.13381436133231106,0.5001416293840167,0.48815831905502904,-0.16733454912633475,0.6962209658453553,0.5204668638438049,-0.03345937946236638,0.6597024943620822,0.37227449263890433,-0.06993387564752582,0.6232592867476228,0.2859754534381429,-0.10500426598127183,0.5902307330132801,0.21121453676568003,-0.1308037044127746,0.7578063797313452,0.5560289935036261,-0.06013515201096982,0.7514201112476596,0.4123814931064856,-0.10052659103861471,0.7239224333354717,0.3376059893274682,-0.128102370734619,0.6898505916443433,0.2684092689155565,-0.1465049314210366,0.8179566725620837,0.6340918558665483,-0.08908547610642752,0.8377498658482436,0.5581528714398074,-0.12645709243862321,0.8305772779310455,0.5071408963710524,-0.13997184339568916,0.81140549744523,0.45530084779201335,-0.1478481298758056
76533.353,0.7353744657543863,0.8750149052665622,2.4336694811137364e-07,0.6414732427324876,0.8081114454274059,-0.029232342153475234,0.5691680653439329,0.6971898208849653,-0.056219931313375764,0.5232668686365969,0.6110186692932011,-0.08578725854564824,0.49992372575106614,0.5240260386772786,-0.11672663861226674,0.6416455750221424,0.5319677265038779,-0.023572928343294094,0.5924003229169431,0.4576432533923692,-0.09006266707282093,0.537383104782368,0.46966121944920375,-0.1469005078217765,0.4932205767374958,0.4946423483682219,-0.1802633892648474,0.697757236067256,0.5104324878338912,-0.043350192541749225,0.6707071456916905,0.34253247418524274,-0.08548027686545953,0.6410117049240949,0.23914847602791434,-0.12474809193485457,0.6136226277993979,0.1426167641768927,-0.15206348986276377,0.758322193174105,0.5431135910003932,-0.0719865428962604,0.7559726304447077,0.3795737122827812,-0.12181421267723902,0.7323153988175504,0.2803318315884374,-0.15838888815104074,0.7029630052779228,0.18322645175200036,-0.18126340338804406,0.8140204919366847,0.6209770171421918,-0.10209636894420822,0.8415315086638651,0.5271498760965885,-0.1481293076716903,0.8494635892638445,0.4566203577379933,-0.16778810014867065,0.8471446915485297,0.38468410204919073,-0.17937847475409985
76533.385,0.7394458955672806,0.8727362253827947,2.920949239452715e-07,0.6440704076052121,0.8076233924463755,-0.03115898809670082,0.565442279585051,0.6934332586154904,-0.0589434996118026,0.5178980516724678,0.6047513164735276,-0.08844890417980078,0.5038538943743356,0.510723857808155,-0.11951461217432349,0.6383796614538637,0.5291238886545655,-0.030116558816898377,0.589103680722075,0.45563351078911357,-0.0968634252123198,0.5341453652821191,0.4509920014289875,-0.15281347632452402,0.4865876345007448,0.4607819582447045,-0.186098029321357,0.6971313883186697,0.5027597781123074,-0.0503009897863474,0.6736558692252196,0.32889635653508575,-0.09463514465033944,0.6508671029922809,0.21611621390735308,-0.13388989657670927,0.629712304149824,0.11240731005897209,-0.16095753072979874,0.7588655310530087,0.5344872506832739,-0.07916481882698742,0.7573197799759348,0.36422551054849633,-0.13250638067881404,0.7386824111824842,0.25753042647239843,-0.17161369007672525,0.7143196831343038,0.1541595299405797,-0.19595229605543535,0.8146725223623879,0.6124424900829323,-0.10934376875816867,0.8452005915649656,0.5164196804566039,-0.15971440401618314,0.8574969370473099,0.44064284929912717,-0.18302130292655236,0.8595069696317553,0.3636856706611076,-0.19716755918771606
76533.417,0.7482406555058958,0.8746788680737523,3.5564985167681207e-07,0.6478872748761617,0.8087184968392063,-0.03159461734946851,0.5687085389122646,0.6982826495699416,-0.060525152270670575,0.5195936003740425,0.6113675986714797,-0.09077198612718963,0.4922488402791021,0.5137491984798467,-0.12243338985689453,0.6366468219485378,0.5220504060540754,-0.0364053284340179,0.5800531507943281,0.4336366130429651,-0.10358330797134814,0.5208814538412831,0.42214160821763425,-0.15882840702362333,0.469163540468835,0.4275699511250017,-0.19150896587296615,0.6987820316527774,0.49806756323467516,-0.05720501843509383,0.6771319244738266,0.31904193873434705,-0.1048228101963521,0.6557492875743381,0.20187017989345687,-0.1450841706801908,0.6339539798919974,0.09497391316796627,-0.1722580863678138,0.760655845284826,0.5345823108810582,-0.08615939187700059,0.7613690806132327,0.36267774151388044,-0.1408225809677736,0.7458731726254451,0.25159795709874955,-0.17984649705806582,0.723529908504015,0.14462478218838776,-0.20378220131713745,0.8159045277725898,0.617575356912954,-0.11628197080257897,0.8430855109765468,0.5189001391232675,-0.16600011700414702,0.8529705809460214,0.4409819991303561,-0.18814704476567864,0.8530806201132831,0.3630743369566352,-0.20131715395615296
76533.449,0.7536150212875194,0.8794555426065517,5.104050139850522e-07,0.652098405390292,0.8111657364248245,-0.033087041430150774,0.5716090296472264,0.7000559872247545,-0.060263384459861034,0.5259062591383994,0.6113625611268052,-0.08724970318059265,0.4969424468345199,0.515058171959355,-0.11645868068264104,0.6290409378640115,0.5118112467933316,-0.04550704453796045,0.5711920752976565,0.40236028591412826,-0.10092604973892598,0.5228204656106087,0.35299625127915635,-0.14471539371814796,0.4771569772085789,0.3105873850329088,-0.17391822798193107,0.6970536907615327,0.4929419566581171,-0.06634177142962606,0.6779646930473079,0.3127910581876235,-0.11086740494366742,0.6630519258518596,0.19243257674998557,-0.14983943174160802,0.6467454136678629,0.08249670593049492,-0.17695084638470626,0.7610245538863203,0.5365195623746389,-0.09315518868683406,0.7562124908673945,0.37033653250722565,-0.1458667095538675,0.7427032003121687,0.258150938018892,-0.18557377694951896,0.7250291565337283,0.1484483185059983,-0.2113961253085288,0.8182617498691827,0.6222698622222156,-0.12084427189807713,0.834290356022469,0.5273617572758382,-0.17167961737214746,0.8390019404030358,0.4544408735444797,-0.1952355223069286,0.8381853650393092,0.3798665192344561,-0.20978021034548464
76533.481,0.7641890901212384,0.8764184580323521,5.45934548715073e-07,0.6602420679585671,0.8167774229286768,-0.035153009488669534,0.5751731517920831,0.7031176369415151,-0.055215925712563674,0.5277130100725387,0.6111465126678461,-0.07323338429265469,0.4948891282358304,0.5155935940404609,-0.09322259780293847,0.6234836104870525,0.5061896438832912,-0.04124211229844453,0.5714355579046259,0.3773349035841211,-0.08121837001505487,0.5345937776962844,0.2959352212291563,-0.11235782999648868,0.5012223310353334,0.22103377283538786,-0.13703587519521765,0.6965363674236891,0.4852632635547139,-0.059484995210369665,0.6782299473054083,0.3063935081024469,-0.09390876795899211,0.6706029546922394,0.18745915777156708,-0.12633199050229835,0.6620045770551468,0.08455746005076699,-0.1501097009656205,0.761719682140871,0.5237999615597287,-0.08332955290920153,0.7559093207311242,0.37189953229849215,-0.13091032880506306,0.7431640454931567,0.26389188113461753,-0.17088986069006287,0.7275444385722987,0.16169922507125628,-0.1992915344571909,0.8221294644833904,0.6007018919243136,-0.10801505001983996,0.80799087185175,0.5444243569717913,-0.160555248886212,0.7868189478961024,0.5188080850296718,-0.18459588820968637,0.7630047830500171,0.490358960697712,-0.20011974449443085
76533.53,0.7655053717732858,0.8790834052063589,4.3494516601496104e-07,0.6605355686492392,0.8226516127581139,-0.03334707207563096,0.5751377581063262,0.7042066058218759,-0.04738462077096139,0.5257436492177404,0.6100995048529946,-0.058464494530227784,0.495163735656984,0.5084558264376176,-0.07111595115446037,0.6297695063331308,0.5019784179979602,-0.04136749619944785,0.5816667883037998,0.35218640573696114,-0.07538107051117982,0.5479953723810782,0.25565623383471714,-0.0978393327087034,0.5215610764225738,0.1686902720470051,-0.11750046171526289,0.702767339458685,0.48525826252773896,-0.05984503180364482,0.6834051650166347,0.30199761214715415,-0.08602596336324142,0.6728190223098135,0.18503126466723194,-0.11105244835716761,0.666693861097,0.08272738413747173,-0.13091208522798026,0.7683272729155116,0.5228293403280873,-0.08407568892980075,0.7512447316718194,0.3844275123596309,-0.13372179737653123,0.729264311451307,0.27918533013814845,-0.180085726227942,0.7149854999671572,0.1798335531071767,-0.21440103927357274,0.8262527475144287,0.5969154525025587,-0.10873632590384699,0.7655159719940092,0.616938860056475,-0.17580254503053758,0.7104032808339988,0.6692348191151771,-0.21073300611856627,0.671725924469522,0.7062384497626846,-0.23334674704035385
76533.537,0.7659391910717885,0.8795562544635324,4.0354715096389837e-07,0.6601110928231373,0.8218591759993491,-0.032955429739797114,0.5760835082102909,0.7042546924567379,-0.046850418578793136,0.5269681802614459,0.6102421173471289,-0.05777508453844444,0.4961292764235334,0.5082535113942707,-0.07035038578311004,0.6303617787714753,0.5007661665546512,-0.040568848714520225,0.5824089826134135,0.34970589645454847,-0.07281179234785848,0.5487686147155066,0.2527733876510624,-0.0941516843845689,0.522911680918937,0.1651523433653598,-0.1134021057640851,0.7045102300998782,0.48383132235141146,-0.05876727387799824,0.6858551257597427,0.30091734480128446,-0.08256812782551443,0.6741384907671313,0.1840190418054878,-0.10670165568749942,0.6680507406801456,0.08264312178335191,-0.12650199180518867,0.7694014910090363,0.5214230624559729,-0.08262867916491996,0.7510233108739306,0.38628329611635853,-0.13094524217871878,0.7279046587212736,0.279383969641666,-0.17857647582592268,0.714043377260773,0.18112698713142303,-0.2145394270488024,0.8261721641283553,0.5953296026690279,-0.106836724211305,0.7589260477670557,0.6248903916850927,-0.17483801606066274,0.700925398566588,0.6808715572826284,-0.21143058656945074,0.6610483880246361,0.7228462147830302,-0.23534995146702445
76533.56,0.7565371539146932,0.8821500823664185,8.606481862861957e-07,0.6555491873590197,0.8062149867061297,-0.026192385233518814,0.5758713524290517,0.6920625251072766,-0.044788939779712114,0.5317130932714993,0.6000725005289644,-0.0665362468099764,0.5004705642586101,0.510998606101713,-0.08660514636041186,0.6309208701521922,0.5190213402284553,-0.048537576135984285,0.5976661912528991,0.34086063611602857,-0.09249132147421629,0.5705862023798831,0.23671409258864778,-0.11528692711528014,0.5511373961397984,0.14643999954717196,-0.1279083880984744,0.71029907298126,0.5104435641373297,-0.06747099830644826,0.6834538345847233,0.3294381558871198,-0.1160108578580171,0.6676550820400502,0.2052434196496659,-0.14720884903405418,0.6581819973305159,0.10199196589979528,-0.16180116003392442,0.7827675544260105,0.5467760728515779,-0.08779888028684085,0.713282843649934,0.5449413741569031,-0.14989179571592667,0.6608360714801276,0.6188436347153482,-0.1653989354099607,0.6277979008810182,0.6710489830519472,-0.16004251082047571,0.8337876529041038,0.6124963173541764,-0.10914775654001346,0.7475327637218434,0.6663310929523455,-0.15824860135941365,0.6925565214107455,0.7334917548895936,-0.16072801599196268,0.6583745750719651,0.7815057397862857,-0.15094099305136877
76533.592,0.7547788819860324,0.8842418277490268,1.7695721972036265e-07,0.6585169858265646,0.8122118289584289,-0.030228803414821315,0.5815404647099794,0.6972137097189139,-0.052326910386098276,0.5362637066901345,0.5991386344351755,-0.07810170839323402,0.5021043421565852,0.5072607849616498,-0.10170792131552801,0.6374017239704327,0.5204566717429132,-0.04628515232278557,0.6096380435735416,0.3401896509586148,-0.09421006129063106,0.5916177100747846,0.23580597137601117,-0.11898866038257401,0.579119751840427,0.14251183298903414,-0.13340499230991132,0.7136153640316322,0.5136800829947972,-0.06073974143552847,0.6654638248013096,0.4161250084447015,-0.13579810821136412,0.6261318979330439,0.4220768445484424,-0.16607703170981217,0.5970450090290549,0.43379858175470265,-0.16885809631499518,0.7822801530512808,0.544727749968462,-0.07738726666111627,0.6927432890386581,0.6138173171640239,-0.15032309991155723,0.6298795851851239,0.7210537510482518,-0.1549135189082654,0.5868968882595198,0.7991166346652946,-0.1364728014979015,0.8315680267244031,0.6052472193964091,-0.09648999857559871,0.7485232199021139,0.6849694932867318,-0.14177477731261082,0.695294713884342,0.759932653502423,-0.1377184410834742,0.6547837733911466,0.8106559655460363,-0.121039735947579
76533.655,0.752663886178815,0.8921229424091699,-1.7662167933052115e-07,0.6545268612806381,0.8217590247700146,-0.03197191110311974,0.5756521744347977,0.7113291393161931,-0.055985175882179376,0.5288080457128127,0.6132394153671684,-0.08342605085209939,0.4989396839245791,0.5170031050873133,-0.11058368397630705,0.6362083073843574,0.5157185302293978,-0.04848086329546341,0.6167293315627165,0.336874712573042,-0.09991380638368275,0.6090470755355983,0.22814922668997242,-0.12950987586616555,0.6034328653402357,0.13566478556167785,-0.14809621378269633,0.7160595350264277,0.5115285923327932,-0.06170839450368055,0.6532167144208647,0.45666476271171286,-0.14698303277717858,0.6001700988861909,0.5341393433727819,-0.17741406332445142,0.5636524509626325,0.6085702061474386,-0.17804465755619617,0.7842368867111521,0.5446443650987322,-0.07768877471558908,0.6959411022129615,0.6134014792693374,-0.15841084577511616,0.6320389079394291,0.7208373320227207,-0.1627389838078507,0.5841877325817009,0.798668926626506,-0.1439687887438358,0.8367861031470228,0.6057327276107445,-0.09564921814281972,0.7602699481313798,0.6798219882624134,-0.14856179643571277,0.7084731849501336,0.7598202118074247,-0.14532103367980978,0.6671231551740135,0.8143501468647454,-0.12772733833761898
76533.689,0.7534646556337213,0.895873524527483,-2.6713263106720973e-07,0.6515475501555862,0.8293986583969233,-0.030639472494128402,0.5685091226136318,0.7177092021792266,-0.05384666050547317,0.522332132179672,0.6171066926562159,-0.08079759722504692,0.4953043050396307,0.5195505479946058,-0.10747534974273965,0.6328126150755768,0.5155161086968347,-0.04451378694843168,0.6112358607491818,0.33777735826981836,-0.09453472520336512,0.6036972570216732,0.22900267332552648,-0.12446515920375448,0.597549514737549,0.13805185272727452,-0.14375880535954855,0.7128130555968835,0.5108111859076927,-0.05785784227091998,0.6493139430339736,0.4600284274454082,-0.14264373118198143,0.5957211117580812,0.5381261454184376,-0.17298890062136726,0.5591890742462784,0.6135854122155133,-0.17396793509525785,0.7818118404553749,0.5412472551717339,-0.07419434531532292,0.7007124860369935,0.5968812350474888,-0.1548780991497859,0.6396931411910274,0.7028674153799196,-0.15897500295604683,0.5933573250326789,0.7819266145680404,-0.1403545892372558,0.838581371535633,0.5995708334732988,-0.09247843267268663,0.7670632151153628,0.6692825193765201,-0.14668898980475545,0.7160854083070199,0.7491498890753016,-0.14442786485761264,0.6759919692085073,0.8063273136440052,-0.12735348003284627
76533.722,0.7560210255647587,0.9012273306641274,-3.5081924583111776e-07,0.6523030873865783,0.827231456667452,-0.028850852166808116,0.5718895511973451,0.7131809361896216,-0.04948176926377733,0.5269888062827854,0.61485459283912,-0.07444676814473623,0.4936529413015113,0.5218746662320422,-0.09930873590660194,0.6332222476430394,0.5148815659181656,-0.04169577457600952,0.607788139319435,0.3407092072167573,-0.09237728029404436,0.5961944063087098,0.23103283577245004,-0.12334257128817298,0.5858445563714101,0.13870229253757674,-0.14341577650615453,0.7140988050222064,0.5093105095489637,-0.05568314223596079,0.6442706671950511,0.47202198392980765,-0.14258775318208122,0.5907712886339381,0.5575677008430732,-0.1738857811806596,0.5550702965272661,0.6371269455862733,-0.17507982856531626,0.7842441072402956,0.539011490725519,-0.07270240094351568,0.6989165116128556,0.6022525807950889,-0.15528487095231802,0.6397981964227412,0.7119053787867029,-0.15968931631051073,0.5947943015253968,0.7931367647259406,-0.14058820594609095,0.8428456276821066,0.5960395527003691,-0.09160752020733329,0.77100905931832,0.6673694954959466,-0.14653961798865875,0.7208914989418178,0.7485377116182034,-0.14404673945107987,0.681142618034967,0.806419291319922,-0.12644412309439904
76533.753,0.7420448843559871,0.8967468811899196,-4.778158968973256e-07,0.6447866125092977,0.8227494106757741,-0.028903060256576515,0.5692042205754262,0.7121098724927027,-0.05074540233152988,0.5285910634929004,0.6151493752590981,-0.07766748209520569,0.4978001719644556,0.5193241236971051,-0.10461727056532866,0.6324532012925632,0.5154202072435712,-0.04283109504026923,0.6012866668429889,0.34190478800520474,-0.09411094264956103,0.5855618949026203,0.2313834506611389,-0.12439115514335503,0.5735242055558897,0.13856085421743128,-0.14315071030600302,0.7105299840420225,0.5093367499376724,-0.056903818810593164,0.6361033100161253,0.48870694273679083,-0.13973184370550681,0.5786352297444439,0.5782911522030387,-0.16528178526459578,0.5461071000806064,0.6540742096324302,-0.16303269903172607,0.7790146086643969,0.5433439235514302,-0.07457759739432065,0.691365555911142,0.6056672295718094,-0.1512362746216434,0.6403549498725009,0.7054401397359616,-0.1493283125607075,0.6113938514145009,0.7713175716109909,-0.12674053639182467,0.8418184897787272,0.6039526546715143,-0.09476599296602924,0.7677007130489101,0.6595251110218219,-0.142521148535927,0.7197244014424672,0.7294549800359268,-0.13488814746361488,0.6904685347278382,0.7785628067705667,-0.11402242571659224
76533.784,0.7487115732933323,0.8955730275600716,-3.714271208967851e-07,0.650750458536973,0.8287006268574661,-0.026761297926802013,0.5639058477519568,0.7076666863028834,-0.04377099656529425,0.5204937995810545,0.6130254461553456,-0.0641995231822522,0.5009025279203598,0.522743994518911,-0.0836125312784452,0.6160451733214233,0.5156899360729874,-0.028581001326068698,0.568852154741992,0.35865525909697804,-0.06827132285712098,0.55783237479332,0.26429049822086526,-0.09474968308052778,0.5564593895511404,0.17631548055795523,-0.11545546724689418,0.6911638570078942,0.5154293271626057,-0.04204473699081518,0.6244815468617364,0.46573478167616017,-0.09942839732545664,0.584943838691137,0.506676521756042,-0.11999248510341082,0.5644616158098569,0.5236224972056323,-0.12532712974723048,0.7632078980115343,0.548920304230863,-0.060786788975933224,0.7006114013216154,0.5288084900179533,-0.11819994708683668,0.6573983185988749,0.5762759402339501,-0.12012403942404767,0.6312696543356903,0.5979310510758058,-0.11141550958263957,0.8343746996430517,0.606493197202526,-0.08259108336744829,0.7718188590350843,0.6253131224766565,-0.1276139893011771,0.7235953582844323,0.6733406004906353,-0.1301289792840773,0.6917081915256807,0.7032446010074066,-0.12337096642689885
76533.817,0.7549132401774304,0.9096136449728129,-2.8082684008771125e-07,0.6515701526475726,0.8269009567111708,-0.023033902923562215,0.5704490853827298,0.7056164209731364,-0.04378247190927528,0.5228711479587357,0.6137815654275828,-0.06962704214100701,0.4987838971874832,0.5262532000447655,-0.09502407421917278,0.6363222381387583,0.5620070670965063,-0.005819093246415118,0.585482500508022,0.46164092788478267,-0.07049018972829418,0.5415625309730036,0.472235432253036,-0.12569076266009988,0.5063829332425692,0.49519887847281474,-0.15782366293156322,0.6939475897783782,0.546821287490693,-0.026303739080859166,0.6427459670543303,0.4059661896928579,-0.06889526900131246,0.6060886377573487,0.3280820892288522,-0.10633796448788334,0.576391387777051,0.25285474784626605,-0.1321353885155438,0.7594725466797647,0.569166487324663,-0.056561473776957694,0.7286855073539013,0.4588276685892957,-0.10526266847424888,0.6903931694159651,0.41178700120359873,-0.13282470446906716,0.6527710512843369,0.35920563349344464,-0.14858201450453676,0.8286023540971275,0.6237770870781215,-0.08906864858632958,0.7933586216411472,0.5932304130330939,-0.12964159098573508,0.7581924662692265,0.5982352729816827,-0.13931928145476585,0.7218097511038551,0.5949093876517768,-0.14313331082381758
76533.851,0.7387217375602179,0.8842473691755086,3.119277146971792e-07,0.6428152689750429,0.8186416588190357,-0.02976648584646607,0.5676058989488884,0.7125712587345049,-0.05915962888207348,0.5203970387487695,0.6354968104974797,-0.090446134134673,0.4993442193196066,0.5582558112123442,-0.12180330084882504,0.6346599908185154,0.5459750332318122,-0.03267631200861591,0.582850361200939,0.4714396632124453,-0.10356236877362773,0.5323633256857078,0.5052957919731695,-0.16267104514368158,0.49370820138318866,0.5509383942041245,-0.196197766663729,0.6891860452629833,0.5316476123661786,-0.053513239394459775,0.6508299969157698,0.3564497334150549,-0.09639999280975509,0.6243418539810144,0.24890573413338796,-0.13536494409852234,0.6030735094034365,0.1507230653732357,-0.16234939036549542,0.7515618864328335,0.5703322477088674,-0.08276101073440728,0.7388343223262213,0.414017796246693,-0.13196820301983236,0.7138409865236937,0.32045542866699744,-0.16627927279684043,0.6843559351157672,0.23018744671545208,-0.18729660001141374,0.8132974241720138,0.6502015874482748,-0.11345394457067415,0.8261592306858078,0.5612869154665076,-0.15691924082327618,0.8253535250538256,0.4993304315422634,-0.17130317375069623,0.815511373389435,0.43474533723570175,-0.17879343061427877
76533.88,0.7391169973941276,0.882626266274349,2.8507171860262046e-07,0.6426459126628427,0.8130810416775108,-0.03130121778228903,0.5671164537360677,0.7056443758171372,-0.06232901705789611,0.5193467288862155,0.6248115024957333,-0.09573491134400458,0.4929158089425212,0.5388788012656546,-0.13095716699566684,0.6357807775055974,0.5413305317728544,-0.03482504513214127,0.5832850850383379,0.4733718278585224,-0.10686120018183981,0.5311318454190522,0.4913017083803982,-0.1676280605756706,0.4917355108841568,0.5211785279065696,-0.20342048743885754,0.6914172091670443,0.5237387612765274,-0.05712357141486345,0.6587925078420709,0.3503447700745879,-0.1046173237846062,0.6310679049351905,0.23827699398971405,-0.1478770827249514,0.6064271181089601,0.1330642305162411,-0.1778641465220339,0.752740095761988,0.5600405123418496,-0.08790149955531149,0.743720599937134,0.3953698039017018,-0.14284940857510298,0.7177845278661479,0.2921699964924964,-0.18270119745918253,0.6868291961402072,0.19036213136062496,-0.2074559647591886,0.8097999327448097,0.6397214094871547,-0.11992069772009217,0.8311275296222165,0.5470328594048006,-0.1686887925867259,0.8322084805333837,0.47786573571650937,-0.18826185181835695,0.8234599593246384,0.406262899789972,-0.19973172942330875
76533.913,0.7385519960919407,0.880599116170532,3.3970839959102394e-07,0.6423239053314949,0.8058898636418641,-0.029522863093125837,0.5663581741045407,0.6935135262208911,-0.05716938056404036,0.5185935268642361,0.6080478712765602,-0.08677951480717579,0.49077232907630036,0.5183595746794178,-0.11824201813633714,0.6413207346867882,0.5300811241017248,-0.028439567230335996,0.5858819381452736,0.4614395247082618,-0.0968594660534152,0.5272595541687423,0.4710582066278205,-0.1562678685228281,0.47991462563323706,0.49171227103711324,-0.19119233084149556,0.6948329374506873,0.5141564222586779,-0.05051188489585837,0.6655299127991967,0.33532190580930804,-0.09346136550320625,0.6408722648666999,0.21726584979531174,-0.13479663116209573,0.6218714254788635,0.10995182820749329,-0.1633990848929709,0.7528771931714849,0.5557482751894433,-0.08099525524607444,0.7442196596684711,0.39015200032911207,-0.1324347315242006,0.7196814189648033,0.2846053432576432,-0.171550555301271,0.6939443105297723,0.1835171975214236,-0.19569942047857175,0.8050151394179561,0.6408854133609074,-0.1126517758443665,0.8151868388359794,0.5525228001325514,-0.15963061217057564,0.8158080168276125,0.4874319946684716,-0.17786382204507278,0.8120728249788429,0.42015672925653363,-0.1880805362192782
76533.962,0.7550066364743209,0.8802341751814446,9.714995477866943e-08,0.6462821085040664,0.8118089878083804,-0.01811510760145206,0.5636659694652204,0.6845065402114552,-0.03331910811947354,0.5156655374479014,0.5943770444766288,-0.05013565668730047,0.4908231711098038,0.4998392402559866,-0.07020869567827953,0.6361563384085573,0.5374727604239614,-0.02066394159126544,0.5872218956553391,0.4416782352970715,-0.07800623269982138,0.5313927299504851,0.44987827565488625,-0.12541168600739838,0.486810643934467,0.47280808403389685,-0.15264773237132107,0.6955162194685816,0.5201997652067665,-0.046281602777595354,0.671820837769961,0.32844279361721707,-0.0797478030447154,0.649734627978378,0.20997688778328133,-0.1153946886199746,0.6366706313652388,0.09681989658827375,-0.14037783322161274,0.7569972172069982,0.5536335786502555,-0.07870019057354001,0.7435296474841596,0.40390293696067653,-0.12936322022406951,0.7114017730928415,0.30348150276143926,-0.17598740115876255,0.6871083045628688,0.19521637117901453,-0.20705963282267614,0.8171163403672952,0.6225815258055741,-0.10969435236026495,0.773390032825469,0.6078665662120196,-0.15880884231053205,0.7361550772585375,0.6330566173177115,-0.17655653940314633,0.7106697067066645,0.6369698683820391,-0.18767666629145777
76533.968,0.7556125932222909,0.8816243091681826,1.3618246747113888e-07,0.6503995531124754,0.8151892858294351,-0.02093015311623318,0.566781937213912,0.6921321180331514,-0.036817743120522516,0.5185954531393387,0.6010676081818647,-0.05428046619986404,0.4923152224018266,0.5053792811871394,-0.07422568261412726,0.6361654407046352,0.5371857911786557,-0.021187312441651063,0.5879828603798748,0.44233001813107387,-0.08006028513234054,0.5302535769258597,0.45065876512445935,-0.127247114791831,0.48535153527609665,0.4758264424742465,-0.15374101433770646,0.6970289386122018,0.5178625100920445,-0.04685010076657397,0.670048147185846,0.32541367603055965,-0.08140170287824403,0.6504902627819525,0.20577523870679804,-0.1161243983796458,0.640651833071935,0.0958933821284979,-0.13992677582605786,0.7601404260387727,0.5537555535715641,-0.08014656066788729,0.7425166872594713,0.4065905420540678,-0.13338239887144487,0.7102425482168685,0.3080744709884664,-0.18021943692261622,0.6843952405947282,0.20394316638831064,-0.21031486653882475,0.8225804050197191,0.6258014015304347,-0.1122118278913863,0.771066384193202,0.6114467675928607,-0.16481948396662244,0.7279834286056195,0.6369416689772535,-0.18429829141764134,0.6963997418840848,0.6438525237030176,-0.19572543399850736
76533.992,0.7591945960364359,0.8860215957319434,2.611214047761362e-07,0.6552451094623729,0.8264087719148799,-0.02503315637522837,0.5699424462790232,0.7021702048184377,-0.03719681947672156,0.5234892156729845,0.6062816063343691,-0.047257141677195594,0.49210910703205035,0.5073864533447947,-0.06011614990324737,0.6269983717400204,0.5299855060279197,-0.037363899181440896,0.5697270536068063,0.4072436773122448,-0.07501856969436364,0.5292978786433236,0.3450386734965962,-0.09935797415786762,0.49175770223514836,0.2895416933700249,-0.11670972455532738,0.6999810253752224,0.512651390415128,-0.05925749565858088,0.6813261800194975,0.32596780886496285,-0.09043127087352287,0.671481436585771,0.2088683331126432,-0.1189504662425218,0.6628579946882256,0.10366134136671919,-0.13763075014874251,0.7651312619636024,0.5465213338414187,-0.08589735342631219,0.7388388276759159,0.44235242062759006,-0.14509608841817856,0.7070486425922556,0.3563346633376212,-0.19558670427541683,0.6821625518367433,0.26512279437325176,-0.22745995265177904,0.8240787480138345,0.6118030239472434,-0.1108127821094866,0.7506387135548098,0.6415789180533605,-0.17928922567426617,0.690145445566352,0.7120362039618325,-0.208701085497258,0.6437111230175742,0.7613763497734053,-0.22522050083561435
76534.058,0.7483027554799361,0.8870409886625431,8.221860971150224e-07,0.6484623331411993,0.8227389047908793,-0.026134140380202127,0.5669314110766088,0.7012160681626097,-0.041241261429339995,0.5219553931368968,0.6078452904200728,-0.05684647807578391,0.4903538087073798,0.5191582233179054,-0.07253627078901005,0.6255102259627613,0.5189299347530362,-0.050872037809590244,0.5865019670323806,0.3499017013262946,-0.08738646368823087,0.5577081715093903,0.2521961709283006,-0.10303730585369575,0.5335189692866756,0.16847091489488325,-0.11200460355017115,0.7043126581507198,0.5136974612289813,-0.06825421459659145,0.6908967896240399,0.32235937690319405,-0.10905954020567496,0.6848885013096293,0.1949459157532125,-0.13634740844953297,0.6808739754895997,0.0941937284688947,-0.14864683636590117,0.7720984758159124,0.5544117677427691,-0.08717036128383672,0.7173064739882179,0.5218030344928136,-0.15013951767735523,0.6673063076296796,0.5439784649082161,-0.18270020795254863,0.6330789836262292,0.5580336698266761,-0.19181486335045503,0.821099348054138,0.6248785754422531,-0.1050763694401692,0.7357523037642185,0.6909746183437843,-0.16443933245270712,0.6712736253172042,0.7630117704678628,-0.18211409504452153,0.6255270040343247,0.8158727316849442,-0.18422753727026808
76534.089,0.7530791208651398,0.8907549343793213,8.432065635612022e-07,0.6493659172822225,0.8134676918944473,-0.021133645670408447,0.5666917197705211,0.6912469727025836,-0.034639335547655,0.5217736006800057,0.5997466459320018,-0.05114563365559574,0.4910901923324203,0.5156288934798976,-0.06590200273033106,0.6266326278678993,0.5350781322622141,-0.049673231816639594,0.5983852321450847,0.34907859854442286,-0.09065648013134055,0.5759305117274328,0.24080630486326574,-0.10997765871371752,0.5598966718314006,0.14717008567621015,-0.1203631819224462,0.7060493707531101,0.5266298565032956,-0.06896795527871008,0.6769300058399595,0.35434318904255313,-0.11541587302066642,0.6635409926756892,0.2288434761541277,-0.14562857322433248,0.654469531677651,0.12521082146704554,-0.1599408221334089,0.7772363137584603,0.5614391793320597,-0.08813546350554598,0.7056270492849116,0.5736432865418791,-0.14682918703614814,0.6467918306727397,0.6485126935462445,-0.1617202551677753,0.6039101135326972,0.7057633566466488,-0.15718001038450397,0.824871453625348,0.6268294811628364,-0.10806923696812551,0.7436144613608106,0.7015544516031171,-0.15639728534484124,0.6850834658960208,0.7725315016311955,-0.16032686139100832,0.6434436678039671,0.8235765567150674,-0.15198448111914922
76534.121,0.7520372989239306,0.8980586921377416,6.656354602809025e-07,0.6531726333993384,0.8278277865148298,-0.027155170957557935,0.5742168664949304,0.7042289741922071,-0.04549583656786365,0.5317431417005498,0.6025307224989657,-0.06784568669027696,0.49697126297284105,0.510499397517303,-0.08751013879382441,0.6247237779318761,0.5409603948996077,-0.046173652820900406,0.5993137882473751,0.3644147217638091,-0.09185858531473973,0.5851126178861923,0.2597944776757244,-0.11712708228945706,0.5772457010373655,0.16511076609748127,-0.1319079290773401,0.6993721377064326,0.528431695971543,-0.0644640776737111,0.6497887997667986,0.3855923053305464,-0.11952702466799366,0.6118295602992038,0.2799448614920451,-0.15397361140512664,0.5808109001925635,0.1881945773994564,-0.16949065645454744,0.7727937078618693,0.5575487770816576,-0.08418906895537039,0.6938711389382872,0.6131980547386945,-0.1468081794458268,0.6313286308541671,0.7080319662301963,-0.15587765835813858,0.5826056810652076,0.7767122256189196,-0.14518011844143602,0.8285704228256813,0.6188997843208869,-0.10653467530090296,0.7473654182922007,0.7002511653660101,-0.15154679690959855,0.6919716241756553,0.7740326983058162,-0.1498406821664179,0.647797603563872,0.8253806387157783,-0.13686144364957167
76534.154,0.7504926891460464,0.8820738512833765,3.3681943832859785e-08,0.6580629875347043,0.8195266289616695,-0.031879707185474504,0.5788664753091665,0.7063402052150247,-0.05402438669820205,0.5292942394930071,0.609806188414407,-0.07930376510370463,0.4916007017868489,0.5141067921172897,-0.10318880045894073,0.6320009537445461,0.5165668758256934,-0.0425519041828778,0.6138314823118278,0.33668702491970476,-0.09013049721597932,0.6044425001799855,0.23423092432367523,-0.11511176225271844,0.5986559407664398,0.14263805250387362,-0.13041195034203015,0.7107876641195676,0.5125917133360279,-0.05601052176721741,0.654160828129452,0.4276845622431546,-0.13479117280524003,0.6025085841649975,0.48080813000046424,-0.16359441182701606,0.5714059867770009,0.5351229038107465,-0.16357954970667035,0.778222192319601,0.5463236127134833,-0.07240611538800239,0.6950477719947877,0.6145019533201606,-0.1485607983454402,0.6267587851584986,0.7276526916336072,-0.15384191504350045,0.5806425886959216,0.80634037833718,-0.13568793485841388,0.8286234444194697,0.6098773383700351,-0.09082919639670581,0.7476432334444579,0.6995132080553259,-0.1403147617734745,0.691696623335597,0.7835866933245609,-0.13938294510645585,0.6505063670130542,0.8343252419922551,-0.12425464276323088
76534.184,0.7598886542908331,0.8874827022427371,-2.4162586528473887e-07,0.6596320544998855,0.8148079111598334,-0.031141346000022538,0.5824351440234202,0.7002087584221649,-0.0516211829125187,0.5337550661441022,0.6037696983567239,-0.07590644412048285,0.49403493202963533,0.5128180231792179,-0.10015393720774425,0.6375710471808665,0.5138673198264689,-0.04597609595982197,0.6215276455934,0.33447048976263083,-0.09582131392162006,0.6150313995131734,0.22570615673685562,-0.12259360165666208,0.6094246659973923,0.1342502498082377,-0.1389719900613321,0.7164342198900033,0.5089941715331557,-0.05822744932941155,0.6446684640155055,0.46817642287146505,-0.14491679706071506,0.5925550930303821,0.5639862596995762,-0.17235295530849704,0.5601694432130927,0.6558315537105603,-0.16935844759538812,0.7818490715048778,0.5426104574219319,-0.07343343414266741,0.6869544857091643,0.6306335844489561,-0.15449337995620432,0.6304858764068707,0.7458304803731838,-0.15673441795373733,0.5885689695220464,0.8272572351332659,-0.1357859306151466,0.8320500033832589,0.6048503578475858,-0.0908026364829703,0.756268588338153,0.6910529056674054,-0.1419178088827647,0.7079469248887391,0.774332795387987,-0.1381887026590253,0.6684853231746176,0.8277687899535707,-0.12034640740277157
76534.218,0.7609642662474547,0.8996921193129427,-3.8375979177512215e-07,0.6599592082839408,0.8259762567251143,-0.030167510449569352,0.583275247918146,0.7103362001750052,-0.05003313160955413,0.5358044639529531,0.6089894543263337,-0.07433879314970092,0.4941552070440219,0.5161312689566078,-0.09900648450034706,0.6348725220938399,0.5178922955283918,-0.04399796528385805,0.6157135290919893,0.34355075898869164,-0.0958118059108792,0.6074621325466435,0.23107730933506163,-0.1267479273848867,0.5991790728068594,0.13689484864848275,-0.1464322029683225,0.7155328587380885,0.5082594301548241,-0.05699650545034246,0.6445929448285859,0.4924907755158808,-0.14463278669990345,0.5926304016233792,0.5959811341048676,-0.17414218676957585,0.5581554944463297,0.6908008323384143,-0.17359372597819606,0.7835637708079547,0.5405965030507153,-0.07302143909056695,0.6936606259945844,0.6296173281426928,-0.1554266310537054,0.6385648385439398,0.7478226528551405,-0.15757240777889198,0.5965415658216043,0.8327873153283576,-0.13691222478515075,0.836122886896963,0.6026280806903596,-0.09127868548139552,0.763360677800079,0.6909766877509065,-0.14513769837713836,0.7173206382047806,0.7736062768593985,-0.14165455073536012,0.6802650358349975,0.8289760652863104,-0.12330398934666065
76534.248,0.7469362625692296,0.8989790081766195,-4.6048354432314974e-07,0.6516219254579093,0.8225719985790837,-0.026972340014472712,0.5783504298380936,0.7085439315854738,-0.04616319722107008,0.5339616681530729,0.6120799283682369,-0.07041098907595628,0.49525489563301567,0.520388591674056,-0.09589134821670149,0.6350545434090662,0.5116915736157521,-0.04036647238730819,0.6157450964061946,0.3426014221472322,-0.08950133513809053,0.6059519111948628,0.2310548168047392,-0.11883151237383749,0.5973890503390961,0.13801379563479638,-0.13687201224083545,0.7154875207632961,0.5054473278251689,-0.05382089296356204,0.6445827304567254,0.4966996747168088,-0.13699217504949404,0.5894894270931197,0.6036367903060309,-0.1634510185362492,0.556138294283768,0.6982680790492026,-0.1608460812192848,0.7834044058491281,0.540919515682284,-0.07012985105843304,0.694015370797582,0.618285380291657,-0.15005917202479105,0.636363631170477,0.7337823464701697,-0.15162800885719274,0.5980845972089038,0.8182886476237304,-0.12996515009120943,0.8396844908747179,0.6042312418565593,-0.08796514124132412,0.7657032948156731,0.6733036170426956,-0.13865578074348744,0.71914587850533,0.7554722255561122,-0.13264001500100642,0.6878568493185728,0.8159331121853739,-0.11203183810591741
76534.282,0.739519480001375,0.8872081051354578,-4.285334552722473e-07,0.6407939661326002,0.8131802898203931,-0.025384876997330632,0.5621136292575973,0.697468579193768,-0.04360352959482628,0.5226011996807791,0.6049125622157882,-0.0664014581279468,0.4949560359407795,0.5149767191490666,-0.08818664083290723,0.6196601430799236,0.4996751741663838,-0.03218488069537769,0.5893960891073861,0.34892734958726906,-0.0781879961127961,0.5827733161903994,0.25413435344111646,-0.10809496972335605,0.5848789298501033,0.1663164983165294,-0.1291427089935998,0.6994487859054515,0.4983396517145831,-0.04673874693031637,0.6372887664468639,0.4826834451774723,-0.11700360313953645,0.6000247032255673,0.5639292908676549,-0.14019080935596928,0.5859149928555175,0.6109540069611116,-0.14184000758420953,0.7704291367160908,0.5366769718789353,-0.06540220505204988,0.693773056252477,0.5787018528969425,-0.13195973680976017,0.6526372240938059,0.6767529275738493,-0.1271229727666795,0.6349016370379011,0.7338952143583953,-0.10739690055988085,0.8345358974580408,0.6010448487456517,-0.0869115401940144,0.7572064423886405,0.6545812438629708,-0.1308162801760341,0.7122084127277815,0.7235356115805802,-0.12457773175850419,0.6900326575042041,0.7645999390781834,-0.1077049172407269
76534.313,0.7477851656595287,0.8988426099583082,-4.1375579641054593e-07,0.6481812197913085,0.8210551126829823,-0.020036684325884898,0.5677243873641761,0.6959364296089925,-0.03502812023760163,0.5271175339597911,0.6028157828172437,-0.054215903898946885,0.4999322816388074,0.5232584798186529,-0.07327314207062434,0.649538141616614,0.5111565017401896,-0.011125435919987083,0.6088705742971743,0.3873789710385742,-0.04305706451351076,0.59090212661536,0.3116030577384359,-0.07116965951411947,0.5823647996313033,0.2382824480710746,-0.09566364426277864,0.7155765206575566,0.5139259679469272,-0.029474120524295423,0.6524696413250939,0.4460621615472796,-0.07615741917073313,0.5974577225176292,0.4520057059319527,-0.10445599525531095,0.5588072326328208,0.45203475715674946,-0.12041279976331952,0.778121604873394,0.5476489033705123,-0.05281553307097057,0.7190054454679384,0.49634992417849155,-0.10251177752010246,0.6597960806609581,0.5081622066425169,-0.11741306173083008,0.6145801343281374,0.5151261151007913,-0.12284256618870529,0.8397822794173284,0.6068060655185006,-0.07830843170517784,0.7763367376214549,0.6026752427919785,-0.12119777166191523,0.7270374781680792,0.6364146770564507,-0.1311882642065129,0.6911182151615979,0.663171259189205,-0.13345413429799047
76534.345,0.7370688985873315,0.8836913894121365,6.516584319163946e-08,0.6449173306698606,0.8082349673207193,-0.024438509589978216,0.5696139830185816,0.6962275269444168,-0.050966562634771354,0.5257039420238905,0.6177556795880028,-0.0816681411704449,0.4960119029971968,0.5480748451946137,-0.11348671771757438,0.6382630465192911,0.5385466976613703,-0.028899554811611793,0.5736058531092807,0.4755868846270878,-0.09892868445784705,0.5243432587626501,0.5211029086296994,-0.15822494862394407,0.4926705098895802,0.5639147177322715,-0.19262970991084571,0.6913637657670797,0.5291378198030529,-0.052066755881656795,0.6444601424782347,0.3743421118992166,-0.09998079886124883,0.6104151260136185,0.27710416182274306,-0.14284714253810532,0.5829318318363225,0.18282970598112464,-0.17229421772192466,0.7524117344548967,0.5663115325192775,-0.08285255273038032,0.729810119098754,0.4218030615982333,-0.13579533172985458,0.6970295261340155,0.3424156505250867,-0.17083054682406104,0.6625720247908199,0.2637084735187045,-0.1913159173060681,0.8100504650741225,0.6391886658883706,-0.11470985013387394,0.8188348698580258,0.5518544244586396,-0.156951331730237,0.8169182442574915,0.4936558253062393,-0.17067850467712792,0.8081716553086319,0.43238194529844726,-0.17760705588865733
76534.392,0.7387579692574393,0.876754492685853,1.807466790706784e-07,0.6417219663383297,0.8115271429379992,-0.02339842895250901,0.565545879456417,0.7012267996982898,-0.04709642013219732,0.5162592964894083,0.6202983881784933,-0.07419702057612125,0.4849991115756519,0.535553425873646,-0.10369493806121574,0.6364988363918789,0.5362468754354115,-0.026928599635345694,0.5753026676309203,0.4662075818848426,-0.09027652371331076,0.5261979395900813,0.4960027409429517,-0.1433767303897085,0.49428311272943537,0.5312717472031648,-0.17550261835424358,0.6908510345445469,0.5183262574852904,-0.05209843441333912,0.6495953533956358,0.3499720404663114,-0.09732087593857477,0.6160632517331363,0.2446316687001745,-0.14010383285743527,0.5891119050725464,0.14507134761706159,-0.17041252680284086,0.7494963815305167,0.5555630685538695,-0.08466163011835878,0.7365487360231988,0.3920245413215042,-0.14146871424562688,0.7073247435146532,0.28944154525868304,-0.1860192329107356,0.6779659215731517,0.18831430774421748,-0.21413904557271304,0.8009156327799882,0.6337044172810711,-0.11703372039902983,0.8196388124825374,0.5386673000698139,-0.16973632025670268,0.8262437782586572,0.4692767749332244,-0.19427579308226062,0.8267844059461144,0.39612344843106573,-0.20952530155033267
76534.397,0.7421069645439963,0.8809891706568063,1.9094894864214488e-07,0.6413910176689857,0.8102226774687088,-0.024048546583319924,0.5647423268315797,0.6990916474353756,-0.04848203298003112,0.5170926563099015,0.616637663048727,-0.07648526904100407,0.48700898698232065,0.5313070624973205,-0.10648534990240427,0.6323020545621699,0.5375465454065205,-0.02729388453559672,0.5764022484279252,0.4603346724583569,-0.09309163017964589,0.529761169893263,0.488843076276056,-0.1471854876703342,0.49829790355151043,0.5281493047265354,-0.17888371644047102,0.6880502466055727,0.5198891709095562,-0.052115586462896143,0.6504310705580101,0.34841201567484065,-0.09896839465314805,0.6184828984727802,0.24041078613411526,-0.14214718449289063,0.5904884543682152,0.13983256384084441,-0.17228213266008205,0.7478950680312711,0.5562699210318928,-0.0845527071714701,0.73818898539087,0.39427136189667233,-0.1414439969468088,0.7108142322922811,0.2899065506862351,-0.1848817594903105,0.68105311454876,0.18840149080808183,-0.21190731286397527,0.8005054269083616,0.6336628707623323,-0.11698988780335949,0.8227097506907886,0.5384295796672675,-0.16734676490728947,0.8304929349994719,0.4673853232206434,-0.1895817599043983,0.8315894594384838,0.39452732366294846,-0.20321272156290546
76534.456,0.7522701025282815,0.8732877122261974,4.0911368558913494e-07,0.6537951666427788,0.8199048194921605,-0.030969415230947428,0.5703139770747079,0.701549716457527,-0.04439068114434566,0.52145594067301,0.6097047004843886,-0.05425941287684427,0.4855711381692772,0.5128224764147982,-0.0660919345438912,0.6219046175484461,0.5115813934194339,-0.04599774125826843,0.5751327363920736,0.3626666435581946,-0.07848484433870011,0.5445821433162531,0.27537376924570617,-0.09787617919610464,0.519655956898512,0.19989869980583252,-0.11355120210469209,0.6942405114101564,0.5010536229161299,-0.06316749185207679,0.6668487341512896,0.3294221209786267,-0.09136030534802772,0.6496561739583764,0.21802103023360764,-0.11666944867309015,0.6380139467261978,0.11849956284718142,-0.13468188521108374,0.758177662196652,0.5405029467330289,-0.08477398252325846,0.7286937522124393,0.4348049377977589,-0.13874785718679533,0.6988864607903865,0.338456525812987,-0.18673840038631817,0.6806033959717291,0.2439726416347343,-0.2194035135491603,0.8131528953493918,0.6132650909025259,-0.1055429287875447,0.7414244726574389,0.645280643257312,-0.172965301311169,0.6864781492634088,0.7014122997859825,-0.2058256331247863,0.6515986723607655,0.7402553180615128,-0.2254704258936627
76534.489,0.7473813124143177,0.8796844856303572,9.134605719562233e-07,0.6466199615745416,0.8088242978515797,-0.02614427096959321,0.567400066133349,0.6885986802104999,-0.043994011149494805,0.5253883687138502,0.5929258395278,-0.06461863972111365,0.4888487762271696,0.5026933943118351,-0.08379958628291069,0.6248545180961265,0.5272516032423752,-0.054987533237145836,0.5993343524199263,0.3481915672581401,-0.09982098833567586,0.5762032656869632,0.2419069718780571,-0.12391315807920147,0.5600701205269326,0.14748193243767369,-0.13809785761411963,0.7026326040933283,0.5225710995574672,-0.07413539364145283,0.6692142146543666,0.3598393196456652,-0.12565312914309137,0.6509399383132184,0.23819809156091487,-0.15946446047802515,0.6379478341459625,0.13484691477253027,-0.1763430034635724,0.774611169218546,0.5606536203003961,-0.09359080023855032,0.6957037027181332,0.5836117732906573,-0.15668854015081532,0.6388572188108537,0.668159084800674,-0.1692153592268478,0.5993530640507851,0.7295949484595783,-0.16213844539018243,0.8232445078981347,0.6269818182902714,-0.11446064679873783,0.7348915692882265,0.694615917934097,-0.16432202370924023,0.6769767933442109,0.7679433600772962,-0.16513252715715213,0.6358573038436914,0.8210508347671905,-0.1542958943713032
76534.52,0.7493715932361443,0.8753896284831226,3.8883427618624986e-08,0.6550606096631546,0.8130126483284891,-0.03338106441073979,0.5789736644133721,0.7018716030507746,-0.05765530283167274,0.5309624682005217,0.6033812629641898,-0.08452879205364042,0.48940102647386613,0.5104241051126897,-0.10999597966191495,0.629316686052436,0.510116210300698,-0.048006485254298646,0.6048978731439979,0.33422017173547014,-0.09763402233938127,0.5929793908028466,0.2324169826043083,-0.12307655363250461,0.5867311888092213,0.1409389979604852,-0.13783450451200524,0.7072461441986199,0.507368956870575,-0.061201123283044986,0.6561539021066392,0.4230850865465261,-0.13937052304424577,0.6125504294908967,0.48250956200886097,-0.16561899652292475,0.5858525972263893,0.5401735112183016,-0.16388542293701314,0.7728450531477212,0.5455734775176759,-0.07746863859529171,0.6888132195757707,0.6165612388840145,-0.15288249345531665,0.6259935781144544,0.7261738508343472,-0.1563163044178062,0.5846634431277326,0.7997221702708937,-0.13723572544232923,0.8186874324973124,0.614300995848031,-0.09590328799565888,0.7400774197156886,0.6937657939422114,-0.1427726348687556,0.686411420593312,0.774800649185419,-0.13904697235232305,0.6469748685597642,0.825941251911787,-0.12264873769778938
76534.554,0.7473684372976667,0.8870054120141375,-2.6900149784392896e-07,0.649117588339978,0.8122478398489492,-0.027820804707530764,0.5797037435627252,0.6973288030202984,-0.04950734947340171,0.5373428914685514,0.5951318580956342,-0.07579071302334747,0.49693532766590204,0.5010399660574735,-0.10235688695928799,0.6410406868739116,0.5093311970220377,-0.042376530392846064,0.6184492976632072,0.33426117759872603,-0.09139022306691766,0.6066784581931086,0.22444740846150504,-0.11900480697846152,0.5961007843679865,0.13353761353342994,-0.13551382508826595,0.7178414352430273,0.5071527534071076,-0.056804768757026516,0.6469550143201339,0.46247462407252626,-0.13645944663659068,0.5898540428728654,0.5369866874118548,-0.1641568517420778,0.5528196798175733,0.6110811882085823,-0.16391039599408636,0.7808922552527471,0.5442818486168537,-0.07384643342190386,0.6846102836724636,0.6168797314319011,-0.14965833954125485,0.622906211420047,0.7224276449867051,-0.15282575593296757,0.5813492900609011,0.7996504447943,-0.13387055792108624,0.8287709024214185,0.6117277115414318,-0.09270629546771375,0.7449336269369055,0.6839188368685933,-0.1404797165241506,0.691919094783883,0.7608268667066115,-0.13581180378230454,0.6537473877373579,0.8152572254547477,-0.11781405254438293
76534.584,0.7456696024464704,0.8857951784408544,-3.3413647196028894e-07,0.6415714536291931,0.811998663312584,-0.019771395779984564,0.5601709745493547,0.6859961977702094,-0.03222627885614289,0.5180819432863086,0.5901901181220356,-0.05097731923413158,0.4980635633632834,0.5049547692480841,-0.06766791832048347,0.6264344303421528,0.49346001972885367,-0.010338881890093667,0.5975924410091493,0.34248820871521507,-0.04936739161750256,0.5858397250348693,0.2508394352049285,-0.0724881144318781,0.5843652301028748,0.16401510399088173,-0.08988418673615584,0.7001312526990768,0.49314555737533466,-0.02793538083905207,0.618528621553821,0.45602858596860757,-0.0876230026214792,0.5681631731862938,0.5134471940480149,-0.10393874084133484,0.5537717758453596,0.5193028231030498,-0.10300561448081377,0.7662149623289553,0.5311585951164599,-0.051040899031853756,0.6725851178252229,0.5449599854845651,-0.11010690953244882,0.6354121171166599,0.6371876936550874,-0.09899380888010798,0.6356002805611236,0.6665558054119869,-0.07775313406492353,0.8243837768462002,0.5970388477450264,-0.07778036931226562,0.733661608006299,0.6540197551908942,-0.11839693731410042,0.6942612132582444,0.723915847323021,-0.11104669621587979,0.6909834665685437,0.748964547841624,-0.09521639067175372
76534.619,0.7522953023869661,0.9105080445305971,-6.925646759504292e-07,0.6480784544795127,0.8204208447515875,-0.012543643536385013,0.5587332639682,0.6923838084739229,-0.02591553489946082,0.5135256466064282,0.6005515589421075,-0.045776881559979055,0.4801016534251747,0.5076062046180316,-0.06596291595117351,0.6366196873835661,0.5612186187812248,0.0024952322292849643,0.562578000617369,0.48967114643525944,-0.04769288900537894,0.5208101673464514,0.5671053213581527,-0.09521313358197596,0.4965978307537224,0.6366435665387982,-0.12406410111333763,0.6946213986061108,0.5480628676361378,-0.019514586129675347,0.6355508058155989,0.43838344735615997,-0.0554165961180179,0.5911065740264081,0.3869564541074052,-0.09177592313176003,0.5602342296427608,0.32322623551204077,-0.11745494929068152,0.755263211696492,0.5672575556449997,-0.0488652648380537,0.7150180728739121,0.4670021252478539,-0.0930760330643002,0.6712813722533072,0.4211593158226654,-0.12225841724815005,0.6360940412271133,0.3614762681146296,-0.14051121044299447,0.8184969771204502,0.6169105007173429,-0.07838624361310699,0.7675267327357898,0.602180708754019,-0.11285366035338164,0.735464433707074,0.621168994638762,-0.11709495042416969,0.7098670764640717,0.6239211310920912,-0.11779692040690806
76534.65,0.7302419206113314,0.8844072252338128,1.106939998939718e-07,0.6384186949537721,0.8165773821381855,-0.025743192586128835,0.5627479942597096,0.7098125952388245,-0.05019153307934922,0.5133230329930996,0.6326092305262513,-0.07748439855125214,0.48021134234407836,0.5562623754252504,-0.1052650234758376,0.6258989560445132,0.5488654886075763,-0.023565736294631066,0.5647357519869383,0.47994483304599866,-0.09010971032776464,0.5334928426684089,0.5346179439039276,-0.1454887156788892,0.5181054127228508,0.5923827109836802,-0.17733502328149098,0.679083557434305,0.537510306503175,-0.04583127018513537,0.6286359777915589,0.3833868091869723,-0.08914405076107082,0.5905315172763665,0.2960985019912113,-0.13183749032885847,0.560932614426692,0.2134631749267279,-0.16201168626907494,0.7388234557043327,0.5770258239652982,-0.07628801409353628,0.7161711351643935,0.4290958724775811,-0.12790772267434825,0.6817969842925031,0.3433791366213632,-0.16860558366765693,0.6494112833256472,0.2550507342459768,-0.1947254224146727,0.7946862214481725,0.6548597120394618,-0.10729009071724872,0.7910755945579693,0.5776803635435825,-0.15430325319080024,0.7799073182316162,0.5243429836643609,-0.17444083515557474,0.7663962701015066,0.461331507902875,-0.18625227391104981
76534.68,0.7463727091630518,0.8804891030297073,-8.359747596731182e-08,0.6423278408499328,0.8285630306655374,-0.02155808462234987,0.5601267056914807,0.7097029952504478,-0.03560899123259655,0.5101805762150268,0.6169716051869901,-0.05082411158585612,0.47389052148058036,0.5292321163777602,-0.06748435625238863,0.6147477937147307,0.5556984124185522,-0.020024568761830217,0.5590194214480118,0.43929159916962424,-0.06706558248806477,0.5225904129094777,0.46987957570689287,-0.10558031729434997,0.5036580305908974,0.513680709504496,-0.12829355992537253,0.6740347530248151,0.5346491016469392,-0.0412919917062434,0.6301454350160759,0.3692252777653523,-0.06401330556219884,0.5917678393933874,0.2734811166833284,-0.09680804299027079,0.5662555152674997,0.18632830991292104,-0.1234950294293232,0.7364084531237697,0.5670390127971551,-0.06930268222297371,0.7203045621582463,0.4243282926879963,-0.1083782669683678,0.6753837835954406,0.3324343467533617,-0.15391943109385017,0.6391146849620267,0.24074237912934104,-0.18861567851220074,0.796769344358956,0.6341951446664774,-0.09665535048777132,0.7522507842208657,0.6153680002472116,-0.14242516475433806,0.7039789196085181,0.6343560223658382,-0.1647963859354237,0.6659391653809765,0.6406587454974715,-0.1806463533502574
76534.713,0.7525068123450165,0.8764772381108934,2.9539582101279845e-07,0.6483021347170468,0.832818761637661,-0.03507620200928783,0.5623101150705704,0.7159791586419879,-0.04951316435067371,0.5154706012347864,0.616933607990236,-0.06015719044816521,0.4737937853544144,0.5203265655126835,-0.07208629172224165,0.6054942063554242,0.5407841301396639,-0.04952555274524176,0.5579851616415661,0.3962480861225915,-0.08430717491204062,0.524715205941272,0.31405963585805724,-0.1056348631943636,0.4970899061412445,0.24280230903087013,-0.1218891165230641,0.6750483607682284,0.5304158998412974,-0.06399844402127292,0.6261496665370228,0.3825876701206098,-0.09594568704662788,0.5942863376407925,0.2826100579036975,-0.12396808026725617,0.5688174647716198,0.19069183368668624,-0.14326777934794116,0.7420282257016627,0.5637718111241502,-0.08257801310236217,0.7039564192099602,0.5011290794348402,-0.13894867969664745,0.6583112608451647,0.4419562706722662,-0.18266560079216176,0.6210935784721663,0.3734018285119489,-0.2099702963091225,0.8016270441318264,0.6262954067705134,-0.10084284143306659,0.7295641700186256,0.6807926914746281,-0.16458878718754208,0.6698792405138345,0.7523181902275143,-0.19184632441659946,0.6263788525228438,0.8015161151450075,-0.20695021121868348
76534.744,0.7506790810404566,0.8776904020206056,-1.4652780951799132e-08,0.6458686630662174,0.8222707794284336,-0.021954726318267108,0.5657672651556878,0.708779531709352,-0.036627948797658884,0.5229210936018304,0.6052631519505816,-0.05408856132495442,0.47960079060624555,0.5210358981835846,-0.0705896116917656,0.6098994855941979,0.5353781899548959,-0.03869381684771323,0.5649255038382468,0.3713938663834438,-0.07619156528989157,0.5348191268870235,0.27612123198277033,-0.09538565068204409,0.509153384906571,0.19207103582547894,-0.10882055999519165,0.6871791409468778,0.5271936839839021,-0.05530556003513037,0.634557365304605,0.449981079152699,-0.11481744709461753,0.6013895773988344,0.476864031238328,-0.13741956922913756,0.5783191122404545,0.5013767489835259,-0.14049675258432504,0.7579226184591411,0.5601687241263246,-0.07360252955883202,0.6859394198578721,0.6135852947487468,-0.13537844642071734,0.6265841293312243,0.7050519681680388,-0.14167319689742106,0.5819106842175948,0.7675014558622887,-0.1315019971175173,0.8124390122864323,0.6241752245956115,-0.09288743865753347,0.7382108391598021,0.7016182341851318,-0.1357575370191409,0.6811010208496839,0.7821504475498516,-0.13519172241636288,0.6356151402855407,0.8348697377571572,-0.12508678288319847
76534.777,0.7451672156923326,0.8921710439211644,-8.070383408037549e-07,0.639732909464295,0.8220407671916546,-0.02113867164164444,0.560477603821515,0.6946362380735186,-0.031985968861135056,0.521551434178834,0.5932989754648557,-0.04659992725780424,0.4845064497471593,0.5127241901820351,-0.06215438002062893,0.6244164954388987,0.5198445372441703,-0.0353338508008152,0.5745263243483035,0.3744979637527966,-0.07663403217597156,0.5404118531305079,0.2792133476954988,-0.10026991340681736,0.5136397365208231,0.20087910541555024,-0.11706982456871272,0.7021761366593096,0.503224322497403,-0.050254759813609814,0.6227069072182453,0.5441852280592832,-0.1221937622576829,0.5974792202067534,0.6733210632069557,-0.13857147705254858,0.5927199138136428,0.764481936442886,-0.13309376536322054,0.7697152816877156,0.5399114462201469,-0.06813974118636644,0.6826901927227591,0.6446204341249074,-0.13410320588396016,0.6536267665095167,0.7593704174420031,-0.12630397769746146,0.6388063176801805,0.8311036842000578,-0.10471331312758468,0.8230352059355321,0.6084662412480705,-0.08843357216979508,0.7502146386169865,0.7028862343171097,-0.13231045938347857,0.7111107821692844,0.7843177887848458,-0.12542864041143234,0.686323519416437,0.8356033826731448,-0.10815215329688778
76534.825,0.7811050519307906,0.9322853257431588,-1.785512501628708e-06,0.6611241260253907,0.8363413266181123,-0.024543702481023822,0.5705864677277979,0.709913108788472,-0.04267952441896445,0.5251757880049389,0.60906465658785,-0.06513485585302667,0.4950200261065299,0.5112057742041269,-0.08235955256362905,0.6506377380200524,0.49298834790035,-0.01065610528279852,0.5587132860960274,0.48887469374363945,-0.07141875474777608,0.528543954597858,0.5917192839988648,-0.11266683563588965,0.5262755009262879,0.6896067481467316,-0.13065941859507188,0.7205604142186371,0.4890442892155026,-0.021915007444548443,0.6192668179034007,0.5827792202017056,-0.08152289112926951,0.6020538851427152,0.7245021145641182,-0.10500982705676878,0.609577977068584,0.820423261853633,-0.1088792428141607,0.7828683657679452,0.5315826942034602,-0.040861009227796244,0.6783379374689805,0.6503467593803199,-0.09600259246593107,0.6604886522111894,0.7669600973841126,-0.09612482214891221,0.6610593070604734,0.8382065539832824,-0.0829559750468069,0.8356205928922648,0.6010658644291678,-0.06290843110571011,0.7460805091028212,0.6932487547958317,-0.09758666495250451,0.720518910582808,0.7747683407643136,-0.09272108903866016,0.7138558518488703,0.8232005395027306,-0.0779112806236325
76534.856,0.7649248693510133,0.9219544964336922,-1.638264121818403e-06,0.6588140935270027,0.8375179535446527,-0.02609036076770833,0.5751233758966485,0.7154631601075799,-0.04175039412313614,0.5284432282119738,0.6199550760963412,-0.05928855872004942,0.4863265041813809,0.5245061130660532,-0.07271950254483944,0.6410003845243794,0.5022516261918917,-0.013826643440704294,0.5617429401499258,0.5307416089933293,-0.066529718955083,0.5337382958810729,0.6428076024197146,-0.10111956643776401,0.5238358151085964,0.7449133295229547,-0.11513352608145892,0.7118688411654424,0.49845255515378495,-0.02209824350919122,0.6210061750047005,0.5868064434799707,-0.07355846414521187,0.6027439488509805,0.7326977769446633,-0.09241021059220474,0.6047342128312705,0.8302454919210841,-0.09362509867763262,0.7756095126935,0.537322537908309,-0.037187162551888885,0.6843895393954331,0.6394266710760461,-0.086253290687172,0.6675434304466104,0.7638047098947306,-0.0832048533451058,0.6677195268537527,0.8385171113081148,-0.06799651506809336,0.8312030680476179,0.6015923516543508,-0.054938404161977705,0.75228921602342,0.6771595442046423,-0.08573230553578172,0.7278027679949248,0.7618255126427503,-0.07785441654713368,0.7221862543146106,0.8100051492148731,-0.06142696033596236
76534.89,0.7301954385253258,0.914041391785012,-1.528276075184379e-06,0.636151042649561,0.8474399788939458,-0.024920836370330875,0.561586727949712,0.7247841545067841,-0.03916239051278197,0.5251665155655932,0.6285282743842354,-0.05534831051364194,0.48325566392044067,0.5413611005190188,-0.06741633725564995,0.6340539547425457,0.5189023088747223,-0.008890355609638372,0.5533029795836254,0.5298875906313585,-0.06223029426897662,0.5257340076785662,0.6386760963535518,-0.09788482957499514,0.5178414521959828,0.7272509778900206,-0.11344769583644203,0.7028820535584366,0.5118501145473252,-0.017848822432997232,0.6156278869651644,0.57522318488495,-0.06773917096142044,0.5957653845967643,0.715488078992441,-0.08398511993610756,0.5965032782698312,0.7983255185916366,-0.08413025744697564,0.7657962046020802,0.5455523918067733,-0.03447678134566164,0.6764020440558889,0.618912941326438,-0.08174126742220292,0.656901910191337,0.7408553093464096,-0.07485192778585928,0.6579100189221871,0.8049864841039747,-0.058203268962219716,0.8218780663811516,0.6036779077560956,-0.05403956816593217,0.7385514902722641,0.6675836693673411,-0.08423821933192759,0.710359896283726,0.7513942201933514,-0.07638601651329002,0.7064299733137935,0.7929375008826134,-0.06066493276512641
76534.921,0.7273847367193266,0.9026818722736827,-1.324849408895726e-06,0.6354172681412632,0.8456225543368155,-0.03439734432573726,0.5615317519918207,0.7302774875742597,-0.05434251620734414,0.5191968085162446,0.6452846894258238,-0.07454536998620578,0.4734634689818636,0.5632889562814029,-0.09194524515331852,0.6251328080745097,0.5251918132277229,-0.02208231151980702,0.5433477442490214,0.5274925255646254,-0.08211692857662745,0.5061355471600534,0.6263167506530789,-0.12173942380457288,0.4843638058424953,0.7153448382369736,-0.13864159960224248,0.6933707137921861,0.5186716223683636,-0.028765594648266658,0.59827146258729,0.5558019308223809,-0.08944124026403716,0.5551589773396419,0.6908876895212361,-0.11429023751174973,0.534106072227473,0.7876113582050829,-0.11760281764546189,0.75579337027915,0.5511652498172406,-0.043704886851926666,0.6607672857995159,0.6070234358367146,-0.10938095712988163,0.6137780116274192,0.7371658355750214,-0.11478950749860001,0.5882734813455617,0.8244544374902198,-0.10077636760793446,0.8088634881162186,0.6091198958426651,-0.06069399124769668,0.7290214849124768,0.6568168308219994,-0.11121353033306552,0.6858224433638892,0.7485757353869379,-0.11227514778957746,0.6613193580694339,0.8113349916167579,-0.09857872979411285
76534.952,0.7041197197988543,0.9138475190294653,-1.5093192603594025e-06,0.6126876344704112,0.8641568507216133,-0.031148755865938967,0.5402524326459995,0.7477316405658548,-0.048680743865431836,0.5035194707612105,0.6638129048593892,-0.06598414353770794,0.4673923201329727,0.5820089975663395,-0.07946270692510304,0.6135094876920624,0.5373107264628535,-0.02005563544369934,0.5310702125976633,0.5601104299598367,-0.0744323375356724,0.5052538569753706,0.6778427542530676,-0.10915266990044961,0.5011761027377392,0.7714058367458841,-0.12296449062533776,0.6810445986501947,0.531873122464508,-0.026241744218155373,0.5850350498002838,0.5949622103759392,-0.0763682556686464,0.5610077863050884,0.740614395769294,-0.09119097864197971,0.5623564830637466,0.8331219303704092,-0.08925645967511552,0.741765598038116,0.5691795000616965,-0.040175840882536,0.6470806785807192,0.6436552730887929,-0.09063388433128056,0.6206014116615848,0.7738216897213622,-0.0839368289543918,0.6183631634685557,0.8488636508499431,-0.06560484987973791,0.7957841178863698,0.6299889007915208,-0.05691204992661031,0.7126030850095343,0.6865726955458782,-0.09186103872983677,0.6803053809029478,0.7764013453279802,-0.08379068441766718,0.6725931199101052,0.830357044701188,-0.066147986353435
76534.985,0.7096365147676923,0.9344048983990301,-1.436891441125759e-06,0.6104726913854528,0.8792163520033194,-0.03494596304705545,0.5376765677834726,0.7656579371482679,-0.0538063431605774,0.4993439588720123,0.6810776228622344,-0.07012002622449107,0.46365614136599725,0.592820387191398,-0.07988791803332289,0.6095007173279365,0.5489577298135402,-0.022178772121987447,0.5190790061381335,0.6060749252731849,-0.07636087282606421,0.5088365475367785,0.7242626552724618,-0.10992711674340654,0.5169230188156166,0.810637465523327,-0.12331900109878209,0.6781248148712619,0.5482351079773299,-0.026187438252352674,0.5731919403535698,0.6417157217028224,-0.07253758384790121,0.5651863160975356,0.7773798242893459,-0.08502013314193443,0.5749583731255787,0.8517365290894232,-0.08394667508856415,0.7370917424061527,0.5904550021755066,-0.03806908050580308,0.6320582821525897,0.6840105034880637,-0.08153120582721238,0.6190709587434727,0.8011802382733038,-0.07066043994428735,0.6248990216353396,0.8573936255537326,-0.05326080440286105,0.7871828398178191,0.6559798596909607,-0.05414467336599897,0.6948860735001152,0.7272848704842161,-0.08466268170539502,0.6723277036153996,0.808676616517265,-0.07584710155176179,0.6736402858802741,0.847350824134668,-0.05923507109299167
76535.016,0.6975767043970289,0.9488167215684533,-1.4296610091183224e-06,0.5991190502514865,0.9038661188892885,-0.03175240474726176,0.5242978408624155,0.7920411214766553,-0.04837732077897481,0.4845948407364195,0.7100845282430326,-0.06437142516699104,0.44775421049337866,0.6296401456042513,-0.07500711457890702,0.5942993404900127,0.5695419086830514,-0.01197932771483767,0.5043565804473011,0.620804802006871,-0.06878989428958095,0.4878753608689367,0.7364437326898594,-0.10608333969751664,0.4927769178531629,0.8165353196664126,-0.12132403231106227,0.6612813023596612,0.5693240105848539,-0.018291218548581498,0.5616038472262167,0.6468886488349563,-0.06685913286899703,0.5463014079451317,0.7837929976977529,-0.08026989646235078,0.5505060784775165,0.8563042163194453,-0.0780011606630552,0.7206496748300453,0.6094335529746595,-0.03335472874365766,0.6215801327821592,0.6916734903907242,-0.07912942670551089,0.6010769856126726,0.8117015107809347,-0.06822380728331118,0.6009984291805086,0.8640207414458618,-0.0489231276141053,0.7706775882334448,0.672165394821596,-0.05242792606384726,0.6847379190310362,0.7378045347700868,-0.08037426925829046,0.6605759602645629,0.8189998804667868,-0.06936104420529944,0.6607346541732719,0.8529506600982635,-0.050918962807837476
76535.049,0.6908157520924241,0.9582687564986118,-1.3358424311710893e-06,0.5952854165182776,0.9193481914492052,-0.03667578815790314,0.516266117741545,0.8250432133246373,-0.06040721369951697,0.4632477692983392,0.7626318136850041,-0.08375655685774144,0.4130255524320499,0.7029828232661377,-0.10387607076257499,0.578419568959982,0.591719980599019,-0.03134246673818865,0.48085016821932064,0.6206142248590837,-0.08987547488553105,0.44410206951673986,0.7254515406474006,-0.12768945030627904,0.42925241655179547,0.812459484377428,-0.14366649231663656,0.6440921688463206,0.5876731685759187,-0.037678852663938306,0.5367157017453422,0.6455149241854988,-0.09538295682648282,0.49213467839097413,0.7820390842362096,-0.11502723478467942,0.47556124486099555,0.8740348414404218,-0.11509634088861148,0.7025700268849304,0.6254072541007017,-0.05183869229653727,0.60067109257469,0.6866869316115447,-0.10954632342241052,0.5549171173805303,0.8090227846003979,-0.10941709874554018,0.5372555353821299,0.8867005575816391,-0.09372531288788515,0.7505973492959278,0.6897371690604621,-0.06901678515807216,0.6652301007232626,0.743172405668805,-0.11130179634910484,0.622651795543588,0.8191538653657396,-0.10938317550614791,0.6044042530840545,0.8683300060309845,-0.09444516381358295
76535.08,0.6663293705571898,0.9879179238624446,-1.3185288222249562e-06,0.5709410604386022,0.9513020654567511,-0.028640379611315277,0.49435528225502695,0.8689024213564286,-0.05142117358626418,0.44640194201931516,0.811371213675549,-0.07393605379650117,0.4012209919583608,0.7521587163270567,-0.09234919897469605,0.5718742423170974,0.6191013916959562,-0.022164565352734453,0.46835580045894526,0.6573467709992304,-0.07251056826416084,0.45575129905159506,0.7730879390677241,-0.10655905304430358,0.4742384416260771,0.852246863221196,-0.12107608078682025,0.6327778833534132,0.6248131166128527,-0.029444545312114368,0.5188918668197787,0.695520359533779,-0.07110742297843378,0.5046116040951973,0.8273193559146381,-0.08374621093944197,0.5192715774032705,0.9021452301242925,-0.0838181204488003,0.6873767907824346,0.6705036267361446,-0.043047849518467254,0.5762197344626705,0.7418547345949661,-0.08377482899857747,0.5573905970299279,0.8591699305460095,-0.07447804615883512,0.5689609141590299,0.9233676418137571,-0.05797804165452256,0.7345628091735807,0.7392177010945967,-0.0596371003577148,0.6389137126858007,0.791177274505037,-0.08921417903151797,0.6135462824936632,0.8720114122360151,-0.07944960629469205,0.6215618289228557,0.9235967983898234,-0.0614584827686358
76535.114,0.689911157966217,1.0034335613443386,-1.1927779793032595e-06,0.5855744237416081,0.9574345264499103,-0.031221948830988364,0.5033881728640421,0.8915917384390472,-0.05769505382063556,0.4439476746003259,0.8427188938272586,-0.08276542444661654,0.40472013219889386,0.7918138482251579,-0.10194691358878721,0.5597963804084276,0.6411149922860068,-0.026439752783974164,0.4615501623111265,0.7353659416790133,-0.0763559725818451,0.4582122940283165,0.8431295277193233,-0.11122842256216876,0.4807059695019055,0.9136588714312713,-0.12791614648382715,0.6198757109113434,0.6565940406809928,-0.03364346231582521,0.5070525504957932,0.7709139888076205,-0.07411043851509573,0.5064259462830747,0.8848886603632912,-0.08937620988568973,0.5243676708466216,0.9463147344209093,-0.09337258281434069,0.6720239077778117,0.7091497065264872,-0.04660385434294461,0.5581699708760738,0.8175372215794761,-0.08199921892731678,0.5555483353944328,0.9141435377386441,-0.07453111210594353,0.5714366427800212,0.9580012379061922,-0.06267771543449176,0.7165343970351161,0.7839414954263235,-0.06365966020836387,0.6181585309432377,0.8672059471841604,-0.08793532164355314,0.6053710974082405,0.934363398483104,-0.07941270416244739,0.6161680705548078,0.9658820979692386,-0.06478789108945779
76535.147,0.6929237740888712,1.0272724274875482,-8.913797159368197e-07,0.5897832698496313,0.9801681671964357,-0.028074324820743676,0.512730618945999,0.9223130681417551,-0.05353554273959166,0.44879815934926903,0.892986225421779,-0.07772965623834374,0.40262671850295745,0.8764994952758183,-0.09455870186636335,0.5427660015987321,0.6857000051221721,-0.031233786543918285,0.43960019875272555,0.8047198704183479,-0.06851836745043487,0.4521287097871418,0.887072222964786,-0.08572146055141874,0.484541536243576,0.8986503483063513,-0.09450659383310274,0.5988699396619832,0.7061438319618859,-0.041162063756624574,0.47474835432314516,0.870085733195388,-0.0759318540992148,0.49385271308213097,0.9453855025495966,-0.07992357101356962,0.5233071965792232,0.9425870304294754,-0.07864977445152897,0.6476355833081124,0.7635315144003597,-0.055839422080885694,0.5229666216527867,0.9159423427649023,-0.0879797277169124,0.5403723359611172,0.9831740363778038,-0.07470837584724084,0.5671088952610592,0.976087277000924,-0.061568131960715866,0.6887257054161221,0.8419337918270564,-0.07458330850311015,0.5852060088859083,0.9636123978210686,-0.09808326394072171,0.588043359814545,1.014030104915778,-0.08996481740175533,0.6102730738329949,1.012574614202969,-0.0769040700421498
76535.176,0.6808467781102221,1.043966225055777,-9.999851684753752e-07,0.5921100884684477,1.0025656632855324,-0.02537131753256202,0.5093587251908752,0.9623450501237135,-0.05107934729469678,0.4467817035353721,0.9740222435464662,-0.07719395099663744,0.41896202171248537,1.0095516760538579,-0.10060541451239556,0.5057237303755485,0.7443531952977748,-0.03549792709581222,0.3986239709981984,0.9222246825936797,-0.07418357522053637,0.40079450145738543,1.0263181450960266,-0.09487811570932905,0.43293098461593865,1.06281861019825,-0.1033768335304812,0.5650121534116181,0.7677496310429462,-0.04693753418277053,0.44382882447734767,0.9739935017623979,-0.0812757846535992,0.4616232964646005,1.068651725831231,-0.08949142860594066,0.4907934242129792,1.097588977098498,-0.08930023854289088,0.6197903232313879,0.8250765110720775,-0.06113726172233044,0.501973011652579,1.0131941490603409,-0.0903628302106971,0.5201574449836827,1.0917632749533654,-0.08123780736091261,0.5453311121120996,1.1052879138884635,-0.06960432713888728,0.6711248311985936,0.9047700887211068,-0.07859245590861173,0.5815384271614613,1.0444816295652575,-0.09716262406877538,0.582813168818758,1.0996231852509621,-0.08459012283849757,0.599917842887007,1.1097829300389273,-0.06753858562499217
