Timestamp_LSL,DoF_0,DoF_1,DoF_2,DoF_3,DoF_4,DoF_5,DoF_6,DoF_7,DoF_8,DoF_9,DoF_10,DoF_11,DoF_12,DoF_13,DoF_14,DoF_15,DoF_16,DoF_17,DoF_18,DoF_19,DoF_20,DoF_21,DoF_22,DoF_23
47626.644,-27.358142358373023,28.647889756540533,20.988374757723577,-28.64788975654045,19.68305949223283,-28.647889756540483,4.274075781687588,-28.647889756540728,-11.459155902616123,0.0,7.788520504448053e-14,1.2589070406091757e-14,-11.459155902616157,0.0,4.2368635785955985e-14,2.7472325168602414e-14,-11.459155902616216,0.0,6.542725196268381e-14,3.1157744560259193e-14,-11.459155902616175,0.0,2.8624992133171465e-14,1.1131941385122302e-14
47626.67,-27.424483119487697,28.64788975654069,20.91508428443696,-28.647889756540632,19.68483233310211,-28.64788975654066,4.2481025631753875,-28.64788975654084,-11.45915590261621,0.0,5.781984598663361e-14,9.345781545794313e-15,-11.459155902616228,0.0,3.145331638285715e-14,2.0394702809553397e-14,-11.45915590261628,0.0,4.857140235620573e-14,2.3130657366006718e-14,-11.45915590261625,0.0,2.1250411237453156e-14,8.264048814565166e-15
47626.702,-27.351711410471083,28.647889756540835,20.936520253114146,-28.6478897565408,19.686188878619767,-28.647889756540813,4.216682653192265,-28.647889756540934,-11.45915590261629,0.0,4.495848417526721e-14,8.109112140855236e-15,-11.4591559026163,0.0,2.7495974287052103e-14,1.643736071374835e-14,-11.459155902616333,0.0,3.66993760687906e-14,1.9667983032177305e-14,-11.459155902616311,0.0,1.6551067498684666e-14,6.780045528638273e-15
47626.735,-27.399463806234877,28.647889756540923,20.867290734467236,-28.6478897565409,19.694758866251284,-28.64788975654091,4.191686079835393,-28.647889756540994,-11.459155902616338,0.0,3.2698020645023414e-14,5.8977058737305304e-15,-11.459155902616345,0.0,1.9997647860816005e-14,1.195478828584518e-14,-11.45915590261637,0.0,2.6691223655999988e-14,1.4304399426035174e-14,-11.459155902616352,0.0,1.2037486509985314e-14,4.931084148775025e-15
47626.777,-27.35627248444203,28.63089237766256,20.945024859932072,-28.647889756540962,19.697857977507592,-28.647889756540973,4.166408345938927,-28.647889756541037,-11.45915590261637,0.0,2.4234637876389052e-14,4.371174870276608e-15,-11.459155902616375,0.0,1.482156242873933e-14,8.860474098466586e-15,-11.459155902616395,0.0,1.9782608458268207e-14,1.3892780447962649e-14,-11.45915590261638,0.0,8.921767151548124e-15,4.622369915220631e-15
47626.803,-27.387053472815392,28.636279951979777,20.87829573421924,-28.647889756541026,19.708081322728162,-28.647889756541023,4.137820432626912,-28.647889756541073,-11.4591559026164,0.0,2.776307375674531e-14,6.891486213388223e-15,-11.459155902616402,0.0,1.6837811503228622e-14,9.868598635711233e-15,-11.459155902616414,0.0,2.079073299551285e-14,1.1120437970539874e-14,-11.459155902616397,0.0,1.0181922823103932e-14,4.118307646598308e-15
47626.836,-27.333134695780448,28.60757155399755,20.945229230041488,-28.647889756541055,19.70649499724825,-28.647889756541055,4.112943775021918,-28.647889756541087,-11.459155902616413,0.0,2.7374084622955683e-14,6.696991646493409e-15,-11.459155902616413,0.0,1.9171746305966385e-14,9.868598635711233e-15,-11.459155902616423,0.0,1.9234776460354342e-14,1.1314932537434687e-14,-11.459155902616407,0.0,9.598439122419492e-15,3.8265657962560876e-15
47626.868,-27.29902531056568,28.628409938716114,20.799277880995515,-28.64788975654111,19.70997133216923,-28.64788975654111,4.063115425278694,-28.647889756541122,-11.459155902616436,0.0,1.3225842124428971e-14,3.235664514270719e-15,-11.45915590261644,0.0,9.262866444114092e-15,4.768032587866645e-15,-11.459155902616445,0.0,9.293319585561403e-15,7.20527375496035e-15,-11.459155902616438,0.0,4.666848583450287e-15,2.7991511006375033e-15
47626.901,-27.218362875260485,28.581085280279922,20.85874745998701,-28.647889756541122,19.70381557575258,-28.647889756541122,4.0366877930542895,-28.647889756541133,-11.459155902616443,0.0,9.900213614123685e-15,2.4220589943192706e-15,-11.459155902616446,0.0,6.9337253244875804e-15,3.569114215554785e-15,-11.45915590261645,0.0,6.956521045373483e-15,5.393512840334649e-15,-11.459155902616445,0.0,3.4933728564314904e-15,2.0953065652685002e-15
47626.935,-27.31998911503039,28.597152888041467,20.784309165550578,-28.647889756541133,19.708783330839495,-28.647889756541126,4.014954685937119,-28.64788975654114,-11.459155902616448,0.0,7.60528183951878e-15,2.6133033088696794e-15,-11.45915590261645,0.0,5.266046973046981e-15,3.569114215554785e-15,-11.459155902616452,0.0,5.283359937052879e-15,4.246046953032196e-15,-11.459155902616448,0.0,2.6531575301037857e-15,1.5913498558515642e-15
47626.971,-27.31998911503039,28.597152888041467,20.784309165550578,-28.647889756541133,19.708783330839495,-28.647889756541126,4.014954685937119,-28.64788975654114,-11.459155902616448,0.0,7.60528183951878e-15,2.6133033088696794e-15,-11.45915590261645,0.0,5.266046973046981e-15,3.569114215554785e-15,-11.459155902616452,0.0,5.283359937052879e-15,4.246046953032196e-15,-11.459155902616448,0.0,2.6531575301037857e-15,1.5913498558515642e-15
47627.003,-27.31998911503039,28.597152888041467,20.784309165550578,-28.647889756541133,19.708783330839495,-28.647889756541126,4.014954685937119,-28.64788975654114,-11.459155902616448,0.0,7.60528183951878e-15,2.6133033088696794e-15,-11.45915590261645,0.0,5.266046973046981e-15,3.569114215554785e-15,-11.459155902616452,0.0,5.283359937052879e-15,4.246046953032196e-15,-11.459155902616448,0.0,2.6531575301037857e-15,1.5913498558515642e-15
47627.036,-27.492094514189077,28.471989671500985,20.89797717371793,-28.64788975654116,19.71242894430899,-28.647889756541154,3.9199979810010164,-28.647889756541154,-11.459155902616466,0.0,7.60528183951878e-15,0.0,-11.459155902616466,0.0,0.0,5.954530226652422e-15,-11.459155902616466,0.0,5.283359937052879e-15,1.860630941934558e-15,-11.459155902616466,0.0,2.6774151900614813e-16,7.962111854856851e-16
47627.069,-27.236565116146696,28.584980503814247,20.725771661208245,-28.64788975654116,19.726576115481617,-28.647889756541158,3.846955051686798,-28.647889756541154,-11.459155902616462,0.0,7.559821769399783e-15,1.0907314342110865e-15,-11.459155902616466,0.0,3.4615457865425074e-15,3.0808901199520517e-15,-11.459155902616464,0.0,5.411773791819993e-15,5.3937626936709814e-15,-11.459155902616464,0.0,1.888847414774867e-15,1.5539222235162236e-15
47627.102,-27.241091869098096,28.508463056090907,20.807186215660153,-28.64788975654116,19.723217496805603,-28.64788975654115,3.8127088039234747,-28.647889756541158,-11.459155902616452,0.0,4.8133112734769296e-15,8.018546894293881e-16,-11.459155902616466,0.0,6.928066723922887e-15,3.3697668647337497e-15,-11.45915590261646,0.0,4.834020302256596e-15,3.94937896976249e-15,-11.459155902616459,0.0,2.4666009043382638e-15,1.2650454787345253e-15
47627.136,-27.241091869098096,28.508463056090907,20.807186215660153,-28.64788975654116,19.723217496805603,-28.64788975654115,3.8127088039234747,-28.647889756541158,-11.459155902616452,0.0,4.8133112734769296e-15,8.018546894293881e-16,-11.459155902616466,0.0,6.928066723922887e-15,3.3697668647337497e-15,-11.45915590261646,0.0,4.834020302256596e-15,3.94937896976249e-15,-11.459155902616459,0.0,2.4666009043382638e-15,1.2650454787345253e-15
47627.168,-27.263225809531683,28.549601794670423,20.70715624202896,-28.64788975654116,19.72944172288492,-28.647889756541154,3.7880668339105736,-28.647889756541158,-11.459155902616455,0.0,3.393113036396426e-15,5.652623413305839e-16,-11.459155902616462,0.0,4.883896382829624e-15,2.375495626337369e-15,-11.459155902616462,0.0,3.4077117339522223e-15,2.784089477406872e-15,-11.45915590261646,0.0,1.7388145516821397e-15,8.917857295416091e-16
47627.201,-27.207235094451192,28.546188046692944,20.73556358718326,-28.64788975654116,19.730912187073123,-28.647889756541158,3.763572774697752,-28.647889756541158,-11.459155902616459,0.0,6.947886543563674e-15,7.874356855285368e-16,-11.459155902616459,0.0,7.54997651320506e-15,3.708535691525087e-15,-11.45915590261646,0.0,4.74075179913994e-15,2.1175694448130135e-15,-11.459155902616457,0.0,1.9609878958800926e-15,2.1137391226303503e-15
47627.235,-27.207235094451192,28.546188046692944,20.73556358718326,-28.64788975654116,19.730912187073123,-28.647889756541158,3.763572774697752,-28.647889756541158,-11.459155902616459,0.0,6.947886543563674e-15,7.874356855285368e-16,-11.459155902616459,0.0,7.54997651320506e-15,3.708535691525087e-15,-11.45915590261646,0.0,4.74075179913994e-15,2.1175694448130135e-15,-11.459155902616457,0.0,1.9609878958800926e-15,2.1137391226303503e-15
47627.267,-27.23271192708142,28.57822915976011,20.663632070484475,-28.647889756541158,19.743107799128687,-28.647889756541158,3.739481733715297,-28.647889756541158,-11.459155902616457,0.0,4.758955613568545e-15,1.2884523956564325e-15,-11.45915590261646,0.0,5.171357201149526e-15,2.7065022712692954e-15,-11.459155902616462,0.0,3.2471784398886155e-15,1.4504294123584323e-15,-11.459155902616459,0.0,1.343178864065314e-15,1.447805832779424e-15
47627.302,-27.23271192708142,28.57822915976011,20.663632070484475,-28.647889756541158,19.743107799128687,-28.647889756541158,3.739481733715297,-28.647889756541158,-11.459155902616457,0.0,4.758955613568545e-15,1.2884523956564325e-15,-11.45915590261646,0.0,5.171357201149526e-15,2.7065022712692954e-15,-11.459155902616462,0.0,3.2471784398886155e-15,1.4504294123584323e-15,-11.459155902616459,0.0,1.343178864065314e-15,1.447805832779424e-15
47627.337,-27.23271192708142,28.57822915976011,20.663632070484475,-28.647889756541158,19.743107799128687,-28.647889756541158,3.739481733715297,-28.647889756541158,-11.459155902616457,0.0,4.758955613568545e-15,1.2884523956564325e-15,-11.45915590261646,0.0,5.171357201149526e-15,2.7065022712692954e-15,-11.459155902616462,0.0,3.2471784398886155e-15,1.4504294123584323e-15,-11.459155902616459,0.0,1.343178864065314e-15,1.447805832779424e-15
47627.37,-27.020374628561555,28.595118627941385,20.839141916070556,-28.647889756541158,19.748132159567696,-28.647889756541158,3.7195098486549476,-28.647889756541158,-11.459155902616459,0.0,3.5925286876960965e-15,9.726508440064113e-16,-11.459155902616462,0.0,3.903850047788614e-15,2.043134637593009e-15,-11.459155902616462,0.0,2.4512902927919018e-15,1.094927058894874e-15,-11.45915590261646,0.0,1.0139637756031352e-15,1.0929465224773526e-15
47627.403,-27.16907416336906,28.607929683796367,20.725261254867526,-28.647889756541158,19.764980523146246,-28.647889756541158,3.7036903611319514,-28.647889756541158,-11.45915590261646,0.0,3.978594560790127e-15,1.7447825901944714e-15,-11.459155902616462,0.0,2.9561265038977247e-15,1.547130237915124e-15,-11.459155902616462,0.0,2.837356165885932e-15,8.291155805196504e-16,-11.459155902616462,0.0,1.2069967121501501e-15,8.2761585175853e-16
47627.435,-27.214836672821452,28.619035633387913,20.63980174149854,-28.647889756541158,19.773822749822006,-28.647889756541158,3.6824029566789718,-28.647889756541158,-11.459155902616462,0.0,5.746513262594098e-15,2.186762265645464e-15,-11.459155902616459,0.0,3.84008585479971e-15,1.3261404001896276e-15,-11.459155902616464,0.0,2.048780660710155e-15,3.9229733086766e-15,-11.45915590261646,0.0,1.4279865498756465e-15,1.1591006083467747e-15
47627.468,-27.214836672821452,28.619035633387913,20.63980174149854,-28.647889756541158,19.773822749822006,-28.647889756541158,3.6824029566789718,-28.647889756541158,-11.459155902616462,0.0,5.746513262594098e-15,2.186762265645464e-15,-11.459155902616459,0.0,3.84008585479971e-15,1.3261404001896276e-15,-11.459155902616464,0.0,2.048780660710155e-15,3.9229733086766e-15,-11.45915590261646,0.0,1.4279865498756465e-15,1.1591006083467747e-15
47627.501,-27.171327683025567,28.62757272848083,20.68924143300383,-28.647889756541158,19.779405359404503,-28.647889756541158,3.658707431372346,-28.647889756541158,-11.459155902616462,0.0,4.046287270110897e-15,1.539762968239598e-15,-11.459155902616459,0.0,2.7039162358767036e-15,9.337740599322586e-16,-11.459155902616462,0.0,1.4426061035381012e-15,2.7622797050184353e-15,-11.459155902616462,0.0,1.0054868986838598e-15,8.161564799407006e-16
47627.535,-26.995679123234932,28.64788975654115,20.5611958766336,-28.64788975654116,19.80310611582445,-28.64788975654114,3.581099406928076,-28.64788975654116,-11.459155902616466,0.0,7.226841951574413e-15,4.720317649703115e-15,-11.459155902616452,0.0,1.2245580280267254e-14,2.524051400664017e-15,-11.459155902616466,0.0,1.4164824829392167e-14,5.942834386481953e-15,-11.45915590261645,0.0,8.956873602342652e-15,1.2137258151236402e-15
47627.569,-27.215576954226403,28.647889756541154,20.352895623897016,-28.647889756541158,19.8278449954575,-28.647889756541147,3.5689355238775686,-28.64788975654116,-11.459155902616457,0.0,7.608195849100839e-15,4.148286803413477e-15,-11.459155902616454,0.0,1.0720164690161553e-14,3.0960822469536554e-15,-11.45915590261646,0.0,1.1876701444233614e-14,4.51772255372697e-15,-11.459155902616452,0.0,7.812811909763375e-15,1.9764336101764913e-15
47627.603,-27.09364820819231,28.64788975654115,20.392430871672055,-28.647889756541158,19.843786408368583,-28.647889756541147,3.5511500296211507,-28.64788975654116,-11.459155902616457,0.0,5.519598791767755e-15,3.4934439260600294e-15,-11.459155902616452,0.0,9.84704085369029e-15,2.659520328718024e-15,-11.459155902616462,0.0,9.257329934819824e-15,3.644598717255707e-15,-11.459155902616454,0.0,5.668043782355462e-15,1.4338643198871669e-15
47627.635,-26.98002042734753,28.647889756541158,20.129864806412055,-28.647889756541154,19.876212233080466,-28.64788975654115,3.476576190695542,-28.64788975654116,-11.459155902616457,0.0,6.865731625714451e-15,4.318975462772019e-15,-11.459155902616452,0.0,1.1409761791325391e-14,2.1155231846464924e-15,-11.459155902616452,0.0,1.1758427692023498e-14,2.993464993241085e-15,-11.459155902616459,0.0,5.707165967050312e-15,4.344040616462159e-16
47627.667,-27.05592903832303,28.64326273567904,20.11571703154355,-28.647889756541154,19.879443386793767,-28.64788975654115,3.451734783629049,-28.64788975654116,-11.459155902616455,0.0,6.865731625714451e-15,4.064472215541555e-15,-11.459155902616455,0.0,1.039174880240354e-14,3.1335361735683448e-15,-11.459155902616455,0.0,1.0740414703101646e-14,2.993464993241085e-15,-11.459155902616457,0.0,4.68915297812846e-15,2.953625982896522e-16
47627.701,-27.123911333111213,28.58558398370973,20.211691615455557,-28.647889756541158,19.876405311554485,-28.647889756541154,3.408701341416157,-28.647889756541158,-11.45915590261646,0.0,3.272926260412798e-15,1.9375528456633862e-15,-11.459155902616459,0.0,4.953795079844903e-15,1.4937712962758058e-15,-11.45915590261646,0.0,5.1200057394971526e-15,3.825649714924573e-15,-11.459155902616462,0.0,2.2353410762123218e-15,3.208009124181862e-15
47627.734,-27.140846886495467,28.534752256130407,20.32387148274198,-28.647889756541158,19.881903851570524,-28.647889756541154,3.3816473213007705,-28.647889756541158,-11.459155902616459,0.0,2.689279754330776e-15,1.9375528456633862e-15,-11.459155902616459,0.0,3.135706425656201e-15,9.45543401916312e-16,-11.459155902616462,0.0,5.7036522455791745e-15,2.4216008534964232e-15,-11.45915590261646,0.0,1.943517823171311e-15,2.030640077379974e-15
47627.768,-27.096976814397657,28.54462430485306,20.449868086832776,-28.647889756541158,19.89612357748315,-28.647889756541158,3.3617803175435546,-28.647889756541158,-11.45915590261646,0.0,1.8476722633381098e-15,1.3311975616961924e-15,-11.45915590261646,0.0,2.154390140827062e-15,6.496365112962673e-16,-11.459155902616464,0.0,3.91869980685786e-15,1.6637632149187338e-15,-11.459155902616462,0.0,1.335295805277984e-15,1.3951532345252051e-15
47627.802,-26.979545852312917,28.572597247065676,20.543327552220102,-28.647889756541158,19.909312641773163,-28.647889756541158,3.3450879225060994,-28.647889756541158,-11.459155902616459,0.0,1.8476722633381098e-15,9.705976528382624e-16,-11.459155902616459,0.0,3.0159510099681034e-15,4.736604777571671e-16,-11.459155902616459,0.0,2.857187350814895e-15,1.213076644477288e-15,-11.459155902616464,0.0,1.335295805277984e-15,1.3951532345252051e-15
47627.835,-26.98768048168913,28.57433962634689,20.685740990772718,-28.647889756541158,19.929655259894627,-28.647889756541154,3.317458441510384,-28.647889756541158,-11.459155902616462,0.0,3.255059217489091e-15,1.3224443913760078e-15,-11.459155902616462,0.0,4.423337964119085e-15,8.255072162949124e-16,-11.459155902616462,0.0,4.264574304965876e-15,5.083390768392487e-15,-11.459155902616459,0.0,2.3908360208912195e-15,1.0433064959874598e-15
47627.869,-27.161845182882576,28.647889756541158,20.88626168442595,-28.64788975654116,19.987833103697504,-28.64788975654116,3.25926181468729,-28.64788975654116,-11.459155902616466,0.0,0.0,0.0,-11.459155902616466,0.0,0.0,0.0,-11.459155902616466,0.0,0.0,6.673668109124245e-15,-11.459155902616466,0.0,0.0,0.0
47627.901,-27.13488454505015,28.64788975654115,20.95749137591765,-28.64788975654116,20.001848601070016,-28.64788975654116,3.24047802776336,-28.64788975654116,-11.459155902616462,0.0,0.0,0.0,-11.459155902616462,0.0,0.0,2.4589234227795904e-16,-11.459155902616464,0.0,9.835693691118361e-16,5.690098740012409e-15,-11.459155902616466,0.0,0.0,0.0
47627.934,-27.09392232074982,28.647889756541154,20.998227525821505,-28.64788975654116,20.011408773284874,-28.64788975654116,3.2236943919346706,-28.64788975654116,-11.459155902616464,0.0,0.0,0.0,-11.459155902616457,0.0,0.0,1.803884277210952e-16,-11.459155902616464,0.0,7.215537108843808e-16,4.174298214331292e-15,-11.459155902616466,0.0,0.0,0.0
47627.969,-27.09392232074982,28.647889756541154,20.998227525821505,-28.64788975654116,20.011408773284874,-28.64788975654116,3.2236943919346706,-28.64788975654116,-11.459155902616464,0.0,0.0,0.0,-11.459155902616457,0.0,0.0,1.803884277210952e-16,-11.459155902616464,0.0,7.215537108843808e-16,4.174298214331292e-15,-11.459155902616466,0.0,0.0,0.0
47628.002,-27.165765851774406,28.647889756541154,20.930307966296205,-28.64788975654116,20.028368961129082,-28.64788975654116,3.2106889402680308,-28.64788975654116,-11.459155902616459,0.0,0.0,0.0,-11.459155902616459,0.0,0.0,1.3586737241264628e-16,-11.459155902616462,0.0,7.215537108843808e-16,3.1440538465410082e-15,-11.459155902616466,0.0,0.0,0.0
47628.036,-27.243402330336867,28.647889756541154,20.82720322130153,-28.64788975654116,20.04906639758173,-28.647889756541158,3.1986740717692204,-28.64788975654116,-11.459155902616459,0.0,0.0,0.0,-11.45915590261646,0.0,0.0,1.0179117037356139e-16,-11.45915590261646,0.0,5.405845083633272e-16,3.941752528699523e-15,-11.459155902616466,0.0,0.0,0.0
47628.069,-27.280410454080364,28.647889756541158,20.78462570421604,-28.64788975654116,20.07071986500357,-28.647889756541158,3.184567627339827,-28.64788975654116,-11.459155902616459,0.0,0.0,0.0,-11.459155902616457,0.0,1.807912773200227e-15,1.2317366536237032e-15,-11.459155902616459,0.0,1.4445408949634407e-15,2.821453483541933e-15,-11.459155902616462,0.0,1.1299454832501418e-15,0.0
47628.102,-27.309155241908986,28.647889756541158,20.6817779400746,-28.647889756541158,20.08714030848498,-28.647889756541158,3.167030788779267,-28.64788975654116,-11.459155902616455,0.0,2.962176465540858e-15,1.2342401939753573e-15,-11.45915590261645,0.0,6.744873549101656e-15,2.219128808803989e-15,-11.459155902616457,0.0,2.4319330501437264e-15,1.9455430481415627e-15,-11.45915590261646,0.0,2.1173376384304278e-15,0.0
47628.136,-27.139296035438107,28.64788975654115,20.77025333465162,-28.647889756541158,20.099000064052433,-28.647889756541158,3.152754080254558,-28.64788975654116,-11.459155902616457,0.0,5.70916739234162e-15,1.4304538316039833e-15,-11.459155902616452,0.0,9.88429175115967e-15,3.396410634575745e-15,-11.459155902616459,0.0,3.2167876006582295e-15,1.4654480749423794e-15,-11.459155902616459,0.0,2.3135512760590533e-15,6.867477317001907e-16
47628.169,-27.216576144079568,28.647889756541154,20.680216881663785,-28.647889756541158,20.11482429978669,-28.647889756541158,3.139971758133527,-28.64788975654116,-11.459155902616457,0.0,4.538505070842642e-15,1.235343444687487e-15,-11.45915590261645,0.0,7.458893440350697e-15,2.5630025540274177e-15,-11.459155902616459,0.0,2.427455253001418e-15,1.105857790172962e-15,-11.45915590261646,0.0,1.7458542171104208e-15,5.182342124364441e-16
47628.202,-27.111603394093606,28.647889756541154,20.739212691014167,-28.647889756541158,20.114819237362042,-28.647889756541158,3.122189147826776,-28.64788975654116,-11.459155902616459,0.0,3.417216462526733e-15,9.301379838002009e-16,-11.45915590261645,0.0,5.616090113096802e-15,1.929784011345048e-15,-11.45915590261646,0.0,1.8277251921332155e-15,8.326432133061072e-16,-11.459155902616462,0.0,1.3145213410048653e-15,3.9019863469131144e-16
47628.235,-27.29276079985598,28.647889756541154,20.54358689398776,-28.647889756541158,20.127768512951988,-28.647889756541158,3.109182230872446,-28.64788975654116,-11.459155902616457,0.0,2.5991004582719658e-15,7.07453591676694e-16,-11.459155902616452,0.0,4.271541632411986e-15,1.4677743020540619e-15,-11.45915590261646,0.0,1.390149391050317e-15,6.333000502054133e-16,-11.459155902616462,0.0,9.998117056031525e-16,2.967811554710222e-16
47628.269,-27.409598685548435,28.64788975654115,20.449223760107607,-28.647889756541158,20.13976524006849,-28.647889756541158,3.0959664537913394,-28.64788975654116,-11.459155902616454,0.0,1.9768514801212632e-15,5.380825798295622e-16,-11.459155902616452,0.0,3.2488945825693217e-15,1.8485015829474148e-15,-11.459155902616462,0.0,1.0573346145745373e-15,6.333000502054133e-16,-11.459155902616462,0.0,7.604474247133317e-16,3.9196297569436047e-16
47628.303,-27.298536999316177,28.647889756541147,20.50202121079342,-28.647889756541158,20.138040115772856,-28.647889756541158,3.07742590741411,-28.64788975654116,-11.459155902616457,0.0,1.5741830088088405e-15,4.018366029107717e-16,-11.459155902616454,0.0,2.4435576399444763e-15,1.3804490693641378e-15,-11.459155902616464,0.0,7.896106761069682e-16,1.438636992830259e-15,-11.459155902616464,0.0,5.678972360261899e-16,8.952985648348889e-16
47628.336,-27.324542926211716,28.64788975654115,20.436805123971645,-28.647889756541158,20.135429933799507,-28.647889756541158,3.054849993567924,-28.64788975654116,-11.45915590261646,0.0,1.0884503962725254e-15,2.7784521064421403e-16,-11.459155902616457,0.0,1.6895692982513315e-15,9.544953338814087e-16,-11.459155902616464,0.0,5.459670498921089e-16,9.947286917569326e-16,-11.459155902616464,0.0,3.9266588963026995e-16,6.190437021767488e-16
47628.371,-27.324542926211716,28.64788975654115,20.436805123971645,-28.647889756541158,20.135429933799507,-28.647889756541158,3.054849993567924,-28.64788975654116,-11.45915590261646,0.0,1.0884503962725254e-15,2.7784521064421403e-16,-11.459155902616457,0.0,1.6895692982513315e-15,9.544953338814087e-16,-11.459155902616464,0.0,5.459670498921089e-16,9.947286917569326e-16,-11.459155902616464,0.0,3.9266588963026995e-16,6.190437021767488e-16
47628.403,-27.412329369166763,28.547707001645144,20.497288758088278,-28.647889756541154,20.12589123096482,-28.64788975654116,3.0149980789216286,-28.647889756541154,-11.459155902616464,0.0,5.087113636923677e-16,2.7784521064421403e-16,-11.459155902616448,0.0,1.6895692982513315e-15,1.8015213905646014e-15,-11.459155902616466,0.0,2.5516977478519234e-16,6.500398060197683e-15,-11.459155902616462,0.0,3.9266588963026995e-16,4.642417471421914e-15
47628.437,-27.320604079015723,28.524675062382485,20.582427507426782,-28.647889756541154,20.1236266627911,-28.64788975654116,2.9986171226175116,-28.647889756541154,-11.459155902616464,0.0,3.909287768536231e-16,2.135153568487298e-16,-11.459155902616452,0.0,1.298381177060262e-15,1.384412859538455e-15,-11.459155902616466,0.0,1.9608999339577037e-16,4.995352657919937e-15,-11.459155902616462,0.0,3.0175145849136106e-16,3.567552669895443e-15
47628.469,-27.287287911702972,28.524332672261533,20.621521565478595,-28.647889756541154,20.124828934678895,-28.64788975654116,2.9808238663453626,-28.647889756541158,-11.459155902616464,0.0,2.857108228567153e-16,8.555468648365314e-16,-11.459155902616454,0.0,9.489236312180174e-16,1.0118000021785411e-15,-11.459155902616466,0.0,1.4801530093713736e-15,3.650860215103036e-15,-11.459155902616464,0.0,2.2053545967546424e-16,3.246536915901543e-15
47628.502,-27.287287911702972,28.524332672261533,20.621521565478595,-28.647889756541154,20.124828934678895,-28.64788975654116,2.9808238663453626,-28.647889756541158,-11.459155902616464,0.0,2.857108228567153e-16,8.555468648365314e-16,-11.459155902616454,0.0,9.489236312180174e-16,1.0118000021785411e-15,-11.459155902616466,0.0,1.4801530093713736e-15,3.650860215103036e-15,-11.459155902616464,0.0,2.2053545967546424e-16,3.246536915901543e-15
47628.537,-27.302135944932274,28.647889756541147,20.862613066943716,-28.64788975654115,20.18416649892521,-28.647889756541147,2.90530246588656,-28.64788975654116,-11.459155902616457,0.0,0.0,0.0,-11.459155902616466,0.0,0.0,0.0,-11.459155902616459,0.0,0.0,0.0,-11.459155902616459,0.0,0.0,0.0
47628.569,-27.302135944932274,28.647889756541147,20.862613066943716,-28.64788975654115,20.18416649892521,-28.647889756541147,2.90530246588656,-28.64788975654116,-11.459155902616457,0.0,0.0,0.0,-11.459155902616466,0.0,0.0,0.0,-11.459155902616459,0.0,0.0,0.0,-11.459155902616459,0.0,0.0,0.0
47628.602,-27.302135944932274,28.647889756541147,20.862613066943716,-28.64788975654115,20.18416649892521,-28.647889756541147,2.90530246588656,-28.64788975654116,-11.459155902616457,0.0,0.0,0.0,-11.459155902616466,0.0,0.0,0.0,-11.459155902616459,0.0,0.0,0.0,-11.459155902616459,0.0,0.0,0.0
47628.636,-27.302135944932274,28.647889756541147,20.862613066943716,-28.64788975654115,20.18416649892521,-28.647889756541147,2.90530246588656,-28.64788975654116,-11.459155902616457,0.0,0.0,0.0,-11.459155902616466,0.0,0.0,0.0,-11.459155902616459,0.0,0.0,0.0,-11.459155902616459,0.0,0.0,0.0
47628.669,-27.302135944932274,28.647889756541147,20.862613066943716,-28.64788975654115,20.18416649892521,-28.647889756541147,2.90530246588656,-28.64788975654116,-11.459155902616457,0.0,0.0,0.0,-11.459155902616466,0.0,0.0,0.0,-11.459155902616459,0.0,0.0,0.0,-11.459155902616459,0.0,0.0,0.0
47628.704,-27.300276059342504,28.647889756541144,20.778262141709245,-28.64788975654115,20.205006308621098,-28.647889756541154,2.883113386848358,-28.64788975654116,-11.45915590261646,0.0,1.4111229620815978e-15,0.0,-11.459155902616466,0.0,1.4111229620815978e-15,0.0,-11.459155902616459,0.0,1.4111229620815978e-15,0.0,-11.459155902616462,0.0,0.0,0.0
47628.736,-27.300276059342504,28.647889756541144,20.778262141709245,-28.64788975654115,20.205006308621098,-28.647889756541154,2.883113386848358,-28.64788975654116,-11.45915590261646,0.0,1.4111229620815978e-15,0.0,-11.459155902616466,0.0,1.4111229620815978e-15,0.0,-11.459155902616459,0.0,1.4111229620815978e-15,0.0,-11.459155902616462,0.0,0.0,0.0
47628.772,-27.32781156068998,28.647889756541147,20.736791198009822,-28.64788975654115,20.21565317082292,-28.647889756541154,2.8684284898429953,-28.64788975654116,-11.459155902616462,0.0,1.0146108582657222e-15,0.0,-11.459155902616466,0.0,2.304828515698411e-15,2.2342638840420324e-16,-11.459155902616457,0.0,1.0146108582657222e-15,0.0,-11.459155902616464,0.0,4.468527768084065e-16,0.0
47628.806,-27.196971826340523,28.64788975654115,20.77708029206999,-28.647889756541154,20.21537284113044,-28.647889756541147,2.8511448733093903,-28.647889756541158,-11.459155902616457,0.0,5.738050135227193e-15,1.5029124972150135e-15,-11.459155902616466,0.0,5.740057080761299e-15,1.6309723291851737e-16,-11.459155902616455,0.0,3.5910322820628885e-15,3.4352285650628883e-15,-11.459155902616457,0.0,2.164467059339851e-15,9.661580339239372e-16
47628.838,-27.196971826340523,28.64788975654115,20.77708029206999,-28.647889756541154,20.21537284113044,-28.647889756541147,2.8511448733093903,-28.647889756541158,-11.459155902616457,0.0,5.738050135227193e-15,1.5029124972150135e-15,-11.459155902616466,0.0,5.740057080761299e-15,1.6309723291851737e-16,-11.459155902616455,0.0,3.5910322820628885e-15,3.4352285650628883e-15,-11.459155902616457,0.0,2.164467059339851e-15,9.661580339239372e-16
47628.871,-27.28302688692682,28.647889756541154,20.679931350640576,-28.647889756541154,20.221198640711375,-28.64788975654115,2.8374601259907473,-28.647889756541158,-11.459155902616455,0.0,6.903530300967682e-15,3.251132745825746e-15,-11.459155902616466,0.0,6.517043857921625e-15,3.271044341559819e-15,-11.459155902616455,0.0,5.145005836383539e-15,5.766188896543865e-15,-11.459155902616457,0.0,2.358713753629932e-15,1.2575280753590592e-15
47628.906,-27.159068306809278,28.647889756541158,20.675233881086633,-28.647889756541154,20.2216321787625,-28.647889756541154,2.815136549358289,-28.647889756541158,-11.459155902616459,0.0,4.455523087044042e-15,2.09827383621986e-15,-11.459155902616466,0.0,4.206085597129663e-15,2.989086398845715e-15,-11.459155902616459,0.0,3.320575312571589e-15,3.721485476670825e-15,-11.459155902616459,0.0,2.358713753629932e-15,8.116058202254826e-16
47628.938,-27.060547904813358,28.64788975654116,20.4210437717274,-28.64788975654116,20.2312574000369,-28.64788975654116,2.7289367495303605,-28.64788975654116,-11.459155902616466,0.0,5.435857541285055e-15,3.046821999911857e-16,-11.459155902616466,0.0,0.0,0.0,-11.459155902616466,0.0,8.35041405434819e-15,0.0,-11.459155902616459,0.0,1.591421295306241e-15,0.0
47628.97,-27.40912920765132,28.610010823093788,20.38671046355104,-28.64788975654116,20.258352249338692,-28.64788975654116,2.6884356797507296,-28.647889756541158,-11.459155902616466,0.0,5.063604536164954e-15,1.3309200771210645e-15,-11.459155902616464,0.0,3.297792073907832e-15,1.4656853661812585e-15,-11.459155902616462,0.0,5.48726098383013e-15,1.8557309987904203e-15,-11.459155902616459,0.0,1.739173998054578e-15,1.37408003079493e-16
47629.005,-27.40912920765132,28.610010823093788,20.38671046355104,-28.64788975654116,20.258352249338692,-28.64788975654116,2.6884356797507296,-28.647889756541158,-11.459155902616466,0.0,5.063604536164954e-15,1.3309200771210645e-15,-11.459155902616464,0.0,3.297792073907832e-15,1.4656853661812585e-15,-11.459155902616462,0.0,5.48726098383013e-15,1.8557309987904203e-15,-11.459155902616459,0.0,1.739173998054578e-15,1.37408003079493e-16
47629.038,-27.40912920765132,28.610010823093788,20.38671046355104,-28.64788975654116,20.258352249338692,-28.64788975654116,2.6884356797507296,-28.647889756541158,-11.459155902616466,0.0,5.063604536164954e-15,1.3309200771210645e-15,-11.459155902616464,0.0,3.297792073907832e-15,1.4656853661812585e-15,-11.459155902616462,0.0,5.48726098383013e-15,1.8557309987904203e-15,-11.459155902616459,0.0,1.739173998054578e-15,1.37408003079493e-16
47629.072,-27.30875186992903,28.621412112858113,20.40688440575478,-28.64788975654116,20.258167223882836,-28.64788975654116,2.670447093764513,-28.647889756541158,-11.459155902616466,0.0,3.5394955575162e-15,9.30322592677618e-16,-11.459155902616464,0.0,2.3051800968741096e-15,1.0245244874996041e-15,-11.459155902616464,0.0,3.835634425335387e-15,1.2971691567245687e-15,-11.45915590261646,0.0,1.2156949848465286e-15,9.604917070308789e-17
47629.103,-27.345168166719063,28.628891614777245,20.322503769716732,-28.64788975654116,20.263401731913163,-28.64788975654116,2.6554217597113774,-28.647889756541158,-11.459155902616462,0.0,2.539645868015353e-15,6.675216538689578e-16,-11.459155902616462,0.0,1.6540043667029715e-15,1.473751864540493e-15,-11.459155902616464,0.0,4.734089179417164e-15,3.0940786648881244e-15,-11.459155902616462,0.0,9.910812963260843e-16,1.3314244575655323e-15
47629.137,-27.378404452810088,28.63423789763691,20.254265758595615,-28.64788975654116,20.27214627677248,-28.64788975654116,2.641678821862355,-28.647889756541158,-11.459155902616464,0.0,2.0921246001715817e-15,4.796738305986168e-16,-11.459155902616462,0.0,4.3391319737656e-15,1.0590221277747023e-15,-11.459155902616464,0.0,5.6291317151047076e-15,2.422796763122467e-15,-11.459155902616464,0.0,9.910812963260843e-16,9.567471946588247e-16
47629.171,-27.378404452810088,28.63423789763691,20.254265758595615,-28.64788975654116,20.27214627677248,-28.64788975654116,2.641678821862355,-28.647889756541158,-11.459155902616464,0.0,2.0921246001715817e-15,4.796738305986168e-16,-11.459155902616462,0.0,4.3391319737656e-15,1.0590221277747023e-15,-11.459155902616464,0.0,5.6291317151047076e-15,2.422796763122467e-15,-11.459155902616464,0.0,9.910812963260843e-16,9.567471946588247e-16
47629.204,-27.301035565602216,28.62894927450296,20.295883689001975,-28.647889756541158,20.2695358612038,-28.64788975654116,2.6262959704362068,-28.647889756541158,-11.45915590261646,0.0,1.6975232451578708e-15,1.4661772181328938e-15,-11.459155902616457,0.0,4.3391319737656e-15,7.962430791735886e-16,-11.45915590261646,0.0,4.4453276500635755e-15,1.821619307364315e-15,-11.459155902616464,0.0,7.451606556665982e-16,7.193460006983936e-16
47629.237,-27.133069261080557,28.64788975654116,20.160900367982308,-28.64788975654116,20.27872588073205,-28.647889756541154,2.570868985321553,-28.64788975654116,-11.45915590261646,0.0,0.0,0.0,-11.459155902616432,0.0,0.0,0.0,-11.459155902616466,0.0,0.0,0.0,-11.459155902616466,0.0,0.0,0.0
47629.271,-27.259943614113798,28.589220211260855,20.191415168951714,-28.64788975654116,20.29240651597399,-28.647889756541158,2.550188885141629,-28.64788975654116,-11.45915590261646,0.0,0.0,0.0,-11.45915590261644,0.0,0.0,0.0,-11.459155902616459,0.0,0.0,0.0,-11.459155902616466,0.0,0.0,0.0
47629.307,-27.336832786468737,28.54577083387463,20.22125354026925,-28.64788975654116,20.310960310079945,-28.64788975654115,2.5274485670337925,-28.64788975654116,-11.459155902616464,0.0,4.879855209162516e-15,2.0332730038177147e-15,-11.459155902616452,0.0,3.253236806108344e-15,2.0332730038177147e-15,-11.459155902616462,0.0,1.626618403054172e-15,0.0,-11.459155902616462,0.0,0.0,0.0
47629.338,-27.223003399171503,28.519340587906992,20.306264535709246,-28.64788975654116,20.31691755312323,-28.647889756541154,2.5165492218823124,-28.64788975654116,-11.459155902616462,0.0,3.743511475403178e-15,1.5597964480846574e-15,-11.459155902616455,0.0,2.5125993840442847e-15,1.5597964480846574e-15,-11.459155902616462,0.0,1.2478371584677257e-15,7.406374220640588e-16,-11.459155902616462,0.0,0.0,4.628983887900367e-16
47629.37,-27.26749339921075,28.531012681577685,20.277624502296966,-28.64788975654116,20.332084241144777,-28.647889756541158,2.5073179706467057,-28.647889756541158,-11.459155902616464,0.0,2.7857276432257004e-15,1.1607198513440418e-15,-11.459155902616454,0.0,1.8697465218081618e-15,1.1607198513440418e-15,-11.459155902616462,0.0,9.285758810752333e-16,5.511440672234243e-16,-11.459155902616464,0.0,0.0,8.697735741978838e-16
47629.404,-27.189194499700317,28.531485785444673,20.340570364182224,-28.64788975654116,20.341428566326385,-28.647889756541154,2.4967860667591184,-28.647889756541158,-11.459155902616464,0.0,2.395459873990415e-15,8.758691932300872e-16,-11.459155902616457,0.0,1.4108946062261063e-15,8.758691932300872e-16,-11.459155902616462,0.0,7.006953545840698e-16,4.158885617003603e-16,-11.459155902616464,0.0,0.0,6.563236407505425e-16
47629.438,-27.189194499700317,28.531485785444673,20.340570364182224,-28.64788975654116,20.341428566326385,-28.647889756541154,2.4967860667591184,-28.647889756541158,-11.459155902616464,0.0,2.395459873990415e-15,8.758691932300872e-16,-11.459155902616457,0.0,1.4108946062261063e-15,8.758691932300872e-16,-11.459155902616462,0.0,7.006953545840698e-16,4.158885617003603e-16,-11.459155902616464,0.0,0.0,6.563236407505425e-16
47629.471,-27.19811587088072,28.57247603551425,20.29220062219497,-28.64788975654116,20.359244250541796,-28.647889756541158,2.483152970528532,-28.647889756541158,-11.459155902616459,0.0,1.5519276616305023e-15,5.674424538280548e-16,-11.459155902616448,0.0,9.140651408199422e-16,5.674424538280548e-16,-11.459155902616462,0.0,4.539539630624438e-16,2.694384364632841e-16,-11.459155902616464,0.0,0.0,4.252072114094961e-16
47629.504,-27.139451689296784,28.569948446823027,20.33802360145676,-28.64788975654116,20.36552482429106,-28.647889756541158,2.47181262833414,-28.647889756541158,-11.459155902616454,0.0,1.5519276616305023e-15,7.6179519552879e-16,-11.459155902616446,0.0,3.246298041228764e-15,4.2874463825315804e-16,-11.459155902616462,0.0,3.4299571060252647e-16,2.0358061719497636e-16,-11.459155902616464,0.0,7.774109668029407e-16,9.11089065661334e-16
47629.539,-27.177315334811215,28.588823899268824,20.28290559982589,-28.64788975654116,20.375394853572956,-28.647889756541158,2.461856585725167,-28.647889756541154,-11.459155902616455,0.0,3.862682081526749e-15,2.1097352738016003e-15,-11.459155902616446,0.0,7.097555407722508e-15,1.7766847165259684e-15,-11.459155902616462,0.0,2.6537501304987725e-15,3.0920236420652842e-15,-11.459155902616459,0.0,2.8956025183745e-15,2.066466275609457e-15
47629.571,-27.104141835401386,28.550406516644937,20.306726281957154,-28.647889756541158,20.377239551200972,-28.647889756541158,2.446992409011466,-28.647889756541154,-11.459155902616459,0.0,7.079926546526879e-15,3.718357506301666e-15,-11.459155902616446,0.0,9.855193520579763e-15,3.155503772954596e-15,-11.459155902616457,0.0,5.870994595498903e-15,3.3218268181367223e-15,-11.459155902616455,0.0,5.193634279088879e-15,2.066466275609457e-15
47629.604,-27.104141835401386,28.550406516644937,20.306726281957154,-28.647889756541158,20.377239551200972,-28.647889756541158,2.446992409011466,-28.647889756541154,-11.459155902616459,0.0,7.079926546526879e-15,3.718357506301666e-15,-11.459155902616446,0.0,9.855193520579763e-15,3.155503772954596e-15,-11.459155902616457,0.0,5.870994595498903e-15,3.3218268181367223e-15,-11.459155902616455,0.0,5.193634279088879e-15,2.066466275609457e-15
47629.637,-27.104141835401386,28.550406516644937,20.306726281957154,-28.647889756541158,20.377239551200972,-28.647889756541158,2.446992409011466,-28.647889756541154,-11.459155902616459,0.0,7.079926546526879e-15,3.718357506301666e-15,-11.459155902616446,0.0,9.855193520579763e-15,3.155503772954596e-15,-11.459155902616457,0.0,5.870994595498903e-15,3.3218268181367223e-15,-11.459155902616455,0.0,5.193634279088879e-15,2.066466275609457e-15
47629.672,-27.143916449627195,28.45225699757366,20.37486009444566,-28.647889756541154,20.392013619847862,-28.647889756541158,2.4268909327464967,-28.647889756541158,-11.459155902616462,0.0,3.7603006642138834e-15,1.9748993310657853e-15,-11.459155902616446,0.0,5.23430440949586e-15,1.675955655103707e-15,-11.45915590261646,0.0,3.1182110057173637e-15,1.7642933875875609e-15,-11.45915590261646,0.0,2.7584504303822666e-15,1.0975445094923669e-15
47629.705,-27.24836022422776,28.410831504799276,20.30711813907551,-28.647889756541154,20.4024295910263,-28.647889756541158,2.4148338212696343,-28.647889756541158,-11.459155902616459,0.0,5.162530946813474e-15,1.3944421625419905e-15,-11.45915590261645,0.0,3.6958515532239814e-15,1.675955655103707e-15,-11.459155902616459,0.0,2.201714704986102e-15,1.2457369588648573e-15,-11.459155902616462,0.0,3.2258605245821307e-15,7.749571409681355e-16
47629.737,-27.305370105682563,28.196990234717223,20.382914455842435,-28.647889756541147,20.434546848050996,-28.647889756541147,2.3732755352646917,-28.64788975654116,-11.459155902616459,0.0,0.0,0.0,-11.459155902616443,0.0,0.0,3.2662329958354657e-15,-11.459155902616446,0.0,0.0,1.0787401003255408e-14,-11.459155902616466,0.0,0.0,0.0
47629.77,-27.296888364364992,28.20167770771748,20.295142653379596,-28.647889756541154,20.45050899342965,-28.647889756541154,2.356300202484496,-28.64788975654116,-11.459155902616462,0.0,0.0,0.0,-11.459155902616452,0.0,0.0,1.8495323088061938e-15,-11.459155902616452,0.0,0.0,6.108457880686439e-15,-11.459155902616466,0.0,0.0,0.0
47629.805,-27.233548491797055,28.162875548100434,20.342821124020148,-28.647889756541154,20.455657001056956,-28.647889756541154,2.3454594757845473,-28.64788975654116,-11.459155902616462,0.0,3.923449850735915e-16,3.923449850735915e-16,-11.459155902616455,0.0,0.0,2.2418772938797857e-15,-11.459155902616454,0.0,0.0,4.601410804911726e-15,-11.459155902616466,0.0,0.0,0.0
47629.839,-26.967581552820963,28.123212745667043,20.178021950547134,-28.64788975654116,20.49988216446516,-28.64788975654116,2.286945065296,-28.64788975654116,-11.459155902616466,0.0,0.0,0.0,-11.459155902616466,0.0,0.0,0.0,-11.459155902616466,0.0,0.0,3.258432574334e-15,-11.459155902616448,0.0,0.0,1.033680271475643e-14
47629.871,-26.90093577051001,28.07016656619286,20.214714620810803,-28.64788975654116,20.50541205838629,-28.64788975654116,2.2750509931104252,-28.64788975654116,-11.459155902616466,0.0,0.0,0.0,-11.459155902616466,0.0,0.0,0.0,-11.459155902616464,0.0,0.0,2.34242235420456e-15,-11.459155902616452,0.0,0.0,7.430921830566597e-15
47629.904,-26.877622879452165,28.00428188124665,20.290900979625786,-28.64788975654116,20.51280994762596,-28.647889756541158,2.263436838094307,-28.64788975654116,-11.459155902616466,0.0,4.579780147173735e-16,2.2898900735868674e-16,-11.459155902616466,0.0,9.15956029434747e-16,6.869670220760603e-16,-11.459155902616464,0.0,1.831912058869494e-15,1.6678369143374691e-15,-11.459155902616454,0.0,0.0,5.290918486296524e-15
47629.938,-26.877622879452165,28.00428188124665,20.290900979625786,-28.64788975654116,20.51280994762596,-28.647889756541158,2.263436838094307,-28.64788975654116,-11.459155902616466,0.0,4.579780147173735e-16,2.2898900735868674e-16,-11.459155902616466,0.0,9.15956029434747e-16,6.869670220760603e-16,-11.459155902616464,0.0,1.831912058869494e-15,1.6678369143374691e-15,-11.459155902616454,0.0,0.0,5.290918486296524e-15
47629.971,-26.63227491169473,27.985002056056945,20.144366078212666,-28.647889756541158,20.562180426547425,-28.64788975654116,2.2101451897724798,-28.64788975654116,-11.459155902616466,0.0,0.0,0.0,-11.459155902616466,0.0,0.0,0.0,-11.459155902616466,0.0,0.0,0.0,-11.459155902616466,0.0,0.0,2.956628520346035e-15
47630.004,-26.67368136230174,27.824820054979135,20.24233975064435,-28.647889756541158,20.582081284066774,-28.647889756541147,2.1771384691988285,-28.647889756541158,-11.459155902616462,0.0,2.42126929647033e-15,3.45550523390285e-15,-11.459155902616466,0.0,2.46470935018705e-32,3.345396472220065e-15,-11.45915590261646,0.0,1.4527615778821973e-15,0.0,-11.459155902616457,0.0,1.2325440545166288e-15,1.7577090360902942e-15
47630.038,-26.791400482662134,27.8184847898405,20.17947918830797,-28.647889756541158,20.595407787789775,-28.64788975654115,2.1696385787798045,-28.647889756541158,-11.459155902616459,0.0,1.8032242737006224e-15,2.5734646388803786e-15,-11.459155902616466,0.0,1.835575966024578e-32,2.4914618678119323e-15,-11.459155902616462,0.0,1.4527615778821973e-15,2.029644114133658e-15,-11.459155902616459,0.0,1.0295796431032628e-15,1.3090421642076033e-15
47630.071,-26.791400482662134,27.8184847898405,20.17947918830797,-28.647889756541158,20.595407787789775,-28.64788975654115,2.1696385787798045,-28.647889756541158,-11.459155902616459,0.0,1.8032242737006224e-15,2.5734646388803786e-15,-11.459155902616466,0.0,1.835575966024578e-32,2.4914618678119323e-15,-11.459155902616462,0.0,1.4527615778821973e-15,2.029644114133658e-15,-11.459155902616459,0.0,1.0295796431032628e-15,1.3090421642076033e-15
47630.104,-26.74070746136697,27.808804168295424,20.20981371110534,-28.647889756541158,20.606417071063248,-28.647889756541154,2.1614375736746716,-28.647889756541158,-11.45915590261646,0.0,1.3992371167690998e-15,1.91971284584615e-15,-11.459155902616466,0.0,1.369274210442195e-32,2.4914618678119323e-15,-11.45915590261646,0.0,1.083708328794259e-15,1.5140421280836278e-15,-11.45915590261646,0.0,7.680296969407478e-16,2.016019688837768e-15
47630.138,-26.74070746136697,27.808804168295424,20.20981371110534,-28.647889756541158,20.606417071063248,-28.647889756541154,2.1614375736746716,-28.647889756541158,-11.45915590261646,0.0,1.3992371167690998e-15,1.91971284584615e-15,-11.459155902616466,0.0,1.369274210442195e-32,2.4914618678119323e-15,-11.45915590261646,0.0,1.083708328794259e-15,1.5140421280836278e-15,-11.45915590261646,0.0,7.680296969407478e-16,2.016019688837768e-15
47630.172,-26.78697565504071,27.821456688136404,20.151295755416157,-28.647889756541158,20.619078230244714,-28.647889756541154,2.1544450560438095,-28.647889756541158,-11.459155902616462,0.0,1.7823805846174477e-15,1.91971284584615e-15,-11.459155902616466,0.0,1.369274210442195e-32,2.4914618678119323e-15,-11.45915590261646,0.0,8.226118793917223e-16,5.345476806567108e-15,-11.45915590261646,0.0,5.82989293006558e-16,1.728662087951507e-15
47630.205,-26.78697565504071,27.821456688136404,20.151295755416157,-28.647889756541158,20.619078230244714,-28.647889756541154,2.1544450560438095,-28.647889756541158,-11.459155902616462,0.0,1.7823805846174477e-15,1.91971284584615e-15,-11.459155902616466,0.0,1.369274210442195e-32,2.4914618678119323e-15,-11.45915590261646,0.0,8.226118793917223e-16,5.345476806567108e-15,-11.45915590261646,0.0,5.82989293006558e-16,1.728662087951507e-15
47630.237,-26.78697565504071,27.821456688136404,20.151295755416157,-28.647889756541158,20.619078230244714,-28.647889756541154,2.1544450560438095,-28.647889756541158,-11.459155902616462,0.0,1.7823805846174477e-15,1.91971284584615e-15,-11.459155902616466,0.0,1.369274210442195e-32,2.4914618678119323e-15,-11.45915590261646,0.0,8.226118793917223e-16,5.345476806567108e-15,-11.45915590261646,0.0,5.82989293006558e-16,1.728662087951507e-15
47630.271,-26.70314369907013,27.83047305641742,20.199081925633237,-28.647889756541158,20.629963108968962,-28.647889756541147,2.1460770286708954,-28.647889756541158,-11.459155902616462,0.0,9.283182122052661e-15,4.836691221515399e-15,-11.459155902616462,0.0,8.33422393048357e-15,5.4084402434811816e-15,-11.459155902616462,0.0,7.073279827254398e-15,1.1804500352691874e-14,-11.459155902616454,0.0,4.5417456599862526e-15,3.3955068740482208e-15
47630.303,-26.70314369907013,27.83047305641742,20.199081925633237,-28.647889756541158,20.629963108968962,-28.647889756541147,2.1460770286708954,-28.647889756541158,-11.459155902616462,0.0,9.283182122052661e-15,4.836691221515399e-15,-11.459155902616462,0.0,8.33422393048357e-15,5.4084402434811816e-15,-11.459155902616462,0.0,7.073279827254398e-15,1.1804500352691874e-14,-11.459155902616454,0.0,4.5417456599862526e-15,3.3955068740482208e-15
47630.337,-26.78649230256824,27.84783088556158,20.140579342586538,-28.647889756541158,20.641367321789,-28.64788975654115,2.1390315110127736,-28.647889756541158,-11.459155902616462,0.0,7.081332582853716e-15,4.270901702816207e-15,-11.459155902616462,0.0,6.357454878703032e-15,4.276861206082798e-15,-11.45915590261646,0.0,6.69608681478827e-15,9.35274577166204e-15,-11.459155902616455,0.0,3.787359635053997e-15,3.018313861582093e-15
47630.371,-26.820839221971546,27.869649321082434,20.093760444511872,-28.647889756541158,20.650575608961756,-28.647889756541154,2.1312156442241115,-28.647889756541158,-11.459155902616462,0.0,5.928969546367969e-15,4.655022714978123e-15,-11.459155902616462,0.0,7.125696903026864e-15,4.084800700001841e-15,-11.45915590261646,0.0,6.69608681478827e-15,1.0889229820309703e-14,-11.459155902616455,0.0,4.36354115329687e-15,3.402434873744009e-15
47630.405,-26.820839221971546,27.869649321082434,20.093760444511872,-28.647889756541158,20.650575608961756,-28.647889756541154,2.1312156442241115,-28.647889756541158,-11.459155902616462,0.0,5.928969546367969e-15,4.655022714978123e-15,-11.459155902616462,0.0,7.125696903026864e-15,4.084800700001841e-15,-11.45915590261646,0.0,6.69608681478827e-15,1.0889229820309703e-14,-11.459155902616455,0.0,4.36354115329687e-15,3.402434873744009e-15
47630.438,-26.88366220063544,27.878165113232075,20.072051900808763,-28.647889756541158,20.662936243590558,-28.647889756541158,2.1231413363317264,-28.647889756541158,-11.45915590261646,0.0,6.3595080334041685e-15,3.793945740905723e-15,-11.459155902616464,0.0,7.125696903026864e-15,3.2237237259294406e-15,-11.459155902616459,0.0,5.83500984071587e-15,7.941170125471604e-15,-11.459155902616459,0.0,4.1482719097787706e-15,2.481287898143581e-15
47630.472,-26.829655943383198,27.882279110046902,20.12353671842439,-28.647889756541158,20.672202348566007,-28.647889756541158,2.1148565436806277,-28.647889756541158,-11.459155902616462,0.0,5.545689404359056e-15,2.8231767931086342e-15,-11.459155902616464,0.0,6.311878273981751e-15,2.3988592963548803e-15,-11.45915590261646,0.0,4.3419873384738806e-15,8.754988754516716e-15,-11.45915590261646,0.0,3.0868403996721472e-15,2.58301522677422e-15
47630.505,-26.829655943383198,27.882279110046902,20.12353671842439,-28.647889756541158,20.672202348566007,-28.647889756541158,2.1148565436806277,-28.647889756541158,-11.459155902616462,0.0,5.545689404359056e-15,2.8231767931086342e-15,-11.459155902616464,0.0,6.311878273981751e-15,2.3988592963548803e-15,-11.45915590261646,0.0,4.3419873384738806e-15,8.754988754516716e-15,-11.45915590261646,0.0,3.0868403996721472e-15,2.58301522677422e-15
47630.538,-26.899657561669805,27.91529578737225,20.078552963308493,-28.647889756541158,20.685351614558197,-28.647889756541158,2.108198580935895,-28.647889756541158,-11.459155902616462,0.0,4.178849393366351e-15,2.1273514921291362e-15,-11.459155902616462,0.0,4.756196529055227e-15,1.807615065399142e-15,-11.459155902616462,0.0,3.271822461085524e-15,6.597156237596726e-15,-11.459155902616462,0.0,2.3260302175324502e-15,1.946382284766455e-15
47630.571,-26.794759943815492,27.920619306704776,20.13405639707667,-28.647889756541158,20.691312177198512,-28.647889756541158,2.098938125240576,-28.647889756541158,-11.45915590261646,0.0,4.991022991659681e-15,2.330394891702469e-15,-11.459155902616464,0.0,5.5683701273485574e-15,1.3460297826336474e-15,-11.459155902616462,0.0,2.8657356619388587e-15,7.003243036743391e-15,-11.45915590261646,0.0,2.5290736171057826e-15,2.35246908391312e-15
47630.604,-26.85294612629633,27.955930673253963,20.10399608024147,-28.647889756541158,20.70611244029301,-28.647889756541158,2.091900645470614,-28.647889756541158,-11.459155902616462,0.0,3.638979763804809e-15,1.8995966941104273e-15,-11.459155902616464,0.0,4.059926440863464e-15,1.3460297826336474e-15,-11.459155902616464,0.0,2.8657356619388587e-15,5.106099437791137e-15,-11.459155902616462,0.0,2.0982754195137413e-15,2.4601686333111302e-15
47630.637,-26.85294612629633,27.955930673253963,20.10399608024147,-28.647889756541158,20.70611244029301,-28.647889756541158,2.091900645470614,-28.647889756541158,-11.459155902616462,0.0,3.638979763804809e-15,1.8995966941104273e-15,-11.459155902616464,0.0,4.059926440863464e-15,1.3460297826336474e-15,-11.459155902616464,0.0,2.8657356619388587e-15,5.106099437791137e-15,-11.459155902616462,0.0,2.0982754195137413e-15,2.4601686333111302e-15
47630.67,-26.765685161892492,27.974362550396137,20.14473505107311,-28.647889756541158,20.71204636563105,-28.647889756541154,2.0817140105671244,-28.647889756541158,-11.45915590261646,0.0,4.960663108049193e-15,3.0009994809807475e-15,-11.459155902616464,0.0,7.58441535884849e-15,4.429957585870545e-15,-11.459155902616462,0.0,3.7468578914351146e-15,5.76694110991333e-15,-11.459155902616459,0.0,3.199678206384062e-15,2.6804491906851945e-15
47630.704,-26.657577982814292,27.98731215211002,20.174089043994044,-28.647889756541158,20.717389669222527,-28.647889756541154,2.0710400976361254,-28.647889756541158,-11.459155902616462,0.0,4.5059537460457565e-15,2.1429211292251377e-15,-11.459155902616462,0.0,5.765577910834741e-15,3.1632960193751104e-15,-11.45915590261646,0.0,3.2921485294316773e-15,4.11799469934984e-15,-11.45915590261646,0.0,2.284791476518614e-15,2.2257398286817572e-15
47630.737,-26.72196075765923,28.009681475997944,20.130263288138178,-28.647889756541158,20.72695154834856,-28.647889756541154,2.063768004686109,-28.647889756541158,-11.459155902616459,0.0,3.4281099552101455e-15,1.6303250477822956e-15,-11.45915590261646,0.0,4.386426525353769e-15,2.406621813375872e-15,-11.45915590261646,0.0,2.504652240977657e-15,3.132952404745001e-15,-11.459155902616462,0.0,1.7382593891706611e-15,1.6933331530771942e-15
47630.771,-26.72196075765923,28.009681475997944,20.130263288138178,-28.647889756541158,20.72695154834856,-28.647889756541154,2.063768004686109,-28.647889756541158,-11.459155902616459,0.0,3.4281099552101455e-15,1.6303250477822956e-15,-11.45915590261646,0.0,4.386426525353769e-15,2.406621813375872e-15,-11.45915590261646,0.0,2.504652240977657e-15,3.132952404745001e-15,-11.459155902616462,0.0,1.7382593891706611e-15,1.6933331530771942e-15
47630.805,-26.72196075765923,28.009681475997944,20.130263288138178,-28.647889756541158,20.72695154834856,-28.647889756541154,2.063768004686109,-28.647889756541158,-11.459155902616459,0.0,3.4281099552101455e-15,1.6303250477822956e-15,-11.45915590261646,0.0,4.386426525353769e-15,2.406621813375872e-15,-11.45915590261646,0.0,2.504652240977657e-15,3.132952404745001e-15,-11.459155902616462,0.0,1.7382593891706611e-15,1.6933331530771942e-15
47630.839,-26.665714599684062,28.024851934156008,20.15561400784969,-28.647889756541158,20.73358677663853,-28.647889756541147,2.053276669845018,-28.647889756541158,-11.45915590261646,0.0,5.2941941751027935e-15,3.4964092676749438e-15,-11.459155902616462,0.0,7.18555285519274e-15,3.1064033958356146e-15,-11.459155902616462,0.0,3.4376943509239814e-15,6.631860317043715e-15,-11.459155902616457,0.0,3.371083081576728e-15,1.1965798203339258e-15
47630.872,-26.665714599684062,28.024851934156008,20.15561400784969,-28.647889756541158,20.73358677663853,-28.647889756541147,2.053276669845018,-28.647889756541158,-11.45915590261646,0.0,5.2941941751027935e-15,3.4964092676749438e-15,-11.459155902616462,0.0,7.18555285519274e-15,3.1064033958356146e-15,-11.459155902616462,0.0,3.4376943509239814e-15,6.631860317043715e-15,-11.459155902616457,0.0,3.371083081576728e-15,1.1965798203339258e-15
47630.908,-26.71086383932691,28.047476611230636,20.104196398731485,-28.647889756541158,20.739171564264115,-28.64788975654115,2.0450768913119965,-28.647889756541158,-11.459155902616462,0.0,4.175327376707115e-15,3.1234536682097177e-15,-11.459155902616462,0.0,5.693730457331835e-15,2.3778823316157195e-15,-11.459155902616462,0.0,2.631478149140512e-15,7.00481591650894e-15,-11.459155902616457,0.0,2.580488712070082e-15,1.942491019264378e-15
47630.952,-26.71086383932691,28.047476611230636,20.104196398731485,-28.647889756541158,20.739171564264115,-28.64788975654115,2.0450768913119965,-28.647889756541158,-11.459155902616462,0.0,4.175327376707115e-15,3.1234536682097177e-15,-11.459155902616462,0.0,5.693730457331835e-15,2.3778823316157195e-15,-11.459155902616462,0.0,2.631478149140512e-15,7.00481591650894e-15,-11.459155902616457,0.0,2.580488712070082e-15,1.942491019264378e-15
47631.004,-26.6592730716046,28.036070735669675,20.13533832581735,-28.647889756541158,20.737514360824196,-28.647889756541154,2.0341471805403355,-28.647889756541158,-11.45915590261646,0.0,3.787345734091391e-15,2.541481204286132e-15,-11.459155902616462,0.0,4.917767172100389e-15,2.7658639742314432e-15,-11.459155902616462,0.0,3.019459791756235e-15,5.29584357822652e-15,-11.459155902616457,0.0,3.1624611759936672e-15,1.468579433456524e-15
47631.038,-26.702394519091694,28.038224613196007,20.092785448484726,-28.647889756541154,20.739029433059333,-28.647889756541154,2.0242916858187225,-28.647889756541158,-11.459155902616462,0.0,4.9554094549162465e-15,2.7361584910902745e-15,-11.459155902616459,0.0,6.47518546653353e-15,3.1552185478397284e-15,-11.459155902616462,0.0,4.187523512581091e-15,5.101166291422377e-15,-11.459155902616457,0.0,3.941170323210238e-15,1.468579433456524e-15
47631.072,-26.702394519091694,28.038224613196007,20.092785448484726,-28.647889756541154,20.739029433059333,-28.647889756541154,2.0242916858187225,-28.647889756541158,-11.459155902616462,0.0,4.9554094549162465e-15,2.7361584910902745e-15,-11.459155902616459,0.0,6.47518546653353e-15,3.1552185478397284e-15,-11.459155902616462,0.0,4.187523512581091e-15,5.101166291422377e-15,-11.459155902616457,0.0,3.941170323210238e-15,1.468579433456524e-15
47631.105,-26.642355119987318,28.030406125063156,20.12957603926454,-28.647889756541154,20.737169528393366,-28.647889756541154,2.013474194780709,-28.647889756541158,-11.45915590261646,0.0,4.9554094549162465e-15,2.0712110162966564e-15,-11.459155902616454,0.0,4.9015711313945825e-15,2.5755093102072267e-15,-11.459155902616457,0.0,3.1698620012334178e-15,3.8614692289060804e-15,-11.459155902616459,0.0,2.983378125615011e-15,1.1116819112586625e-15
47631.138,-26.685946516975218,28.03813650177548,20.11137790286478,-28.647889756541158,20.74011454081101,-28.647889756541154,2.0033569783079512,-28.647889756541158,-11.459155902616462,0.0,7.885257742649738e-15,1.5260829169211286e-15,-11.459155902616457,0.0,5.73867064217558e-15,2.156959554816728e-15,-11.459155902616459,0.0,4.006961512014416e-15,4.0707441066013305e-15,-11.459155902616455,0.0,3.1926530033102605e-15,8.190950900094505e-16
47631.171,-26.77590979541986,28.050074682581545,20.10734058043809,-28.647889756541158,20.745086175085095,-28.647889756541158,1.9912656865890972,-28.647889756541158,-11.459155902616464,0.0,6.323991507226421e-15,1.0266686177882626e-15,-11.45915590261646,0.0,4.697826485226701e-15,5.279492025663363e-15,-11.45915590261646,0.0,2.6956737353237923e-15,2.7385833226715163e-15,-11.459155902616457,0.0,2.932441964073041e-15,5.510442549175176e-16
47631.204,-26.77590979541986,28.050074682581545,20.10734058043809,-28.647889756541158,20.745086175085095,-28.647889756541158,1.9912656865890972,-28.647889756541158,-11.459155902616464,0.0,6.323991507226421e-15,1.0266686177882626e-15,-11.45915590261646,0.0,4.697826485226701e-15,5.279492025663363e-15,-11.45915590261646,0.0,2.6956737353237923e-15,2.7385833226715163e-15,-11.459155902616457,0.0,2.932441964073041e-15,5.510442549175176e-16
47631.238,-26.832763517772804,28.06387440595387,20.083039412010404,-28.647889756541158,20.747538438011045,-28.647889756541154,1.9814067405477087,-28.647889756541158,-11.459155902616464,0.0,8.769661136169305e-15,1.841891827435891e-15,-11.459155902616459,0.0,6.328272904521958e-15,4.6680746184276425e-15,-11.459155902616459,0.0,3.9185085497952355e-15,2.9423891250834235e-15,-11.459155902616454,0.0,3.543859371308762e-15,4.098034616779446e-16
47631.272,-26.784881798837624,28.064250804298265,20.14572556219115,-28.647889756541158,20.747517051741475,-28.647889756541158,1.9710985586160648,-28.647889756541158,-11.459155902616464,0.0,6.572939113896199e-15,1.380514326395905e-15,-11.45915590261646,0.0,4.7430968941305355e-15,3.498763494920149e-15,-11.45915590261646,0.0,2.9369570517221102e-15,2.205346850723546e-15,-11.459155902616457,0.0,3.1455090586040545e-15,3.071513437575796e-16
47631.305,-26.733602808412854,28.061773070965263,20.187252405932764,-28.647889756541158,20.744313200295533,-28.647889756541158,1.9601786684528735,-28.647889756541158,-11.459155902616464,0.0,4.981208286958699e-15,1.046203119145017e-15,-11.459155902616462,0.0,3.594488423746595e-15,2.6514880805999283e-15,-11.459155902616462,0.0,2.2257310696140117e-15,1.6712906993490642e-15,-11.459155902616459,0.0,2.3837792375554948e-15,2.327702710102903e-16
47631.338,-26.76513755665071,28.107691801678868,20.13129241302221,-28.647889756541158,20.749631542967492,-28.647889756541158,1.9513126888380272,-28.647889756541158,-11.459155902616464,0.0,5.395346463374941e-15,1.2532722073531381e-15,-11.459155902616462,0.0,4.4227647765790795e-15,2.8585571688080495e-15,-11.459155902616464,0.0,3.882283775278981e-15,1.6712906993490642e-15,-11.459155902616457,0.0,2.1767101493473736e-15,1.7215250762333378e-16
47631.371,-26.733867920347624,28.139054101049798,20.20194247012603,-28.647889756541158,20.757335024875903,-28.647889756541158,1.9375888735818045,-28.647889756541158,-11.459155902616464,0.0,5.395346463374941e-15,7.457272185680099e-16,-11.459155902616464,0.0,4.4227647765790795e-15,2.8585571688080495e-15,-11.459155902616464,0.0,3.882283775278981e-15,9.944583126728356e-16,-11.459155902616457,0.0,1.2951950867320172e-15,6.551704567556215e-16
47631.407,-26.80800888122642,28.148605847096633,20.202386723553403,-28.647889756541154,20.759374903397827,-28.647889756541154,1.9244218442886805,-28.647889756541158,-11.459155902616464,0.0,7.056965924256986e-15,1.8534735258227065e-15,-11.459155902616462,0.0,5.530511083833776e-15,3.966303476062746e-15,-11.459155902616455,0.0,5.543903236161027e-15,2.656077773554881e-15,-11.459155902616455,0.0,1.5721316635456914e-15,2.455258206044504e-15
47631.438,-26.886425083837857,28.177795050986113,20.185822920509242,-28.647889756541158,20.76621183231107,-28.647889756541158,1.9148721528252535,-28.647889756541158,-11.45915590261646,0.0,4.970749314321839e-15,1.3055401367219915e-15,-11.459155902616459,0.0,3.895552915073843e-15,2.7937644159883104e-15,-11.459155902616457,0.0,3.9049860103604656e-15,1.8708743833240894e-15,-11.459155902616459,0.0,1.1073700046831657e-15,1.7294221305828073e-15
47631.471,-26.886425083837857,28.177795050986113,20.185822920509242,-28.647889756541158,20.76621183231107,-28.647889756541158,1.9148721528252535,-28.647889756541158,-11.45915590261646,0.0,4.970749314321839e-15,1.3055401367219915e-15,-11.459155902616459,0.0,3.895552915073843e-15,2.7937644159883104e-15,-11.459155902616457,0.0,3.9049860103604656e-15,1.8708743833240894e-15,-11.459155902616459,0.0,1.1073700046831657e-15,1.7294221305828073e-15
47631.505,-26.969515275230496,28.11660736360575,20.264854247208476,-28.64788975654116,20.76460624142852,-28.647889756541158,1.894550206289292,-28.64788975654116,-11.459155902616464,0.0,2.5589379683355722e-15,6.455469741587673e-16,-11.459155902616462,0.0,1.926223733967661e-15,1.3814252925092087e-15,-11.45915590261646,0.0,3.9049860103604656e-15,3.478748613981601e-15,-11.459155902616462,0.0,5.475583137507349e-16,8.551427811665025e-16
47631.537,-27.013412368029527,28.136326465018605,20.225076349953024,-28.64788975654116,20.765739490888095,-28.647889756541158,1.8858667674292071,-28.64788975654116,-11.459155902616464,0.0,1.9586224217741626e-15,4.94104504892797e-16,-11.459155902616459,0.0,1.4743401525893742e-15,1.0573490195521811e-15,-11.45915590261646,0.0,2.9888935375722448e-15,3.665284634549259e-15,-11.459155902616462,0.0,9.206303548860507e-16,1.6945548737209632e-15
47631.571,-26.967480995742843,28.14394959230631,20.265571634090026,-28.647889756541158,20.764060157264254,-28.647889756541158,1.8753753702654792,-28.647889756541158,-11.459155902616464,0.0,6.091818283803249e-15,2.1473828497044313e-15,-11.459155902616459,0.0,6.434175187024277e-15,3.7439263298710875e-15,-11.459155902616462,0.0,6.708769813398423e-15,5.318562979360894e-15,-11.459155902616457,0.0,3.193888079002048e-15,2.211204356474599e-15
47631.605,-26.967480995742843,28.14394959230631,20.265571634090026,-28.647889756541158,20.764060157264254,-28.647889756541158,1.8753753702654792,-28.647889756541158,-11.459155902616464,0.0,6.091818283803249e-15,2.1473828497044313e-15,-11.459155902616459,0.0,6.434175187024277e-15,3.7439263298710875e-15,-11.459155902616462,0.0,6.708769813398423e-15,5.318562979360894e-15,-11.459155902616457,0.0,3.193888079002048e-15,2.211204356474599e-15
47631.638,-27.01968721594904,28.18274190090937,20.239292865049336,-28.647889756541158,20.76443739203187,-28.647889756541158,1.8647753612609734,-28.647889756541158,-11.459155902616462,0.0,4.3795833022244776e-15,1.5438152672829281e-15,-11.45915590261646,0.0,4.625713522611156e-15,2.6916162753339876e-15,-11.459155902616464,0.0,4.823127494026923e-15,3.823667832996469e-15,-11.459155902616459,0.0,2.2961779633450007e-15,1.5896983833497009e-15
47631.671,-26.92232482092202,28.18655242158765,20.33505456734292,-28.647889756541158,20.759216766937833,-28.647889756541158,1.8538885745481335,-28.647889756541158,-11.459155902616462,0.0,3.3145979329387296e-15,1.16840496929837e-15,-11.459155902616462,0.0,3.5008765497452792e-15,2.0370946564607654e-15,-11.459155902616464,0.0,3.650285271176738e-15,2.8938646946290685e-15,-11.45915590261646,0.0,1.7378152682007601e-15,1.203130666054604e-15
47631.705,-27.005562757372232,28.219277840095454,20.333385616139232,-28.647889756541158,20.756779813735267,-28.647889756541154,1.839526566153629,-28.647889756541158,-11.459155902616464,0.0,5.0422732926156845e-15,8.804590760188775e-16,-11.459155902616457,0.0,2.3490929766273088e-15,2.0370946564607654e-15,-11.459155902616464,0.0,5.377960630853693e-15,1.845901005299854e-15,-11.459155902616459,0.0,2.3137070547597453e-15,7.712118261353653e-16
47631.738,-27.086428782050596,28.275416872431084,20.641785732638233,-28.647889756541158,20.752295794545155,-28.647889756541158,1.8008813558296968,-28.64788975654116,-11.459155902616464,0.0,0.0,8.804590760188775e-16,-11.459155902616466,0.0,2.3490929766273088e-15,1.241955986094886e-15,-11.459155902616466,0.0,0.0,3.4361783460316124e-15,-11.459155902616466,0.0,7.234297140279869e-16,0.0
47631.771,-27.349952389565853,28.64788975654116,21.046987503155464,-28.64788975654116,20.679839799443634,-28.64788975654116,1.6732931091639573,-28.64788975654116,-11.459155902616466,0.0,1.431249606658567e-14,6.446429768579941e-15,-11.459155902616466,0.0,2.7793530428335287e-14,5.217649337924186e-15,-11.459155902616466,0.0,2.2263882770244614e-14,5.0264556867633834e-15,-11.459155902616452,0.0,8.674816417686773e-15,3.1805546814635148e-15
47631.804,-26.82253115031408,28.647889756541154,20.99603549321279,-28.647889756541154,20.670723735961246,-28.64788975654116,1.6278790047183855,-28.647889756541147,-11.459155902616466,0.0,2.1851655850353933e-14,1.0415608638317065e-14,-11.459155902616466,0.0,2.1406363137039148e-14,9.473864243905544e-15,-11.459155902616466,0.0,2.661597339045705e-14,2.9695554461298426e-15,-11.459155902616443,0.0,1.1268060360514715e-14,4.073864220232828e-15
47631.838,-26.03863957760506,28.647889756541147,21.878120760504267,-28.64788975654116,20.724616667603243,-28.64788975654116,1.6047689085677714,-28.64788975654116,-11.459155902616466,0.0,0.0,0.0,-11.459155902616466,0.0,0.0,7.36694057375733e-15,-11.459155902616466,0.0,0.0,0.0,-11.459155902616466,0.0,0.0,0.0
47631.871,-23.95572704716649,28.647889756541147,22.65524975105562,-28.64788975654115,20.90313572575536,-28.647889756541158,1.5959603051528115,-28.647889756541144,-11.459155902616452,0.0,1.90833280887811e-14,2.3854160110976368e-15,-11.459155902616459,0.0,1.590277340731758e-14,3.0961389453610254e-15,-11.459155902616462,0.0,6.364516205101367e-32,1.5902773407317588e-15,-11.459155902616459,0.0,2.385416011097638e-15,0.0
47631.905,-23.413424928645604,28.64788975654116,22.681361758452915,-28.64788975654116,22.851146234034204,-28.647889756541158,1.8749447013755867,-28.64788975654116,-11.459155902616466,0.0,2.995163453837521e-16,7.156248033292858e-15,-11.45915590261644,0.0,5.070348367579479e-15,3.020749296584272e-15,-11.459155902616466,0.0,2.4845404760939977e-15,1.1431457730506482e-15,-11.459155902616464,0.0,7.951386703658788e-16,0.0
47631.938,-24.084293346124113,28.647889756541154,23.0698079373739,-28.64788975654116,22.897979234091004,-28.647889756541158,1.8438541263490418,-28.64788975654116,-11.459155902616466,0.0,1.3053878346495845e-15,2.2559370231872638e-15,-11.459155902616457,0.0,3.606422664662851e-15,2.00056070699014e-15,-11.459155902616464,0.0,1.0208403212969518e-15,3.5468608639285296e-16,-11.459155902616462,0.0,3.226965793318684e-15,5.272983290685199e-16
47631.972,-23.33232556668817,28.64788975654116,23.511252029012784,-28.647889756541158,24.48266964464373,-28.647889756541158,1.9214862727378184,-28.64788975654116,-11.459155902616455,0.0,0.0,3.1805546814637645e-15,-11.459155902616466,0.0,0.0,7.951386703658863e-16,-11.459155902616464,0.0,2.3854160110976395e-15,2.584200678689108e-15,-11.459155902616464,0.0,0.0,0.0
47632.005,-22.465673366051263,28.64788975654116,23.480848924324125,-28.647889756541158,24.573894486638572,-28.647889756541158,1.8884727512898767,-28.64788975654116,-11.459155902616452,0.0,4.770832022195275e-15,0.0,-11.459155902616459,0.0,0.0,0.0,-11.459155902616466,0.0,0.0,0.0,-11.459155902616466,0.0,0.0,5.963540027744094e-16
47632.038,-22.465673366051263,28.64788975654116,23.480848924324125,-28.647889756541158,24.573894486638572,-28.647889756541158,1.8884727512898767,-28.64788975654116,-11.459155902616452,0.0,4.770832022195275e-15,0.0,-11.459155902616459,0.0,0.0,0.0,-11.459155902616466,0.0,0.0,0.0,-11.459155902616466,0.0,0.0,5.963540027744094e-16
47632.071,-22.054745220895924,28.64788975654116,23.23098806684466,-28.647889756541158,24.805839077629535,-28.64788975654116,1.8890351008053627,-28.647889756541154,-11.459155902616462,0.0,2.9611499479732996e-15,6.36110936292703e-15,-11.459155902616452,0.0,0.0,4.770832022195273e-15,-11.459155902616454,0.0,3.1805546814635144e-15,0.0,-11.459155902616462,0.0,1.5902773407317584e-15,5.07237787172024e-16
47632.105,-21.99744010974415,28.64788975654116,23.327994195912684,-28.647889756541158,24.852956447202825,-28.64788975654116,1.887548713049971,-28.647889756541158,-11.459155902616464,0.0,2.380484481853931e-15,4.038447498449557e-15,-11.459155902616454,0.0,0.0,3.028835623837167e-15,-11.459155902616459,0.0,2.0192237492247775e-15,0.0,-11.459155902616464,0.0,1.0096118746123898e-15,3.220276615054712e-16
47632.141,-21.809950054426228,28.64788975654116,23.517732486723197,-28.647889756541158,24.887631403913026,-28.64788975654116,1.8855680656477463,-28.647889756541158,-11.459155902616462,0.0,1.918982946190845e-15,3.346195194954927e-15,-11.459155902616457,0.0,0.0,3.2595863916687102e-15,-11.459155902616459,0.0,3.63447912404558e-15,0.0,-11.459155902616462,0.0,1.1249872585281613e-15,3.220276615054712e-16
47632.174,-21.809950054426228,28.64788975654116,23.517732486723197,-28.647889756541158,24.887631403913026,-28.64788975654116,1.8855680656477463,-28.647889756541158,-11.459155902616462,0.0,1.918982946190845e-15,3.346195194954927e-15,-11.459155902616457,0.0,0.0,3.2595863916687102e-15,-11.459155902616459,0.0,3.63447912404558e-15,0.0,-11.459155902616462,0.0,1.1249872585281613e-15,3.220276615054712e-16
47632.205,-21.727702264205725,28.64788975654116,23.59219131657454,-28.647889756541158,24.9493970889736,-28.64788975654116,1.8883320167027768,-28.647889756541158,-11.459155902616464,0.0,1.185004911033639e-15,6.69159100538795e-15,-11.45915590261646,0.0,0.0,2.012850551763944e-15,-11.459155902616462,0.0,2.2659081106866156e-15,0.0,-11.459155902616464,0.0,6.946989439652694e-16,4.74091107434245e-16
47632.239,-21.4353139728517,28.64788975654116,23.86803611251444,-28.64788975654116,26.88972577888903,-28.64788975654116,2.02824226724957,-28.64788975654116,-11.459155902616466,0.0,0.0,0.0,-11.459155902616466,0.0,0.0,0.0,-11.459155902616466,0.0,7.951386703658791e-16,0.0,-11.459155902616466,0.0,0.0,0.0
47632.275,-21.43874802316723,28.647889756541158,24.267657399630384,-28.64788975654116,26.898077950690578,-28.64788975654116,1.9681264659248894,-28.64788975654116,-11.459155902616466,0.0,3.3975681385521353e-31,0.0,-11.459155902616466,0.0,7.951386703658793e-15,0.0,-11.459155902616464,0.0,0.0,3.015040567484797e-15,-11.459155902616466,0.0,0.0,1.2921003393445538e-15
47632.306,-21.55100856413206,28.647889756541158,24.066207230529916,-28.64788975654116,26.914044282799413,-28.64788975654116,1.959430119937405,-28.647889756541158,-11.459155902616464,0.0,2.356071102455081e-31,2.437433289638521e-16,-11.459155902616466,0.0,6.001440071947977e-15,3.4124066054939287e-15,-11.459155902616459,0.0,2.9249199475662247e-15,2.0908042647256223e-15,-11.459155902616464,0.0,1.1577808125782973e-15,8.960174297782942e-16
47632.339,-21.326510377233202,28.647889756541158,24.178595271763133,-28.64788975654116,26.912482509709637,-28.64788975654116,1.9456616577256693,-28.647889756541158,-11.459155902616457,0.0,1.6589076977586782e-31,1.7161947458806326e-16,-11.459155902616466,0.0,4.22560894814154e-15,2.4026726442328856e-15,-11.45915590261646,0.0,2.059433695056759e-15,1.4721335386040774e-15,-11.459155902616464,0.0,8.151925042933004e-16,6.308851248318796e-16
47632.372,-21.218472152489234,28.647889756541154,23.875263155628282,-28.647889756541158,26.964760777616913,-28.64788975654116,1.9181616085799054,-28.64788975654116,-11.459155902616464,0.0,0.0,0.0,-11.459155902616466,0.0,0.0,0.0,-11.459155902616466,0.0,0.0,2.2672722089699566e-15,-11.459155902616466,0.0,0.0,3.4531122057470194e-17
47632.405,-21.307688051852594,28.64788975654115,23.85074366458524,-28.647889756541158,26.975659020102647,-28.64788975654116,1.9073413762328204,-28.64788975654116,-11.459155902616462,0.0,1.0529362778773362e-15,3.948511042040011e-15,-11.45915590261646,0.0,1.0529362778773362e-15,5.264681389386681e-16,-11.459155902616466,0.0,6.054383597794683e-15,1.5166820133160806e-15,-11.459155902616466,0.0,0.0,6.743538074113695e-17
47632.438,-21.162805427856856,28.647889756541144,24.319525203289132,-28.64788975654116,27.037281335270386,-28.64788975654116,1.8714302479260898,-28.64788975654116,-11.459155902616466,0.0,0.0,0.0,-11.459155902616466,0.0,0.0,0.0,-11.459155902616466,0.0,4.3065436739857135e-15,0.0,-11.459155902616466,0.0,0.0,0.0
47632.471,-21.26977907410709,28.647889756541147,24.312084226406,-28.647889756541154,27.07868404039228,-28.64788975654116,1.8671755172628015,-28.64788975654116,-11.459155902616466,0.0,0.0,0.0,-11.459155902616466,0.0,6.625190964101337e-16,0.0,-11.459155902616466,0.0,2.5124117006112317e-15,0.0,-11.459155902616466,0.0,0.0,0.0
47632.504,-21.196473027300424,28.647889756541147,24.355119625165116,-28.647889756541158,27.10245975153661,-28.64788975654116,1.8614422016251087,-28.64788975654116,-11.459155902616462,0.0,1.0104203388739238e-15,0.0,-11.459155902616464,0.0,2.178149604721019e-15,0.0,-11.459155902616466,0.0,5.038462547796041e-15,3.0312610166217715e-15,-11.459155902616466,0.0,0.0,7.89390889745253e-16
47632.539,-21.04748952602952,28.64788975654116,24.211516605412893,-28.64788975654116,27.17196887917254,-28.64788975654116,1.8424713512053983,-28.64788975654116,-11.459155902616466,0.0,0.0,3.1805546814635168e-15,-11.459155902616466,0.0,0.0,0.0,-11.459155902616466,0.0,1.0627691959666448e-15,4.949100274972437e-17,-11.459155902616466,0.0,0.0,0.0
47632.573,-21.05086280921075,28.64788975654116,24.095306018072453,-28.64788975654116,27.20301015301926,-28.64788975654116,1.8335790782885506,-28.647889756541158,-11.459155902616466,0.0,0.0,1.7176374394388015e-15,-11.459155902616466,0.0,0.0,7.314586210123577e-16,-11.459155902616466,0.0,2.1599571274851815e-15,1.8781375552806186e-15,-11.459155902616466,0.0,6.400262933858129e-16,0.0
47632.607,-21.05086280921075,28.64788975654116,24.095306018072453,-28.64788975654116,27.20301015301926,-28.64788975654116,1.8335790782885506,-28.647889756541158,-11.459155902616466,0.0,0.0,1.7176374394388015e-15,-11.459155902616466,0.0,0.0,7.314586210123577e-16,-11.459155902616466,0.0,2.1599571274851815e-15,1.8781375552806186e-15,-11.459155902616466,0.0,6.400262933858129e-16,0.0
47632.639,-21.05086280921075,28.64788975654116,24.095306018072453,-28.64788975654116,27.20301015301926,-28.64788975654116,1.8335790782885506,-28.647889756541158,-11.459155902616466,0.0,0.0,1.7176374394388015e-15,-11.459155902616466,0.0,0.0,7.314586210123577e-16,-11.459155902616466,0.0,2.1599571274851815e-15,1.8781375552806186e-15,-11.459155902616466,0.0,6.400262933858129e-16,0.0
47632.673,-21.153074427600995,28.647889756541158,24.00785047316172,-28.64788975654116,27.221950574662923,-28.64788975654116,1.8280440953082846,-28.647889756541158,-11.459155902616466,0.0,0.0,1.2296288492893275e-15,-11.459155902616466,0.0,1.3554705757649115e-15,5.236393908321243e-16,-11.459155902616466,0.0,1.7081336022302111e-15,2.3299610805355887e-15,-11.459155902616466,0.0,4.581844669781086e-16,0.0
47632.706,-21.160622190779822,28.64788975654116,24.10418193646406,-28.647889756541154,27.236013619830054,-28.647889756541158,1.8114513391935172,-28.647889756541158,-11.459155902616457,0.0,2.459266088500137e-15,2.8691395749560857e-15,-11.459155902616455,0.0,2.994981301431669e-15,5.236393908321243e-16,-11.459155902616462,0.0,4.987155053563727e-15,2.2274916601814166e-15,-11.459155902616466,0.0,5.60653887332281e-16,5.123471017708618e-16
47632.74,-21.160622190779822,28.64788975654116,24.10418193646406,-28.647889756541154,27.236013619830054,-28.647889756541158,1.8114513391935172,-28.647889756541158,-11.459155902616457,0.0,2.459266088500137e-15,2.8691395749560857e-15,-11.459155902616455,0.0,2.994981301431669e-15,5.236393908321243e-16,-11.459155902616462,0.0,4.987155053563727e-15,2.2274916601814166e-15,-11.459155902616466,0.0,5.60653887332281e-16,5.123471017708618e-16
47632.773,-21.08495928817299,28.64788975654116,24.22212342084464,-28.647889756541154,27.23977358880811,-28.647889756541158,1.800707555300246,-28.647889756541158,-11.459155902616455,0.0,1.7280708839726636e-15,2.0160797502636892e-15,-11.459155902616459,0.0,3.4678065767644965e-15,3.679496046521954e-16,-11.459155902616464,0.0,3.504361517535774e-15,1.5652082140485396e-15,-11.459155902616466,0.0,3.939588575695319e-16,3.6001476749430495e-16
47632.807,-21.00256694194335,28.647889756541147,23.778102444794477,-28.647889756541158,27.31004799833384,-28.64788975654116,1.767866748785719,-28.64788975654116,-11.459155902616466,0.0,0.0,5.446989612858218e-15,-11.459155902616466,0.0,0.0,1.2812240752305006e-15,-11.459155902616466,0.0,0.0,0.0,-11.459155902616466,0.0,3.6941754182911896e-17,2.1351158472390466e-15
47632.839,-21.466209816611215,28.64788975654116,24.39605497546524,-28.647889756541147,27.359639894023346,-28.647889756541158,1.6929783471238673,-28.64788975654116,-11.459155902616446,0.0,0.0,0.0,-11.459155902616466,0.0,0.0,4.299774077765129e-15,-11.459155902616466,0.0,8.569635970817202e-15,0.0,-11.459155902616464,0.0,9.90363922408038e-16,2.0802092592268264e-16
47632.872,-21.528944323383485,28.64788975654116,23.75156547854166,-28.64788975654116,27.402069013095478,-28.647889756541158,1.6577516229959364,-28.647889756541158,-11.459155902616466,0.0,0.0,1.2620649572884274e-15,-11.459155902616466,0.0,1.6782066677260772e-15,7.012997360183317e-15,-11.459155902616448,0.0,7.643755782516719e-15,2.3854160110976376e-15,-11.459155902616459,0.0,1.6935034221329608e-15,2.6966198755062673e-15
47632.906,-21.49027063124641,28.64788975654116,24.441567358539263,-28.64788975654116,27.406550554382854,-28.64788975654116,1.611253185013099,-28.64788975654116,-11.459155902616466,0.0,1.1105122488543999e-29,0.0,-11.459155902616466,0.0,2.7756036706038743e-15,0.0,-11.459155902616466,0.0,0.0,0.0,-11.459155902616466,0.0,0.0,1.0101060119843184e-15
47632.938,-21.631104650099658,28.64788975654116,23.910397383300985,-28.64788975654116,27.46514681163474,-28.64788975654116,1.5851504931448266,-28.647889756541158,-11.459155902616466,0.0,3.180554681463521e-15,7.625117724046074e-15,-11.459155902616466,0.0,3.567225622043222e-15,5.686008480633012e-15,-11.459155902616452,0.0,6.3611093629270335e-15,0.0,-11.45915590261646,0.0,2.843004240316507e-15,2.327924305109928e-16
47632.971,-21.375048482340826,28.64788975654116,24.185431788799413,-28.64788975654116,27.45576212180606,-28.64788975654116,1.572685266636479,-28.647889756541158,-11.459155902616466,0.0,2.286236304996426e-15,5.481063121532061e-15,-11.459155902616466,0.0,2.564181893416132e-15,4.087198718733885e-15,-11.459155902616455,0.0,5.243211392343167e-15,0.0,-11.459155902616462,0.0,2.043599359366943e-15,1.6733512216104744e-16
47633.006,-21.523202421667623,28.64788975654116,24.010760169946497,-28.64788975654116,27.47410497654368,-28.64788975654116,1.5689457502714876,-28.647889756541158,-11.459155902616466,0.0,1.6329428334582924e-15,3.914845864567052e-15,-11.459155902616466,0.0,1.83146529402346e-15,2.9192790973052304e-15,-11.459155902616459,0.0,4.7887886354459065e-15,2.1017052506498297e-15,-11.459155902616464,0.0,1.4596395486526154e-15,5.081521898339928e-16
47633.039,-21.3228429615069,28.647889756541158,24.242152697236172,-28.647889756541158,27.46729332257627,-28.64788975654116,1.5572774560541982,-28.647889756541158,-11.45915590261646,0.0,1.1713138948376104e-15,2.8081285292784053e-15,-11.459155902616466,0.0,1.3137145421431067e-15,2.094006048173118e-15,-11.45915590261646,0.0,4.7887886354459065e-15,4.293346853852165e-15,-11.459155902616464,0.0,1.0470030240865593e-15,5.081521898339928e-16
47633.073,-21.624661962835763,28.647889756541158,23.959336461370576,-28.647889756541158,27.495633856801966,-28.64788975654116,1.5569814613257642,-28.647889756541158,-11.459155902616462,0.0,8.417012844302448e-16,5.2694372128283626e-15,-11.459155902616466,0.0,9.44029796257001e-16,1.504744021325188e-15,-11.459155902616462,0.0,3.4412035604500307e-15,3.566142015530587e-15,-11.459155902616464,0.0,7.523720106625942e-16,1.5709900304578382e-15
47633.106,-21.357677200162197,28.647889756541158,24.232355991713714,-28.647889756541158,27.490865562613827,-28.64788975654116,1.5462133267684488,-28.647889756541158,-11.459155902616464,0.0,6.058558853454179e-16,3.792936528558661e-15,-11.459155902616464,0.0,2.2808208919281457e-15,1.7275425372703786e-15,-11.459155902616464,0.0,4.332397624230794e-15,2.566906060443147e-15,-11.459155902616464,0.0,6.966723816762966e-16,1.130797318927862e-15
47633.139,-21.59506767602613,28.647889756541158,24.048735737902117,-28.647889756541158,27.517369901521437,-28.64788975654116,1.54542145554843,-28.647889756541158,-11.459155902616459,0.0,4.350569154588579e-16,4.689577918700689e-15,-11.459155902616464,0.0,2.2808208919281457e-15,1.9517028848058858e-15,-11.459155902616462,0.0,3.1110361267919773e-15,1.8432605177918653e-15,-11.459155902616464,0.0,5.845922079085431e-16,1.2708975361375538e-15
47633.172,-21.212198985661217,28.647889756541158,24.411303918732937,-28.647889756541158,27.519247001793016,-28.64788975654116,1.5369864573336693,-28.647889756541158,-11.45915590261646,0.0,3.1323918253658045e-16,3.3764767355693653e-15,-11.459155902616462,0.0,1.6421816234006958e-15,1.4052180173853487e-15,-11.459155902616464,0.0,2.2399331640787216e-15,1.327139960954555e-15,-11.459155902616464,0.0,4.2090397558533595e-16,9.150409777709378e-16
47633.205,-21.440782222765108,28.647889756541147,24.23676724996163,-28.647889756541158,27.54760270587375,-28.64788975654116,1.5368330402780086,-28.647889756541158,-11.459155902616462,0.0,3.1323918253658045e-16,7.407595561308074e-15,-11.459155902616464,0.0,1.179660674813157e-15,3.1968263843803302e-15,-11.459155902616459,0.0,6.047100943943056e-15,3.9585647499784334e-15,-11.459155902616462,0.0,1.20473263614564e-15,1.9788084456742077e-15
47633.239,-21.304067172024784,28.647889756541147,24.349691727739806,-28.647889756541158,27.560163977772575,-28.64788975654116,1.5318672367209423,-28.647889756541158,-11.459155902616462,0.0,3.1323918253658045e-16,5.313253874476788e-15,-11.459155902616464,0.0,8.461364553644852e-16,3.1968263843803302e-15,-11.459155902616457,0.0,7.395953254015553e-15,2.8393639098023396e-15,-11.459155902616462,0.0,1.0923282769729321e-15,1.4193420191219607e-15
47633.272,-21.350689599405143,28.647889756541144,24.292746857526442,-28.647889756541158,27.58269308589229,-28.64788975654116,1.5293544206171057,-28.647889756541158,-11.459155902616464,0.0,3.1323918253658045e-16,7.974269586381154e-15,-11.459155902616464,0.0,1.3299574938925518e-15,5.615931577020663e-15,-11.459155902616452,0.0,6.42831117695942e-15,2.1136323520102396e-15,-11.45915590261646,0.0,2.1204479838450733e-15,9.87525811892268e-16
47633.306,-21.434604100115177,28.647889756541147,24.228669337228286,-28.647889756541158,27.60822110943684,-28.64788975654116,1.5281891212707235,-28.647889756541158,-11.45915590261646,0.0,2.2188572554307213e-16,7.974269586381154e-15,-11.459155902616462,0.0,9.420870693254756e-16,4.4564555220309286e-15,-11.459155902616455,0.0,4.805044699973791e-15,2.5774227740061333e-15,-11.459155902616462,0.0,1.7146313645986662e-15,6.995225804442214e-16
47633.341,-21.311427778611513,28.647889756541147,24.305952162401375,-28.647889756541158,27.622313058413923,-28.64788975654116,1.5234266398630556,-28.647889756541158,-11.459155902616462,0.0,1.5773558121669504e-16,5.668801113311267e-15,-11.45915590261646,0.0,3.2409397935649675e-15,3.168034357385665e-15,-11.459155902616459,0.0,3.4158417206312733e-15,4.416504953397726e-15,-11.459155902616464,0.0,1.2189084007337126e-15,6.707869213912278e-16
47633.374,-21.246181138851437,28.647889756541147,24.355802468331717,-28.647889756541158,27.64183177273303,-28.64788975654116,1.5200615574640788,-28.647889756541158,-11.459155902616454,0.0,1.1173121897924296e-15,4.949118656879466e-15,-11.459155902616459,0.0,4.6803047064285694e-15,2.2122351434219184e-15,-11.45915590261646,0.0,2.3852787710873235e-15,3.0840408804992087e-15,-11.459155902616464,0.0,8.511624864259837e-16,4.684098194168733e-16
47633.408,-21.178091665250303,28.64788975654115,24.415767803930013,-28.647889756541158,27.659498317680494,-28.64788975654116,1.5162193653804608,-28.647889756541158,-11.459155902616457,0.0,7.8845800013916755e-16,3.492463641141836e-15,-11.45915590261646,0.0,3.3027686644662493e-15,1.5611165016861328e-15,-11.459155902616462,0.0,1.6832288654930997e-15,3.7861311794166165e-15,-11.459155902616464,0.0,7.341474366064157e-16,3.305445629583508e-16
47633.442,-21.292210421026965,28.647889756541154,24.3443559731187,-28.647889756541158,27.683356998533288,-28.64788975654116,1.5144946474225927,-28.647889756541158,-11.459155902616459,0.0,1.249102900915588e-15,3.492463641141836e-15,-11.459155902616462,0.0,5.1453482675719305e-15,2.4824063032389733e-15,-11.45915590261646,0.0,3.525808468598781e-15,4.5346791431783e-15,-11.459155902616464,0.0,9.64469886994626e-16,3.2959461117065568e-15
47633.473,-21.407405987229087,28.647889756541158,24.27984143936326,-28.647889756541158,27.706885739961464,-28.64788975654116,1.512577271466035,-28.647889756541158,-11.459155902616457,0.0,1.249102900915588e-15,2.466396577596395e-15,-11.459155902616462,0.0,3.743703438398558e-15,4.351266075470137e-15,-11.459155902616457,0.0,2.4899448738052756e-15,5.585912765058329e-15,-11.459155902616462,0.0,1.3148810942879692e-15,4.025969460234354e-15
47633.506,-21.251844159659925,28.64788975654115,24.43148252743533,-28.647889756541158,27.718577180028795,-28.64788975654116,1.507346408897404,-28.647889756541158,-11.459155902616457,0.0,1.249102900915588e-15,4.484280577683669e-15,-11.45915590261646,0.0,2.688072158673327e-15,5.248103408842259e-15,-11.459155902616457,0.0,3.3867822071773967e-15,4.010824263087019e-15,-11.459155902616462,0.0,1.202776427616454e-15,3.0450536268585963e-15
47633.54,-21.251844159659925,28.64788975654115,24.43148252743533,-28.647889756541158,27.718577180028795,-28.64788975654116,1.507346408897404,-28.647889756541158,-11.459155902616457,0.0,1.249102900915588e-15,4.484280577683669e-15,-11.45915590261646,0.0,2.688072158673327e-15,5.248103408842259e-15,-11.459155902616457,0.0,3.3867822071773967e-15,4.010824263087019e-15,-11.459155902616462,0.0,1.202776427616454e-15,3.0450536268585963e-15
47633.573,-21.184805479249235,28.647889756541154,24.46437145854043,-28.647889756541154,27.740645938038234,-28.64788975654116,1.5041039085692718,-28.647889756541154,-11.459155902616459,0.0,8.431556370530898e-16,3.0269295223237816e-15,-11.459155902616462,0.0,3.2048980621112166e-15,3.956038650247535e-15,-11.45915590261646,0.0,2.2861083000924856e-15,3.300188645859922e-15,-11.459155902616462,0.0,8.797602379677732e-16,3.3680698165072773e-15
47633.606,-21.23965396477283,28.647889756541158,24.430269181506503,-28.647889756541158,27.76426737033781,-28.64788975654116,1.5016810876108877,-28.647889756541154,-11.45915590261646,0.0,2.83999444483596e-15,2.076735146822817e-15,-11.459155902616462,0.0,2.198836939705514e-15,2.7141842737228254e-15,-11.459155902616462,0.0,1.5684677892997824e-15,2.2642145122498117e-15,-11.459155902616464,0.0,6.035915251711128e-16,2.310786859524887e-15
47633.64,-21.23965396477283,28.647889756541158,24.430269181506503,-28.647889756541158,27.76426737033781,-28.64788975654116,1.5016810876108877,-28.647889756541154,-11.45915590261646,0.0,2.83999444483596e-15,2.076735146822817e-15,-11.459155902616462,0.0,2.198836939705514e-15,2.7141842737228254e-15,-11.459155902616462,0.0,1.5684677892997824e-15,2.2642145122498117e-15,-11.459155902616464,0.0,6.035915251711128e-16,2.310786859524887e-15
47633.673,-21.156856591484118,28.64788975654115,24.478020245243872,-28.647889756541158,27.781167467100854,-28.64788975654116,1.4976556466849518,-28.647889756541158,-11.459155902616459,0.0,2.363388290868873e-15,1.4543375776792786e-15,-11.45915590261646,0.0,2.198836939705514e-15,1.900743187238033e-15,-11.459155902616464,0.0,2.0450739432668694e-15,3.4557298971675293e-15,-11.459155902616464,0.0,4.2269513181210297e-16,1.6182439869407462e-15
47633.707,-21.24175346177138,28.647889756541147,24.469473527165576,-28.647889756541158,27.80740571958182,-28.64788975654116,1.4937759474427215,-28.647889756541158,-11.459155902616462,0.0,1.7472130713927906e-15,8.908341225483045e-16,-11.459155902616462,0.0,2.198836939705514e-15,1.164273629025536e-15,-11.459155902616464,0.0,3.893599601695116e-15,5.4582993604647965e-15,-11.459155902616464,0.0,2.589159852791169e-16,9.912326988592322e-16
47633.739,-21.128859034591347,28.64788975654115,24.537014906843996,-28.647889756541158,27.825436630414252,-28.64788975654116,1.490296765473549,-28.647889756541158,-11.459155902616464,0.0,1.2327618782653939e-15,6.2853601779669185e-16,-11.459155902616462,0.0,1.5514091556274312e-15,8.214637179816077e-16,-11.459155902616464,0.0,2.747164176360492e-15,3.851152147332284e-15,-11.459155902616464,0.0,1.826804993343963e-16,6.993731352236864e-16
47633.774,-21.21812404533683,28.647889756541154,24.438531801740215,-28.647889756541158,27.853094364297252,-28.64788975654116,1.4899876716630427,-28.647889756541158,-11.45915590261646,0.0,3.0692278648578614e-15,4.470763144375338e-16,-11.459155902616464,0.0,1.1035139878124084e-15,5.843053716583747e-16,-11.459155902616464,0.0,1.9540519562068222e-15,5.2285016372766346e-15,-11.459155902616464,0.0,1.2994024534716186e-16,1.1584896318718031e-15
47633.811,-21.394330628437924,28.647889756541158,24.351646829021877,-28.647889756541158,27.87696637981526,-28.64788975654116,1.488296594883987,-28.647889756541158,-11.459155902616462,0.0,2.166190737836458e-15,3.155362241198393e-16,-11.459155902616464,0.0,1.1035139878124084e-15,4.123893499882183e-16,-11.459155902616464,0.0,1.4861559432113356e-15,3.6901567163231515e-15,-11.459155902616464,0.0,9.170884937090012e-17,1.3631941375573285e-15
47633.84,-21.57952437759365,28.64788975654116,24.47804630980213,-28.64788975654116,27.93550110100227,-28.64788975654116,1.475578782649423,-28.64788975654116,-11.459155902616466,0.0,0.0,0.0,-11.459155902616466,0.0,0.0,0.0,-11.459155902616466,0.0,0.0,1.901094707999923e-15,-11.459155902616466,0.0,0.0,0.0
47633.874,-21.46914639415958,28.64788975654116,24.4509445266892,-28.647889756541158,27.963806614920042,-28.64788975654116,1.4676878671394076,-28.64788975654116,-11.459155902616466,0.0,8.74463082920156e-16,0.0,-11.459155902616466,0.0,0.0,1.748926165840312e-15,-11.45915590261646,0.0,0.0,8.557191016821948e-16,-11.459155902616464,0.0,0.0,1.8582340512053316e-15
47633.908,-21.3279159774862,28.647889756541154,24.46805331001034,-28.647889756541158,27.970387245848222,-28.64788975654116,1.4587888020010649,-28.647889756541158,-11.459155902616466,0.0,5.609409462458944e-16,0.0,-11.459155902616466,0.0,0.0,1.1218818924917888e-15,-11.459155902616462,0.0,0.0,5.489172636257817e-16,-11.459155902616464,0.0,0.0,3.03419678363819e-15
47633.942,-21.399943270400662,28.647889756541154,24.404995851404166,-28.647889756541158,27.982448117890296,-28.64788975654116,1.4540976070601372,-28.647889756541158,-11.459155902616466,0.0,4.0279937890209714e-16,0.0,-11.459155902616466,0.0,0.0,8.055987578041943e-16,-11.459155902616464,0.0,0.0,8.851678344627025e-16,-11.459155902616464,0.0,0.0,4.1550320197612596e-15
47633.974,-21.29477331581724,28.64788975654115,24.4694698064002,-28.647889756541158,27.98698677077087,-28.64788975654116,1.4468741724669647,-28.647889756541158,-11.459155902616466,0.0,2.872295490500051e-16,1.3688309216386172e-15,-11.459155902616466,0.0,2.7376618432772343e-15,1.0337372447439638e-15,-11.459155902616464,0.0,6.844154608193086e-16,6.311984855073168e-16,-11.459155902616464,0.0,0.0,3.128408828532297e-15
47634.007,-21.334149256578122,28.647889756541154,24.433020790324857,-28.647889756541158,28.002971301050064,-28.64788975654116,1.4429637806726099,-28.647889756541158,-11.459155902616464,0.0,1.237852403049984e-15,1.1311752081386224e-15,-11.459155902616466,0.0,3.212973270277224e-15,7.247677886890849e-16,-11.459155902616464,0.0,4.798533501668416e-16,4.4254217683560802e-16,-11.459155902616464,0.0,0.0,5.445552035157245e-15
47634.04,-21.266867626846235,28.647889756541158,24.462217975972003,-28.647889756541158,28.010688812168762,-28.64788975654116,1.436302646989736,-28.647889756541158,-11.459155902616464,0.0,2.2109761946408882e-15,1.3744561560363486e-15,-11.459155902616466,0.0,2.239849478686319e-15,5.030175440973011e-16,-11.459155902616464,0.0,3.3303722584632305e-16,2.2671492860685546e-15,-11.459155902616464,0.0,0.0,3.77942874080175e-15
47634.075,-21.266867626846235,28.647889756541158,24.462217975972003,-28.647889756541158,28.010688812168762,-28.64788975654116,1.436302646989736,-28.647889756541158,-11.459155902616464,0.0,2.2109761946408882e-15,1.3744561560363486e-15,-11.459155902616466,0.0,2.239849478686319e-15,5.030175440973011e-16,-11.459155902616464,0.0,3.3303722584632305e-16,2.2671492860685546e-15,-11.459155902616464,0.0,0.0,3.77942874080175e-15
47634.106,-21.307959150971385,28.647889756541158,24.406169023266507,-28.647889756541158,28.025957663333163,-28.64788975654116,1.4323542353693826,-28.647889756541158,-11.459155902616464,0.0,1.7378360922336338e-15,9.655272794404699e-16,-11.459155902616466,0.0,4.1324098883153375e-15,3.533595151290148e-16,-11.459155902616464,0.0,1.7524575330680867e-15,1.5926259070902551e-15,-11.459155902616464,0.0,0.0,2.8035772795867877e-15
47634.14,-21.307959150971385,28.647889756541158,24.406169023266507,-28.647889756541158,28.025957663333163,-28.64788975654116,1.4323542353693826,-28.647889756541158,-11.459155902616464,0.0,1.7378360922336338e-15,9.655272794404699e-16,-11.459155902616466,0.0,4.1324098883153375e-15,3.533595151290148e-16,-11.459155902616464,0.0,1.7524575330680867e-15,1.5926259070902551e-15,-11.459155902616464,0.0,0.0,2.8035772795867877e-15
47634.174,-21.516053606188684,28.647889756541158,24.26873699021671,-28.647889756541158,28.04158573080595,-28.64788975654116,1.4288668851309554,-28.647889756541158,-11.459155902616464,0.0,1.2477491656308765e-15,6.932390590226804e-16,-11.459155902616466,0.0,4.580883790916536e-15,1.250307320331411e-15,-11.459155902616464,0.0,1.2582472158687794e-15,1.143489685600813e-15,-11.459155902616464,0.0,1.1211847565029952e-16,2.0129408216455695e-15
47634.208,-21.687840846628145,28.64788975654116,24.320400601773926,-28.64788975654116,28.059302941670406,-28.64788975654116,1.4184820452510427,-28.64788975654116,-11.459155902616466,0.0,1.2477491656308765e-15,4.123505352312142e-15,-11.459155902616466,0.0,3.723317217594171e-15,5.760716151285063e-16,-11.459155902616466,0.0,5.797298744794562e-16,5.268560291978795e-16,-11.459155902616466,0.0,5.1657916660436857e-17,1.798549178314978e-15
47634.241,-21.665814178943513,28.64788975654116,24.398180942519545,-28.64788975654116,28.057894179306725,-28.64788975654116,1.4077386592797771,-28.64788975654116,-11.459155902616466,0.0,1.805814751154165e-15,2.6764706936986885e-15,-11.459155902616464,0.0,3.165251632070882e-15,8.551044078901507e-16,-11.459155902616466,0.0,3.762890760978036e-16,2.4103273803389786e-15,-11.459155902616466,0.0,1.9117431304125903e-16,1.2404835927916893e-15
47634.274,-21.6010263978209,28.64788975654116,24.418702256317697,-28.647889756541158,28.059689543249608,-28.64788975654116,1.3990375484175406,-28.64788975654116,-11.459155902616464,0.0,1.805814751154165e-15,3.181931083558517e-15,-11.459155902616464,0.0,3.670712021930711e-15,1.107834602820065e-15,-11.459155902616466,0.0,1.8926702456772895e-15,2.7262401240013714e-15,-11.459155902616466,0.0,2.543568617737376e-16,1.524805062087843e-15
47634.307,-21.679346597727548,28.64788975654116,24.341790912090808,-28.647889756541158,28.06271242311233,-28.64788975654116,1.3918461047606145,-28.64788975654116,-11.459155902616464,0.0,1.2988621256500093e-15,2.2886565569481404e-15,-11.459155902616464,0.0,2.640220330688249e-15,7.968283602555756e-16,-11.459155902616466,0.0,1.3613343765653292e-15,4.065572310730593e-15,-11.459155902616466,0.0,1.829503795701899e-16,1.0967412592457172e-15
47634.339,-21.570999957010688,28.64788975654116,24.42674772572123,-28.647889756541158,28.063886795722,-28.64788975654116,1.384155734818741,-28.64788975654116,-11.459155902616462,0.0,9.34845124617206e-16,1.6472413676050852e-15,-11.459155902616462,0.0,2.640220330688249e-15,1.2425169186881301e-15,-11.459155902616464,0.0,2.9212443310792703e-15,4.3441276597509395e-15,-11.459155902616466,0.0,1.3167700174679282e-16,1.180307863951821e-15
47634.372,-21.52046216235836,28.647889756541154,24.481610703674654,-28.647889756541158,28.07095302356591,-28.64788975654116,1.3781377693227528,-28.64788975654116,-11.459155902616457,0.0,6.66917528846694e-16,2.3309041048179223e-15,-11.45915590261646,0.0,1.883530407536128e-15,8.86410263198419e-16,-11.459155902616464,0.0,2.9212443310792703e-15,3.099096104311379e-15,-11.459155902616466,0.0,9.393823457855853e-17,8.420303889667207e-16
47634.406,-21.642242482436533,28.647889756541158,24.372984412099143,-28.647889756541158,28.074500102101396,-28.64788975654116,1.3713883741315376,-28.64788975654116,-11.459155902616459,0.0,1.112249736184966e-15,1.6781709975130287e-15,-11.459155902616459,0.0,1.4381982001978559e-15,2.222406885213235e-15,-11.45915590261646,0.0,3.5892426420866785e-15,4.490759252243479e-15,-11.459155902616466,0.0,5.949369678341146e-16,7.028640741735107e-16
47634.44,-21.47485486992693,28.647889756541158,24.458505515944545,-28.647889756541158,28.071539467701513,-28.64788975654116,1.3622744883371265,-28.64788975654116,-11.459155902616457,0.0,7.886798532434314e-16,2.140806173988879e-15,-11.45915590261646,0.0,3.288738906101258e-15,1.5758758838542732e-15,-11.459155902616462,0.0,2.545078922585813e-15,3.1843310299711108e-15,-11.459155902616466,0.0,4.2186101305801667e-16,1.2522433462385832e-15
47634.475,-21.66433195621779,28.647889756541154,24.303834862494345,-28.647889756541158,28.080583365813027,-28.64788975654116,1.3573170711252418,-28.64788975654116,-11.459155902616459,0.0,3.010933685172361e-15,1.542493590175694e-15,-11.459155902616462,0.0,5.510992738030188e-15,1.1354500371364774e-15,-11.459155902616464,0.0,1.8337801769625644e-15,5.684366590891156e-15,-11.459155902616466,0.0,3.0395928248588643e-16,1.7522504584225925e-15
47634.507,-21.6018861057955,28.647889756541154,24.3601990075516,-28.647889756541158,28.082669646617862,-28.64788975654116,1.350083734915567,-28.64788975654116,-11.45915590261646,0.0,2.16446384274534e-15,1.108849264945075e-15,-11.459155902616464,0.0,3.961676266017013e-15,2.9237615056401947e-15,-11.459155902616462,0.0,2.7279359112144232e-15,6.6344070585337555e-15,-11.459155902616464,0.0,6.392676828303333e-16,1.4169420580781454e-15
47634.54,-21.53567886789964,28.647889756541154,24.44621860523634,-28.647889756541158,28.08407280352355,-28.64788975654116,1.3425188463569475,-28.64788975654116,-11.459155902616459,0.0,2.621064716957444e-15,7.904761543086637e-16,-11.459155902616464,0.0,2.824198670079972e-15,2.0842902855769572e-15,-11.459155902616464,0.0,3.64113765963863e-15,5.892430637939086e-15,-11.459155902616464,0.0,4.557209671979744e-16,1.0101092586315562e-15
47634.574,-21.459450012359426,28.647889756541158,24.519047746744018,-28.647889756541158,28.084736618927614,-28.64788975654116,1.3350676024431964,-28.64788975654116,-11.45915590261646,0.0,1.884297744005596e-15,5.682776257364035e-16,-11.459155902616464,0.0,3.7182352155376745e-15,1.4984076728652584e-15,-11.459155902616464,0.0,2.617633755199751e-15,4.2361005762065464e-15,-11.459155902616464,0.0,3.276202929411047e-16,1.0380479006771094e-15
47634.607,-21.481072673968054,28.647889756541158,24.437743433287306,-28.647889756541154,28.097271734457962,-28.64788975654116,1.3293432554349232,-28.64788975654116,-11.459155902616459,0.0,4.731255766934857e-15,1.1376692303222555e-15,-11.459155902616462,0.0,5.426410029295231e-15,1.4984076728652584e-15,-11.459155902616464,0.0,6.603374987300716e-15,2.7193839366023955e-15,-11.459155902616464,0.0,2.1031732979457258e-16,6.663795478276981e-16
47634.64,-21.481072673968054,28.647889756541158,24.437743433287306,-28.647889756541154,28.097271734457962,-28.64788975654116,1.3293432554349232,-28.64788975654116,-11.459155902616459,0.0,4.731255766934857e-15,1.1376692303222555e-15,-11.459155902616462,0.0,5.426410029295231e-15,1.4984076728652584e-15,-11.459155902616464,0.0,6.603374987300716e-15,2.7193839366023955e-15,-11.459155902616464,0.0,2.1031732979457258e-16,6.663795478276981e-16
47634.672,-21.332700990562913,28.647889756541158,24.421865081415667,-28.647889756541158,28.104652592391425,-28.64788975654116,1.319783669448844,-28.64788975654116,-11.459155902616462,0.0,4.731255766934857e-15,6.3294121068206e-16,-11.459155902616462,0.0,4.015353965769883e-15,8.336377053020766e-16,-11.459155902616464,0.0,4.4867908920126945e-15,1.5129267059942522e-15,-11.459155902616464,0.0,1.1700984943566398e-16,4.502688220537237e-15
47634.707,-21.332700990562913,28.647889756541158,24.421865081415667,-28.647889756541158,28.104652592391425,-28.64788975654116,1.319783669448844,-28.64788975654116,-11.459155902616462,0.0,4.731255766934857e-15,6.3294121068206e-16,-11.459155902616462,0.0,4.015353965769883e-15,8.336377053020766e-16,-11.459155902616464,0.0,4.4867908920126945e-15,1.5129267059942522e-15,-11.459155902616464,0.0,1.1700984943566398e-16,4.502688220537237e-15
47634.741,-21.332700990562913,28.647889756541158,24.421865081415667,-28.647889756541158,28.104652592391425,-28.64788975654116,1.319783669448844,-28.64788975654116,-11.459155902616462,0.0,4.731255766934857e-15,6.3294121068206e-16,-11.459155902616462,0.0,4.015353965769883e-15,8.336377053020766e-16,-11.459155902616464,0.0,4.4867908920126945e-15,1.5129267059942522e-15,-11.459155902616464,0.0,1.1700984943566398e-16,4.502688220537237e-15
47634.773,-21.270065796168915,28.647889756541158,24.443724827745513,-28.647889756541158,28.108525259240604,-28.64788975654116,1.3124762839048623,-28.64788975654116,-11.459155902616464,0.0,3.2405155052979505e-15,4.3351192752913635e-16,-11.459155902616462,0.0,2.7501824941006355e-15,5.709722836612771e-16,-11.459155902616464,0.0,3.073077459943828e-15,1.0362285808805294e-15,-11.459155902616464,0.0,8.014198556306214e-17,3.0839658037819734e-15
47634.806,-21.270065796168915,28.647889756541158,24.443724827745513,-28.647889756541158,28.108525259240604,-28.64788975654116,1.3124762839048623,-28.64788975654116,-11.459155902616464,0.0,3.2405155052979505e-15,4.3351192752913635e-16,-11.459155902616462,0.0,2.7501824941006355e-15,5.709722836612771e-16,-11.459155902616464,0.0,3.073077459943828e-15,1.0362285808805294e-15,-11.459155902616464,0.0,8.014198556306214e-17,3.0839658037819734e-15
47634.839,-21.494274207701267,28.647889756541154,24.324763616448557,-28.647889756541158,28.126399215134374,-28.64788975654116,1.310455909552259,-28.64788975654116,-11.459155902616464,0.0,2.2979918355244783e-15,3.0742234327708863e-16,-11.459155902616462,0.0,2.7501824941006355e-15,4.049015176811323e-16,-11.459155902616464,0.0,2.179254165375737e-15,7.348351873976388e-16,-11.459155902616464,0.0,5.683220098948554e-17,2.1869755680974753e-15
47634.873,-21.44507764031005,28.647889756541158,24.390172390823768,-28.647889756541158,28.12795330167083,-28.64788975654116,1.3033840484223678,-28.64788975654116,-11.459155902616462,0.0,3.681256449388948e-15,2.182876919231687e-16,-11.45915590261646,0.0,3.211270698722125e-15,2.875035588130252e-16,-11.459155902616464,0.0,1.5473968378578619e-15,1.4841035199075599e-15,-11.459155902616464,0.0,4.035415854509556e-17,1.552879481573899e-15
47634.906,-21.740309841614536,28.647889756541158,24.196231352475536,-28.647889756541158,28.142814145541884,-28.64788975654116,1.3006870984065122,-28.647889756541158,-11.459155902616462,0.0,2.778730243001695e-15,1.5720770015040488e-15,-11.459155902616459,0.0,2.3087444923348718e-15,2.05920463332662e-16,-11.459155902616464,0.0,1.1083016680792168e-15,1.0629687010300548e-15,-11.459155902616464,0.0,2.890311013649028e-17,2.145162304515534e-15
47634.94,-21.740309841614536,28.647889756541158,24.196231352475536,-28.647889756541158,28.142814145541884,-28.64788975654116,1.3006870984065122,-28.647889756541158,-11.459155902616462,0.0,2.778730243001695e-15,1.5720770015040488e-15,-11.459155902616459,0.0,2.3087444923348718e-15,2.05920463332662e-16,-11.459155902616464,0.0,1.1083016680792168e-15,1.0629687010300548e-15,-11.459155902616464,0.0,2.890311013649028e-17,2.145162304515534e-15
47634.973,-21.538894210206184,28.647889756541158,24.34973849185275,-28.647889756541158,28.130337950730492,-28.64788975654116,1.289437393262106,-28.647889756541158,-11.45915590261646,0.0,1.9972524383591723e-15,1.12995301809166e-15,-11.459155902616455,0.0,3.203229624986912e-15,1.4800830290562278e-16,-11.459155902616464,0.0,7.966078083986949e-16,7.640240845179672e-16,-11.459155902616464,0.0,2.0774527265341923e-17,1.6699670777941376e-15
47635.008,-21.606864053544587,28.647889756541158,24.27309471549833,-28.647889756541158,28.130806140442264,-28.64788975654116,1.2821792347543182,-28.647889756541154,-11.459155902616462,0.0,1.4274048723231184e-15,8.075596316934852e-16,-11.459155902616459,0.0,2.2892977803208577e-15,1.2823362107523336e-15,-11.45915590261646,0.0,5.693230586180179e-16,4.3371569942351065e-15,-11.459155902616462,0.0,5.312220857963619e-16,1.1934991780112076e-15
47635.042,-21.62453183117564,28.647889756541158,24.166808600432734,-28.647889756541158,28.123060155732038,-28.647889756541158,1.2697417265668376,-28.647889756541154,-11.459155902616457,0.0,8.658604765924241e-16,3.622844247483117e-15,-11.459155902616455,0.0,4.7917729943560856e-15,7.778621637928648e-16,-11.459155902616462,0.0,3.453500435848762e-16,6.135811054322926e-15,-11.459155902616464,0.0,3.2223808206249314e-16,1.115296827572607e-15
47635.078,-21.460446623681985,28.647889756541158,24.244965642367415,-28.647889756541158,28.110102574025447,-28.647889756541158,1.2581049386725824,-28.647889756541154,-11.459155902616459,0.0,1.3350004818706266e-15,4.091984252761319e-15,-11.459155902616459,0.0,3.3781752838902175e-15,2.1852821796274726e-15,-11.459155902616459,0.0,4.098470085810497e-15,4.96296104112742e-15,-11.459155902616464,0.0,6.740930860211452e-16,1.0273330765829438e-15
47635.108,-21.647565265694528,28.647889756541158,24.13361045721903,-28.647889756541158,28.106539915133336,-28.647889756541158,1.2497383858167943,-28.647889756541158,-11.459155902616459,0.0,1.792275103132899e-15,2.915358955106251e-15,-11.459155902616459,0.0,2.4068014335983824e-15,1.5569175192968825e-15,-11.45915590261646,0.0,2.919979826129517e-15,3.5358916411593085e-15,-11.459155902616464,0.0,4.802617003183232e-16,7.319296702258446e-16
47635.141,-21.690949790397497,28.647889756541158,24.069381138013153,-28.647889756541158,28.086523531662298,-28.647889756541158,1.2353869213573416,-28.647889756541158,-11.45915590261646,0.0,1.2039689769823241e-15,1.9584056781127203e-15,-11.459155902616459,0.0,1.6167798429737867e-15,1.0458664463268676e-15,-11.459155902616462,0.0,1.9615097693032542e-15,2.375251340871444e-15,-11.459155902616464,0.0,3.226179881678396e-16,4.9167709507566415e-16
47635.173,-21.756468380010844,28.647889756541147,23.971475498902898,-28.64788975654116,27.954123729696185,-28.64788975654116,1.1694038788804335,-28.64788975654116,-11.459155902616466,0.0,0.0,3.681283373809619e-16,-11.459155902616466,0.0,0.0,2.507277759609885e-16,-11.459155902616466,0.0,3.7123242857149594e-16,4.760667351969081e-15,-11.45915590261646,0.0,0.0,3.771624110334916e-15
47635.207,-21.455070360000626,28.647889756541154,23.977448739081016,-28.64788975654116,26.536823365992486,-28.64788975654116,0.5487367223762608,-28.64788975654116,-11.459155902616466,0.0,0.0,9.749715010354171e-29,-11.459155902616452,0.0,0.0,4.1535848492408845e-15,-11.459155902616466,0.0,0.0,0.0,-11.459155902616466,0.0,3.9756933518293945e-16,1.9878466759146975e-16
47635.241,-22.89179382463004,28.647889756541154,23.91003702363133,-28.64788975654116,26.237077621472782,-28.64788975654116,0.4474205823975648,-28.64788975654115,-11.459155902616454,0.0,0.0,2.3854160110977606e-15,-11.459155902616466,0.0,7.951386703658803e-15,0.0,-11.459155902616466,0.0,1.025574340824202e-15,0.0,-11.459155902616466,0.0,3.975693351829396e-16,6.3813741895556475e-16
47635.274,-24.585087282680014,28.64788975654116,23.054664368818102,-28.64788975654116,24.483534737708865,-28.647889756541147,-0.07952037688961958,-28.647889756541158,-11.459155902616455,0.0,2.8531490310596227e-28,0.0,-11.459155902616466,0.0,0.0,0.0,-11.45915590261646,0.0,7.156248033292918e-15,4.48809911318661e-16,-11.45915590261646,0.0,3.975693351829397e-16,3.975693351829396e-16
47635.309,-24.838657511203643,28.64788975654116,22.16527972577726,-28.647889756541158,24.362569426429204,-28.64788975654116,-0.09860679760718151,-28.64788975654116,-11.459155902616466,0.0,1.5902773407319564e-15,0.0,-11.459155902616466,0.0,0.0,3.975693351829396e-15,-11.459155902616466,0.0,0.0,0.0,-11.459155902616466,0.0,3.0622961874464754e-15,2.6433299256976287e-15
47635.341,-22.009175136622996,28.647889756541158,21.68368902079919,-28.64788975654116,24.083030718642505,-28.647889756541154,-0.1581123399522373,-28.647889756541154,-11.459155902616466,0.0,0.0,3.9756933518293984e-16,-11.459155902616466,0.0,0.0,0.0,-11.459155902616466,0.0,3.1805546814635168e-15,4.373487140987155e-32,-11.459155902616466,0.0,9.507297018785888e-32,0.0
47635.375,-21.85012515156892,28.64788975654116,21.143010578914954,-28.647889756541158,22.204630987826057,-28.64788975654116,-0.5802407445140949,-28.64788975654116,-11.459155902616466,0.0,4.770832022195282e-15,0.0,-11.459155902616459,0.0,3.1805546814635266e-15,0.0,-11.459155902616466,0.0,1.5902773407317611e-15,1.9878466759147069e-16,-11.459155902616464,0.0,0.0,4.174478019420867e-15
47635.407,-22.559292705692513,28.64788975654116,20.322129971649353,-28.64788975654116,19.4707520498116,-28.64788975654116,-1.1623626640142972,-28.647889756541158,-11.459155902616466,0.0,1.069682932893474e-29,3.5781240166464575e-15,-11.459155902616466,0.0,2.385416011097648e-15,0.0,-11.459155902616466,0.0,2.385416011097637e-15,1.3914926731402888e-15,-11.459155902616464,0.0,0.0,0.0
47635.439,-23.687421590545497,28.64788975654116,19.070521132963677,-28.64788975654115,16.360964053380638,-28.64788975654116,-1.7484571996914005,-28.647889756541158,-11.459155902616466,0.0,4.770832022195261e-15,6.7324651833554494e-15,-11.45915590261646,0.0,1.5902773407317436e-15,0.0,-11.45915590261646,0.0,2.782985346280575e-15,7.951386703658779e-16,-11.45915590261646,0.0,0.0,9.243487043003347e-15
47635.474,-24.267455434049996,26.04420703501115,16.691530277850923,-28.647889756541154,13.652434608547702,-28.647889756541154,-2.2632973420222595,-28.647889756541154,-11.45915590261646,0.0,0.0,3.9756933518293994e-16,-11.459155902616466,0.0,7.951386703658763e-16,3.57812401664646e-15,-11.459155902616462,0.0,3.1258902800082224e-16,0.0,-11.459155902616466,0.0,4.572047354603807e-15,0.0
47635.506,-25.255562768351275,21.19020742937143,12.37738703982593,-28.647889756541158,10.582981358624426,-28.64788975654116,-2.9257657120398024,-28.647889756541158,-11.45915590261646,0.0,0.0,3.578124016646457e-15,-11.459155902616464,0.0,0.0,3.9756933518294117e-16,-11.459155902616462,0.0,1.5902773407317598e-15,1.9878466759147032e-16,-11.459155902616466,0.0,5.089345629378833e-15,0.0
47635.54,-26.10771710054171,20.6406061623659,11.343341061928015,-28.64788975654116,8.47351837662419,-28.64788975654116,-2.992044597929224,-28.64788975654116,-11.459155902616466,0.0,0.0,0.0,-11.459155902616462,0.0,6.356025069192229e-30,0.0,-11.459155902616459,0.0,0.0,0.0,-11.459155902616466,0.0,0.0,0.0
47635.574,-26.78347651431325,20.731764222654895,11.374742792575976,-28.64788975654116,8.364174898264885,-28.64788975654116,-2.9253560436610884,-28.64788975654116,-11.459155902616464,0.0,3.581937922628547e-16,0.0,-11.459155902616464,0.0,0.0,1.371804901680246e-15,-11.459155902616466,0.0,5.766662313143665e-16,3.4930338302835437e-17,-11.459155902616466,0.0,9.154892071433156e-15,2.9298512446655548e-15
47635.607,-26.9535127952916,22.042158431796043,11.872857541991158,-28.64788975654116,7.844196153478937,-28.64788975654116,-2.5913385765543766,-28.647889756541158,-11.459155902616466,0.0,0.0,0.0,-11.459155902616466,0.0,6.4254963858206684e-15,7.5130576532072545e-16,-11.459155902616466,0.0,9.742355664973046e-16,2.377391948251563e-16,-11.459155902616466,0.0,2.9105902367599604e-16,2.9817700138720465e-16
47635.64,-26.583327878989046,21.958665454374955,12.098950614340113,-28.647889756541158,7.801716240079235,-28.64788975654116,-2.5812783757256295,-28.647889756541158,-11.459155902616464,0.0,0.0,0.0,-11.459155902616466,0.0,4.694928942714335e-15,4.2427216835483768e-16,-11.459155902616466,0.0,9.742355664973046e-16,1.838514079698514e-15,-11.459155902616464,0.0,1.6436482826874208e-16,1.9530321188576353e-15
47635.672,-26.306745799083487,21.759780348351082,11.991966761328412,-28.64788975654116,7.680585256894292,-28.64788975654116,-2.5295401494914236,-28.64788975654116,-11.459155902616464,0.0,1.5902773407317588e-15,1.391492673140289e-15,-11.459155902616459,0.0,0.0,0.0,-11.459155902616464,0.0,6.45899488762338e-17,1.4685109841306503e-15,-11.459155902616464,0.0,0.0,2.5664557228509428e-15
47635.708,-26.16355946948203,21.424568179708523,12.578328280568122,-28.647889756541147,7.605599026314286,-28.64788975654116,-2.477825668119561,-28.64788975654116,-11.459155902616464,0.0,0.0,0.0,-11.459155902616464,0.0,1.1473086266330438e-15,0.0,-11.459155902616466,0.0,0.0,0.0,-11.459155902616466,0.0,0.0,1.0818895054627026e-15
47635.741,-26.016545718604547,20.454476774261956,11.815108084171657,-28.64788975654116,7.364002572013987,-28.64788975654115,-2.215664805292615,-28.64788975654116,-11.459155902616462,0.0,7.951386703658381e-16,5.963540027743926e-16,-11.459155902616459,0.0,1.9878466759146865e-15,0.0,-11.459155902616466,0.0,7.951386703658762e-16,3.578124016646455e-15,-11.459155902616464,0.0,9.939233379573633e-17,1.5902773407317584e-15
47635.774,-25.946441158562596,20.375645821600074,11.938133678758057,-28.647889756541158,7.348155603558901,-28.647889756541154,-2.203209106790923,-28.64788975654116,-11.459155902616462,0.0,4.322332050997818e-16,5.963540027743926e-16,-11.459155902616462,0.0,1.0805830127495044e-15,9.072636631651875e-17,-11.459155902616466,0.0,4.322332050998026e-16,1.9450494229491183e-15,-11.459155902616464,0.0,5.40291506374763e-17,8.644664101996083e-16
47635.812,-25.946441158562596,20.375645821600074,11.938133678758057,-28.647889756541158,7.348155603558901,-28.647889756541154,-2.203209106790923,-28.64788975654116,-11.459155902616462,0.0,4.322332050997818e-16,5.963540027743926e-16,-11.459155902616462,0.0,1.0805830127495044e-15,9.072636631651875e-17,-11.459155902616466,0.0,4.322332050998026e-16,1.9450494229491183e-15,-11.459155902616464,0.0,5.40291506374763e-17,8.644664101996083e-16
47635.844,-25.87897102403773,20.32595991509999,12.10396071281271,-28.647889756541158,7.338969189105673,-28.647889756541154,-2.1890859477069857,-28.64788975654116,-11.459155902616464,0.0,2.258000253321327e-16,3.115372612390823e-16,-11.459155902616464,0.0,7.0082735736908e-16,9.072636631651875e-17,-11.459155902616466,0.0,2.423553774095904e-16,2.467213449097202e-15,-11.459155902616464,0.0,2.8225003166518457e-17,3.0361940644064104e-15
47635.874,-26.272262148852313,20.36117664782305,12.522918235854718,-28.647889756541154,7.371798653976187,-28.64788975654116,-2.113835908005729,-28.64788975654116,-11.459155902616466,0.0,0.0,0.0,-11.459155902616466,0.0,2.385416011097637e-15,5.963540027744094e-16,-11.459155902616466,0.0,0.0,0.0,-11.459155902616466,0.0,9.939233379573501e-17,2.216207310591598e-15
47635.909,-25.948659241422188,20.519428091423467,12.29850047929886,-28.647889756541147,7.368450664480091,-28.647889756541158,-2.058724740413416,-28.64788975654116,-11.459155902616466,0.0,1.5902773407317538e-15,0.0,-11.459155902616466,0.0,0.0,0.0,-11.459155902616466,0.0,1.9878466759146992e-16,4.67143968839954e-15,-11.459155902616466,0.0,0.0,0.0
47635.942,-26.14599314007649,20.554961467074538,12.257525940427767,-28.647889756541147,7.379276557263487,-28.647889756541158,-2.0398292705095,-28.64788975654116,-11.459155902616464,0.0,1.5902773407317538e-15,0.0,-11.459155902616462,0.0,8.117056125223468e-16,0.0,-11.459155902616464,0.0,4.017110707220566e-16,2.287054451615147e-15,-11.459155902616466,0.0,0.0,8.243885127180085e-17
47635.975,-25.874317516527153,20.703209794435676,12.128077176312635,-28.64788975654116,7.371794628169691,-28.647889756541158,-1.9919913469719188,-28.64788975654116,-11.459155902616466,0.0,8.673820124433423e-31,0.0,-11.45915590261646,0.0,1.209274947705284e-15,0.0,-11.459155902616466,0.0,0.0,0.0,-11.459155902616466,0.0,6.620859447075238e-32,1.5981719416567583e-15
47636.011,-25.767849729056792,20.686747101929853,12.229441252731947,-28.64788975654116,7.366608200855353,-28.647889756541158,-1.9810594715306764,-28.64788975654116,-11.459155902616466,0.0,8.673820124433423e-31,0.0,-11.459155902616462,0.0,6.540221413178657e-16,6.389202168578918e-16,-11.459155902616464,0.0,0.0,1.2778404337157835e-15,-11.459155902616466,0.0,3.58081400855754e-32,1.2787118332278124e-15
47636.042,-25.584283699357645,20.7318293386597,12.268751979613134,-28.647889756541158,7.367228894296178,-28.64788975654116,-1.9539333752419707,-28.64788975654116,-11.45915590261646,0.0,0.0,0.0,-11.459155902616464,0.0,2.564528061349262e-16,2.22919755758965e-15,-11.459155902616464,0.0,0.0,7.539557462847082e-15,-11.459155902616466,0.0,9.939233379573495e-17,9.68110790116141e-16
47636.075,-25.731352990889064,20.808851245030844,12.10714484844898,-28.647889756541158,7.378323871967769,-28.64788975654116,-1.9392640257008322,-28.64788975654116,-11.459155902616462,0.0,1.046821764836534e-15,0.0,-11.459155902616464,0.0,7.798636885531931e-16,1.2509310788920806e-15,-11.459155902616464,0.0,0.0,4.355474594802626e-15,-11.459155902616466,0.0,9.939233379573495e-17,1.1153201007962785e-15
47636.109,-25.731352990889064,20.808851245030844,12.10714484844898,-28.647889756541158,7.378323871967769,-28.64788975654116,-1.9392640257008322,-28.64788975654116,-11.459155902616462,0.0,1.046821764836534e-15,0.0,-11.459155902616464,0.0,7.798636885531931e-16,1.2509310788920806e-15,-11.459155902616464,0.0,0.0,4.355474594802626e-15,-11.459155902616466,0.0,9.939233379573495e-17,1.1153201007962785e-15
47636.141,-25.61116406819046,20.82277719903305,12.153575287388446,-28.64788975654116,7.3744636721484325,-28.647889756541158,-1.92730460143548,-28.64788975654116,-11.45915590261646,0.0,1.4695995897644743e-15,6.341667373919102e-16,-11.459155902616466,0.0,2.2595860758009837e-15,5.858069434687584e-16,-11.459155902616466,0.0,0.0,2.0396545443550158e-15,-11.459155902616466,0.0,4.65451056797424e-17,5.223007648154386e-16
47636.173,-25.61116406819046,20.82277719903305,12.153575287388446,-28.64788975654116,7.3744636721484325,-28.647889756541158,-1.92730460143548,-28.64788975654116,-11.45915590261646,0.0,1.4695995897644743e-15,6.341667373919102e-16,-11.459155902616466,0.0,2.2595860758009837e-15,5.858069434687584e-16,-11.459155902616466,0.0,0.0,2.0396545443550158e-15,-11.459155902616466,0.0,4.65451056797424e-17,5.223007648154386e-16
47636.206,-25.61116406819046,20.82277719903305,12.153575287388446,-28.64788975654116,7.3744636721484325,-28.647889756541158,-1.92730460143548,-28.64788975654116,-11.45915590261646,0.0,1.4695995897644743e-15,6.341667373919102e-16,-11.459155902616466,0.0,2.2595860758009837e-15,5.858069434687584e-16,-11.459155902616466,0.0,0.0,2.0396545443550158e-15,-11.459155902616466,0.0,4.65451056797424e-17,5.223007648154386e-16
47636.239,-25.846698872850123,20.85609955755943,12.19942634728674,-28.64788975654116,7.396277161923337,-28.647889756541158,-1.8966131464000278,-28.64788975654116,-11.459155902616466,0.0,1.4695995897644743e-15,2.4232287457151383e-15,-11.459155902616466,0.0,6.693087350692253e-16,2.7724382869749263e-15,-11.459155902616466,0.0,0.0,0.0,-11.459155902616466,0.0,0.0,0.0
47636.273,-25.680955603342845,20.859195014504152,12.285631478235677,-28.64788975654116,7.3926757532352365,-28.647889756541158,-1.8869419997909538,-28.64788975654116,-11.459155902616466,0.0,7.453632898388104e-16,1.2290325626912285e-15,-11.459155902616464,0.0,4.733817994044269e-16,1.596876672986136e-15,-11.459155902616466,0.0,0.0,2.008251090564183e-15,-11.459155902616466,0.0,0.0,6.796215580872694e-16
47636.307,-25.680955603342845,20.859195014504152,12.285631478235677,-28.64788975654116,7.3926757532352365,-28.647889756541158,-1.8869419997909538,-28.64788975654116,-11.459155902616466,0.0,7.453632898388104e-16,1.2290325626912285e-15,-11.459155902616464,0.0,4.733817994044269e-16,1.596876672986136e-15,-11.459155902616466,0.0,0.0,2.008251090564183e-15,-11.459155902616466,0.0,0.0,6.796215580872694e-16
47636.34,-25.680955603342845,20.859195014504152,12.285631478235677,-28.64788975654116,7.3926757532352365,-28.647889756541158,-1.8869419997909538,-28.64788975654116,-11.459155902616466,0.0,7.453632898388104e-16,1.2290325626912285e-15,-11.459155902616464,0.0,4.733817994044269e-16,1.596876672986136e-15,-11.459155902616466,0.0,0.0,2.008251090564183e-15,-11.459155902616466,0.0,0.0,6.796215580872694e-16
47636.376,-25.869154635733377,20.953528891565316,12.36858796768689,-28.64788975654116,7.418704323501685,-28.64788975654116,-1.8564503277887243,-28.64788975654116,-11.45915590261646,0.0,7.453632898388104e-16,0.0,-11.45915590261646,0.0,7.581246422148729e-17,0.0,-11.459155902616466,0.0,0.0,2.1918908224095483e-16,-11.459155902616466,0.0,4.969616689786745e-17,2.0214180643296907e-15
47636.408,-25.695194010193976,20.961123452176167,12.477494204229536,-28.64788975654116,7.42000569105445,-28.64788975654116,-1.8454109582470768,-28.64788975654116,-11.459155902616462,0.0,3.7529075665744315e-16,3.947859868929156e-16,-11.45915590261646,0.0,4.705984511144029e-16,1.0856614639555179e-15,-11.459155902616466,0.0,0.0,2.7852979970449062e-15,-11.459155902616466,0.0,1.2371853944028912e-16,1.0177849180731318e-15
47636.442,-25.695194010193976,20.961123452176167,12.477494204229536,-28.64788975654116,7.42000569105445,-28.64788975654116,-1.8454109582470768,-28.64788975654116,-11.459155902616462,0.0,3.7529075665744315e-16,3.947859868929156e-16,-11.45915590261646,0.0,4.705984511144029e-16,1.0856614639555179e-15,-11.459155902616466,0.0,0.0,2.7852979970449062e-15,-11.459155902616466,0.0,1.2371853944028912e-16,1.0177849180731318e-15
47636.475,-25.40677091635679,21.0948453226335,12.481348992242363,-28.647889756541158,7.442577758714049,-28.64788975654116,-1.8172372816944204,-28.64788975654116,-11.459155902616466,0.0,3.7529075665744315e-16,0.0,-11.459155902616466,0.0,7.302911593146332e-17,0.0,-11.459155902616466,0.0,1.987846675914698e-16,4.375575337776665e-15,-11.459155902616466,0.0,0.0,9.308166260018638e-16
47636.507,-25.40677091635679,21.0948453226335,12.481348992242363,-28.647889756541158,7.442577758714049,-28.64788975654116,-1.8172372816944204,-28.64788975654116,-11.459155902616466,0.0,3.7529075665744315e-16,0.0,-11.459155902616466,0.0,7.302911593146332e-17,0.0,-11.459155902616466,0.0,1.987846675914698e-16,4.375575337776665e-15,-11.459155902616466,0.0,0.0,9.308166260018638e-16
47636.541,-25.69268007369259,21.21610850115791,12.492590202955734,-28.64788975654116,7.472934534480171,-28.64788975654116,-1.7873722795485396,-28.64788975654116,-11.459155902616466,0.0,1.9655680973892014e-15,0.0,-11.459155902616459,0.0,4.705984511144029e-16,0.0,-11.459155902616466,0.0,1.7890620083232284e-15,0.0,-11.459155902616466,0.0,0.0,1.1296012935933336e-15
47636.573,-25.625007950458027,21.22386155785302,12.577629344595396,-28.64788975654116,7.475214487067176,-28.64788975654116,-1.776138962850454,-28.64788975654116,-11.459155902616466,0.0,1.9655680973892014e-15,3.1507141853751943e-16,-11.459155902616462,0.0,2.2196740166328818e-16,0.0,-11.459155902616466,0.0,8.438477527106699e-16,0.0,-11.459155902616466,0.0,7.876785463437986e-17,1.0114495116417637e-15
47636.607,-25.625007950458027,21.22386155785302,12.577629344595396,-28.64788975654116,7.475214487067176,-28.64788975654116,-1.776138962850454,-28.64788975654116,-11.459155902616466,0.0,1.9655680973892014e-15,3.1507141853751943e-16,-11.459155902616462,0.0,2.2196740166328818e-16,0.0,-11.459155902616466,0.0,8.438477527106699e-16,0.0,-11.459155902616466,0.0,7.876785463437986e-17,1.0114495116417637e-15
47636.64,-25.49718385706634,21.23623593637005,12.667113835904024,-28.64788975654116,7.47674790649964,-28.64788975654116,-1.7656543862138137,-28.64788975654116,-11.459155902616464,0.0,1.1584993583054742e-15,1.551720815052824e-16,-11.459155902616464,0.0,4.2373458643422e-16,9.079523314691932e-16,-11.459155902616464,0.0,4.1559343233818785e-16,0.0,-11.459155902616466,0.0,1.0398875273074633e-16,1.225827145460879e-15
47636.677,-25.537314948824733,21.309509684323597,12.590452412320639,-28.64788975654116,7.490547529252767,-28.64788975654116,-1.7515539133160711,-28.64788975654116,-11.459155902616466,0.0,5.761477770514137e-16,7.717056481626089e-17,-11.459155902616466,0.0,6.23583752808002e-16,1.4075752474036483e-15,-11.459155902616466,0.0,5.155180155250788e-16,0.0,-11.459155902616466,0.0,1.0398875273074633e-16,6.096313993126431e-16
47636.708,-25.40375784313564,21.308362143320963,12.747498438620617,-28.647889756541158,7.492050927918241,-28.64788975654116,-1.7416206233093958,-28.64788975654116,-11.459155902616466,0.0,2.9212455125246916e-16,1.93907098476629e-15,-11.459155902616464,0.0,6.23583752808002e-16,7.136837177542054e-16,-11.459155902616466,0.0,8.095022923592941e-16,0.0,-11.459155902616466,0.0,5.4991373258377126e-17,3.0910177223113477e-16
47636.741,-25.634454739428815,21.410424379427994,12.735235260852683,-28.64788975654116,7.523182076381513,-28.64788975654116,-1.713153248622429,-28.64788975654116,-11.459155902616466,0.0,0.0,2.13785565235776e-15,-11.459155902616457,0.0,0.0,3.1611438257126586e-16,-11.459155902616466,0.0,0.0,0.0,-11.459155902616466,0.0,0.0,0.0
47636.778,-25.499122011362267,21.393937771166527,12.83738280767272,-28.64788975654116,7.522220097902859,-28.64788975654116,-1.7051390767701387,-28.64788975654116,-11.459155902616466,0.0,0.0,1.1439206950016733e-15,-11.45915590261646,0.0,5.545155395903431e-16,1.1478876919567805e-15,-11.459155902616466,0.0,2.7725776979517153e-16,0.0,-11.459155902616466,0.0,0.0,2.4260054857077513e-16
47636.808,-25.438833233556096,21.382856132403287,13.001319637060078,-28.64788975654116,7.52727392284863,-28.64788975654116,-1.6938626864918245,-28.64788975654116,-11.459155902616464,0.0,4.3082299864084075e-16,5.241201968053481e-16,-11.459155902616462,0.0,2.540672574695305e-16,2.009533689238462e-15,-11.459155902616464,0.0,6.003750187758021e-16,0.0,-11.459155902616466,0.0,8.077931224515764e-17,1.111544251429196e-16
47636.841,-25.408244231358193,21.55287960452559,12.883127482341239,-28.647889756541158,7.56334329808182,-28.64788975654116,-1.6650418495153094,-28.64788975654116,-11.45915590261646,0.0,4.3082299864084075e-16,7.229048643968179e-16,-11.459155902616462,0.0,2.2419139333842285e-15,8.168256836896431e-16,-11.459155902616462,0.0,4.0159035118433233e-16,0.0,-11.459155902616466,0.0,0.0,2.478188841120551e-16
47636.874,-25.278123655588722,21.53837536595813,13.088222906917967,-28.647889756541158,7.568042673075123,-28.64788975654116,-1.655006133494306,-28.64788975654116,-11.459155902616462,0.0,4.3082299864084075e-16,3.635909923661086e-16,-11.459155902616464,0.0,1.127589191862361e-15,4.1082924676492156e-16,-11.459155902616464,0.0,4.0159035118433233e-16,0.0,-11.459155902616466,0.0,0.0,5.812833009945737e-16
47636.907,-25.42655908133366,21.618656927717243,12.993273550571024,-28.647889756541158,7.589874544389655,-28.64788975654116,-1.6404695324569463,-28.64788975654116,-11.459155902616464,0.0,2.314205276284519e-16,1.9530623843148942e-16,-11.459155902616464,0.0,6.056948829383832e-16,2.2068070031423073e-16,-11.459155902616464,0.0,4.935960102187055e-16,0.0,-11.459155902616466,0.0,0.0,3.1224165989782025e-16
47636.942,-25.42655908133366,21.618656927717243,12.993273550571024,-28.647889756541158,7.589874544389655,-28.64788975654116,-1.6404695324569463,-28.64788975654116,-11.459155902616464,0.0,2.314205276284519e-16,1.9530623843148942e-16,-11.459155902616464,0.0,6.056948829383832e-16,2.2068070031423073e-16,-11.459155902616464,0.0,4.935960102187055e-16,0.0,-11.459155902616466,0.0,0.0,3.1224165989782025e-16
47636.975,-25.42655908133366,21.618656927717243,12.993273550571024,-28.647889756541158,7.589874544389655,-28.64788975654116,-1.6404695324569463,-28.64788975654116,-11.459155902616464,0.0,2.314205276284519e-16,1.9530623843148942e-16,-11.459155902616464,0.0,6.056948829383832e-16,2.2068070031423073e-16,-11.459155902616464,0.0,4.935960102187055e-16,0.0,-11.459155902616466,0.0,0.0,3.1224165989782025e-16
47637.008,-25.322897300300376,21.637386587081888,13.193031824358155,-28.64788975654116,7.610500861909447,-28.64788975654116,-1.6173907501382963,-28.64788975654116,-11.459155902616466,0.0,2.6168365387260894e-15,0.0,-11.459155902616466,0.0,0.0,0.0,-11.459155902616462,0.0,0.0,1.7890620083232284e-15,-11.459155902616466,0.0,0.0,9.2723172525893e-16
47637.041,-25.521623788636013,21.774944889418652,13.151105135024855,-28.64788975654116,7.6528471809898795,-28.64788975654116,-1.588175896624036,-28.64788975654116,-11.459155902616457,0.0,2.3142052762845187e-16,5.963540027744094e-16,-11.459155902616464,0.0,7.951386703658792e-16,1.987846675914698e-15,-11.459155902616466,0.0,0.0,0.0,-11.459155902616464,0.0,0.0,6.104186612850249e-16
47637.074,-25.521623788636013,21.774944889418652,13.151105135024855,-28.64788975654116,7.6528471809898795,-28.64788975654116,-1.588175896624036,-28.64788975654116,-11.459155902616457,0.0,2.3142052762845187e-16,5.963540027744094e-16,-11.459155902616464,0.0,7.951386703658792e-16,1.987846675914698e-15,-11.459155902616466,0.0,0.0,0.0,-11.459155902616464,0.0,0.0,6.104186612850249e-16
47637.108,-25.53478727071392,21.77632800272558,13.38293456205978,-28.64788975654116,7.67309356923709,-28.647889756541158,-1.5663564304336073,-28.64788975654116,-11.459155902616464,0.0,0.0,1.3914926731402886e-15,-11.459155902616466,0.0,0.0,5.963540027744094e-16,-11.459155902616466,0.0,1.987846675914698e-16,0.0,-11.459155902616466,0.0,0.0,0.0
47637.142,-25.64047985836575,21.879878338371654,13.250554936104699,-28.647889756541158,7.700882756562217,-28.647889756541158,-1.550674245398857,-28.64788975654116,-11.459155902616464,0.0,3.645733491964749e-16,7.534893120464574e-16,-11.459155902616464,0.0,1.4582933967858997e-15,5.963540027744094e-16,-11.459155902616466,0.0,1.987846675914698e-16,0.0,-11.459155902616466,0.0,2.2785834324779683e-17,5.354671066323227e-16
47637.175,-25.64047985836575,21.879878338371654,13.250554936104699,-28.647889756541158,7.700882756562217,-28.647889756541158,-1.550674245398857,-28.64788975654116,-11.459155902616464,0.0,3.645733491964749e-16,7.534893120464574e-16,-11.459155902616464,0.0,1.4582933967858997e-15,5.963540027744094e-16,-11.459155902616466,0.0,1.987846675914698e-16,0.0,-11.459155902616466,0.0,2.2785834324779683e-17,5.354671066323227e-16
47637.208,-25.64047985836575,21.879878338371654,13.250554936104699,-28.647889756541158,7.700882756562217,-28.647889756541158,-1.550674245398857,-28.64788975654116,-11.459155902616464,0.0,3.645733491964749e-16,7.534893120464574e-16,-11.459155902616464,0.0,1.4582933967858997e-15,5.963540027744094e-16,-11.459155902616466,0.0,1.987846675914698e-16,0.0,-11.459155902616466,0.0,2.2785834324779683e-17,5.354671066323227e-16
47637.243,-25.672852569526075,21.935944084866044,13.146563862569835,-28.647889756541154,7.714366435120945,-28.647889756541158,-1.5393911206747692,-28.64788975654116,-11.459155902616462,0.0,1.8839121316717617e-16,3.893613340574528e-16,-11.459155902616462,0.0,1.8425486630946297e-15,3.0816255304286193e-16,-11.459155902616466,0.0,5.830399339001998e-16,0.0,-11.459155902616466,0.0,9.483369675766656e-17,4.454072785912141e-16
47637.275,-25.897509871045663,21.808831703091165,13.44293558905362,-28.64788975654116,7.708578276686183,-28.64788975654116,-1.5264978579559008,-28.64788975654116,-11.459155902616459,0.0,1.7786685538989344e-15,0.0,-11.459155902616466,0.0,0.0,1.5008705585916807e-15,-11.459155902616466,0.0,0.0,6.957463365701443e-16,-11.459155902616466,0.0,0.0,0.0
47637.308,-25.530935752725195,22.043000896803644,13.109855437762423,-28.647889756541154,7.7247863155866225,-28.647889756541154,-1.5085020170402097,-28.64788975654116,-11.459155902616464,0.0,1.7786685538989344e-15,2.3854160110976376e-15,-11.459155902616466,0.0,7.951386703658792e-16,3.08162553042862e-16,-11.459155902616466,0.0,0.0,0.0,-11.459155902616466,0.0,0.0,0.0
47637.341,-25.59086980891841,21.838370563704178,13.466554810090347,-28.64788975654116,7.703564064061747,-28.64788975654116,-1.5012620165199961,-28.64788975654116,-11.459155902616462,0.0,9.835298835330552e-16,0.0,-11.459155902616462,0.0,0.0,0.0,-11.459155902616459,0.0,0.0,5.267793691173949e-15,-11.459155902616466,0.0,1.4908850069360235e-16,3.60297210009539e-16
47637.376,-25.606950377219864,22.009029498130545,13.17676359511945,-28.647889756541154,7.729230292177769,-28.64788975654116,-1.4866139977830295,-28.64788975654116,-11.45915590261646,0.0,1.4080854121451372e-15,1.061388821530205e-15,-11.459155902616464,0.0,0.0,6.368332929181229e-16,-11.45915590261646,0.0,0.0,2.4551133141189062e-15,-11.459155902616466,0.0,6.948433907883698e-17,1.6792048610718937e-16
47637.409,-25.8327877330025,21.883801850355006,13.477203005096161,-28.64788975654116,7.7213367561796105,-28.64788975654116,-1.466404275734629,-28.64788975654116,-11.459155902616466,0.0,6.129467417792593e-16,0.0,-11.459155902616466,0.0,1.9878466759146976e-15,0.0,-11.459155902616466,0.0,4.4139062980501586e-32,0.0,-11.459155902616466,0.0,1.9788172180969526e-17,6.151859881879963e-16
47637.442,-25.58494108547707,22.001405755031577,13.382821743597631,-28.64788975654116,7.723679511064925,-28.64788975654116,-1.4544949871430655,-28.64788975654116,-11.459155902616466,0.0,6.129467417792593e-16,0.0,-11.45915590261646,0.0,0.0,1.7890620083232284e-15,-11.459155902616466,0.0,0.0,0.0,-11.459155902616466,0.0,6.948433907883698e-17,0.0
47637.475,-25.926801444946317,21.87847771789698,13.669466426929672,-28.64788975654116,7.733847955191782,-28.647889756541154,-1.438876905832185,-28.64788975654116,-11.459155902616466,0.0,0.0,0.0,-11.459155902616464,0.0,2.3854160110976376e-15,0.0,-11.459155902616466,0.0,0.0,4.969616689786745e-16,-11.459155902616466,0.0,0.0,0.0
47637.508,-25.867185419436332,22.108194055157433,13.46192344503602,-28.64788975654116,7.757435586603597,-28.64788975654116,-1.4208191663271408,-28.64788975654116,-11.459155902616466,0.0,0.0,0.0,-11.459155902616466,0.0,0.0,0.0,-11.459155902616462,0.0,0.0,0.0,-11.459155902616466,0.0,0.0,0.0
47637.541,-25.838012806211328,22.04825625419046,13.548924358748563,-28.64788975654116,7.747976640543556,-28.64788975654116,-1.4187051583680468,-28.64788975654116,-11.459155902616466,0.0,0.0,0.0,-11.459155902616466,0.0,0.0,0.0,-11.459155902616464,0.0,0.0,0.0,-11.459155902616466,0.0,0.0,7.394059337063112e-16
47637.574,-25.81887589681742,22.15190650927952,13.322636776451455,-28.64788975654116,7.751119808222232,-28.64788975654116,-1.4072799594339078,-28.64788975654116,-11.459155902616466,0.0,0.0,0.0,-11.459155902616459,0.0,3.975693351829396e-16,0.0,-11.459155902616462,0.0,1.5902773407317584e-15,0.0,-11.459155902616466,0.0,4.969616689786745e-17,0.0
47637.61,-25.6523782086817,22.0416845827457,13.522770342385298,-28.64788975654116,7.73566520437117,-28.64788975654116,-1.407598697380847,-28.64788975654116,-11.459155902616466,0.0,0.0,0.0,-11.459155902616462,0.0,2.2427812364120317e-16,6.065192403960776e-16,-11.459155902616464,0.0,1.1570493118774172e-15,0.0,-11.459155902616466,0.0,2.8034765455150397e-17,1.1372235757426457e-16
47637.643,-25.87304554542264,22.05994695900574,13.406831640744624,-28.64788975654116,7.745772820355996,-28.64788975654116,-1.3995663875093791,-28.64788975654116,-11.459155902616466,0.0,1.10898695568969e-15,2.772467389224225e-16,-11.459155902616464,0.0,7.787716014860481e-16,7.913503996776926e-16,-11.459155902616464,0.0,6.191336661400723e-16,1.986934962277361e-15,-11.459155902616466,0.0,5.113866036535226e-17,2.2346585839772343e-16
47637.676,-25.87304554542264,22.05994695900574,13.406831640744624,-28.64788975654116,7.745772820355996,-28.64788975654116,-1.3995663875093791,-28.64788975654116,-11.459155902616466,0.0,1.10898695568969e-15,2.772467389224225e-16,-11.459155902616464,0.0,7.787716014860481e-16,7.913503996776926e-16,-11.459155902616464,0.0,6.191336661400723e-16,1.986934962277361e-15,-11.459155902616466,0.0,5.113866036535226e-17,2.2346585839772343e-16
47637.709,-25.739507457705628,22.01051925846152,13.492525246027535,-28.647889756541158,7.739432532819317,-28.64788975654116,-1.3970315653832805,-28.64788975654116,-11.459155902616466,0.0,6.150564235584467e-16,2.772467389224225e-16,-11.45915590261646,0.0,4.3191533815743123e-16,1.0569598808512315e-15,-11.459155902616464,0.0,6.191336661400723e-16,1.2343747656190005e-15,-11.459155902616466,0.0,7.32727837964805e-17,3.9500531498896733e-16
47637.742,-25.850519259321597,22.031754288907116,13.365290054019527,-28.647889756541154,7.748541308235415,-28.64788975654116,-1.3896217621842917,-28.64788975654116,-11.459155902616466,0.0,3.3707882101304725e-16,1.519437897176952e-16,-11.459155902616462,0.0,2.522320336561492e-16,8.772765763499497e-16,-11.459155902616464,0.0,7.988169706413545e-16,7.851665043657955e-16,-11.459155902616466,0.0,7.32727837964805e-17,2.1648083130330217e-16
47637.776,-25.610520350368684,22.049091041071016,13.44224518751814,-28.647889756541154,7.756085446614131,-28.64788975654116,-1.3819478610458003,-28.64788975654116,-11.459155902616466,0.0,1.5872614505718721e-15,1.519437897176952e-16,-11.459155902616464,0.0,8.773233484355618e-16,9.814584621465184e-16,-11.459155902616466,0.0,3.8208942745507937e-16,7.330755614675111e-16,-11.459155902616466,0.0,3.4870944831868217e-17,2.360149348901588e-16
47637.809,-25.688963447413826,22.100627613195293,13.317011904967416,-28.647889756541158,7.774973992200288,-28.64788975654116,-1.3714382902582796,-28.64788975654116,-11.459155902616466,0.0,8.800630723971649e-16,4.17647075983552e-16,-11.459155902616464,0.0,7.00187824258324e-16,1.0700262242351375e-15,-11.459155902616466,0.0,6.477927137209361e-16,5.116561562459638e-16,-11.459155902616466,0.0,1.933432632353619e-17,6.456408345500212e-16
47637.842,-25.688963447413826,22.100627613195293,13.317011904967416,-28.647889756541158,7.774973992200288,-28.64788975654116,-1.3714382902582796,-28.64788975654116,-11.459155902616466,0.0,8.800630723971649e-16,4.17647075983552e-16,-11.459155902616464,0.0,7.00187824258324e-16,1.0700262242351375e-15,-11.459155902616466,0.0,6.477927137209361e-16,5.116561562459638e-16,-11.459155902616466,0.0,1.933432632353619e-17,6.456408345500212e-16
47637.875,-25.688963447413826,22.100627613195293,13.317011904967416,-28.647889756541158,7.774973992200288,-28.64788975654116,-1.3714382902582796,-28.64788975654116,-11.459155902616466,0.0,8.800630723971649e-16,4.17647075983552e-16,-11.459155902616464,0.0,7.00187824258324e-16,1.0700262242351375e-15,-11.459155902616466,0.0,6.477927137209361e-16,5.116561562459638e-16,-11.459155902616466,0.0,1.933432632353619e-17,6.456408345500212e-16
47637.91,-25.688963447413826,22.100627613195293,13.317011904967416,-28.647889756541158,7.774973992200288,-28.64788975654116,-1.3714382902582796,-28.64788975654116,-11.459155902616466,0.0,8.800630723971649e-16,4.17647075983552e-16,-11.459155902616464,0.0,7.00187824258324e-16,1.0700262242351375e-15,-11.459155902616466,0.0,6.477927137209361e-16,5.116561562459638e-16,-11.459155902616466,0.0,1.933432632353619e-17,6.456408345500212e-16
47637.944,-25.807480413073385,22.114462156759963,13.227353391012182,-28.647889756541158,7.773555866544085,-28.64788975654116,-1.3675537919661345,-28.64788975654116,-11.459155902616466,0.0,4.820797813636268e-16,1.136804406374145e-15,-11.459155902616464,0.0,3.835479567532571e-16,5.861375444688911e-16,-11.459155902616466,0.0,5.57898047422112e-16,2.802743299574474e-16,-11.459155902616466,0.0,1.0590931603885084e-17,3.5366827915129147e-16
47637.976,-25.796243044341423,22.22738012477908,12.865624865021013,-28.64788975654116,7.767949988782798,-28.64788975654116,-1.360005152272801,-28.64788975654116,-11.459155902616464,0.0,4.820797813636268e-16,0.0,-11.459155902616466,0.0,0.0,0.0,-11.459155902616466,0.0,1.603287122391724e-16,4.4547523493783126e-15,-11.459155902616466,0.0,6.028709850175253e-17,1.0494146157214358e-15
47638.009,-25.692896272557018,22.121996523399716,12.968338217891636,-28.647889756541158,7.742828758150864,-28.647889756541158,-1.3634894547396754,-28.64788975654116,-11.459155902616462,0.0,1.2248148567100073e-15,5.570513065097853e-16,-11.459155902616466,0.0,3.7136753767319023e-16,0.0,-11.459155902616466,0.0,4.388543654940651e-16,2.3741713481156754e-15,-11.459155902616466,0.0,3.213015914203698e-17,8.927439357655586e-16
47638.044,-25.692896272557018,22.121996523399716,12.968338217891636,-28.647889756541158,7.742828758150864,-28.647889756541158,-1.3634894547396754,-28.64788975654116,-11.459155902616462,0.0,1.2248148567100073e-15,5.570513065097853e-16,-11.459155902616466,0.0,3.7136753767319023e-16,0.0,-11.459155902616466,0.0,4.388543654940651e-16,2.3741713481156754e-15,-11.459155902616466,0.0,3.213015914203698e-17,8.927439357655586e-16
47638.075,-25.692896272557018,22.121996523399716,12.968338217891636,-28.647889756541158,7.742828758150864,-28.647889756541158,-1.3634894547396754,-28.64788975654116,-11.459155902616462,0.0,1.2248148567100073e-15,5.570513065097853e-16,-11.459155902616466,0.0,3.7136753767319023e-16,0.0,-11.459155902616466,0.0,4.388543654940651e-16,2.3741713481156754e-15,-11.459155902616466,0.0,3.213015914203698e-17,8.927439357655586e-16
47638.108,-25.680944006432686,22.022185900735867,13.07876252956442,-28.647889756541158,7.720857388450685,-28.64788975654116,-1.3648682476216798,-28.64788975654116,-11.459155902616464,0.0,5.539645833883626e-16,2.51945584466158e-16,-11.459155902616466,0.0,1.6796372297743863e-16,1.1976522218101232e-15,-11.459155902616466,0.0,7.654867896240987e-16,1.0738005295627154e-15,-11.459155902616466,0.0,1.4531967934427555e-17,1.0968892008468297e-15
47638.142,-25.701338161573144,22.17338167842276,12.448365737262268,-28.647889756541158,7.6803251026336,-28.647889756541158,-1.363109659986909,-28.647889756541158,-11.459155902616466,0.0,1.0950580144192217e-15,0.0,-11.459155902616466,0.0,0.0,0.0,-11.459155902616466,0.0,0.0,0.0,-11.459155902616466,0.0,5.756385090040632e-17,0.0
47638.176,-26.093413792827942,21.098535183095382,11.369756120200257,-28.647889756541154,7.062063015815405,-28.647889756541158,-1.4808040702028125,-28.64788975654116,-11.459155902616462,0.0,7.951386703658699e-16,3.9756933518294103e-16,-11.459155902616466,0.0,0.0,0.0,-11.459155902616466,0.0,2.2216631960709443e-31,2.981770013872049e-16,-11.459155902616466,0.0,0.0,2.758137262831644e-15
47638.209,-26.010159923945935,21.982318970384394,11.366629021673267,-28.64788975654116,7.234754183181047,-28.64788975654116,-1.352720404998633,-28.64788975654116,-11.459155902616466,0.0,0.0,1.1927080055488217e-15,-11.45915590261646,0.0,2.2599200246016812e-29,0.0,-11.459155902616466,0.0,0.0,1.9878466759146916e-16,-11.459155902616464,0.0,2.0872390097104314e-15,3.2799470152592518e-15
47638.243,-25.15256730153815,22.904965234021315,11.9276641952579,-28.647889756541154,7.778670878460345,-28.647889756541158,-1.0852365634582235,-28.64788975654116,-11.459155902616466,0.0,0.0,7.664480721812186e-16,-11.459155902616466,0.0,0.0,3.6887873699827216e-16,-11.459155902616466,0.0,0.0,0.0,-11.459155902616466,0.0,0.0,0.0
47638.275,-24.640393816944822,27.35768649286388,14.361482251606253,-28.64788975654116,9.345663543343676,-28.647889756541158,-0.49638955602145785,-28.647889756541158,-11.459155902616466,0.0,3.9756933518294e-15,1.5902773407317665e-15,-11.459155902616466,0.0,0.0,0.0,-11.459155902616466,0.0,0.0,0.0,-11.459155902616466,0.0,0.0,3.975693351829396e-16
47638.308,-24.76519419476815,27.228484405312273,13.61180750929527,-28.64788975654116,11.876377816133159,-28.647889756541158,0.35947025418433204,-28.64788975654116,-11.459155902616455,0.0,3.180554681463514e-15,0.0,-11.459155902616452,0.0,3.180554681463533e-15,3.9756933518294487e-16,-11.459155902616466,0.0,0.0,6.358900949758867e-32,-11.459155902616466,0.0,3.975693351829397e-15,0.0
47638.342,-25.991508331445193,28.64788975654112,15.607453881499103,-28.64788975654116,13.634418080685265,-28.64788975654116,0.8395077275306566,-28.64788975654116,-11.459155902616452,0.0,0.0,0.0,-11.459155902616459,0.0,0.0,1.0336802714756421e-14,-11.459155902616459,0.0,0.0,7.951386703658906e-16,-11.459155902616466,0.0,0.0,3.5781240166464575e-15
47638.378,-26.683491113852615,28.647889756541126,18.03360445036946,-28.64788975654116,17.553227207034773,-28.64788975654116,1.8093581769982325,-28.64788975654116,-11.459155902616446,0.0,0.0,0.0,-11.459155902616446,0.0,0.0,1.5902773407317495e-15,-11.459155902616459,0.0,3.180554681463569e-15,0.0,-11.459155902616466,0.0,0.0,0.0
47638.409,-26.721115519119554,28.647889756541147,18.798787266871805,-28.64788975654116,20.21767292702512,-28.647889756541147,2.244846559102976,-28.647889756541137,-11.459155902616459,0.0,4.770832022195201e-15,4.770832022195306e-15,-11.459155902616459,0.0,6.361109362927053e-15,9.037376195143033e-15,-11.459155902616466,0.0,0.0,9.541664044390547e-15,-11.459155902616443,0.0,5.565970692561156e-15,7.951386703658795e-15
47638.444,-26.88524395233633,28.517903141107134,19.04248594481761,-28.647889756541158,20.27796192807483,-28.647889756541154,2.2273212501313546,-28.64788975654115,-11.459155902616459,0.0,4.199141465260642e-15,1.810238385713175e-15,-11.459155902616452,0.0,2.7127494277120524e-15,3.429130436466386e-15,-11.45915590261646,0.0,0.0,3.620476771426326e-15,-11.459155902616452,0.0,2.1119447833320247e-15,3.017063976188607e-15
47638.476,-27.156135317195996,27.295906155604357,18.13848499397319,-28.647889756541158,20.747714370342695,-28.64788975654116,2.175514582391144,-28.64788975654116,-11.459155902616462,0.0,2.6088641245291538e-15,0.0,-11.459155902616466,0.0,9.493740001210983e-15,2.5237365142910824e-15,-11.459155902616466,0.0,0.0,7.951386703658691e-16,-11.459155902616466,0.0,0.0,0.0
47638.513,-27.568326634966635,28.321932179587396,18.42146241566876,-28.64788975654116,21.64150919231828,-28.647889756541154,2.297754371106751,-28.64788975654116,-11.459155902616452,0.0,3.422994145553566e-16,0.0,-11.459155902616434,0.0,0.0,1.0743778284545188e-15,-11.459155902616452,0.0,1.5902773407316694e-15,0.0,-11.459155902616466,0.0,0.0,0.0
47638.544,-27.20557988752565,28.466859661379612,18.169653662035138,-28.64788975654116,21.705751306331408,-28.647889756541154,2.2824885098642147,-28.647889756541158,-11.459155902616452,0.0,5.958125052195871e-15,3.708287859886128e-15,-11.45915590261645,0.0,1.5694878124245155e-15,2.279096459470289e-15,-11.45915590261646,0.0,3.678788204774417e-15,0.0,-11.459155902616464,0.0,2.124106762583637e-15,1.307906510353763e-16
47638.577,-27.30906644318341,28.647889756541154,17.781169816862835,-28.64788975654116,21.868379344124577,-28.64788975654116,2.2840360981048753,-28.64788975654115,-11.459155902616466,0.0,4.082308516866396e-18,2.1180105191543705e-15,-11.45915590261646,0.0,1.0742074373827387e-14,2.482629769094302e-15,-11.459155902616466,0.0,2.1265000003030036e-15,2.035333096240128e-15,-11.45915590261646,0.0,4.9165893929293e-15,1.3329959406492815e-15
47638.61,-27.480974424554027,28.647889756541147,17.419994181045677,-28.647889756541154,22.07184940444324,-28.647889756541144,2.2996525291339727,-28.647889756541154,-11.459155902616454,0.0,1.8918971134063073e-14,4.9612932527896985e-15,-11.459155902616466,0.0,1.6525115660865607e-14,7.145123204730219e-15,-11.459155902616462,0.0,1.3861021837614367e-14,1.3191393436304332e-14,-11.45915590261645,0.0,8.374315345545455e-15,4.994020940793939e-17
47638.644,-27.868900754005317,28.64788975654116,17.760809819474748,-28.64788975654116,22.34175602259375,-28.64788975654116,2.3227923051170785,-28.64788975654116,-11.459155902616466,0.0,0.0,0.0,-11.459155902616466,0.0,0.0,0.0,-11.45915590261646,0.0,6.947691805423831e-15,7.33035968563056e-15,-11.459155902616466,0.0,3.8749229747489834e-16,3.0761654665348173e-17
47638.679,-27.672420117246148,28.64788975654114,17.696071578974077,-28.64788975654115,22.464800172944233,-28.64788975654116,2.3236870598983503,-28.64788975654116,-11.459155902616459,0.0,0.0,0.0,-11.459155902616459,0.0,0.0,0.0,-11.459155902616457,0.0,0.0,0.0,-11.459155902616466,0.0,0.0,0.0
47638.711,-27.780514293206895,28.607442286426846,17.679359995885264,-28.647889756541154,22.503620643287096,-28.64788975654115,2.320646448409904,-28.64788975654116,-11.459155902616459,0.0,1.880755005418559e-15,9.403775027092794e-16,-11.459155902616462,0.0,3.761510010837118e-15,1.880755005418559e-15,-11.45915590261646,0.0,5.642265016255677e-15,2.194214172988318e-15,-11.459155902616462,0.0,1.2538366702790391e-15,9.403775027092794e-16
47638.742,-27.530440987829436,28.474237975492997,17.95055397881465,-28.647889756541154,22.509301391563394,-28.64788975654115,2.3128175180123156,-28.64788975654116,-11.45915590261646,0.0,3.427151530204782e-15,1.1336770683075574e-15,-11.459155902616457,0.0,5.694505666819896e-15,1.687455439820281e-15,-11.45915590261646,0.0,4.869066753862564e-15,1.6607969688256025e-15,-11.45915590261646,0.0,1.0605371046807612e-15,7.117701294966868e-16
47638.777,-27.402361589745336,28.427202287482903,18.08437626663215,-28.647889756541154,22.528887404147614,-28.647889756541147,2.3095372997715775,-28.64788975654116,-11.459155902616462,0.0,5.7627335617526665e-15,1.5229407402322045e-15,-11.459155902616459,0.0,6.0837693387445444e-15,1.2744047826239644e-15,-11.459155902616462,0.0,6.426121441561154e-15,1.2715332969009552e-15,-11.459155902616459,0.0,1.839064448530056e-15,5.375450134885123e-16
47638.81,-27.637286279728656,28.252113401205982,18.138266546198636,-28.64788975654116,22.686338171293496,-28.647889756541158,2.303866098070145,-28.64788975654116,-11.459155902616466,0.0,1.8309222357382933e-14,5.8270629290360955e-15,-11.459155902616466,0.0,4.219379675070545e-15,6.449830243805402e-15,-11.459155902616466,0.0,1.2408203635783572e-14,0.0,-11.459155902616457,0.0,6.841448233409843e-15,0.0
47638.843,-27.561953889243846,28.276262344812,18.145829358558654,-28.64788975654116,22.737105689433985,-28.647889756541154,2.300772141675891,-28.647889756541158,-11.459155902616466,0.0,1.1061250609589502e-14,4.216402540637555e-15,-11.459155902616462,0.0,7.440700451867625e-15,4.436504758307227e-15,-11.459155902616466,0.0,9.186882858986491e-15,2.818655679697445e-15,-11.459155902616454,0.0,3.3768796997973505e-15,1.0066627427490877e-15
47638.875,-27.494841540940307,28.25580766744635,18.209998565403993,-28.64788975654116,22.760917853441203,-28.647889756541154,2.2984222570699155,-28.647889756541158,-11.459155902616459,0.0,8.178254177475181e-15,3.1174424040253947e-15,-11.459155902616457,0.0,5.501361618285057e-15,3.607527265395681e-15,-11.459155902616466,0.0,6.792420294170488e-15,4.062121919064764e-15,-11.459155902616457,0.0,2.4967321947986967e-15,7.442868868786871e-16
47638.91,-27.494841540940307,28.25580766744635,18.209998565403993,-28.64788975654116,22.760917853441203,-28.647889756541154,2.2984222570699155,-28.647889756541158,-11.459155902616459,0.0,8.178254177475181e-15,3.1174424040253947e-15,-11.459155902616457,0.0,5.501361618285057e-15,3.607527265395681e-15,-11.459155902616466,0.0,6.792420294170488e-15,4.062121919064764e-15,-11.459155902616457,0.0,2.4967321947986967e-15,7.442868868786871e-16
47638.944,-27.3792645680172,28.21096707700075,18.30659043814998,-28.64788975654116,22.779307335977805,-28.647889756541154,2.294739100121896,-28.647889756541158,-11.459155902616459,0.0,6.146419784348923e-15,2.342933987237046e-15,-11.459155902616459,0.0,4.134583880336691e-15,2.8173390111818232e-15,-11.459155902616464,0.0,5.104887372501736e-15,3.469480728404371e-15,-11.459155902616459,0.0,1.8764352177507495e-15,1.139381013985616e-15
47638.976,-27.190392537518857,28.15074948505203,18.477127785170357,-28.64788975654116,22.79790909210909,-28.647889756541154,2.291417566280597,-28.647889756541158,-11.45915590261646,0.0,7.698562006501664e-15,2.5369517650061385e-15,-11.45915590261646,0.0,6.4627972135658e-15,2.8173390111818232e-15,-11.459155902616464,0.0,5.880958483578106e-15,2.887427395097094e-15,-11.459155902616459,0.0,2.846524106596212e-15,2.6915232361383557e-15
47639.009,-27.190392537518857,28.15074948505203,18.477127785170357,-28.64788975654116,22.79790909210909,-28.647889756541154,2.291417566280597,-28.647889756541158,-11.45915590261646,0.0,7.698562006501664e-15,2.5369517650061385e-15,-11.45915590261646,0.0,6.4627972135658e-15,2.8173390111818232e-15,-11.459155902616464,0.0,5.880958483578106e-15,2.887427395097094e-15,-11.459155902616459,0.0,2.846524106596212e-15,2.6915232361383557e-15
47639.043,-27.190392537518857,28.15074948505203,18.477127785170357,-28.64788975654116,22.79790909210909,-28.647889756541154,2.291417566280597,-28.647889756541158,-11.45915590261646,0.0,7.698562006501664e-15,2.5369517650061385e-15,-11.45915590261646,0.0,6.4627972135658e-15,2.8173390111818232e-15,-11.459155902616464,0.0,5.880958483578106e-15,2.887427395097094e-15,-11.459155902616459,0.0,2.846524106596212e-15,2.6915232361383557e-15
47639.075,-27.155579545716733,28.125693140787035,18.554921181962744,-28.64788975654116,22.827313181115905,-28.647889756541158,2.28955052876195,-28.647889756541158,-11.459155902616462,0.0,5.441824303040753e-15,1.7932759077335823e-15,-11.45915590261646,0.0,4.5683085896697116e-15,1.991471119932031e-15,-11.459155902616462,0.0,4.157028646918923e-15,2.041013965807515e-15,-11.45915590261646,0.0,2.0121009676072795e-15,1.902536674543499e-15
47639.109,-27.155579545716733,28.125693140787035,18.554921181962744,-28.64788975654116,22.827313181115905,-28.647889756541158,2.28955052876195,-28.647889756541158,-11.459155902616462,0.0,5.441824303040753e-15,1.7932759077335823e-15,-11.45915590261646,0.0,4.5683085896697116e-15,1.991471119932031e-15,-11.459155902616462,0.0,4.157028646918923e-15,2.041013965807515e-15,-11.45915590261646,0.0,2.0121009676072795e-15,1.902536674543499e-15
47639.142,-27.206047391140558,28.123129269236035,18.52426777855999,-28.64788975654116,22.858069712929073,-28.647889756541158,2.286816247163785,-28.647889756541158,-11.459155902616464,0.0,3.6842710521854784e-15,1.2140991967992605e-15,-11.459155902616462,0.0,3.0928758734393012e-15,1.3482830370560073e-15,-11.459155902616464,0.0,3.129800660744209e-15,4.3522769347006205e-15,-11.459155902616462,0.0,1.3622500353213579e-15,2.287747169359017e-15
47639.175,-27.08102485640994,28.076766859892107,18.628811769783542,-28.64788975654116,22.872954860697668,-28.647889756541158,2.282036153212769,-28.647889756541158,-11.459155902616464,0.0,5.643521736704371e-15,2.193724539058707e-15,-11.459155902616462,0.0,5.443976694861973e-15,3.1116086531230115e-15,-11.459155902616464,0.0,3.913500934551766e-15,3.279860024125232e-15,-11.459155902616459,0.0,2.1459503091289154e-15,1.7240379228309464e-15
47639.208,-27.063972949421913,28.042139150117233,18.679909926170396,-28.647889756541158,22.900377694952915,-28.647889756541158,2.2776676414075094,-28.647889756541158,-11.459155902616462,0.0,4.560467387785817e-15,1.4467092727581712e-15,-11.459155902616462,0.0,5.985503869321251e-15,2.2993178914340955e-15,-11.459155902616464,0.0,3.371973760092489e-15,2.1629898493485513e-15,-11.459155902616457,0.0,2.1459503091289154e-15,1.136962095804645e-15
47639.243,-27.021940237977912,28.038220783489642,18.72462709552032,-28.647889756541158,22.92374016277829,-28.647889756541158,2.2738399960720317,-28.647889756541158,-11.459155902616459,0.0,3.2364467610801184e-15,1.026692472921299e-15,-11.459155902616462,0.0,4.247758609825865e-15,1.6317669461591032e-15,-11.459155902616462,0.0,2.393003310039463e-15,1.5350184305499667e-15,-11.459155902616459,0.0,1.5229259058008948e-15,8.068728442819479e-16
47639.276,-27.021940237977912,28.038220783489642,18.72462709552032,-28.647889756541158,22.92374016277829,-28.647889756541158,2.2738399960720317,-28.647889756541158,-11.459155902616459,0.0,3.2364467610801184e-15,1.026692472921299e-15,-11.459155902616462,0.0,4.247758609825865e-15,1.6317669461591032e-15,-11.459155902616462,0.0,2.393003310039463e-15,1.5350184305499667e-15,-11.459155902616459,0.0,1.5229259058008948e-15,8.068728442819479e-16
47639.31,-27.054851686797885,28.00353626288096,18.835958255733296,-28.64788975654116,22.972316065747293,-28.647889756541158,2.2697205186826594,-28.647889756541154,-11.459155902616462,0.0,3.2364467610801184e-15,5.035863813858911e-16,-11.459155902616464,0.0,2.0834996298711e-15,8.003717114466067e-16,-11.459155902616464,0.0,1.1737534941873569e-15,7.206810620282871e-15,-11.459155902616462,0.0,7.469858465397473e-16,3.9576619738365896e-16
47639.342,-27.132651444525067,28.017774095136332,18.78385182783582,-28.64788975654116,22.996155837050253,-28.647889756541158,2.267285199268058,-28.647889756541154,-11.45915590261646,0.0,2.8231690739048834e-15,7.102252249735087e-16,-11.459155902616464,0.0,4.149888065747276e-15,8.003717114466067e-16,-11.459155902616464,0.0,8.687210844515861e-16,5.333920936971453e-15,-11.459155902616462,0.0,7.469858465397473e-16,4.990856191774678e-16
47639.375,-27.250225723468436,28.017237844042942,18.793148248751514,-28.64788975654116,23.03437056202686,-28.647889756541158,2.263544059287132,-28.647889756541154,-11.459155902616462,0.0,1.6642025209461661e-15,4.1866377071268997e-16,-11.459155902616464,0.0,2.4462772153807276e-15,4.718033475909055e-16,-11.459155902616462,0.0,5.120939557274724e-16,4.028240547601802e-15,-11.459155902616464,0.0,4.4033343252910564e-16,1.1519258138622929e-15
47639.408,-27.177389046708385,28.01371953997073,18.878031551870066,-28.64788975654116,23.0541164307068,-28.647889756541158,2.259597044847852,-28.647889756541158,-11.45915590261646,0.0,1.2452438191414434e-15,3.0836676441204817e-16,-11.459155902616462,0.0,1.801805273185548e-15,3.475067152042219e-16,-11.459155902616457,0.0,3.7718275917171655e-16,2.9670002298570843e-15,-11.459155902616464,0.0,6.498127834314669e-16,8.484508594062202e-16
47639.442,-27.177389046708385,28.01371953997073,18.878031551870066,-28.64788975654116,23.0541164307068,-28.647889756541158,2.259597044847852,-28.647889756541158,-11.45915590261646,0.0,1.2452438191414434e-15,3.0836676441204817e-16,-11.459155902616462,0.0,1.801805273185548e-15,3.475067152042219e-16,-11.459155902616457,0.0,3.7718275917171655e-16,2.9670002298570843e-15,-11.459155902616464,0.0,6.498127834314669e-16,8.484508594062202e-16
47639.476,-27.240319382590027,28.056805608203128,18.854742815932962,-28.64788975654116,23.086143356165184,-28.647889756541158,2.2562429271163382,-28.647889756541158,-11.459155902616462,0.0,3.4308415531115396e-15,3.0836676441204817e-16,-11.459155902616462,0.0,1.801805273185548e-15,1.7135052989355318e-15,-11.45915590261646,0.0,2.5627804931418126e-15,4.059799096842132e-15,-11.459155902616462,0.0,1.1962122169239909e-15,5.569337403152296e-16
47639.51,-27.156573352837295,28.071646878791153,18.92048654454521,-28.647889756541158,23.107519003098723,-28.647889756541158,2.252015967656654,-28.647889756541158,-11.459155902616452,0.0,2.4591138806001168e-15,2.2102710922154922e-16,-11.45915590261646,0.0,1.3513861923173485e-15,1.2281839892234826e-15,-11.459155902616462,0.0,1.8369163909363887e-15,3.609380015973932e-15,-11.459155902616462,0.0,8.574053978428042e-16,1.345167131834579e-15
47639.543,-27.156573352837295,28.071646878791153,18.92048654454521,-28.647889756541158,23.107519003098723,-28.647889756541158,2.252015967656654,-28.647889756541158,-11.459155902616452,0.0,2.4591138806001168e-15,2.2102710922154922e-16,-11.45915590261646,0.0,1.3513861923173485e-15,1.2281839892234826e-15,-11.459155902616462,0.0,1.8369163909363887e-15,3.609380015973932e-15,-11.459155902616462,0.0,8.574053978428042e-16,1.345167131834579e-15
47639.575,-27.276948228790182,28.05264824630955,18.90793604288797,-28.647889756541158,23.13150771410159,-28.647889756541158,2.246167935529385,-28.647889756541158,-11.459155902616454,0.0,1.6151407357941286e-15,1.4517013247528952e-16,-11.459155902616459,0.0,8.875875599827088e-16,8.066686165672362e-16,-11.459155902616464,0.0,1.2064827557011162e-15,3.609380015973932e-15,-11.459155902616464,0.0,5.631420309854595e-16,8.83502894362572e-16
47639.609,-27.276948228790182,28.05264824630955,18.90793604288797,-28.647889756541158,23.13150771410159,-28.647889756541158,2.246167935529385,-28.647889756541158,-11.459155902616454,0.0,1.6151407357941286e-15,1.4517013247528952e-16,-11.459155902616459,0.0,8.875875599827088e-16,8.066686165672362e-16,-11.459155902616464,0.0,1.2064827557011162e-15,3.609380015973932e-15,-11.459155902616464,0.0,5.631420309854595e-16,8.83502894362572e-16
47639.643,-27.235966848226006,28.015725803788897,18.99298744024483,-28.647889756541158,23.145240800320437,-28.647889756541158,2.240198617110847,-28.647889756541158,-11.459155902616457,0.0,1.1884589900934277e-15,1.068196381961001e-16,-11.459155902616459,0.0,6.531080492115061e-16,5.935659649585843e-16,-11.45915590261646,0.0,8.87758723205436e-16,2.6558677108336807e-15,-11.459155902616464,0.0,4.1437330790562677e-16,6.50102455042407e-16
47639.676,-27.235966848226006,28.015725803788897,18.99298744024483,-28.647889756541158,23.145240800320437,-28.647889756541158,2.240198617110847,-28.647889756541158,-11.459155902616457,0.0,1.1884589900934277e-15,1.068196381961001e-16,-11.459155902616459,0.0,6.531080492115061e-16,5.935659649585843e-16,-11.45915590261646,0.0,8.87758723205436e-16,2.6558677108336807e-15,-11.459155902616464,0.0,4.1437330790562677e-16,6.50102455042407e-16
47639.709,-27.419005672698592,27.89000763437835,19.145452630445146,-28.64788975654116,23.206041436764597,-28.64788975654116,2.2203637477611298,-28.64788975654115,-11.459155902616464,0.0,0.0,0.0,-11.459155902616466,0.0,0.0,0.0,-11.459155902616466,0.0,0.0,0.0,-11.459155902616466,0.0,0.0,0.0
47639.743,-27.205295883758065,28.162019918074108,19.03031613160624,-28.64788975654116,23.290401103203425,-28.64788975654116,2.2084860487944775,-28.64788975654116,-11.459155902616457,0.0,3.1805546814635168e-15,0.0,-11.459155902616466,0.0,0.0,0.0,-11.459155902616466,0.0,1.5902773407317584e-15,0.0,-11.459155902616464,0.0,1.5902773407317584e-15,0.0
47639.775,-27.319975434095767,28.023249632807993,19.172991151776355,-28.64788975654116,23.332327153982618,-28.647889756541158,2.1906108139076785,-28.647889756541158,-11.459155902616455,0.0,9.346378198045463e-15,3.732537772501335e-15,-11.459155902616466,0.0,6.37284309692988e-15,3.6290279823273685e-15,-11.459155902616464,0.0,6.7667596266886676e-15,6.29418914356526e-15,-11.459155902616457,0.0,4.673189099022731e-15,4.805106732232942e-15
47639.808,-27.281349971183058,27.94399730441846,19.266463613343983,-28.647889756541158,23.33721600938248,-28.647889756541158,2.1811846021717622,-28.647889756541158,-11.459155902616457,0.0,6.681621362729642e-15,2.6683495563185772e-15,-11.459155902616464,0.0,4.555874337149704e-15,2.5943515636605577e-15,-11.459155902616464,0.0,4.8374808637205044e-15,4.7072687200720655e-15,-11.459155902616459,0.0,3.340810681364821e-15,3.435117123657345e-15
47639.841,-27.38129174119758,27.913108087850546,19.23913014738435,-28.647889756541158,23.353835120055496,-28.647889756541158,2.173870668220681,-28.647889756541158,-11.45915590261646,0.0,4.487388777562757e-15,1.7920683025275232e-15,-11.459155902616464,0.0,3.0597332986495016e-15,1.7423711191959442e-15,-11.45915590261646,0.0,3.2488607421875456e-15,3.1614100351825493e-15,-11.45915590261646,0.0,2.2436943887813787e-15,3.1739949969269683e-15
47639.876,-27.51103899991508,27.88609646689522,19.223920600287922,-28.647889756541158,23.375711993261607,-28.647889756541158,2.1678263697948927,-28.647889756541158,-11.459155902616455,0.0,3.946120357211835e-15,1.1821181042660717e-15,-11.459155902616464,0.0,2.5184648782985803e-15,1.1493359050248754e-15,-11.459155902616462,0.0,2.143075180874821e-15,4.243946875884392e-15,-11.459155902616462,0.0,1.4800282744122308e-15,2.6327265765760466e-15
47639.91,-27.51103899991508,27.88609646689522,19.223920600287922,-28.647889756541158,23.375711993261607,-28.647889756541158,2.1678263697948927,-28.647889756541158,-11.459155902616455,0.0,3.946120357211835e-15,1.1821181042660717e-15,-11.459155902616464,0.0,2.5184648782985803e-15,1.1493359050248754e-15,-11.459155902616462,0.0,2.143075180874821e-15,4.243946875884392e-15,-11.459155902616462,0.0,1.4800282744122308e-15,2.6327265765760466e-15
47639.943,-27.608729488066476,27.878342494639963,19.36331622351142,-28.64788975654116,23.441360356469186,-28.64788975654115,2.1506894251673305,-28.647889756541147,-11.459155902616466,0.0,5.536397697943594e-15,4.362672785729589e-15,-11.459155902616466,0.0,7.289296900493855e-15,1.9444745753907545e-15,-11.459155902616452,0.0,5.323629862338338e-15,9.014778898079667e-15,-11.459155902616455,0.0,5.455721626241627e-15,4.223003917307805e-15
47639.976,-27.51413751584217,27.900017943058373,19.389567683920312,-28.64788975654116,23.45604571034732,-28.64788975654115,2.1435686645619607,-28.647889756541147,-11.459155902616466,0.0,1.2073585012379358e-14,6.122684755000757e-15,-11.459155902616466,0.0,1.2820763089631811e-14,4.458777388635279e-15,-11.459155902616454,0.0,1.0352235488827388e-14,1.0774790867350835e-14,-11.459155902616452,0.0,7.215733595512795e-15,5.857300745916746e-15
47640.009,-27.453080759648216,27.900413038860766,19.442623969126814,-28.64788975654116,23.465048375565228,-28.64788975654115,2.1368914578971547,-28.64788975654115,-11.459155902616466,0.0,1.0033886343294288e-14,5.306805287366728e-15,-11.459155902616466,0.0,1.0373124686729725e-14,4.050837654818265e-15,-11.459155902616455,0.0,7.696668386437525e-15,8.010829383539121e-15,-11.459155902616454,0.0,5.9919143940617525e-15,4.83745141137421e-15
47640.042,-27.416469853537148,27.888578660030745,19.471894238342013,-28.64788975654116,23.47092672222522,-28.64788975654115,2.1294186268737105,-28.64788975654115,-11.45915590261646,0.0,7.635534877524104e-15,3.972909629303251e-15,-11.459155902616466,0.0,8.774223709549603e-15,3.251387166228204e-15,-11.459155902616457,0.0,6.4974926535524325e-15,6.611791028506515e-15,-11.459155902616454,0.0,4.592876039029145e-15,4.637588789226695e-15
47640.075,-27.416469853537148,27.888578660030745,19.471894238342013,-28.64788975654116,23.47092672222522,-28.64788975654115,2.1294186268737105,-28.64788975654115,-11.45915590261646,0.0,7.635534877524104e-15,3.972909629303251e-15,-11.459155902616466,0.0,8.774223709549603e-15,3.251387166228204e-15,-11.459155902616457,0.0,6.4974926535524325e-15,6.611791028506515e-15,-11.459155902616454,0.0,4.592876039029145e-15,4.637588789226695e-15
47640.109,-27.416469853537148,27.888578660030745,19.471894238342013,-28.64788975654116,23.47092672222522,-28.64788975654115,2.1294186268737105,-28.64788975654115,-11.45915590261646,0.0,7.635534877524104e-15,3.972909629303251e-15,-11.459155902616466,0.0,8.774223709549603e-15,3.251387166228204e-15,-11.459155902616457,0.0,6.4974926535524325e-15,6.611791028506515e-15,-11.459155902616454,0.0,4.592876039029145e-15,4.637588789226695e-15
47640.143,-27.500345664754843,27.886570346510695,19.461269398168273,-28.64788975654116,23.484859535355945,-28.647889756541154,2.1219294291238784,-28.647889756541154,-11.459155902616462,0.0,8.664351004108383e-15,4.2301136609493205e-15,-11.45915590261646,0.0,8.774223709549603e-15,4.280203292812484e-15,-11.459155902616459,0.0,7.526308780136712e-15,4.473070611160094e-15,-11.459155902616454,0.0,4.592876039029145e-15,3.1374648760520815e-15
47640.176,-27.479643782737188,27.852761083477255,19.53275040328801,-28.647889756541158,23.489408455969784,-28.64788975654115,2.1130403192623595,-28.647889756541154,-11.459155902616452,0.0,7.780731761684496e-15,3.3464944185254333e-15,-11.45915590261646,0.0,9.216033330761546e-15,3.83839367160054e-15,-11.459155902616459,0.0,6.20087991650088e-15,3.2303655925112342e-15,-11.459155902616455,0.0,3.7092567966052574e-15,4.131536523778955e-15
47640.209,-27.446066144261287,27.847796636987745,19.580676847928025,-28.647889756541158,23.495141967353497,-28.64788975654115,2.1053355265980898,-28.647889756541154,-11.459155902616452,0.0,5.766722600462622e-15,3.1406761721691343e-15,-11.45915590261646,0.0,6.830502492944633e-15,3.0151206861753442e-15,-11.459155902616459,0.0,4.59580865302813e-15,4.259456824292729e-15,-11.459155902616459,0.0,2.7491315283785373e-15,3.719900031066357e-15
47640.243,-27.446066144261287,27.847796636987745,19.580676847928025,-28.647889756541158,23.495141967353497,-28.64788975654115,2.1053355265980898,-28.647889756541154,-11.459155902616452,0.0,5.766722600462622e-15,3.1406761721691343e-15,-11.45915590261646,0.0,6.830502492944633e-15,3.0151206861753442e-15,-11.459155902616459,0.0,4.59580865302813e-15,4.259456824292729e-15,-11.459155902616459,0.0,2.7491315283785373e-15,3.719900031066357e-15
47640.275,-27.403973451976423,27.829913303928382,19.629671376740784,-28.647889756541158,23.49584896450279,-28.64788975654115,2.096590847823745,-28.647889756541154,-11.459155902616454,0.0,4.993449076886072e-15,2.3770981257924473e-15,-11.459155902616462,0.0,5.670592207579808e-15,2.628483924387069e-15,-11.459155902616459,0.0,3.4784509884916437e-15,4.259456824292729e-15,-11.45915590261646,0.0,2.362494766590262e-15,3.2366040788310137e-15
47640.309,-27.337320629846317,27.839057659273106,19.66291056326548,-28.647889756541158,23.500187911338987,-28.64788975654115,2.087784961619307,-28.647889756541158,-11.459155902616457,0.0,3.6689786938614885e-15,1.7171721316454927e-15,-11.459155902616464,0.0,4.346121824555224e-15,1.8987686265290287e-15,-11.45915590261646,0.0,2.5127692600999926e-15,7.570632781854188e-15,-11.459155902616462,0.0,1.7066229325281692e-15,3.56772167458716e-15
47640.343,-27.407715014723948,27.841646438197035,19.637304357206798,-28.647889756541158,23.50411127231576,-28.64788975654115,2.0789082751438226,-28.647889756541158,-11.459155902616457,0.0,7.609217348822148e-15,2.8116828691345646e-15,-11.459155902616462,0.0,7.410751889524625e-15,1.8987686265290287e-15,-11.459155902616462,0.0,6.8908122100562805e-15,7.351730634356373e-15,-11.459155902616457,0.0,3.676742260008499e-15,4.33387919082951e-15
47640.376,-27.407715014723948,27.841646438197035,19.637304357206798,-28.647889756541158,23.50411127231576,-28.64788975654115,2.0789082751438226,-28.647889756541158,-11.459155902616457,0.0,7.609217348822148e-15,2.8116828691345646e-15,-11.459155902616462,0.0,7.410751889524625e-15,1.8987686265290287e-15,-11.459155902616462,0.0,6.8908122100562805e-15,7.351730634356373e-15,-11.459155902616457,0.0,3.676742260008499e-15,4.33387919082951e-15
47640.408,-27.242398072848044,27.800214162947366,19.766191697736364,-28.647889756541158,23.493994040994746,-28.647889756541154,2.0668392523681685,-28.647889756541158,-11.459155902616459,0.0,5.776208995671257e-15,2.134367719721373e-15,-11.45915590261646,0.0,5.625552506472427e-15,1.4413682667315387e-15,-11.459155902616462,0.0,5.230862735359978e-15,5.5807490675101475e-15,-11.459155902616459,0.0,2.7910402270626674e-15,3.289877371172329e-15
47640.442,-27.32424119263943,27.785874584322464,19.76761607571159,-28.647889756541158,23.49521295559832,-28.647889756541158,2.0537393867863054,-28.647889756541158,-11.459155902616459,0.0,9.885008792915446e-15,2.721339119327686e-15,-11.459155902616459,0.0,6.212523906078739e-15,4.082739564959946e-15,-11.459155902616459,0.0,6.991776934178916e-15,6.754691866722773e-15,-11.459155902616454,0.0,4.551954425881606e-15,3.876848770778642e-15
47640.476,-27.32424119263943,27.785874584322464,19.76761607571159,-28.647889756541158,23.49521295559832,-28.647889756541158,2.0537393867863054,-28.647889756541158,-11.459155902616459,0.0,9.885008792915446e-15,2.721339119327686e-15,-11.459155902616459,0.0,6.212523906078739e-15,4.082739564959946e-15,-11.459155902616459,0.0,6.991776934178916e-15,6.754691866722773e-15,-11.459155902616454,0.0,4.551954425881606e-15,3.876848770778642e-15
47640.509,-27.368675182462912,27.687720115177214,19.876499257012842,-28.647889756541158,23.480757967419994,-28.647889756541158,2.0339649116793312,-28.647889756541158,-11.459155902616462,0.0,9.221712734269779e-15,3.384635177973353e-15,-11.459155902616462,0.0,9.529004199307072e-15,5.077683652928446e-15,-11.459155902616462,0.0,8.31836905147025e-15,3.937346503239482e-15,-11.459155902616454,0.0,4.551954425881606e-15,5.037616873408559e-15
47640.543,-27.368675182462912,27.687720115177214,19.876499257012842,-28.647889756541158,23.480757967419994,-28.647889756541158,2.0339649116793312,-28.647889756541158,-11.459155902616462,0.0,9.221712734269779e-15,3.384635177973353e-15,-11.459155902616462,0.0,9.529004199307072e-15,5.077683652928446e-15,-11.459155902616462,0.0,8.31836905147025e-15,3.937346503239482e-15,-11.459155902616454,0.0,4.551954425881606e-15,5.037616873408559e-15
47640.576,-27.466637659689447,27.592960843181636,20.026482022188823,-28.647889756541158,23.456121760120944,-28.647889756541158,1.9974752302478571,-28.647889756541158,-11.459155902616464,0.0,3.642610650569407e-15,1.3369434185214705e-15,-11.459155902616462,0.0,3.7639919162440805e-15,2.7145970484954298e-15,-11.459155902616459,0.0,3.285786553472794e-15,4.0942574163472664e-15,-11.459155902616462,0.0,1.7980388405512234e-15,2.8166930707571608e-15
47640.609,-27.386727768156902,27.63232208779636,20.068002283875817,-28.647889756541158,23.45034230775721,-28.647889756541158,1.9839114424009268,-28.647889756541158,-11.459155902616464,0.0,5.237593203491303e-15,1.071112993034488e-15,-11.45915590261646,0.0,4.8273136181920106e-15,2.1829361975214647e-15,-11.45915590261646,0.0,4.8807691063946895e-15,2.7254670007836318e-15,-11.459155902616459,0.0,1.532208415064241e-15,1.8750174292982036e-15
47640.643,-27.502271746061453,27.67420153920892,20.02620611706732,-28.647889756541154,23.45314669329515,-28.647889756541158,1.9752545489232374,-28.647889756541158,-11.459155902616462,0.0,3.79431357198998e-15,7.759553689462693e-16,-11.459155902616459,0.0,3.950874839866776e-15,1.581402777810758e-15,-11.459155902616462,0.0,4.442549717232072e-15,2.0681379170397057e-15,-11.459155902616459,0.0,1.109990592724955e-15,1.358334602038505e-15
47640.676,-27.368178493526166,27.66803172489723,20.13250180228535,-28.647889756541154,23.438649828335546,-28.647889756541158,1.962100565697041,-28.647889756541158,-11.459155902616462,0.0,3.0067467751612964e-15,5.838138258485633e-16,-11.45915590261646,0.0,2.9725618869597257e-15,1.1898168926583895e-15,-11.459155902616462,0.0,3.654982920403388e-15,1.871246217832535e-15,-11.45915590261646,0.0,1.109990592724955e-15,1.0219847075424995e-15
47640.709,-27.163609205242405,27.929803847479846,20.089292318048557,-28.64788975654116,23.40139456150771,-28.64788975654116,1.9158670152052246,-28.647889756541147,-11.459155902616466,0.0,7.777578797356571e-15,3.76436850731208e-15,-11.459155902616466,0.0,9.333671249886759e-15,8.346064925951303e-15,-11.459155902616466,0.0,8.425814942598663e-15,8.232355580759568e-15,-11.459155902616452,0.0,6.675961285286108e-15,3.804970053823077e-15
47640.743,-27.374962196103947,27.9038976795515,20.12876319495966,-28.64788975654116,23.36369202282607,-28.64788975654116,1.8739797494877652,-28.647889756541154,-11.459155902616455,0.0,2.50750495759055e-15,1.2136389666011414e-15,-11.459155902616466,0.0,5.7634911148417205e-15,2.6907858761017492e-15,-11.459155902616452,0.0,2.7164974204424065e-15,2.6541257850603632e-15,-11.45915590261646,0.0,2.1523415520042115e-15,1.2267289759491366e-15
47640.777,-27.255986287311302,27.922366793726265,20.17251250143965,-28.64788975654116,23.343861790299073,-28.647889756541158,1.8580632933293748,-28.647889756541158,-11.459155902616459,0.0,5.759055612432192e-15,1.4458925848041158e-15,-11.459155902616466,0.0,1.1337577951713106e-14,5.710082912740417e-15,-11.459155902616454,0.0,5.968048075284048e-15,3.583140257872261e-15,-11.459155902616457,0.0,3.3136096430190838e-15,8.684112964838485e-16
47640.81,-27.38012818297484,27.873716338899065,20.141616022380866,-28.647889756541158,23.30472032314666,-28.647889756541158,1.8332909631077583,-28.647889756541158,-11.459155902616462,0.0,3.586222062134569e-15,9.003719074890862e-16,-11.45915590261646,0.0,7.060024232763515e-15,3.555726267702961e-15,-11.459155902616452,0.0,3.716363778335611e-15,2.3831490812769917e-15,-11.45915590261646,0.0,2.06341817249413e-15,5.40768480119262e-16
47640.843,-27.50213761507701,27.937897186820788,20.11437950950418,-28.647889756541158,23.26230676605168,-28.647889756541158,1.8081418104844158,-28.647889756541158,-11.459155902616464,0.0,2.2709168743408945e-15,5.701458868061419e-16,-11.459155902616462,0.0,4.470645678281114e-15,2.251605907822009e-15,-11.459155902616455,0.0,2.353327002396579e-15,1.5090904492179335e-15,-11.459155902616462,0.0,1.3066260442192159e-15,3.424328570115271e-16
47640.876,-28.36637141026929,28.64788975654116,20.69005941589024,-28.64788975654116,21.7502977988152,-28.64788975654116,1.0565113801283659,-28.64788975654116,-11.459155902616466,0.0,0.0,0.0,-11.459155902616459,0.0,0.0,0.0,-11.45915590261645,0.0,0.0,0.0,-11.459155902616466,0.0,0.0,0.0
47640.91,-29.035337428275604,28.647889756541154,20.113439826905744,-28.647889756541158,21.748687198748467,-28.647889756541158,1.0526992935393409,-28.64788975654116,-11.459155902616462,0.0,4.85564025085169e-15,1.6185467502838967e-15,-11.459155902616454,0.0,5.260276938422664e-15,2.427820125425845e-15,-11.459155902616454,0.0,3.641730188138767e-15,0.0,-11.459155902616459,0.0,2.0231834378548707e-15,2.0231834378548708e-16
47640.944,-30.28348832259603,28.647889756541147,20.012859917383835,-28.64788975654116,19.019861396027796,-28.64788975654116,0.11995510026648117,-28.64788975654116,-11.45915590261644,0.0,0.0,0.0,-11.459155902616466,0.0,0.0,0.0,-11.459155902616455,0.0,0.0,0.0,-11.459155902616466,0.0,0.0,0.0
47640.977,-30.29355530780005,27.483448789602075,18.58937774205383,-28.64788975654116,17.651577812736296,-28.64788975654116,-0.24041082327142368,-28.64788975654116,-11.459155902616466,0.0,0.0,0.0,-11.459155902616466,0.0,0.0,2.2916760539872404e-29,-11.459155902616466,0.0,3.1805546814635168e-15,3.1805546814635168e-15,-11.459155902616466,0.0,0.0,6.758678698109974e-15
47641.01,-29.460937484997615,25.43611647876736,14.893315776180625,-28.64788975654115,15.937290353692815,-28.64788975654116,-0.6489785107284713,-28.64788975654116,-11.459155902616455,0.0,0.0,8.209233993035052e-15,-11.459155902616466,0.0,1.5902773407316115e-15,0.0,-11.459155902616462,0.0,0.0,0.0,-11.459155902616466,0.0,0.0,1.05298595974215e-15
47641.046,-29.810481630580192,25.05760985681282,12.168561007340216,-28.64788975654116,14.210719659547614,-28.64788975654116,-0.9871908930130439,-28.64788975654116,-11.459155902616452,0.0,0.0,0.0,-11.459155902616455,0.0,4.7708320221952326e-15,9.541664044390542e-15,-11.459155902616462,0.0,5.526589038322743e-15,3.975693351829386e-15,-11.459155902616459,0.0,5.943849200624892e-15,1.1927080055488188e-15
47641.077,-30.623566335906677,28.64788975654116,13.5433678093046,-28.647889756541154,10.307190628453522,-28.64788975654116,-1.5886422430373675,-28.64788975654116,-11.459155902616459,0.0,7.951386703659006e-16,0.0,-11.459155902616459,0.0,3.180554681463502e-15,1.1465759731234302e-15,-11.45915590261645,0.0,0.0,7.951386703659106e-16,-11.459155902616455,0.0,0.0,0.0
47641.111,-28.172789957108023,28.64788975654116,13.081250556136913,-28.64788975654116,9.650015283820888,-28.64788975654116,-1.5989597338625756,-28.64788975654116,-11.459155902616466,0.0,0.0,7.951386703658792e-16,-11.459155902616466,0.0,0.0,0.0,-11.459155902616459,0.0,0.0,7.951386703658788e-16,-11.459155902616466,0.0,0.0,0.0
47641.144,-26.859141021829732,28.64788975654116,13.875541178475137,-28.64788975654116,9.392849399273667,-28.64788975654116,-1.6119989550586122,-28.64788975654116,-11.459155902616466,0.0,0.0,0.0,-11.459155902616459,0.0,1.5107634736951704e-14,0.0,-11.459155902616466,0.0,1.3172503424706133e-15,0.0,-11.459155902616466,0.0,0.0,9.256665883920632e-16
47641.176,-26.01791830733679,28.64788975654116,14.26535021677841,-28.64788975654116,9.158215036769047,-28.64788975654116,-1.6231174452991899,-28.64788975654116,-11.459155902616466,0.0,0.0,0.0,-11.459155902616464,0.0,3.25698600475752e-16,0.0,-11.459155902616466,0.0,0.0,0.0,-11.459155902616466,0.0,0.0,0.0
47641.21,-25.444661791046556,28.64788975654116,18.15012054545499,-28.647889756541154,10.774537291828715,-28.64788975654116,-0.7023337754860389,-28.64788975654116,-11.459155902616466,0.0,0.0,2.8249000307521015e-30,-11.459155902616462,0.0,1.427877507590068e-31,7.95138670365879e-16,-11.459155902616466,0.0,0.0,4.0999337690740716e-16,-11.459155902616464,0.0,0.0,0.0
47641.243,-24.444121443259736,28.647889756541158,18.14355150768031,-28.647889756541154,10.654745075259754,-28.64788975654115,-0.7305676359573441,-28.64788975654116,-11.459155902616466,0.0,5.105632315435193e-31,3.0043002488022482e-30,-11.459155902616466,0.0,1.987846675914698e-15,5.276636358274539e-15,-11.459155902616466,0.0,0.0,1.515335028693224e-15,-11.459155902616466,0.0,0.0,0.0
47641.276,-25.167260065024923,28.64788975654116,17.8026101001431,-28.647889756541158,8.459876613145564,-28.64788975654116,-1.3820175394441,-28.647889756541158,-11.459155902616466,0.0,0.0,0.0,-11.459155902616466,0.0,1.223109763746279e-15,1.8877748881860244e-15,-11.459155902616462,-2.3883067701942747e-05,4.965943229144779e-16,0.0,-11.459155902616462,0.0,3.975693351829396e-16,4.671439688399541e-15
47641.31,-24.689809838015627,28.647889756541158,17.462284967824612,-28.64788975654116,8.284208331045148,-28.64788975654116,-1.3993295881774916,-28.64788975654116,-11.459155902616466,0.0,0.0,1.6640374483725651e-15,-11.459155902616457,0.0,1.9999550960921495e-15,2.5107251304299195e-15,-11.459155902616464,-8.404534772185046e-05,0.0,0.026283515641114003,-11.459155902616464,0.0,1.5902773407317602e-15,0.0
47641.343,-24.447831176760886,28.64788975654116,17.354735955379944,-28.64788975654116,8.222059159126733,-28.64788975654116,-1.3988702579558083,-28.64788975654116,-11.459155902616464,0.0,0.0,8.68898778006686e-16,-11.459155902616464,0.0,1.20481642572627e-15,0.0,-11.459155902616466,-0.00032182130820291937,0.0,0.0,-11.459155902616466,0.0,0.0,0.0
47641.376,-23.608150605664974,28.64788975654116,16.691714523724585,-28.64788975654115,8.164560076004577,-28.64788975654116,-1.3823119412837646,-28.647889756541158,-11.459155902616466,0.0,0.0,0.0,-11.459155902616466,0.0,8.072470905433302e-16,0.0,-11.459155902616466,-0.00032182130820291937,0.0,1.366644589691355e-16,-11.459155902616464,0.0,1.9878466759146963e-16,0.0
47641.409,-23.668632737586794,28.647889756541158,16.521998498954122,-28.647889756541158,8.154536380567126,-28.64788975654116,-1.3768883478236529,-28.647889756541158,-11.459155902616464,0.0,2.066656448156287e-15,2.066656448156287e-16,-11.459155902616466,0.0,2.0472409594371023e-15,0.0,-11.459155902616466,-0.00032182130820291937,1.0333282240781435e-16,9.181189284282315e-16,-11.459155902616464,0.0,1.5421113588930563e-15,6.716633456507932e-16
47641.442,-23.82567178158526,28.647889756541158,16.347082788645455,-28.647889756541158,8.145797809732109,-28.647889756541158,-1.3729819263185326,-28.647889756541158,-11.459155902616464,0.0,1.7176073707618621e-15,3.811901835128412e-16,-11.459155902616466,0.0,1.1485454303078448e-15,1.090778366857578e-15,-11.459155902616466,-0.00032182130820291937,5.797189648351872e-17,5.15084115948579e-16,-11.459155902616464,0.0,9.312754734528125e-16,3.768173271428717e-16
47641.476,-23.558651254294947,28.647889756541158,16.50368517843589,-28.647889756541158,8.097346512849745,-28.647889756541158,-1.3819140972919846,-28.647889756541158,-11.459155902616464,0.0,1.0059963812065922e-15,2.1061671387294228e-16,-11.459155902616462,0.0,6.34598881943857e-16,6.026811946575183e-16,-11.459155902616466,-0.00032182130820291937,1.913989570251318e-16,0.019437404991523695,-11.459155902616464,0.0,6.199456655223819e-16,4.657687008372804e-16
47641.509,-23.218843405597294,28.647889756541158,16.630540816798714,-28.647889756541158,8.062642267125835,-28.647889756541158,-1.3858127263824005,-28.647889756541158,-11.459155902616464,0.0,5.356404358145623e-16,2.1061671387294228e-16,-11.459155902616462,0.0,3.378907002469982e-16,6.956234278515212e-16,-11.459155902616466,-0.00041243604260361613,1.0190992996657757e-16,0.027953393697855256,-11.459155902616464,0.0,1.5493679974624115e-15,2.4799746258135794e-16
47641.543,-22.846357616771442,28.64788975654116,16.17762055029873,-28.64788975654116,8.019410803669269,-28.64788975654116,-1.3672427285307605,-28.64788975654116,-11.459155902616466,0.0,0.0,0.0,-11.459155902616466,0.0,0.0,0.0,-11.459155902616466,-0.0013090208267675341,0.0,0.09734857536253141,-11.459155902616466,0.0,0.0,0.0
47641.578,-22.798003719429158,28.64788975654116,15.99499367161046,-28.64788975654116,8.001514427383366,-28.64788975654116,-1.3594302727807352,-28.64788975654116,-11.459155902616462,0.0,3.1805546814635168e-15,0.0,-11.459155902616464,0.0,3.975693351829396e-16,0.0,-11.459155902616464,-0.0022882991990181125,9.93923337957349e-17,0.11887903917370413,-11.459155902616466,0.0,1.0933156717530838e-15,0.0
47641.61,-22.723857320233616,28.647889756541158,16.39418621208597,-28.647889756541147,7.966694976768287,-28.64788975654116,-1.3562772867051283,-28.647889756541158,-11.459155902616459,0.0,0.0,0.0,-11.459155902616462,0.0,7.951386703658792e-16,9.93923337957349e-17,-11.459155902616466,-0.003455407773444041,4.969616689786745e-17,0.14325811875559527,-11.459155902616466,0.0,0.0,4.969616689786745e-16
47641.643,-23.084515813433768,28.647889756541158,16.05575773747671,-28.647889756541154,7.984390417915019,-28.64788975654116,-1.3444759528550012,-28.647889756541158,-11.45915590261646,0.0,6.981862930502491e-16,0.0,-11.459155902616462,0.0,7.951386703658792e-16,5.575569048009433e-17,-11.459155902616466,-0.004105185826715387,2.7877845240047165e-17,0.16621869253877167,-11.459155902616466,0.0,3.9272978984076513e-16,6.933265638990571e-16
47641.676,-22.728542447234176,28.64788975654116,15.820656405299616,-28.64788975654116,7.9540285496607055,-28.64788975654116,-1.3290344744360427,-28.647889756541158,-11.459155902616466,0.0,2.478123698510117e-15,4.454381513105738e-16,-11.459155902616464,0.0,5.840678707327267e-16,3.144111503951235e-17,-11.459155902616464,-0.007544641029911407,0.0,0.2541650384146237,-11.459155902616466,0.0,4.070246140282957e-15,0.0
47641.71,-22.79130010516852,28.647889756541158,15.745618913039056,-28.647889756541158,7.953130696153941,-28.64788975654116,-1.3234982964464852,-28.647889756541158,-11.459155902616466,0.0,1.7513168844751375e-15,3.5458729955620145e-16,-11.459155902616464,0.0,7.657695742414716e-16,1.2229196679388474e-16,-11.459155902616464,-0.008732024003002974,9.08508517543724e-17,0.268565812652191,-11.459155902616466,0.0,3.1617376227392323e-15,2.1577077291663446e-16
47641.743,-22.928489254722784,28.647889756541158,15.562166450330487,-28.647889756541154,7.95470162274995,-28.64788975654116,-1.317182011903194,-28.647889756541158,-11.459155902616466,0.0,9.55763650509214e-16,1.9351246759069915e-16,-11.459155902616464,0.0,4.1791107606734535e-16,7.714200376688235e-17,-11.459155902616464,-0.010015564694150146,4.9580942486404204e-17,0.2831701360441952,-11.459155902616466,0.0,1.7254866432508676e-15,1.1775473840521e-16
47641.777,-22.648068154385093,28.647889756541158,15.540066092610441,-28.64788975654116,7.9218501203894816,-28.64788975654116,-1.3151607027956933,-28.64788975654116,-11.459155902616464,0.0,1.6062498014333467e-16,0.0,-11.459155902616462,0.0,8.154804112502849e-16,0.0,-11.459155902616466,-0.012917541317759315,0.0,0.3131614966897212,-11.459155902616464,0.0,0.0,0.0
47641.81,-22.736089718781955,28.647889756541158,15.43913588000998,-28.64788975654116,7.914673887473211,-28.647889756541158,-1.3116709804046442,-28.64788975654116,-11.459155902616464,0.0,8.765360417491605e-16,0.0,-11.45915590261646,0.0,9.944581766517413e-16,1.3423332405109234e-16,-11.459155902616466,-0.014364049409472838,0.0,0.32410264790342197,-11.459155902616464,0.0,0.0,0.0
47641.843,-22.736089718781955,28.647889756541158,15.43913588000998,-28.64788975654116,7.914673887473211,-28.647889756541158,-1.3116709804046442,-28.64788975654116,-11.459155902616464,0.0,8.765360417491605e-16,0.0,-11.45915590261646,0.0,9.944581766517413e-16,1.3423332405109234e-16,-11.459155902616466,-0.014364049409472838,0.0,0.32410264790342197,-11.459155902616464,0.0,0.0,0.0
47641.877,-22.8456553791008,28.647889756541154,15.353009167287668,-28.64788975654116,7.905743553132418,-28.647889756541158,-1.3088882959700805,-28.64788975654116,-11.459155902616459,0.0,4.867054656822944e-16,1.768149574906339e-16,-11.459155902616462,0.0,6.408282616704734e-16,7.453440518201236e-17,-11.459155902616466,-0.015831617853163695,6.630560905898771e-17,0.33679455191754587,-11.459155902616464,0.0,0.0,3.3152804529493854e-17
47641.91,-22.8456553791008,28.647889756541154,15.353009167287668,-28.64788975654116,7.905743553132418,-28.647889756541158,-1.3088882959700805,-28.64788975654116,-11.459155902616459,0.0,4.867054656822944e-16,1.768149574906339e-16,-11.459155902616462,0.0,6.408282616704734e-16,7.453440518201236e-17,-11.459155902616466,-0.015831617853163695,6.630560905898771e-17,0.33679455191754587,-11.459155902616464,0.0,0.0,3.3152804529493854e-17
47641.944,-22.482929084108104,28.64788975654115,14.773345214572883,-28.64788975654116,7.876630992813383,-28.647889756541154,-1.2935057261091278,-28.64788975654116,-11.459155902616464,0.0,0.0,8.234027974355142e-17,-11.459155902616462,0.0,2.4955817305433267e-15,5.1945688595353907e-17,-11.459155902616466,-0.023142714278816902,5.232600241847943e-17,0.3667020274115569,-11.45915590261646,0.0,0.0,0.0
47641.977,-22.65903204004562,28.647889756541154,14.648729160309767,-28.64788975654116,7.870325910215169,-28.647889756541158,-1.290346938030696,-28.64788975654116,-11.459155902616464,0.0,1.0577757461028798e-15,4.582775931321465e-17,-11.459155902616464,0.0,1.3889547041859797e-15,1.8416765685821387e-16,-11.459155902616466,-0.02483691655016374,2.912284791993999e-17,0.3853338985804793,-11.459155902616462,0.0,2.2477734604686193e-15,3.8564740743334154e-16
47642.011,-22.44929955425495,28.647889756541154,14.695847261634901,-28.64788975654116,7.843790884087262,-28.64788975654116,-1.2928996233798247,-28.64788975654116,-11.45915590261646,0.0,5.231867930119658e-16,2.4675520112641253e-16,-11.459155902616462,0.0,1.790809587812375e-15,1.8416765685821387e-16,-11.459155902616466,-0.0268463580090705,7.935470837323944e-17,0.39209942088130134,-11.459155902616464,0.0,1.2933681118559293e-15,3.9820537254666636e-16
47642.043,-22.539365398765515,28.647889756541154,14.667191765967374,-28.647889756541158,7.824166831083433,-28.647889756541158,-1.2928551213354922,-28.64788975654116,-11.459155902616464,0.0,1.3604748435854254e-15,3.5141620744809497e-16,-11.459155902616464,0.0,1.5814875751690105e-15,8.720257130996562e-17,-11.459155902616466,-0.028982456137029995,3.757410358446611e-17,0.4085283170051784,-11.459155902616464,0.0,5.21815584891902e-15,1.8854848341935337e-16
47642.077,-22.587149402198925,28.64788975654116,14.908613339917936,-28.647889756541158,7.756819458319814,-28.64788975654116,-1.303543940499739,-28.64788975654116,-11.459155902616466,0.0,2.9507521843171838e-15,5.502008750395648e-16,-11.459155902616464,0.0,0.0,4.847719064929052e-16,-11.459155902616466,-0.03317405785330219,8.727027048233357e-17,0.44268651993123526,-11.459155902616466,0.0,4.124840177165937e-15,7.849024861937627e-16
47642.11,-22.539183776188576,28.64788975654116,14.517905133815612,-28.647889756541154,7.701114843022006,-28.64788975654116,-1.3024433759355163,-28.647889756541158,-11.459155902616466,0.0,0.0,5.198697575943692e-16,-11.459155902616466,0.0,0.0,0.0,-11.459155902616464,-0.040806127313398756,4.711294236246598e-16,0.4875924915713628,-11.459155902616462,0.0,2.7755417438701427e-15,1.4611899276817286e-17
47642.144,-22.77510141356876,28.647889756541158,15.170455700559415,-28.647889756541154,7.578686770987864,-28.647889756541158,-1.3190202100531503,-28.647889756541158,-11.459155902616462,0.0,4.06361748031043e-15,1.0916044096058496e-15,-11.459155902616464,0.0,7.9890351547475e-16,0.0,-11.459155902616466,-0.04956787519080574,1.0993835827918673e-16,0.5207937938755071,-11.459155902616466,0.0,0.0,1.1079275710299012e-15
47642.18,-22.503396931752754,28.647889756541158,15.440000801339794,-28.647889756541158,7.536228184166156,-28.647889756541158,-1.3269498207900363,-28.647889756541158,-11.459155902616464,0.0,2.2685286746189897e-15,6.093919805518282e-16,-11.459155902616464,0.0,4.459906824128381e-16,0.0,-11.459155902616466,-0.05185511059217768,6.137347311977281e-17,0.5393141964840932,-11.459155902616466,0.0,0.0,6.185044425220594e-16
47642.216,-22.987314586567802,28.647889756541158,15.445079932552424,-28.64788975654116,7.456477281158873,-28.64788975654116,-1.3339764243006937,-28.64788975654116,-11.459155902616466,0.0,1.167779369220321e-15,0.0,-11.459155902616466,0.0,1.6043832284640368e-15,5.482610598419317e-16,-11.459155902616462,-0.06060990715827752,0.0,0.6479393224115088,-11.459155902616462,0.0,7.951386703658792e-16,0.0
47642.245,-23.06079418854562,28.64788975654116,15.663269044928011,-28.647889756541154,7.40363296132413,-28.64788975654116,-1.3375148891775837,-28.64788975654116,-11.459155902616466,0.0,0.0,1.987846675914698e-16,-11.459155902616464,0.0,8.092445580981577e-16,0.0,-11.459155902616462,-0.06714255621257159,1.4908850069360235e-16,0.6966103966633733,-11.459155902616466,0.0,0.0,0.0
47642.277,-22.93099299669683,28.64788975654116,15.723659881521575,-28.647889756541158,7.374971183317977,-28.64788975654116,-1.3404817446893635,-28.64788975654116,-11.459155902616466,0.0,0.0,1.0074679100393663e-16,-11.459155902616464,0.0,4.101362210356243e-16,1.86271965516313e-15,-11.459155902616464,-0.07061911632228082,1.0006956239983576e-16,0.730125210888802,-11.459155902616466,0.0,0.0,0.0
47642.311,-23.327985086701794,28.64788975654116,15.412396709638411,-28.647889756541158,7.380310372478882,-28.647889756541158,-1.3330550996985224,-28.64788975654116,-11.459155902616462,0.0,3.5057158740085133e-16,1.0074679100393663e-16,-11.459155902616464,0.0,5.8542201473605e-16,1.3368622740618529e-15,-11.459155902616464,-0.07397229575300186,5.594952818633643e-17,0.7570790067056834,-11.459155902616464,0.0,6.135002779514898e-16,0.0
47642.346,-23.327985086701794,28.64788975654116,15.412396709638411,-28.647889756541158,7.380310372478882,-28.647889756541158,-1.3330550996985224,-28.64788975654116,-11.459155902616462,0.0,3.5057158740085133e-16,1.0074679100393663e-16,-11.459155902616464,0.0,5.8542201473605e-16,1.3368622740618529e-15,-11.459155902616464,-0.07397229575300186,5.594952818633643e-17,0.7570790067056834,-11.459155902616464,0.0,6.135002779514898e-16,0.0
47642.377,-23.06552254575301,28.647889756541154,15.128670022531567,-28.647889756541147,7.2491625936833906,-28.647889756541158,-1.346324563363023,-28.647889756541158,-11.459155902616466,0.0,2.9103606352939332e-15,6.39542165229379e-16,-11.459155902616464,0.0,1.9498869964250433e-15,2.3379374766393157e-16,-11.459155902616466,-0.09319424250355665,0.0,0.924944864015367,-11.459155902616466,0.0,0.0,3.1060104311167157e-16
47642.41,-23.43159528490404,28.64788975654116,15.252674024812798,-28.647889756541158,7.152975740783046,-28.64788975654116,-1.3542081610374956,-28.64788975654116,-11.459155902616462,0.0,0.0,1.2460551746917118e-15,-11.459155902616466,0.0,1.54815305982117e-15,0.0,-11.459155902616464,-0.10964420856866089,1.5558851070638202e-16,1.022351456853947,-11.459155902616466,0.0,0.0,0.0
47642.443,-23.234559523349745,28.64788975654116,15.297020215435685,-28.647889756541154,7.117398198161563,-28.64788975654116,-1.3589665347886764,-28.64788975654116,-11.459155902616462,0.0,0.0,6.147758452141617e-16,-11.459155902616466,0.0,7.28742926757782e-16,1.315165269744896e-15,-11.459155902616466,-0.11514887427141576,7.323825376487678e-17,1.0550416652794972,-11.459155902616466,0.0,3.577249533706117e-15,9.206156888214273e-17
47642.478,-23.428314432998928,28.64788975654116,15.160914490207825,-28.647889756541158,7.1056274545516676,-28.64788975654116,-1.35663211032903,-28.64788975654116,-11.459155902616464,0.0,1.4407569237926085e-15,3.362890263158976e-16,-11.459155902616466,0.0,3.986302506543676e-16,9.549760387967439e-16,-11.459155902616466,-0.12014839464746717,9.57500806991363e-17,1.083231503655765,-11.459155902616466,0.0,3.622273187574636e-15,1.427131794842266e-16
47642.512,-23.665952935922952,28.64788975654116,15.21168072498759,-28.64788975654116,7.042844355700911,-28.647889756541158,-1.3633871674181726,-28.64788975654116,-11.459155902616464,0.0,0.0,0.0,-11.459155902616466,0.0,3.986302506543676e-16,0.0,-11.459155902616466,-0.13132898743195492,4.605391380126885e-17,1.1457687156964018,-11.459155902616466,0.0,3.622273187574636e-15,8.38459516054371e-16
47642.546,-23.400320475798807,28.64788975654116,15.1786349891226,-28.64788975654116,6.972907487468212,-28.64788975654116,-1.3729093048948167,-28.64788975654116,-11.459155902616466,0.0,0.0,0.0,-11.459155902616464,0.0,7.961995858373072e-16,0.0,-11.459155902616466,-0.14324126423128028,0.0,1.2030193613194486,-11.459155902616466,0.0,0.0,0.0
47642.578,-23.768255509311402,28.647889756541154,15.196381101246761,-28.64788975654116,6.940895244602008,-28.64788975654116,-1.368784297522952,-28.64788975654116,-11.459155902616466,0.0,0.0,0.0,-11.459155902616462,0.0,0.0,0.0,-11.459155902616466,-0.15574136418604986,0.0,1.2567665467851021,-11.459155902616466,0.0,2.981770013872047e-16,8.696829207126804e-17
47642.612,-23.535407197984817,28.647889756541158,15.286391237688209,-28.64788975654116,6.906182166180587,-28.64788975654116,-1.3736714882405547,-28.64788975654116,-11.459155902616464,0.0,1.1457168254123025e-15,0.0,-11.459155902616464,0.0,0.0,1.3366696296476862e-15,-11.459155902616466,-0.16196599176600038,0.0,1.2847821891941689,-11.459155902616466,0.0,1.5496239821066689e-16,9.890284233597952e-17
47642.646,-23.800018715385196,28.647889756541154,15.136651644392062,-28.64788975654116,6.901128547253213,-28.64788975654116,-1.3688764391538266,-28.64788975654116,-11.459155902616464,0.0,6.266646662099684e-16,9.00568173925001e-17,-11.459155902616464,0.0,0.0,7.311087772449631e-16,-11.459155902616466,-0.1680854135294211,0.0,1.3093289184566104,-11.459155902616466,0.0,1.0105021634394177e-15,2.3398806842472966e-16
47642.677,-23.603976916206832,28.647889756541158,15.234664578331909,-28.64788975654116,6.874544785732994,-28.64788975654116,-1.371354353520201,-28.64788975654116,-11.459155902616464,0.0,3.343277568575323e-16,9.00568173925001e-17,-11.459155902616464,0.0,1.854647261406973e-16,1.704798589483624e-15,-11.459155902616466,-0.17437469196057462,2.3183090767587163e-17,1.3391188538335062,-11.459155902616464,0.0,5.39106383076637e-16,1.2483344006131596e-16
47642.712,-23.603976916206832,28.647889756541158,15.234664578331909,-28.64788975654116,6.874544785732994,-28.64788975654116,-1.371354353520201,-28.64788975654116,-11.459155902616464,0.0,3.343277568575323e-16,9.00568173925001e-17,-11.459155902616464,0.0,1.854647261406973e-16,1.704798589483624e-15,-11.459155902616466,-0.17437469196057462,2.3183090767587163e-17,1.3391188538335062,-11.459155902616464,0.0,5.39106383076637e-16,1.2483344006131596e-16
47642.744,-23.666642154723604,28.64788975654116,15.13007066439852,-28.647889756541154,6.85595870343275,-28.647889756541158,-1.3703422804400727,-28.64788975654116,-11.45915590261646,0.0,1.5211352214948346e-16,9.00568173925001e-17,-11.459155902616462,0.0,8.355105928195201e-16,1.3256051672543108e-15,-11.459155902616466,-0.182013633441002,5.026833521253811e-17,1.3778165731894907,-11.459155902616466,0.0,3.3559718053515354e-15,5.679712156790785e-17
47642.779,-23.596685599917183,28.647889756541158,15.234037374409976,-28.647889756541158,6.831802439807745,-28.647889756541158,-1.371746233494612,-28.64788975654116,-11.45915590261646,0.0,1.7403712487122314e-15,2.8858903321284355e-16,-11.459155902616464,0.0,6.369783769991765e-16,9.285407356136239e-16,-11.459155902616466,-0.18905428960336507,2.516608739769396e-17,1.4093839865099271,-11.459155902616464,0.0,1.6801169046196706e-15,2.843462627660088e-17
47642.812,-23.531923534737473,28.647889756541158,15.309512235392928,-28.64788975654116,6.815432215120021,-28.647889756541158,-1.3703123403394994,-28.64788975654116,-11.459155902616464,0.0,9.133595967890296e-16,1.8521257672244333e-16,-11.459155902616466,0.0,3.0572261027923456e-16,2.3758111264792274e-15,-11.459155902616466,-0.19644087064533164,1.2078654798274721e-17,1.4469542515662268,-11.459155902616464,0.0,8.063848698827299e-16,1.3647414859748326e-17
47642.844,-23.531923534737473,28.647889756541158,15.309512235392928,-28.64788975654116,6.815432215120021,-28.647889756541158,-1.3703123403394994,-28.64788975654116,-11.459155902616464,0.0,9.133595967890296e-16,1.8521257672244333e-16,-11.459155902616466,0.0,3.0572261027923456e-16,2.3758111264792274e-15,-11.459155902616466,-0.19644087064533164,1.2078654798274721e-17,1.4469542515662268,-11.459155902616464,0.0,8.063848698827299e-16,1.3647414859748326e-17
47642.878,-23.606911259393026,28.647889756541154,15.23980482259413,-28.64788975654116,6.811638360376451,-28.64788975654116,-1.3649895027709675,-28.64788975654116,-11.459155902616466,0.0,4.514952781828251e-16,9.155496273782819e-17,-11.459155902616466,0.0,1.511259261522661e-16,1.5213851855478084e-15,-11.459155902616466,-0.20392021512073494,3.720882953155175e-17,1.4843270127553891,-11.459155902616464,0.0,3.986151373786029e-16,6.746240352912994e-18
47642.91,-23.578239832804606,28.64788975654116,15.430442232518354,-28.647889756541158,6.77873050895533,-28.64788975654116,-1.362789328084577,-28.64788975654116,-11.459155902616464,0.0,2.8369112892804626e-15,2.9033963032929797e-16,-11.459155902616462,0.0,9.462645965181453e-16,0.0,-11.459155902616466,-0.21874215250648574,1.3660116332728664e-16,1.5476228026807204,-11.459155902616466,0.0,4.076131487820794e-15,2.80075158291184e-16
47642.943,-23.743570361886412,28.64788975654116,15.198767443283218,-28.647889756541158,6.7880263913932,-28.64788975654116,-1.3539741681565385,-28.64788975654116,-11.459155902616464,0.0,3.2056985426024792e-15,2.9033963032929797e-16,-11.459155902616462,0.0,1.315051849840162e-15,0.0,-11.459155902616466,-0.22618305586914197,9.050275666203455e-17,1.5794962098153555,-11.459155902616464,0.0,4.444918741142811e-15,2.2245214995961885e-16
47642.978,-23.656302599259497,28.64788975654116,15.305287115613424,-28.647889756541158,6.777169804874008,-28.64788975654116,-1.3513055706847923,-28.64788975654116,-11.459155902616462,0.0,1.69554162054307e-15,3.8398413176106046e-16,-11.459155902616464,0.0,7.53184841249587e-16,3.7457800572705e-16,-11.459155902616466,-0.23366216729127542,4.786825356628357e-17,1.6085066998437374,-11.459155902616464,0.0,2.3509836079038044e-15,1.639243365647673e-16
47643.011,-23.656302599259497,28.64788975654116,15.305287115613424,-28.647889756541158,6.777169804874008,-28.64788975654116,-1.3513055706847923,-28.64788975654116,-11.459155902616462,0.0,1.69554162054307e-15,3.8398413176106046e-16,-11.459155902616464,0.0,7.53184841249587e-16,3.7457800572705e-16,-11.459155902616466,-0.23366216729127542,4.786825356628357e-17,1.6085066998437374,-11.459155902616464,0.0,2.3509836079038044e-15,1.639243365647673e-16
47643.044,-23.500529463066776,28.64788975654116,15.190805034274371,-28.64788975654116,6.775723512317257,-28.64788975654116,-1.3390838009387007,-28.647889756541158,-11.459155902616462,0.0,0.0,0.0,-11.459155902616466,0.0,0.0,4.739703395227849e-16,-11.459155902616466,-0.24999229582312965,0.0,1.6682354234750296,-11.459155902616466,0.0,3.8418686148398286e-15,0.0
47643.078,-23.500529463066776,28.64788975654116,15.190805034274371,-28.64788975654116,6.775723512317257,-28.64788975654116,-1.3390838009387007,-28.647889756541158,-11.459155902616462,0.0,0.0,0.0,-11.459155902616466,0.0,0.0,4.739703395227849e-16,-11.459155902616466,-0.24999229582312965,0.0,1.6682354234750296,-11.459155902616466,0.0,3.8418686148398286e-15,0.0
47643.112,-23.500529463066776,28.64788975654116,15.190805034274371,-28.64788975654116,6.775723512317257,-28.64788975654116,-1.3390838009387007,-28.647889756541158,-11.459155902616462,0.0,0.0,0.0,-11.459155902616466,0.0,0.0,4.739703395227849e-16,-11.459155902616466,-0.24999229582312965,0.0,1.6682354234750296,-11.459155902616466,0.0,3.8418686148398286e-15,0.0
47643.145,-23.72569314794395,28.64788975654116,15.08817843528963,-28.64788975654116,6.781287898475455,-28.64788975654116,-1.3310472123256059,-28.647889756541158,-11.459155902616462,0.0,1.1064884046133633e-15,0.0,-11.459155902616466,0.0,3.688294682044545e-16,2.5411657717157946e-16,-11.459155902616466,-0.25794591664859123,0.0,1.6951635199142794,-11.459155902616466,0.0,4.5334238677231805e-15,0.0
47643.179,-23.502382587211738,28.64788975654116,15.207294367019305,-28.64788975654116,6.798606198426232,-28.64788975654116,-1.3188111293211398,-28.647889756541158,-11.459155902616464,0.0,5.891260746352102e-16,0.0,-11.459155902616466,0.0,1.9637535821173668e-16,1.3529893398308098e-16,-11.459155902616466,-0.26573550892518943,0.0,1.7278011251289556,-11.459155902616466,0.0,2.4137245331392003e-15,0.0
47643.217,-23.07650748585675,28.64788975654116,15.260606127925369,-28.647889756541154,6.8975312432701115,-28.64788975654116,-1.2727696778997302,-28.64788975654116,-11.459155902616466,0.0,0.0,0.0,-11.459155902616466,0.0,5.939446933946763e-16,0.0,-11.459155902616464,-0.28269444174750796,0.0,1.7626035002711093,-11.459155902616466,0.0,1.3204088613861165e-15,0.0
47643.245,-23.40616911142826,28.64788975654116,15.004165905592542,-28.647889756541154,6.96420916384816,-28.64788975654116,-1.2461607575525508,-28.64788975654116,-11.459155902616466,0.0,0.0,0.0,-11.459155902616466,0.0,3.3463939939353213e-16,0.0,-11.459155902616464,-0.29100136596140175,8.678571800703594e-17,1.7668385928367678,-11.459155902616464,0.0,1.2336231433790805e-15,0.0
47643.279,-23.26195222842438,28.64788975654116,14.974471231289089,-28.64788975654116,7.094624368973561,-28.64788975654116,-1.1893263265820517,-28.64788975654116,-11.459155902616464,0.0,0.0,0.0,-11.459155902616466,0.0,0.0,3.975693351829396e-16,-11.459155902616466,-0.3093109686920903,0.0,1.7731663362159613,-11.459155902616466,0.0,0.0,1.4660369234870898e-15
47643.312,-22.39820200215581,28.64788975654116,15.373863305260704,-28.64788975654116,9.131483751796361,-28.64788975654116,-0.43228119751069144,-28.647889756541158,-11.459155902616466,0.0,0.0,1.8891205796730433e-16,-11.459155902616466,0.0,1.0359023290683664e-15,0.0,-11.459155902616466,-0.49274146855209594,0.0,1.579808306978918,-11.459155902616464,0.0,0.0,5.19561147593875e-17
47643.344,-21.92071809162882,28.64788975654116,15.33613204439536,-28.64788975654116,9.202140498030412,-28.64788975654116,-0.42487198480321997,-28.64788975654116,-11.459155902616466,0.0,0.0,0.0,-11.459155902616466,0.0,8.984778485675808e-16,9.370004959031372e-16,-11.459155902616466,-0.5192855428107723,1.2028308060893076e-15,1.4966659188792442,-11.459155902616466,0.0,0.0,0.0
47643.376,-22.449229115880975,28.64788975654115,15.414830774302873,-28.64788975654116,9.259909455949382,-28.647889756541154,-0.4216503804487766,-28.64788975654116,-11.45915590261646,0.0,2.8548785990370294e-15,1.249299994885225e-15,-11.45915590261646,0.0,5.993858714289308e-16,4.2360396592802987e-16,-11.459155902616466,-0.5444382181535196,0.0,1.4437375908594419,-11.459155902616466,0.0,0.0,0.0
47643.412,-22.517515212768647,28.647889756541158,15.60580158283596,-28.64788975654116,9.281652936285294,-28.64788975654116,-0.4245839466972971,-28.64788975654116,-11.459155902616466,0.0,0.0,2.0444386652511043e-15,-11.459155902616466,0.0,0.0,0.0,-11.459155902616466,-0.5606236320523342,0.0,1.3950093137732784,-11.459155902616466,0.0,0.0,1.5405811738338909e-15
47643.445,-22.2885045224135,28.647889756541158,15.737402306909432,-28.64788975654116,9.30371095033362,-28.64788975654116,-0.4217620980546981,-28.64788975654116,-11.459155902616466,0.0,0.0,1.1133137812390984e-15,-11.459155902616466,0.0,0.0,0.0,-11.459155902616466,-0.5677422186721577,3.6214018781872083e-16,1.370822761834695,-11.459155902616466,0.0,4.5267523477340104e-17,8.389345599351194e-16
47643.477,-22.663377970813045,28.647889756541158,15.986211575662825,-28.64788975654116,9.37243256041914,-28.647889756541158,-0.4176554215550694,-28.647889756541158,-11.459155902616462,0.0,4.940105819945824e-15,0.0,-11.459155902616466,0.0,0.0,0.0,-11.459155902616466,-0.5958591738981279,0.0,1.283401756315719,-11.459155902616464,0.0,0.0,7.454425034680117e-16
47643.512,-22.555111731299068,28.647889756541158,16.043406127644868,-28.64788975654116,9.383731911718902,-28.647889756541158,-0.4190558276715191,-28.647889756541158,-11.459155902616464,0.0,2.6183204050691123e-15,0.0,-11.459155902616466,0.0,1.1211144669448837e-15,0.0,-11.459155902616466,-0.602599380700725,0.0,1.2609274450904375,-11.459155902616464,0.0,0.0,8.155121576520671e-16
47643.545,-22.608290312772127,28.647889756541158,15.92522969056628,-28.64788975654116,9.408214802545434,-28.64788975654116,-0.416848015350354,-28.647889756541158,-11.459155902616466,0.0,2.2134000712338885e-15,4.0492033383522347e-16,-11.459155902616466,0.0,1.1211144669448837e-15,2.0246016691761174e-16,-11.459155902616466,-0.609881943989326,0.0,1.2415201747911373,-11.459155902616466,0.0,0.0,4.738606259785972e-16
47643.58,-22.542423220463725,28.647889756541158,16.010856851769724,-28.64788975654116,9.408923116180357,-28.64788975654116,-0.4216262905079216,-28.647889756541158,-11.459155902616466,0.0,1.848337272056936e-15,2.2238893424674714e-16,-11.459155902616466,0.0,6.063901795292691e-16,1.095069777301625e-16,-11.459155902616466,-0.6163104684014761,0.0,1.2262804561107852,-11.459155902616464,0.0,0.0,2.5630249054054873e-16
47643.611,-22.740977360001533,28.647889756541158,15.944370516080069,-28.647889756541154,9.406792779654012,-28.64788975654116,-0.42783281649467875,-28.647889756541158,-11.459155902616466,0.0,9.647330386783214e-16,2.2238893424674714e-16,-11.459155902616466,0.0,7.9644961994634555e-16,5.715677597332174e-17,-11.459155902616466,-0.6230239161174643,2.375743005213455e-16,1.2101363051133047,-11.459155902616464,0.0,0.0,1.3377616967320922e-16
47643.644,-22.63325303125514,28.64788975654116,16.432757636875348,-28.64788975654116,9.430374134126925,-28.64788975654116,-0.4340263842480194,-28.64788975654116,-11.459155902616464,0.0,0.0,0.0,-11.459155902616462,0.0,6.867694292926077e-16,0.0,-11.459155902616464,-0.6428874544297558,0.0,1.1580319158232921,-11.459155902616466,0.0,0.0,0.0
47643.677,-22.83408357999153,28.64788975654116,16.280570530511973,-28.64788975654116,9.449459420347855,-28.64788975654116,-0.4319216697346796,-28.64788975654116,-11.459155902616464,0.0,0.0,0.0,-11.459155902616464,0.0,3.890698799340425e-16,8.616881217663967e-17,-11.459155902616464,-0.6485572673969382,0.0,1.1378844649015925,-11.459155902616466,0.0,0.0,0.0
47643.711,-22.64096126035401,28.64788975654116,16.458715019326338,-28.647889756541154,9.442546418635526,-28.64788975654116,-0.43776433690191624,-28.64788975654116,-11.45915590261646,0.0,0.0,5.174736412361753e-16,-11.459155902616464,0.0,5.615610936794343e-16,1.7241441904933556e-16,-11.459155902616464,-0.654006361124424,0.0,1.1234220763762377,-11.459155902616466,0.0,0.0,3.2342102577260953e-17
47643.744,-22.85024506490467,28.64788975654116,16.247959646673316,-28.647889756541158,9.442286444097869,-28.64788975654116,-0.4427700624600787,-28.64788975654116,-11.459155902616462,0.0,0.0,2.907527721691727e-16,-11.459155902616464,0.0,3.8737393127297696e-16,3.466015814557929e-16,-11.459155902616464,-0.6597069107166835,0.0,1.10346519645423,-11.459155902616466,0.0,4.354679060161434e-17,3.1539624148775414e-16
47643.778,-22.66057829134164,28.64788975654116,16.388177057400604,-28.647889756541158,9.425037045095019,-28.64788975654116,-0.45224502710455444,-28.64788975654116,-11.459155902616464,0.0,0.0,1.6470730443204195e-16,-11.459155902616464,0.0,2.1944181495229747e-16,2.6042559689473003e-16,-11.459155902616464,-0.66502021195123,2.4129275677097613e-15,1.0910816199361393,-11.459155902616464,0.0,2.466863666732373e-17,1.7866747882018364e-16
47643.812,-23.03697580685325,28.64788975654116,16.143477772131106,-28.647889756541158,9.43518820942244,-28.64788975654116,-0.4533360704919382,-28.64788975654116,-11.459155902616462,0.0,0.0,1.6470730443204195e-16,-11.459155902616464,0.0,7.387501641288148e-16,1.470355750473619e-16,-11.459155902616464,-0.6706049786736692,1.3623322618676755e-15,1.076308855297424,-11.459155902616464,0.0,2.466863666732373e-17,1.0087516666500022e-16
47643.844,-23.26679502383808,28.64788975654116,16.201214641845695,-28.64788975654116,9.428554388191065,-28.647889756541158,-0.4643958543054813,-28.64788975654116,-11.459155902616466,0.0,0.0,5.622766396149815e-16,-11.459155902616462,0.0,0.0,1.470355750473619e-16,-11.459155902616466,-0.6830205550374598,2.6901659011459166e-16,1.0473830041624201,-11.459155902616466,0.0,0.0,0.0
47643.878,-23.449832815903335,28.64788975654116,16.09637687496163,-28.647889756541158,9.415635022442917,-28.647889756541158,-0.47248492684781734,-28.64788975654116,-11.459155902616466,0.0,0.0,5.622766396149815e-16,-11.45915590261646,0.0,0.0,1.470355750473619e-16,-11.459155902616466,-0.6884826193206851,5.35413813046995e-16,1.0370506008157738,-11.459155902616466,0.0,0.0,4.994947929982564e-16
47643.911,-23.721162080584417,28.64788975654116,16.01650765950009,-28.647889756541158,9.392358633758253,-28.647889756541158,-0.4837608888596789,-28.64788975654116,-11.459155902616466,0.0,0.0,5.622766396149815e-16,-11.459155902616462,0.0,0.0,7.545428883464468e-17,-11.459155902616466,-0.6944167455193414,1.5999309136928476e-15,1.0172061712277198,-11.459155902616466,0.0,0.0,2.5632588827670724e-16
47643.944,-23.94551521519233,28.64788975654116,15.888631257646797,-28.64788975654115,9.360028716583574,-28.647889756541158,-0.49726272515576575,-28.64788975654116,-11.459155902616464,0.0,7.252917816440543e-16,5.622766396149815e-16,-11.459155902616462,0.0,0.0,4.1041187308352146e-17,-11.459155902616466,-0.6998911522587806,8.702363420744625e-16,0.9906794990093857,-11.459155902616466,0.0,0.0,8.569581449506897e-16
47643.978,-24.313898906756027,28.64788975654116,15.907062523122075,-28.64788975654116,9.295823657724986,-28.64788975654116,-0.524041335570447,-28.64788975654116,-11.459155902616462,0.0,0.0,1.3574153099808606e-15,-11.45915590261646,0.0,3.975693351829396e-16,2.3982585489982196e-16,-11.459155902616466,-0.7114081318598915,0.0,0.9340854053203063,-11.459155902616466,0.0,0.0,2.606041421762804e-16
47644.011,-24.551817969088994,28.647889756541158,15.786542865637326,-28.64788975654116,9.248015463923581,-28.64788975654116,-0.5429010776961593,-28.64788975654116,-11.459155902616462,0.0,0.0,7.176304476692165e-16,-11.459155902616462,0.0,3.975693351829396e-16,3.335181981712911e-16,-11.459155902616466,-0.7164891055399536,4.684617163573456e-17,0.9065741450672828,-11.459155902616464,0.0,0.0,7.173543156246924e-16
47644.044,-24.83738977144025,28.64788975654116,15.725385440780002,-28.64788975654116,9.026592763588804,-28.64788975654116,-0.6222937678850684,-28.64788975654116,-11.459155902616466,0.0,0.0,0.0,-11.459155902616464,0.0,0.0,0.0,-11.459155902616464,-0.7322763133792883,0.0,0.8227038820312648,-11.459155902616466,0.0,0.0,0.0
47644.078,-24.99474191955231,28.64788975654116,15.5871858648782,-28.64788975654116,8.989663396084183,-28.64788975654116,-0.6352082256861044,-28.64788975654116,-11.459155902616466,0.0,0.0,0.0,-11.459155902616464,0.0,0.0,1.8845170253193315e-15,-11.459155902616464,-0.7364541348892514,4.4869452983793604e-17,0.8098879004879709,-11.459155902616466,0.0,0.0,2.4678199141086484e-16
47644.112,-25.173354886837746,28.64788975654116,14.862286671456362,-28.64788975654116,7.366830199118791,-28.64788975654116,-1.1363354450870833,-28.64788975654116,-11.459155902616466,0.0,0.0,0.0,-11.459155902616466,0.0,0.0,0.0,-11.459155902616466,-0.8345036155512249,0.0,0.08792368778216528,-11.459155902616462,0.0,0.0,1.4908850069360237e-16
47644.145,-25.538996291288534,28.647889756541154,15.028090856651122,-28.64788975654116,7.298902848607841,-28.64788975654116,-1.1319374589260949,-28.647889756541158,-11.459155902616466,0.0,0.0,0.0,-11.459155902616457,0.0,2.1672467121178853e-15,0.0,-11.459155902616466,-0.8357201747622793,3.0745872582188445e-16,0.0,-11.459155902616464,0.0,3.1805546814635176e-15,1.358953518342902e-15
47644.178,-25.204333670544013,28.64788975654116,14.98250788167775,-28.647889756541147,7.227312220822352,-28.64788975654116,-1.139223990110029,-28.64788975654116,-11.459155902616466,0.0,0.0,0.0,-11.459155902616459,0.0,1.7940003620318735e-16,5.963540027744094e-16,-11.459155902616466,-0.8357201747622793,3.0745872582188445e-16,0.0,-11.459155902616462,0.0,0.0,0.0
47644.214,-26.79533873662299,28.64788975654116,14.22811717291891,-28.64788975654116,5.601250783462096,-28.64788975654116,-1.454757635040094,-28.647889756541158,-11.459155902616466,0.0,0.0,0.0,-11.459155902616466,0.0,0.0,8.615945093793909e-29,-11.459155902616466,-0.8357201747622793,5.787810407839454e-16,1.1979830201305848e-16,-11.459155902616466,0.0,0.0,1.391492673140289e-15
47644.245,-27.778557873807692,28.64788975654116,13.447821706082633,-28.64788975654116,5.632590226738782,-28.64788975654116,-1.4336382195115243,-28.647889756541158,-11.459155902616466,0.0,3.20843475865219e-16,0.0,-11.459155902616466,0.0,0.0,8.021086896639091e-17,-11.459155902616464,-0.8357201747622793,3.4523923504512753e-16,1.3985101925463467e-16,-11.459155902616466,0.0,0.0,8.300165903761556e-16
47644.279,-28.498225464741942,28.64788975654116,12.606735797655965,-28.647889756541147,2.7107566677629795,-28.64788975654116,-2.0186231689997225,-28.647889756541158,-11.459155902616466,0.0,1.6639042308092945e-30,3.578124016646457e-15,-11.459155902616462,0.0,9.541664044390547e-15,9.93923337957348e-16,-11.45915590261646,-0.8357201747622793,6.9666151543266935e-15,5.963540027744078e-16,-11.459155902616455,0.0,9.541664044390553e-15,2.7829853462805776e-15
47644.311,-28.339730625718275,26.26530241357465,9.404818569344274,-28.647889756541154,1.3217089211207322,-28.64788975654116,-2.1643957048989892,-28.64788975654116,-11.459155902616462,0.0,1.5902773407317552e-15,3.975693351829305e-16,-11.459155902616459,0.0,7.951386703658618e-16,0.0,-11.45915590261646,-0.8357201747622793,0.0,0.0,-11.45915590261646,0.0,4.855584393656677e-15,1.1927080055488188e-15
47644.344,-29.46315755131217,24.935146226530343,7.659321097079692,-28.64788975654116,0.48548309599442113,-28.647889756541154,-2.123002062504903,-28.647889756541158,-11.459155902616459,0.0,1.1829268878774426e-29,2.3854160110976407e-15,-11.459155902616466,0.0,0.0,0.0,-11.459155902616462,-0.8357201747622793,1.5902773407317602e-15,0.0,-11.459155902616462,0.0,0.0,3.975693351829397e-15
47644.378,-30.96364456280399,26.714667964387562,8.290845802404338,-28.64788975654116,0.026965338468416936,-28.64788975654115,-1.9605013003705796,-28.647889756541158,-11.459155902616466,0.0,7.951386703659007e-16,1.0196145573818292e-15,-11.459155902616464,0.0,7.951386703658813e-16,4.27997087512456e-16,-11.459155902616466,-0.8357201747622793,6.361109362927035e-15,0.0,-11.459155902616462,0.0,7.951386703658873e-16,0.0
47644.412,-29.1829228368403,26.040400019006583,7.311464851125891,-28.64788975654116,-0.7876916698279457,-28.64788975654116,-1.955951752603281,-28.64788975654116,-11.459155902616466,0.0,0.0,0.0,-11.459155902616466,0.0,0.0,0.0,-11.459155902616466,-0.8357201747622793,1.590277340731763e-15,7.951386703658866e-16,-11.459155902616466,0.0,1.5902773407317588e-15,0.0
47644.444,-29.52562880549554,26.18167752917793,8.269176454974984,-28.647889756541154,-0.5911708904249305,-28.64788975654116,-1.7657444093387047,-28.64788975654116,-11.459155902616466,0.0,0.0,0.0,-11.459155902616462,0.0,0.0,0.0,-11.459155902616462,-0.8357201747622793,0.0,0.0,-11.459155902616466,0.0,0.0,0.0
47644.479,-30.061551959811,26.38690391755386,7.863836688450021,-28.647889756541158,-0.5850742365908306,-28.64788975654116,-1.755611228437876,-28.64788975654116,-11.459155902616466,0.0,0.0,0.0,-11.459155902616464,0.0,0.0,0.0,-11.459155902616464,-0.8357201747622793,0.0,0.0,-11.459155902616466,0.0,0.0,0.0
47644.511,-32.00006697410438,26.28142030123049,8.109090320375875,-28.64788975654116,-0.6630685281153146,-28.64788975654116,-1.735742691355244,-28.64788975654116,-11.459155902616466,0.0,0.0,0.0,-11.459155902616457,0.0,0.0,0.0,-11.459155902616466,-0.8357201747622793,6.361109362927035e-15,0.0,-11.459155902616466,0.0,0.0,0.0
47644.545,-33.057533510102104,25.15177725570245,6.776844406937172,-28.647889756541158,-1.5871263630532795,-28.647889756541147,-1.8589476050087161,-28.64788975654116,-11.459155902616466,0.0,1.07168903950449e-15,0.0,-11.459155902616466,0.0,0.0,0.0,-11.459155902616466,-0.8357201747622793,0.0,0.0,-11.459155902616466,0.0,4.770832022195275e-15,0.0
47644.579,-30.785547949186356,24.800889040375267,6.534953571549255,-28.647889756541154,-1.7680819612984164,-28.64788975654116,-1.8360811142923463,-28.64788975654116,-11.459155902616466,0.0,0.0,0.0,-11.459155902616466,0.0,0.0,0.0,-11.459155902616466,-0.8357201747622793,0.0,0.0,-11.459155902616466,0.0,0.0,0.0
47644.612,-30.54972289391428,23.355610772621485,4.885946667040363,-28.647889756541158,-2.439045136141324,-28.64788975654116,-1.885639354389071,-28.647889756541154,-11.459155902616464,0.0,4.7708320221952736e-15,3.578124016646462e-15,-11.459155902616462,0.0,7.156248033292914e-15,3.1805546814635168e-15,-11.45915590261646,-0.8357201747622793,3.1805546814635187e-15,7.156248033292915e-15,-11.459155902616464,0.0,3.1805546814635176e-15,4.770832022195275e-15
47644.645,-30.84753193062628,23.528453621111684,4.585919653649806,-28.647889756541158,-2.4406966615143437,-28.64788975654116,-1.8780432596692043,-28.647889756541154,-11.459155902616464,0.0,4.234159704525012e-15,2.5718634210147214e-15,-11.459155902616464,0.0,6.619575715622651e-15,2.375546204958124e-15,-11.459155902616462,-0.8357201747622793,5.327243952144567e-15,6.082903397952392e-15,-11.459155902616462,0.0,4.790571634474304e-15,4.368327783942579e-15
47644.678,-31.046657967837476,23.86429485828602,3.9727171562096055,-28.64788975654116,-2.530040640767686,-28.64788975654116,-1.876254324991635,-28.647889756541158,-11.459155902616466,0.0,0.0,1.8787070201268467e-15,-11.459155902616466,0.0,0.0,0.0,-11.459155902616466,-0.8357201747622793,0.0,0.0,-11.459155902616466,0.0,0.0,1.6606517131220598e-15
47644.712,-31.18343144874621,25.207845230966797,4.137512144601642,-28.64788975654116,-3.0222414634238954,-28.64788975654116,-1.8413597003948063,-28.64788975654116,-11.459155902616466,0.0,0.0,0.0,-11.459155902616466,0.0,0.0,0.0,-11.459155902616459,-0.8357201747622793,0.0,0.0,-11.459155902616466,0.0,0.0,0.0
47644.744,-31.247636117290092,23.550464093400603,3.431136413556849,-28.647889756541154,-3.4334857350922254,-28.647889756541158,-1.8222083643591866,-28.64788975654116,-11.459155902616466,0.0,3.975693351829371e-15,1.9878466759146996e-15,-11.459155902616466,0.0,6.3611093629269886e-15,3.975693351829539e-16,-11.459155902616462,-0.8357201747622793,6.361109362927159e-15,1.5902773407317901e-15,-11.459155902616462,0.0,7.156248033292906e-15,0.0
47644.779,-32.065263925044974,22.273599398509756,2.4104873194222267,-28.64788975654116,-3.6356290021471453,-28.64788975654116,-1.7544407349055526,-28.647889756541158,-11.459155902616466,0.0,3.1805546814635176e-15,0.0,-11.459155902616466,0.0,3.3627898044183393e-15,0.0,-11.459155902616459,-0.8357201747622793,0.0,1.5902773407317446e-15,-11.459155902616466,0.0,1.5902773407317594e-15,5.452787071568317e-16
47644.812,-31.55060315181146,22.478920996660058,2.5278302704349427,-28.647889756541158,-3.5811448651995628,-28.647889756541158,-1.7117811167930306,-28.64788975654116,-11.459155902616464,0.0,2.7375833270398925e-15,0.0,-11.459155902616466,0.0,0.0,7.62959907395528e-31,-11.459155902616466,-0.8357201747622793,3.1805546814635168e-15,0.0,-11.459155902616466,0.0,3.3566383394346387e-15,3.116000753086135e-15
47644.846,-30.56174047181442,23.17229703955386,2.657094502905827,-28.647889756541158,-3.348525837175212,-28.64788975654116,-1.5756225275479638,-28.64788975654116,-11.459155902616466,0.0,0.0,0.0,-11.459155902616466,0.0,0.0,0.0,-11.459155902616466,-0.8357201747622793,0.0,0.0,-11.459155902616466,0.0,0.0,0.0
47644.879,-31.03777803445004,24.46735895596355,3.5419102866062975,-28.647889756541154,-3.1197502191533952,-28.647889756541158,-1.4115987331209994,-28.647889756541158,-11.45915590261646,0.0,2.3854160110977224e-15,2.1866313435062185e-15,-11.45915590261646,0.0,5.5659706925612395e-15,1.9878466759147303e-15,-11.459155902616455,-0.8357201747622793,9.541664044390563e-15,4.770832022195278e-15,-11.459155902616466,0.0,5.565970692561147e-15,5.963540027744096e-15
47644.912,-31.338913194232543,24.625493507866334,3.30577970914988,-28.647889756541154,-3.108281047764707,-28.647889756541158,-1.4042590592333501,-28.647889756541158,-11.459155902616462,0.0,1.5530914739741358e-15,3.920640795846962e-15,-11.459155902616462,0.0,3.623880105939577e-15,1.2942428949784215e-15,-11.459155902616459,-0.8357201747622793,6.21236589589633e-15,3.1061829479481627e-15,-11.459155902616466,0.0,3.623880105939516e-15,3.882728684935203e-15
47644.946,-31.584814621765997,24.903154963020665,3.7943642337290675,-28.64788975654116,-3.1522055001745843,-28.64788975654116,-1.3930431116156956,-28.64788975654116,-11.459155902616466,0.0,1.5530914739742742e-15,0.0,-11.459155902616466,0.0,0.0,1.0153488942961313e-16,-11.459155902616466,-0.8357201747622793,0.0,0.0,-11.45915590261646,0.0,2.3854160110976395e-15,0.0
47644.979,-30.799915933065154,24.20420869506731,3.3714133810295066,-28.64788975654116,-3.267073544038203,-28.64788975654116,-1.3869738957430076,-28.64788975654116,-11.459155902616466,0.0,0.0,0.0,-11.459155902616459,0.0,0.0,0.0,-11.459155902616466,-0.8357201747622793,1.5902773407317807e-15,0.0,-11.459155902616466,0.0,0.0,0.0
47645.017,-30.134092392117783,24.148242586146974,3.6136406712052542,-28.64788975654116,-3.3392398870283784,-28.647889756541154,-1.4004295832548257,-28.647889756541158,-11.45915590261646,0.0,1.370866441339382e-15,2.385416011097638e-15,-11.459155902616459,0.0,6.854332206696907e-15,2.1660051117052605e-15,-11.45915590261646,-0.8357201747622793,1.590277340731781e-15,5.346559793168777e-15,-11.459155902616459,0.0,3.975693351829397e-15,2.782985346280577e-15
47645.046,-30.134092392117783,24.148242586146974,3.6136406712052542,-28.64788975654116,-3.3392398870283784,-28.647889756541154,-1.4004295832548257,-28.647889756541158,-11.45915590261646,0.0,1.370866441339382e-15,2.385416011097638e-15,-11.459155902616459,0.0,6.854332206696907e-15,2.1660051117052605e-15,-11.45915590261646,-0.8357201747622793,1.590277340731781e-15,5.346559793168777e-15,-11.459155902616459,0.0,3.975693351829397e-15,2.782985346280577e-15
47645.078,-29.808894953432702,23.92708822309506,3.3462851688254247,-28.647889756541158,-3.4257156318171003,-28.64788975654116,-1.411181872737762,-28.64788975654116,-11.459155902616457,0.0,0.0,1.9878466759147035e-15,-11.459155902616462,0.0,0.0,5.757277709735026e-16,-11.459155902616466,-0.8357201747622793,4.770832022195279e-15,5.757277709734859e-16,-11.45915590261646,0.0,3.975693351829395e-15,1.1927080055488188e-15
47645.112,-30.065948269072486,23.78656988752674,3.197927483637224,-28.647889756541158,-3.477341616658642,-28.64788975654116,-1.423723807601198,-28.64788975654116,-11.459155902616466,0.0,0.0,0.0,-11.459155902616466,0.0,0.0,0.0,-11.459155902616466,-0.8357201747622793,1.5902773407317625e-15,0.0,-11.459155902616466,0.0,0.0,0.0
47645.146,-29.97516275392988,22.275390930245617,2.1478035692063617,-28.647889756541158,-3.9298822686366166,-28.64788975654116,-1.5393948479819324,-28.64788975654116,-11.459155902616466,0.0,0.0,0.0,-11.459155902616464,0.0,0.0,0.0,-11.459155902616462,-0.8357201747622793,6.361109362927053e-15,0.0,-11.459155902616462,0.0,0.0,7.951386703658794e-16
47645.179,-29.917212867690555,22.026598728406967,2.1963696292997374,-28.64788975654116,-3.9714004272801855,-28.64788975654116,-1.5463215135739716,-28.647889756541154,-11.45915590261645,0.0,6.3611093629270335e-15,2.9817700138720468e-15,-11.459155902616462,0.0,7.156248033292914e-15,3.1805546814635168e-15,-11.459155902616466,-0.8357201747622793,0.0,5.565970692561154e-15,-11.459155902616466,0.0,7.951386703658792e-15,7.951386703658792e-15
47645.217,-29.69773444517662,22.25061840857412,2.300018042292153,-28.64788975654116,-3.9345576238815,-28.64788975654116,-1.5235511898762213,-28.647889756541158,-11.459155902616466,0.0,2.3251214880976855e-16,4.7804297581541194e-15,-11.459155902616454,0.0,6.591455025939497e-16,0.0,-11.459155902616464,-0.8357201747622793,3.0642986070586662e-15,2.986433476489134e-15,-11.459155902616466,0.0,0.0,0.0
47645.247,-29.92933942334664,22.043804746941092,2.4467935126890574,-28.647889756541158,-3.9920390229742035,-28.64788975654116,-1.5312473118626087,-28.647889756541154,-11.459155902616448,0.0,5.003344171005019e-15,7.165845769251766e-15,-11.459155902616466,0.0,7.815393535886847e-15,2.5842006786891017e-15,-11.459155902616454,-0.8357201747622793,0.0,4.576710817220891e-15,-11.459155902616466,0.0,8.746525374024666e-15,3.975693351829396e-15
47645.279,-30.18744953688248,21.123700050165013,1.9386287302290555,-28.647889756541158,-4.312653066366593,-28.64788975654116,-1.5960920635477924,-28.647889756541158,-11.459155902616466,0.0,0.0,1.5796850055949245e-15,-11.459155902616466,0.0,2.617220266963867e-29,7.951386703658823e-16,-11.459155902616455,-0.8357201747622793,1.5902773407317746e-15,7.951386703658884e-16,-11.459155902616466,0.0,3.975693351829406e-15,0.0
47645.312,-29.82072418093147,20.957997957048498,1.8204491330700998,-28.64788975654116,-4.3512836560984285,-28.64788975654116,-1.5997488613583923,-28.647889756541154,-11.459155902616459,0.0,2.3854160110976364e-15,9.01259789649991e-16,-11.459155902616466,0.0,3.9756933518294125e-15,6.524361919513151e-16,-11.459155902616464,-0.8357201747622793,0.0,2.839067535457484e-15,-11.459155902616464,0.0,3.063396292165091e-15,7.046580660411426e-15
47645.345,-29.82072418093147,20.957997957048498,1.8204491330700998,-28.64788975654116,-4.3512836560984285,-28.64788975654116,-1.5997488613583923,-28.647889756541154,-11.459155902616459,0.0,2.3854160110976364e-15,9.01259789649991e-16,-11.459155902616466,0.0,3.9756933518294125e-15,6.524361919513151e-16,-11.459155902616464,-0.8357201747622793,0.0,2.839067535457484e-15,-11.459155902616464,0.0,3.063396292165091e-15,7.046580660411426e-15
47645.379,-29.94419647495441,20.94274355229731,1.7309004162806223,-28.64788975654116,-4.346371717222866,-28.64788975654116,-1.5957512051410783,-28.647889756541158,-11.459155902616462,0.0,2.7397614456399905e-15,4.996225612001083e-16,-11.459155902616466,0.0,3.2670024827447046e-15,3.866771160445496e-16,-11.459155902616464,-0.8357201747622793,0.0,1.7760312318304221e-15,-11.459155902616464,0.0,1.6982249946564599e-15,5.0976807704284796e-15
47645.412,-30.086373344890884,20.93067338797163,1.6638720798570756,-28.64788975654116,-4.340075309738896,-28.64788975654116,-1.591146883842167,-28.647889756541154,-11.459155902616459,0.0,4.5020943268083656e-15,1.2045557136674585e-15,-11.45915590261646,0.0,3.61946905897838e-15,1.355960200687156e-15,-11.459155902616464,-0.8357201747622793,0.0,3.185897536765123e-15,-11.459155902616464,0.0,2.755624723357485e-15,8.269879956531555e-15
47645.445,-30.053691637561425,20.806732323837913,1.7375462337287186,-28.647889756541158,-4.3467789183318954,-28.64788975654116,-1.5901619278563877,-28.647889756541158,-11.459155902616462,0.0,2.0682418342313153e-15,5.533674636345396e-16,-11.459155902616457,0.0,1.6627677658615128e-15,6.229220023033159e-16,-11.459155902616466,-0.8357201747622793,0.0,1.4635869634884709e-15,-11.459155902616464,0.0,1.265921573067174e-15,3.7991455639480345e-15
47645.479,-29.815536970935877,20.39258449625538,1.4221644652964585,-28.64788975654116,-4.40214990044116,-28.64788975654116,-1.5902728773374837,-28.647889756541147,-11.45915590261645,0.0,5.5659706925611575e-15,0.0,-11.459155902616466,0.0,5.565970692561155e-15,3.207122680992422e-15,-11.459155902616462,-0.8357201747622793,0.0,5.439280315317855e-15,-11.459155902616466,0.0,7.951386703658768e-15,0.0
47645.513,-29.896309103751733,20.389903986991584,1.3837016158603184,-28.64788975654116,-4.398501263943262,-28.64788975654116,-1.5864875333771322,-28.64788975654115,-11.459155902616455,0.0,4.525218001272126e-15,1.7345878188150515e-16,-11.459155902616462,0.0,3.1375477462200825e-15,1.8078608557978e-15,-11.459155902616464,-0.8357201747622793,0.0,3.704692496502804e-15,-11.459155902616464,0.0,6.216798884843716e-15,1.3876702550520412e-15
47645.547,-30.08671572069252,20.130363995195957,1.8131648674359946,-28.647889756541154,-4.377108431682894,-28.64788975654116,-1.5743640327085755,-28.647889756541158,-11.459155902616464,0.0,1.055035267740411e-15,1.7342834095455487e-16,-11.459155902616464,0.0,1.277031274094248e-15,6.573486730288987e-16,-11.459155902616462,-0.8357201747622793,0.0,8.637332475131474e-16,-11.459155902616464,0.0,1.4494201327130616e-15,1.414893484284785e-15
47645.58,-30.528065705026982,20.367559197013488,2.794966151160704,-28.64788975654116,-3.796089194021198,-28.647889756541158,-1.3682562960088684,-28.647889756541154,-11.459155902616466,0.0,0.0,7.951386703659011e-16,-11.459155902616464,0.0,5.565970692561148e-15,1.39149267314029e-15,-11.459155902616459,-0.8357201747622793,0.0,7.415362580724267e-30,-11.459155902616459,0.0,7.951386703658792e-16,1.5902773407317592e-15
47645.612,-31.517302101601793,21.05006119094806,3.3887493405034963,-28.64788975654116,-3.099656458873853,-28.647889756541158,-1.1698892005128902,-28.647889756541158,-11.459155902616466,0.0,3.975693351829444e-15,3.7769086842379315e-15,-11.459155902616464,0.0,0.0,0.0,-11.459155902616466,-0.8357201747622793,0.0,0.0,-11.459155902616466,0.0,0.0,0.0
47645.646,-31.69458265212608,21.34043563691283,3.352479402862652,-28.64788975654116,-2.9774189147543986,-28.647889756541158,-1.1418040810315067,-28.64788975654116,-11.45915590261646,0.0,7.917358319570233e-16,5.045897860334896e-15,-11.459155902616466,0.0,0.0,0.0,-11.459155902616466,-0.8357201747622793,0.0,0.0,-11.459155902616462,0.0,3.341624118582023e-15,0.0
47645.68,-31.265167572385266,19.366635927356548,1.9648042279469315,-28.64788975654116,-3.420849777998516,-28.64788975654116,-1.3274994484715255,-28.647889756541154,-11.459155902616464,0.0,1.5902773407317594e-15,7.431313871432535e-15,-11.459155902616466,0.0,1.5902773407317517e-15,1.192708005548819e-15,-11.459155902616466,-0.8357201747622793,4.770832022195251e-15,2.3854160110976317e-15,-11.459155902616466,0.0,3.975693351829395e-15,0.0
47645.712,-31.605508940479083,22.251335527078663,4.334083552373535,-28.64788975654116,-2.6037846056916276,-28.647889756541158,-1.0840972043270536,-28.64788975654116,-11.459155902616466,0.0,0.0,0.0,-11.459155902616466,0.0,0.0,0.0,-11.459155902616466,-0.8357201747622793,9.541664044390528e-15,0.0,-11.459155902616466,0.0,0.0,0.0
47645.746,-32.40338849131211,22.112467434090085,4.536182831019646,-28.647889756541158,-2.5659199623798883,-28.647889756541158,-1.080613188063708,-28.64788975654116,-11.459155902616464,0.0,1.2101573516737694e-15,1.8419034559006552e-16,-11.459155902616466,0.0,1.8419034559006552e-16,4.133001418066372e-16,-11.459155902616466,-0.8357201747622793,9.071980645730971e-15,0.0,-11.459155902616466,0.0,0.0,9.440211332781652e-16
47645.777,-32.31358428621971,23.263948093988628,5.6303519315536725,-28.64788975654116,-2.0921223746844753,-28.64788975654116,-0.9777798621767184,-28.64788975654116,-11.459155902616454,0.0,2.0052960220396937e-15,1.590277340731765e-15,-11.459155902616464,0.0,3.364745027053584e-15,2.6305553215361543e-15,-11.459155902616459,-0.8357201747622793,5.495289539717621e-15,6.3611093629270335e-15,-11.459155902616466,0.0,0.0,2.827941794243543e-16
47645.813,-32.09710147264365,23.139941846059987,5.7713867510345995,-28.64788975654116,-2.0919507453745374,-28.64788975654116,-0.9810495884463455,-28.64788975654116,-11.459155902616457,0.0,1.7136130826031973e-15,1.0069114618587692e-15,-11.459155902616464,0.0,2.489696208744094e-15,1.901347972944913e-15,-11.45915590261646,-0.8357201747622793,3.4794371283867646e-15,4.0276458474350604e-15,-11.459155902616466,0.0,0.0,1.790560006836925e-16
47645.845,-32.893144436606946,22.75481068239066,5.74021027058938,-28.647889756541154,-2.015076666861866,-28.64788975654116,-0.9778534997634469,-28.64788975654116,-11.459155902616466,0.0,0.0,1.9366332648475016e-15,-11.459155902616459,0.0,0.0,0.0,-11.459155902616466,-0.8357201747622793,0.0,0.0,-11.459155902616466,0.0,7.156248033292914e-15,3.2814178943215137e-15
47645.879,-32.76049922776681,22.653777734163675,5.771577173795041,-28.647889756541154,-2.0130900249776347,-28.647889756541158,-0.9824855622253641,-28.64788975654116,-11.459155902616466,0.0,7.383098301920974e-16,1.0375225623985853e-15,-11.459155902616457,0.0,1.107464745288146e-15,1.107464745288146e-15,-11.459155902616466,-0.8357201747622793,7.383098301920974e-16,2.214929490576292e-15,-11.459155902616459,0.0,3.833853797428475e-15,1.757970992140897e-15
47645.913,-32.521223835035656,21.23202283890816,4.98746726806646,-28.647889756541154,-2.0054697818983542,-28.647889756541154,-1.0355771426938452,-28.64788975654116,-11.459155902616466,0.0,7.951386703658789e-16,0.0,-11.45915590261646,0.0,7.951386703658832e-16,0.0,-11.459155902616462,-0.8357201747622793,0.0,9.254833257991531e-30,-11.459155902616466,0.0,1.5902773407317598e-15,1.1927080055488188e-15
47645.945,-32.05110392906046,21.04668471554074,5.359108745480703,-28.647889756541154,-2.0107810098214665,-28.647889756541154,-1.0409787457187858,-28.64788975654116,-11.459155902616466,0.0,7.951386703658789e-16,0.0,-11.45915590261646,0.0,1.0814256517133987e-15,5.725739626950311e-16,-11.459155902616459,-0.8357201747622793,0.0,2.862869813475248e-16,-11.459155902616466,0.0,1.876564322079275e-15,9.064210242013032e-16
47645.979,-32.14778978562032,22.12350657565004,6.6678686732422126,-28.647889756541158,-1.3267740786203028,-28.64788975654116,-0.8610818957978272,-28.647889756541158,-11.459155902616459,0.0,0.0,0.0,-11.459155902616459,0.0,0.0,7.95138670365906e-16,-11.459155902616466,-0.8357201747622793,0.0,1.6900245930681682e-16,-11.459155902616466,0.0,0.0,0.0
47646.013,-31.857053426944972,23.564016045940384,8.11640333213326,-28.647889756541158,-0.5909031866168846,-28.647889756541158,-0.692269088951781,-28.647889756541158,-11.459155902616466,0.0,0.0,0.0,-11.459155902616466,0.0,0.0,0.0,-11.459155902616455,-0.8357201747622793,4.354428731989151e-15,0.0,-11.459155902616466,0.0,3.1805546814635116e-15,3.975693351829396e-15
47646.046,-31.537966392137196,23.396805726963056,8.441162987239673,-28.647889756541158,-0.5964052529103961,-28.647889756541158,-0.6987832469498688,-28.647889756541158,-11.459155902616466,0.0,0.0,0.0,-11.459155902616466,0.0,0.0,0.0,-11.459155902616459,-0.8357201747622793,3.803854052051664e-15,8.258620199062302e-16,-11.459155902616462,0.0,2.905267341494768e-15,2.5992566519856786e-15
47646.08,-31.551040241247037,23.4863005211877,8.360065821303804,-28.647889756541158,-0.5663469783946671,-28.647889756541158,-0.6953333619814429,-28.647889756541158,-11.459155902616466,0.0,3.796922418957195e-16,0.0,-11.459155902616466,0.0,0.0,3.796922418957195e-16,-11.459155902616462,-0.8357201747622793,1.9874490315248316e-15,1.2055542618019497e-15,-11.459155902616462,0.0,1.5179527618995185e-15,2.2195644100899594e-15
47646.113,-31.24559894377026,22.48959995661398,7.673475483058826,-28.64788975654115,-0.4667765101615161,-28.64788975654116,-0.7630123463887133,-28.64788975654116,-11.459155902616466,0.0,7.951386703658937e-16,2.782985346280579e-15,-11.459155902616466,0.0,2.385416011097652e-15,0.0,-11.459155902616455,-0.8357201747622793,3.1805546814635463e-15,0.0,-11.459155902616466,0.0,7.228140915336431e-16,0.0
47646.146,-31.115506891969964,22.615177253372895,7.4630134490686375,-28.64788975654116,-0.4212994031202787,-28.64788975654116,-0.7617265632774584,-28.64788975654116,-11.459155902616466,0.0,1.5902773407317728e-15,0.0,-11.459155902616466,0.0,0.0,0.0,-11.459155902616466,-0.8357201747622793,0.0,0.0,-11.459155902616466,0.0,7.228140915336431e-16,0.0
47646.18,-31.556291896367036,22.534599916548405,7.618290329633035,-28.64788975654116,-0.4020252413082664,-28.64788975654116,-0.7755859241911908,-28.64788975654116,-11.459155902616466,0.0,0.0,1.2347587883331393e-15,-11.459155902616466,0.0,3.4532470691389567e-16,0.0,-11.459155902616466,-0.8357201747622793,0.0,0.0,-11.459155902616466,0.0,0.0,2.385416011097638e-15
47646.214,-31.476333324850927,22.535777302850587,7.6996017224302244,-28.64788975654116,-0.3850026085108283,-28.64788975654116,-0.7749277030300531,-28.64788975654116,-11.459155902616466,0.0,9.49921838518254e-16,1.0764384819134303e-15,-11.459155902616466,0.0,2.0780928865924794e-16,0.0,-11.459155902616466,-0.8357201747622793,0.0,0.0,-11.459155902616466,0.0,0.0,1.4354941725793839e-15
47646.246,-31.568923998822875,22.56636924464911,7.605427474809863,-28.647889756541158,-0.37613182264022055,-28.64788975654116,-0.776591766715425,-28.64788975654116,-11.459155902616466,0.0,1.792193618836032e-15,7.956812218075043e-16,-11.459155902616466,0.0,1.0500810689770256e-15,2.8075726010592593e-16,-11.459155902616466,-0.8357201747622793,0.0,2.8075726010592593e-16,-11.459155902616464,0.0,8.422717803177778e-16,1.4354941725793839e-15
47646.28,-32.137240104674895,22.543463328369263,7.7414922714118575,-28.64788975654116,-0.3008719611231333,-28.64788975654115,-0.7689772318760674,-28.64788975654116,-11.459155902616459,0.0,0.0,6.01918978819541e-15,-11.459155902616462,0.0,6.271526445174843e-16,1.4734652656547442e-15,-11.459155902616459,-0.8357201747622793,9.232380162239287e-15,1.6768006142082609e-16,-11.459155902616462,0.0,0.0,1.6524762542151265e-15
47646.314,-31.991638986676243,22.566369607462377,7.859174925188522,-28.64788975654116,-0.2828203042433332,-28.647889756541154,-0.7678570964051332,-28.64788975654116,-11.45915590261646,0.0,0.0,5.528960723012851e-15,-11.459155902616462,0.0,3.6937919685197255e-16,8.67838828672362e-16,-11.459155902616462,-0.8357201747622793,5.964186394355569e-15,4.944994382091979e-16,-11.459155902616462,0.0,1.6340968839418595e-15,1.8158859426093124e-15
47646.346,-32.00976889788474,23.55982557909314,8.309485003143472,-28.647889756541158,-0.03300652615281647,-28.647889756541158,-0.7417095303516256,-28.64788975654116,-11.459155902616462,0.0,2.2952312749860827e-30,3.1805546814634923e-15,-11.459155902616466,0.0,3.9756933518293644e-15,0.0,-11.459155902616466,-0.8357201747622793,4.770832022195261e-15,0.0,-11.45915590261646,0.0,1.0336802714756427e-14,0.0
47646.38,-31.518051473051724,23.577597415217937,8.179053845473117,-28.64788975654116,-0.04500352823870043,-28.64788975654116,-0.7628058385065893,-28.647889756541158,-11.459155902616466,0.0,0.0,0.0,-11.459155902616466,0.0,2.065096271666951e-15,0.0,-11.459155902616459,-0.8357201747622793,1.8992757237408758e-15,0.0,-11.459155902616466,0.0,0.0,0.0
47646.415,-31.982485370152368,23.07171937812629,8.322754091093927,-28.64788975654116,-0.08570035581064654,-28.647889756541154,-0.7950683280340817,-28.647889756541158,-11.459155902616464,0.0,0.0,1.9878466759146996e-15,-11.459155902616466,0.0,0.0,0.0,-11.459155902616466,-0.8357201747622793,2.0152726336689104e-15,1.2217072330308298e-15,-11.459155902616466,0.0,0.0,0.0
47646.449,-31.85080875235201,23.323337851591784,8.122623883758912,-28.64788975654116,-0.055150771895816415,-28.647889756541154,-0.8107098771530937,-28.647889756541158,-11.459155902616466,0.0,7.951386703658861e-16,0.0,-11.459155902616466,0.0,0.0,0.0,-11.459155902616466,-0.8357201747622793,0.0,0.0,-11.459155902616466,0.0,0.0,1.987846675914698e-15
47646.479,-31.623045377540908,23.2636732578275,8.229394823911113,-28.64788975654116,-0.06544684130172912,-28.647889756541158,-0.8176567277914111,-28.647889756541158,-11.459155902616466,0.0,7.951386703658861e-16,0.0,-11.459155902616466,0.0,1.1596628108884989e-15,0.0,-11.459155902616462,-0.8357201747622793,0.0,0.0,-11.459155902616466,0.0,5.798314054442494e-16,1.2630574191093862e-15
47646.514,-31.865114939738152,22.271417179331305,7.4737552781227246,-28.64788975654116,-0.20959320368292744,-28.64788975654116,-0.9102393717914286,-28.64788975654116,-11.45915590261646,0.0,0.0,3.5781240166464355e-15,-11.459155902616466,0.0,1.1596628108884963e-15,9.466017107234852e-16,-11.459155902616466,-0.8357201747622793,3.180554681463514e-15,3.1805546814635116e-15,-11.459155902616459,0.0,2.3283968209491277e-30,3.578124016646457e-15
47646.546,-32.00328304415218,23.22174492052677,8.257764533737387,-28.64788975654116,-0.03723706641702868,-28.64788975654116,-0.9012651636829703,-28.647889756541158,-11.459155902616464,0.0,7.951386703658446e-16,0.0,-11.459155902616459,0.0,8.47493929800185e-15,0.0,-11.459155902616459,-0.8357201747622793,0.0,3.026201334581721e-15,-11.459155902616457,0.0,4.943575053816178e-30,4.398399839361775e-15
47646.579,-32.45961399367015,22.95731546309029,8.187834844287963,-28.64788975654116,-0.0703920531212081,-28.64788975654116,-0.9239644964960395,-28.64788975654116,-11.459155902616464,0.0,4.782040106904645e-16,1.789062008323225e-15,-11.459155902616462,0.0,1.1686299984034842e-15,7.951386703658761e-16,-11.459155902616466,-0.8357201747622793,0.0,0.0,-11.459155902616466,0.0,8.74092133166983e-15,0.0
47646.612,-32.53407258553418,23.00659197166899,8.10561077575546,-28.647889756541158,-0.06204096054134228,-28.647889756541158,-0.9237002953534074,-28.64788975654116,-11.459155902616464,0.0,7.571796210901506e-16,1.1613668849239325e-15,-11.45915590261646,0.0,7.586143881879982e-16,5.161630599661912e-16,-11.459155902616462,-0.8357201747622793,1.6738536623981162e-15,0.0,-11.459155902616466,0.0,5.6741558040466275e-15,0.0
47646.646,-32.34912406533675,22.98522125416493,8.172855766918069,-28.647889756541158,-0.0708859248589994,-28.647889756541154,-0.9296193438932076,-28.647889756541158,-11.459155902616464,0.0,1.0640457714664908e-15,7.131630703777467e-16,-11.459155902616462,0.0,1.6792128393170188e-15,6.695961351543614e-16,-11.459155902616459,-0.8357201747622793,2.287585963150797e-15,0.0,-11.459155902616466,0.0,4.446691202541266e-15,0.0
47646.68,-32.218415347883465,23.059417829573047,8.270972030684884,-28.64788975654116,-0.06541539711839589,-28.647889756541158,-0.9314040157220386,-28.64788975654116,-11.459155902616466,0.0,4.878253726844156e-16,4.58853780152703e-15,-11.459155902616464,0.0,7.698565711391275e-16,4.542975389794012e-16,-11.459155902616459,-0.8357201747622793,1.4263915784509558e-15,0.0,-11.459155902616466,0.0,2.0386423697756486e-15,8.611943846998408e-16
47646.713,-32.20641484130603,23.099639590329513,8.155627921880733,-28.647889756541158,-0.06769314402629505,-28.64788975654116,-0.9357567287572164,-28.64788975654116,-11.459155902616462,0.0,1.2863637180964585e-15,2.284459581934227e-15,-11.459155902616466,0.0,3.8328249580258983e-16,2.5466295262639045e-16,-11.459155902616455,-0.8357201747622793,7.101464671159857e-16,0.0,-11.459155902616462,0.0,1.0149630006799118e-15,1.8593673164648944e-15
47646.746,-32.14221226396927,23.12860296178918,8.219950851981038,-28.647889756541158,-0.07077067663045845,-28.64788975654116,-0.9398624654208763,-28.64788975654116,-11.459155902616464,0.0,6.589135190473426e-16,1.170167722455019e-15,-11.459155902616466,0.0,1.963286235033529e-16,1.304458917220946e-16,-11.459155902616457,-0.8357201747622793,1.4858367481369702e-15,0.0,-11.45915590261646,0.0,5.198940494609806e-16,9.524228991054521e-16
47646.779,-32.26020872753217,23.189803838321453,8.169080613462434,-28.647889756541158,-0.0649091823853521,-28.647889756541158,-0.9405403030235227,-28.64788975654116,-11.459155902616464,0.0,4.0619272064291563e-16,7.21359627709167e-16,-11.459155902616466,0.0,1.2102841331318285e-16,2.829303026563477e-16,-11.45915590261646,-0.8357201747622793,9.159564247969463e-16,3.0496882186850616e-16,-11.459155902616462,0.0,8.248628713294866e-16,2.0198137756452236e-15
47646.814,-32.26020872753217,23.189803838321453,8.169080613462434,-28.647889756541158,-0.0649091823853521,-28.647889756541158,-0.9405403030235227,-28.64788975654116,-11.459155902616464,0.0,4.0619272064291563e-16,7.21359627709167e-16,-11.459155902616466,0.0,1.2102841331318285e-16,2.829303026563477e-16,-11.45915590261646,-0.8357201747622793,9.159564247969463e-16,3.0496882186850616e-16,-11.459155902616462,0.0,8.248628713294866e-16,2.0198137756452236e-15
47646.846,-32.1402454152076,23.168958302561233,8.2826938957069,-28.647889756541154,-0.07521776421619854,-28.647889756541158,-0.9462538912901651,-28.64788975654116,-11.45915590261646,0.0,9.764020792779614e-16,4.627091394415106e-16,-11.459155902616466,0.0,3.5422845651234563e-15,7.105873216326319e-16,-11.459155902616462,-0.8357201747622793,5.875313682714043e-16,2.0155968977736432e-15,-11.459155902616464,0.0,3.961014343822237e-15,1.2955899638144293e-15
47646.879,-32.17009804640892,23.20093995664273,8.223394572110257,-28.647889756541158,-0.08024552871962873,-28.647889756541158,-0.9503586320726632,-28.64788975654116,-11.459155902616462,0.0,6.789512736690857e-16,1.6525123618770131e-15,-11.459155902616466,0.0,2.2171630022305044e-15,4.447660515165387e-16,-11.459155902616462,-0.8357201747622793,1.777334590706907e-15,1.2615888946794849e-15,-11.45915590261646,0.0,2.771211121386735e-15,8.109269825786558e-16
47646.913,-32.17009804640892,23.20093995664273,8.223394572110257,-28.647889756541158,-0.08024552871962873,-28.647889756541158,-0.9503586320726632,-28.64788975654116,-11.459155902616462,0.0,6.789512736690857e-16,1.6525123618770131e-15,-11.459155902616466,0.0,2.2171630022305044e-15,4.447660515165387e-16,-11.459155902616462,-0.8357201747622793,1.777334590706907e-15,1.2615888946794849e-15,-11.45915590261646,0.0,2.771211121386735e-15,8.109269825786558e-16
47646.946,-32.68638726651379,23.14210988033021,7.851689961708978,-28.647889756541158,-0.1563917825110046,-28.64788975654116,-0.9824410038420721,-28.647889756541158,-11.459155902616457,0.0,0.0,0.0,-11.459155902616462,0.0,4.6145998750016035e-15,1.52075337961173e-15,-11.459155902616466,-0.8357201747622793,5.9864692974435556e-15,3.996541367519562e-15,-11.459155902616466,0.0,5.484883093035742e-15,8.109269825786558e-16
47646.98,-32.167802057642135,22.503777403702607,7.503003813342227,-28.647889756541154,-0.40166675761251547,-28.64788975654116,-1.0797955121844753,-28.647889756541158,-11.459155902616448,0.0,4.276500271827767e-15,5.367186024969682e-15,-11.459155902616466,0.0,3.712179115006452e-15,1.4671123347970895e-15,-11.459155902616459,-0.8357201747622793,0.0,7.370620879352195e-15,-11.45915590261646,0.0,9.353294355235877e-15,0.0
47647.013,-32.156760651382726,22.412145666015643,7.564566504391263,-28.647889756541158,-0.418938734834007,-28.64788975654116,-1.086404443585226,-28.64788975654116,-11.459155902616457,0.0,2.062499772618213e-15,2.588523150348919e-15,-11.459155902616466,0.0,1.7903351090742645e-15,7.075689616713393e-16,-11.459155902616462,-0.8357201747622793,8.233075184061523e-16,3.554753401482118e-15,-11.45915590261646,0.0,4.510970713129455e-15,0.0
47647.046,-32.00242145931769,22.39241285168575,7.552281581272815,-28.647889756541158,-0.4252546450882819,-28.64788975654116,-1.0894140013588263,-28.64788975654116,-11.45915590261646,0.0,1.0367766635442559e-15,1.3011979108821935e-15,-11.459155902616466,0.0,8.999650257686367e-16,3.5568051790756666e-16,-11.459155902616464,-0.8357201747622793,4.1385993508278454e-16,1.786902195209813e-15,-11.459155902616462,0.0,2.2675731786225697e-15,0.0
47647.079,-32.00242145931769,22.39241285168575,7.552281581272815,-28.647889756541158,-0.4252546450882819,-28.64788975654116,-1.0894140013588263,-28.64788975654116,-11.45915590261646,0.0,1.0367766635442559e-15,1.3011979108821935e-15,-11.459155902616466,0.0,8.999650257686367e-16,3.5568051790756666e-16,-11.459155902616464,-0.8357201747622793,4.1385993508278454e-16,1.786902195209813e-15,-11.459155902616462,0.0,2.2675731786225697e-15,0.0
47647.113,-32.09412306604149,22.412013696269863,7.472483396525931,-28.647889756541158,-0.42329632351441665,-28.64788975654116,-1.0896118699518087,-28.64788975654116,-11.459155902616462,0.0,6.676815079280197e-16,8.379681119370866e-16,-11.459155902616466,0.0,5.795751646584327e-16,2.290573398183031e-16,-11.45915590261646,-0.8357201747622793,9.800027536757564e-16,1.1507604233094785e-15,-11.459155902616464,0.0,1.4603113018228377e-15,0.0
47647.145,-31.96613924167375,22.377708343423905,7.59000661751088,-28.647889756541158,-0.4269533142820431,-28.647889756541158,-1.0915357768909721,-28.647889756541158,-11.459155902616457,0.0,2.0714561584312383e-15,2.8734413551667535e-15,-11.459155902616466,0.0,4.510144186067444e-15,1.4924545252711995e-15,-11.459155902616462,-0.8357201747622793,9.800027536757564e-16,3.396799864114628e-15,-11.459155902616464,0.0,3.987105672728631e-15,2.2460394408051495e-15
47647.179,-32.1016701787694,22.462055911791325,7.551549291496017,-28.647889756541158,-0.412019863371351,-28.647889756541158,-1.0873492629251624,-28.647889756541158,-11.459155902616459,0.0,1.3943121908554257e-15,1.6499230228620781e-15,-11.459155902616464,0.0,2.589713799322827e-15,8.5696375093646e-16,-11.45915590261646,-0.8357201747622793,5.627151926558216e-16,3.058227880326722e-15,-11.459155902616464,0.0,3.987105672728631e-15,1.7381814651232902e-15
47647.213,-32.19291229382862,22.50118355243356,7.533084566277864,-28.647889756541158,-0.40161299355922286,-28.647889756541158,-1.0847736496606224,-28.647889756541158,-11.459155902616457,0.0,2.4072880256295963e-15,2.1564109402491634e-15,-11.459155902616464,0.0,3.6026896340969975e-15,1.3634516683235451e-15,-11.459155902616462,-0.8357201747622793,5.627151926558216e-16,3.395886491918112e-15,-11.459155902616464,0.0,3.3117884495458504e-15,2.07584007671468e-15
47647.246,-32.092710153980654,22.489106379108588,7.678287299868313,-28.647889756541158,-0.4001899235129352,-28.647889756541158,-1.0851462186640293,-28.647889756541158,-11.45915590261646,0.0,1.487419145454853e-15,1.332406792974442e-15,-11.459155902616464,0.0,2.226035887619268e-15,8.424517937924759e-16,-11.459155902616464,-0.8357201747622793,1.170389314327906e-15,2.0982560167678576e-15,-11.459155902616464,0.0,2.0462933779028805e-15,2.3796771375507223e-15
47647.279,-31.857910326590478,23.237217204530168,8.166917449203329,-28.647889756541158,-0.23953145190955225,-28.64788975654116,-1.0398812206966541,-28.64788975654116,-11.459155902616466,0.0,7.951386703658729e-16,3.776908684237918e-15,-11.459155902616466,0.0,2.385416011097624e-15,0.0,-11.459155902616457,-0.8357201747622793,1.5902773407317483e-15,1.5902773407317542e-15,-11.459155902616462,0.0,0.0,5.1684013573782136e-15
47647.315,-31.60776460083663,23.610204034263152,8.20704514876851,-28.647889756541154,-0.1504134814070688,-28.64788975654116,-1.012649650194797,-28.647889756541154,-11.459155902616459,0.0,0.0,0.0,-11.459155902616466,0.0,0.0,4.211493016721036e-16,-11.459155902616455,-0.8357201747622793,7.479787373875497e-16,1.543117407753431e-15,-11.459155902616457,0.0,1.5902773407317637e-15,0.0
47647.348,-31.822518568800966,23.832184007727587,8.572287744661152,-28.64788975654116,-0.0758606905543904,-28.647889756541154,-0.9911013741667143,-28.64788975654116,-11.459155902616466,0.0,0.0,0.0,-11.459155902616462,0.0,0.0,4.2114930167210017e-16,-11.459155902616466,-0.8357201747622793,5.518810759582824e-15,0.0,-11.459155902616466,0.0,0.0,0.0
47647.381,-31.926999118761003,23.903066857160333,8.72245457620576,-28.64788975654116,-0.03920562659987072,-28.64788975654116,-0.9801662413055239,-28.64788975654116,-11.459155902616466,0.0,0.0,4.572047354603805e-15,-11.459155902616462,0.0,0.0,2.3579966489160596e-17,-11.459155902616466,-0.8357201747622793,0.0,0.0,-11.459155902616466,0.0,7.951386703658792e-16,1.5902773407317584e-15
47647.413,-31.687885055008216,24.714796443237677,9.034908610553956,-28.64788975654116,0.17745204338596252,-28.64788975654116,-0.9143299828528391,-28.647889756541158,-11.459155902616466,0.0,7.95138670365871e-16,2.1866313435062354e-15,-11.459155902616466,0.0,4.770832022195273e-15,4.211493016720863e-16,-11.459155902616466,-0.8357201747622793,0.0,0.0,-11.459155902616466,0.0,0.0,0.0
47647.446,-31.96303312006062,24.421138943995995,9.22765947323741,-28.647889756541154,0.13782973285253566,-28.647889756541158,-0.9316205874039919,-28.64788975654116,-11.459155902616466,0.0,0.0,6.1623246953356306e-15,-11.459155902616466,0.0,1.5902773407317728e-15,4.5963112583454314e-30,-11.459155902616459,-0.8357201747622793,1.5902773407317655e-15,1.5902773407317548e-15,-11.459155902616462,0.0,2.3854160110976384e-15,0.0
47647.479,-31.592350247223905,24.847720728486156,9.232984935725998,-28.64788975654116,0.1832607299569632,-28.64788975654116,-0.9217285613631981,-28.64788975654116,-11.459155902616459,0.0,7.951386703658847e-16,2.7829853462806304e-15,-11.459155902616466,0.0,2.3854160110976518e-15,0.0,-11.459155902616466,-0.8357201747622793,7.951386703658798e-15,0.0,-11.459155902616466,0.0,0.0,3.975693351829396e-16
47647.512,-31.87829646360753,24.939229626114432,9.089866252441997,-28.64788975654116,0.19666699673688257,-28.64788975654116,-0.9178412965448168,-28.64788975654116,-11.45915590261646,0.0,5.123912883862557e-16,2.570924809795909e-15,-11.459155902616464,0.0,1.53717386515876e-15,0.0,-11.459155902616466,-0.8357201747622793,5.123912883862508e-15,0.0,-11.459155902616462,0.0,5.654947639592578e-16,2.5619564419312516e-16
47647.547,-32.13452408681889,25.049788327846144,9.435330386709353,-28.64788975654116,0.1899690145057826,-28.647889756541158,-0.9239803000837389,-28.64788975654116,-11.459155902616466,0.0,1.307529958752139e-15,3.564848147753251e-15,-11.459155902616462,0.0,7.1031445577199195e-15,1.987846675914699e-15,-11.459155902616466,-0.8357201747622793,3.180554681463523e-15,1.5902773407317576e-15,-11.459155902616466,0.0,3.975693351829398e-15,7.553817368475854e-15
47647.579,-31.98907607689478,25.101807134904455,9.512683970349903,-28.647889756541158,0.189065092388469,-28.647889756541154,-0.9249567543467904,-28.64788975654116,-11.459155902616466,0.0,7.103207654230986e-16,3.201671670812618e-15,-11.45915590261646,0.0,3.858811069970274e-15,1.261493722033434e-15,-11.459155902616462,-0.8357201747622793,1.7278487737009903e-15,1.5902773407317576e-15,-11.459155902616466,0.0,2.522987444066868e-15,4.829993791421109e-15
47647.612,-31.837487712229166,25.21982511979946,9.258898046454325,-28.64788975654116,0.18719959697140928,-28.64788975654116,-0.9287270187686374,-28.647889756541158,-11.459155902616466,0.0,0.0,0.0,-11.459155902616466,0.0,6.244227081067912e-15,6.878571648461522e-17,-11.459155902616466,-0.8357201747622793,0.0,7.951386703658783e-16,-11.459155902616466,0.0,0.0,0.0
47647.645,-32.14388060688583,25.2479228104976,9.385974569736058,-28.64788975654116,0.2234499722176057,-28.647889756541158,-0.9184305085948432,-28.647889756541158,-11.459155902616464,0.0,7.951386703658792e-16,4.174478019420866e-15,-11.459155902616462,0.0,0.0,6.878571648461522e-17,-11.459155902616452,-0.8357201747622793,6.3611093629270335e-15,0.0,-11.459155902616459,0.0,0.0,7.951386703658792e-16
47647.679,-32.25055020859744,25.606641158888916,9.20418161363583,-28.64788975654116,0.2670266159644486,-28.647889756541158,-0.903947949681608,-28.647889756541158,-11.459155902616459,0.0,5.134980460404104e-16,8.452438949046571e-15,-11.459155902616466,0.0,1.5902773407317587e-14,4.442159880626415e-17,-11.459155902616452,-0.8357201747622793,0.0,2.3854160110976376e-15,-11.459155902616464,0.0,3.975693351829396e-15,2.344162104155957e-15
47647.712,-31.74674100094951,25.415118788260152,9.72677437357078,-28.647889756541158,0.23861072258029378,-28.647889756541158,-0.9127613096739748,-28.647889756541158,-11.45915590261646,0.0,7.803754396905623e-16,6.250700451432818e-15,-11.459155902616466,0.0,1.08321029279647e-14,8.450537797567198e-16,-11.459155902616457,-0.8357201747622793,0.0,2.9191707983979414e-15,-11.459155902616464,0.0,3.708815958179244e-15,1.5573762314946147e-15
47647.746,-33.85787137288664,26.66312297492035,10.459925414004763,-28.647889756541154,0.3187359563229024,-28.647889756541158,-0.9115903516243034,-28.64788975654116,-11.459155902616464,0.0,0.0,0.0,-11.459155902616466,0.0,1.3505769064131193e-29,0.0,-11.459155902616459,-0.8357201747622793,0.0,0.0,-11.459155902616466,0.0,3.829672794592913e-30,0.0
47647.779,-35.24529754761535,27.757295893917256,12.07549526603278,-28.64788975654116,1.411871937954094,-28.647889756541158,-0.5583883266110691,-28.647889756541158,-11.459155902616457,0.0,3.180554681463532e-15,0.0,-11.459155902616466,0.0,1.5902773407317598e-15,8.746525374024666e-15,-11.459155902616466,-0.8357201747622793,7.951386703658771e-15,0.0,-11.459155902616454,0.0,1.1131941385122309e-14,1.1927080055488188e-15
47647.812,-31.516229301909316,26.507392334824278,10.938877127768013,-28.647889756541158,4.322201725363194,-28.647889756541158,0.3500558719536635,-28.647889756541158,-11.459155902616466,0.0,5.565970692561158e-15,1.1314027959446781e-30,-11.459155902616466,0.0,7.95138670365878e-15,3.578124016646451e-15,-11.459155902616466,-0.8357201747622793,6.361109362927024e-15,1.1927080055488168e-15,-11.459155902616457,0.0,5.565970692561151e-15,7.951386703658792e-16
47647.846,-29.79362560971844,28.64788975654116,10.904255862713057,-28.64788975654116,6.970600689631411,-28.64788975654116,0.9055923027212514,-28.64788975654116,-11.459155902616466,0.0,6.3611093629270335e-15,2.3854160110976415e-15,-11.459155902616459,0.0,1.5902773407317696e-15,1.1927080055488269e-15,-11.459155902616459,-0.8357201747622793,1.5902773407317665e-15,9.144094709207617e-15,-11.459155902616466,0.0,2.3854160110976376e-15,3.975693351829396e-15
47647.88,-30.350309790628085,28.647889756541154,12.19957652643151,-28.647889756541158,9.201687625981545,-28.64788975654116,1.2962112443083516,-28.64788975654116,-11.459155902616466,0.0,0.0,0.0,-11.459155902616462,0.0,0.0,0.0,-11.459155902616466,-0.8357201747622793,7.156248033292902e-15,0.0,-11.459155902616466,0.0,0.0,0.0
47647.914,-30.54896030525492,28.64788975654116,13.2639629509915,-28.64788975654116,9.377971488983302,-28.647889756541158,1.2638023517146155,-28.647889756541147,-11.459155902616466,0.0,6.361109362927049e-15,0.0,-11.45915590261645,0.0,4.770832022195278e-15,0.0,-11.459155902616464,-0.8357201747622793,9.093581636661127e-16,1.9878466759147054e-16,-11.459155902616464,0.0,4.373262687012336e-15,1.5902773407317588e-15
47647.947,-28.418534770488876,28.647889756541147,14.680850248221482,-28.647889756541154,11.711038721433901,-28.64788975654116,1.61663820733945,-28.64788975654116,-11.459155902616462,0.0,4.770832022195271e-15,0.0,-11.459155902616455,0.0,0.0,0.0,-11.459155902616466,-0.8357201747622793,3.975693351829381e-16,1.9878466759146933e-16,-11.459155902616464,0.0,1.1348764473305821e-15,9.93923337957349e-17
47647.981,-26.435366762342827,28.647889756541147,15.543384609189646,-28.647889756541154,15.136624708324925,-28.64788975654116,2.154016278789704,-28.647889756541158,-11.459155902616466,0.0,3.180554681463505e-15,3.1805546814635093e-15,-11.459155902616455,0.0,0.0,3.9756933518293915e-16,-11.459155902616464,-0.8357201747622793,0.0,0.0,-11.459155902616464,0.0,5.963540027744095e-16,0.0
47648.013,-26.100513780544862,28.64788975654115,15.824322916671786,-28.647889756541154,15.148345617179949,-28.64788975654116,2.135905213345371,-28.647889756541158,-11.459155902616466,0.0,1.9605891022181644e-15,4.095528865897518e-15,-11.459155902616454,0.0,6.099827896226724e-16,1.9225263092396205e-15,-11.459155902616464,-0.8357201747622793,1.524956974056681e-16,0.0,-11.459155902616464,0.0,9.013453975857456e-16,1.524956974056681e-16
47648.045,-26.35665804792751,28.647889756541147,15.712257567158959,-28.647889756541154,15.206572850120795,-28.64788975654116,2.132001618698727,-28.647889756541158,-11.459155902616462,0.0,1.3146214731195039e-15,4.095528865897518e-15,-11.459155902616459,0.0,1.255950418721333e-15,3.2144615674369415e-15,-11.459155902616464,-0.8357201747622793,1.4444309556029892e-15,4.037297681866628e-17,-11.459155902616464,0.0,8.205994439484131e-16,6.167849308203304e-16
47648.079,-25.62340458545684,28.64788975654116,15.422350377289117,-28.64788975654116,17.07966746452229,-28.64788975654116,2.1722132225010116,-28.64788975654116,-11.459155902616466,0.0,0.0,0.0,-11.459155902616466,0.0,0.0,0.0,-11.459155902616466,-0.8357201747622793,0.0,3.1805546814635164e-15,-11.45915590261646,0.0,0.0,4.969616689786746e-16
47648.112,-23.575478200915253,28.64788975654115,15.865323245513549,-28.64788975654116,21.466048169875236,-28.64788975654116,2.9326475976340713,-28.64788975654116,-11.459155902616466,0.0,0.0,1.5902773407317643e-15,-11.459155902616466,0.0,0.0,4.770832022195281e-15,-11.459155902616466,-0.8357201747622793,0.0,0.0,-11.459155902616464,0.0,3.975693351829397e-16,1.5405811738338905e-15
47648.146,-22.729112149205882,28.64788975654116,16.912165905015602,-28.647889756541158,23.93184272775981,-28.647889756541158,2.9352321034597457,-28.64788975654116,-11.459155902616466,0.0,0.0,0.0,-11.459155902616466,0.0,0.0,1.119153320089941e-15,-11.459155902616466,-0.8357201747622793,2.3782008051910453e-15,1.0336802714756426e-14,-11.459155902616466,0.0,1.509507449366277e-16,0.0
47648.179,-22.380340811388752,28.647889756541147,17.128720232990755,-28.64788975654116,26.76977409838777,-28.64788975654116,3.0468277629850253,-28.647889756541154,-11.459155902616466,0.0,0.0,2.385416011097642e-15,-11.459155902616466,0.0,1.5902773407317343e-15,7.156248033292896e-15,-11.45915590261645,-0.8357201747622793,1.0336802714756416e-14,2.7829853462805618e-15,-11.459155902616462,0.0,2.1866313435061676e-15,1.5405811738338905e-15
47648.213,-23.437508482925452,28.64788975654116,16.996532788815472,-28.647889756541158,26.94884615828043,-28.64788975654116,3.0174635625205926,-28.64788975654116,-11.459155902616443,0.0,4.77083202219526e-15,0.0,-11.459155902616455,0.0,0.0,4.740791334638323e-15,-11.459155902616466,-0.8357201747622793,0.0,7.444841580257499e-16,-11.459155902616466,0.0,0.0,0.0
47648.245,-23.88534336029238,28.647889756541147,16.73925946713103,-28.647889756541158,27.20696350543732,-28.64788975654116,3.014440527751391,-28.647889756541158,-11.459155902616466,0.0,5.388965249030088e-16,0.0,-11.459155902616448,0.0,2.6416581565605025e-15,1.5833731772008698e-15,-11.459155902616466,-0.8357201747622793,0.0,0.0,-11.459155902616466,0.0,0.0,4.872620681937894e-15
47648.279,-23.494243601836907,28.64788975654116,16.8097382517107,-28.647889756541158,29.54156406769908,-28.647889756541154,3.069252851995593,-28.64788975654116,-11.459155902616459,0.0,0.0,0.0,-11.459155902616462,0.0,0.0,0.0,-11.459155902616462,-0.8357201747622793,0.0,0.0,-11.459155902616466,0.0,0.0,5.51936783616103e-15
47648.312,-25.636928116779742,28.64788975654116,17.222301171574195,-28.64788975654116,29.683417218397977,-28.64788975654116,2.980072412231204,-28.647889756541158,-11.459155902616462,0.0,7.951386703658836e-15,0.0,-11.459155902616454,0.0,0.0,0.0,-11.459155902616466,-0.8357201747622793,0.0,1.292100339344554e-14,-11.459155902616466,0.0,0.0,0.0
47648.346,-25.055289813477557,28.64788975654116,17.768914623659033,-28.64788975654116,29.66683732227966,-28.64788975654116,2.9559225552101065,-28.647889756541158,-11.459155902616464,0.0,5.971931966644414e-15,0.0,-11.459155902616457,0.0,0.0,4.948636842536054e-16,-11.459155902616466,-0.8357201747622793,0.0,1.112712253802622e-14,-11.459155902616466,0.0,1.85573881595102e-16,0.0
47648.381,-24.90616321789982,28.64788975654116,17.918427090459215,-28.64788975654116,29.671182694970742,-28.64788975654116,2.9384296378143606,-28.647889756541158,-11.459155902616464,0.0,4.111785743146746e-15,4.953419439803594e-16,-11.45915590261646,0.0,0.0,3.407228101525698e-16,-11.459155902616466,-0.8357201747622793,0.0,7.661229911802053e-15,-11.459155902616466,0.0,1.2777105380721368e-16,4.705748467813414e-15
47648.412,-25.22649455229635,28.647889756541154,18.283703344577145,-28.64788975654116,29.5510968060998,-28.647889756541158,2.7816693540207043,-28.647889756541154,-11.459155902616466,0.0,0.0,4.471035295809809e-15,-11.459155902616466,0.0,1.5902773407317722e-15,1.93100015088433e-15,-11.459155902616457,-0.8357201747622793,4.770832022195268e-15,0.0,-11.45915590261646,0.0,1.9168330621304422e-15,2.0221554553285717e-15
47648.446,-24.908602117173064,28.64788975654116,18.216994095617178,-28.64788975654116,29.417467845507595,-28.64788975654116,2.657916740762543,-28.64788975654116,-11.459155902616452,0.0,1.0941118342970332e-15,0.0,-11.459155902616466,0.0,4.2746665157605695e-15,0.0,-11.459155902616466,-0.8357201747622793,1.0304988209048026e-15,0.0,-11.459155902616466,0.0,0.0,2.628051410111814e-15
47648.479,-24.542643999802337,28.647889756541154,18.531373511417538,-28.647889756541158,29.380697975524324,-28.64788975654116,2.6296727391912453,-28.64788975654116,-11.459155902616452,0.0,7.584876583557616e-16,4.6343411158411735e-15,-11.459155902616466,0.0,3.786841135145709e-15,2.439126903074302e-15,-11.459155902616462,-0.8357201747622793,3.59158206913282e-15,0.0,-11.459155902616464,0.0,7.927162434991481e-16,2.353649633515955e-15
47648.512,-23.74021052487125,28.64788975654116,18.857824859766616,-28.64788975654115,29.283066457460365,-28.64788975654116,2.5289328455500395,-28.64788975654116,-11.459155902616459,0.0,2.1156941116570204e-15,6.042424544182102e-15,-11.459155902616462,0.0,7.394038635139245e-15,6.721292633891223e-15,-11.459155902616452,-0.8357201747622793,7.656348830864634e-15,0.0,-11.459155902616462,0.0,2.338189478402603e-15,1.353014838272368e-15
47648.545,-23.686607625739402,28.64788975654116,18.97114733937447,-28.647889756541154,29.26230345226551,-28.64788975654116,2.5042767202424105,-28.64788975654116,-11.45915590261646,0.0,1.5530388281819425e-15,5.1984416189694856e-15,-11.459155902616464,0.0,6.268728068189089e-15,4.470671499990912e-15,-11.459155902616457,-0.8357201747622793,5.687055338701863e-15,0.0,-11.459155902616464,0.0,1.5109157506742709e-15,8.743052900222332e-16
47648.579,-23.0050148311277,28.647889756541158,19.117282428794194,-28.64788975654116,29.192051294242148,-28.64788975654116,2.416176231443139,-28.64788975654116,-11.459155902616459,0.0,0.0,0.0,-11.459155902616466,0.0,2.7330087079484253e-15,0.0,-11.459155902616466,-0.8357201747622793,0.0,1.192708005548819e-15,-11.459155902616466,0.0,0.0,3.544918613309694e-16
47648.613,-22.894438482382423,28.647889756541158,19.24989179533392,-28.64788975654116,29.16083773895951,-28.64788975654116,2.391073599009147,-28.64788975654116,-11.45915590261646,0.0,0.0,1.7743934974504558e-15,-11.459155902616464,0.0,1.8617441706880407e-15,1.2674239267503254e-15,-11.459155902616464,-0.8357201747622793,1.5209087121003904e-15,8.124808275237213e-16,-11.459155902616464,0.0,4.4359837436261394e-16,4.97077053090381e-16
47648.646,-22.99187272256686,28.64788975654115,19.214167227070245,-28.64788975654116,29.127375888505313,-28.64788975654116,2.3613749113147717,-28.64788975654116,-11.459155902616457,0.0,0.0,5.942860065819513e-15,-11.459155902616464,0.0,1.1109686602596266e-15,7.563167292541743e-16,-11.459155902616464,-0.8357201747622793,9.075800751050093e-16,1.2132949206361309e-15,-11.459155902616464,0.0,2.6471085523896107e-16,9.580132601696518e-16
47648.679,-23.144126330224484,28.64788975654115,19.215614834517925,-28.64788975654116,29.07177041459531,-28.647889756541158,2.3189727319089366,-28.64788975654116,-11.459155902616462,0.0,8.371248029836649e-16,3.850048058360351e-15,-11.459155902616457,0.0,5.26152793856775e-16,1.5934415322378395e-15,-11.459155902616462,-0.8357201747622793,1.744704878088674e-15,5.746143299089545e-16,-11.459155902616464,0.0,4.739920559848773e-16,9.580132601696518e-16
47648.713,-22.983264280795556,28.647889756541154,19.415273087237978,-28.64788975654116,29.025182021555793,-28.647889756541158,2.2894244199724536,-28.64788975654116,-11.459155902616464,0.0,8.371248029836649e-16,2.6321610393393475e-15,-11.459155902616459,0.0,5.26152793856775e-16,1.0893876273866168e-15,-11.459155902616464,-0.8357201747622793,3.253863803298517e-15,3.92846382410241e-16,-11.459155902616464,0.0,3.240539868094747e-16,6.549645979387954e-16
47648.747,-23.650275920345138,28.64788975654116,19.55907910172603,-28.647889756541158,28.873528594955644,-28.64788975654116,2.176828371685775,-28.64788975654116,-11.459155902616462,0.0,2.1472378614927183e-15,0.0,-11.459155902616466,0.0,5.83560824669016e-15,0.0,-11.459155902616466,-0.8357201747622793,7.449888506836812e-16,7.880135601780787e-15,-11.459155902616466,0.0,0.0,0.0
47648.782,-23.90476245110492,28.64788975654116,19.767657461483743,-28.64788975654115,28.691204174872443,-28.647889756541147,2.0367291075761593,-28.64788975654116,-11.45915590261646,0.0,0.0,3.975693351829396e-15,-11.459155902616455,0.0,1.7789093630317712e-15,0.0,-11.459155902616466,-0.8357201747622793,0.0,9.278378735906823e-15,-11.459155902616466,0.0,0.0,1.5077611594003928e-16
47648.813,-24.250335018388068,28.64788975654116,19.855459543264256,-28.647889756541154,28.61702234407058,-28.647889756541158,1.971952447261405,-28.64788975654116,-11.459155902616464,0.0,1.5902773407317584e-15,0.0,-11.459155902616462,0.0,0.0,7.951386703658792e-16,-11.459155902616464,-0.8357201747622793,1.4710065401768764e-14,7.3063802947362175e-16,-11.459155902616466,0.0,1.987846675914698e-16,0.0
47648.847,-23.816740719429532,28.64788975654116,19.837868234174643,-28.64788975654116,28.577757331814947,-28.64788975654116,1.906974073627345,-28.64788975654116,-11.459155902616464,0.0,0.0,0.0,-11.459155902616466,0.0,0.0,0.0,-11.459155902616466,-0.8357201747622793,0.0,0.0,-11.459155902616466,0.0,0.0,4.969616689786745e-16
47648.88,-23.970811434971267,28.64788975654116,19.839699170142264,-28.64788975654116,28.55905693164255,-28.64788975654116,1.8841105552471324,-28.64788975654116,-11.459155902616464,0.0,7.078422579159665e-16,0.0,-11.459155902616466,0.0,0.0,0.0,-11.459155902616466,-0.8357201747622793,4.2470535474957985e-15,0.0,-11.459155902616466,0.0,0.0,2.7576096337993494e-16
47648.914,-23.946886445402217,28.64788975654116,19.97441991873149,-28.64788975654116,28.548577087923793,-28.647889756541158,1.8657960638821822,-28.64788975654116,-11.45915590261646,0.0,1.3517342643628723e-15,6.438920064469058e-16,-11.459155902616462,0.0,3.863352038681435e-15,1.609730016117265e-15,-11.459155902616462,-0.8357201747622793,2.637323531378534e-15,4.1852980419048884e-15,-11.459155902616466,0.0,3.219460032234529e-16,1.6410730683677216e-16
47648.947,-24.310862957403966,28.647889756541147,20.077545529914925,-28.64788975654116,28.522849472867648,-28.64788975654116,1.8208278059341108,-28.64788975654116,-11.459155902616466,0.0,0.0,0.0,-11.459155902616466,0.0,1.4995293423803743e-14,0.0,-11.459155902616466,-0.8357201747622793,0.0,0.0,-11.459155902616466,0.0,0.0,0.0
47648.979,-24.07853604092402,28.647889756541144,20.247956055747956,-28.647889756541158,28.513758029641593,-28.64788975654116,1.8072758372343765,-28.64788975654116,-11.459155902616464,0.0,0.0,2.1541652808576043e-15,-11.459155902616464,0.0,1.2123073049326938e-14,1.196758489365336e-15,-11.459155902616462,-0.8357201747622793,0.0,3.231247921286407e-15,-11.459155902616466,0.0,1.7951377340480038e-16,0.0
47649.013,-24.067795366443477,28.64788975654115,20.334957346383344,-28.647889756541158,28.501466351197138,-28.64788975654116,1.7879209188100051,-28.64788975654116,-11.459155902616464,0.0,0.0,2.848796204112249e-15,-11.459155902616464,0.0,6.827731658709776e-15,8.494430277380136e-16,-11.459155902616464,-0.8357201747622793,1.041946384881967e-15,3.578563382913729e-15,-11.459155902616466,0.0,3.531715042184615e-16,0.0
47649.046,-23.855952867319772,28.64788975654115,20.48731832861314,-28.647889756541158,28.490125669261513,-28.64788975654116,1.7738244922907018,-28.64788975654116,-11.459155902616464,0.0,0.0,1.99112208860047e-15,-11.459155902616464,0.0,8.264064355652101e-15,2.525164507504059e-15,-11.45915590261646,-0.8357201747622793,4.513083735825918e-15,2.5011815822033416e-15,-11.459155902616464,0.0,7.122546784540427e-16,0.0
47649.079,-23.94462091093979,28.647889756541154,20.41459374046711,-28.647889756541158,28.48904545783625,-28.64788975654116,1.7628140884666494,-28.64788975654116,-11.459155902616464,0.0,0.0,1.3884409087846373e-15,-11.459155902616464,0.0,7.30136073297242e-15,2.0438126961642193e-15,-11.45915590261646,-0.8357201747622793,3.911393971651119e-15,1.7441134568853805e-15,-11.459155902616464,0.0,5.919167256190828e-16,8.122811816359797e-16
47649.113,-24.380866033896318,28.647889756541147,20.3834350066747,-28.64788975654116,28.424027939633213,-28.64788975654116,1.6955440822382273,-28.64788975654116,-11.459155902616454,0.0,0.0,3.04983968337587e-15,-11.459155902616466,0.0,0.0,1.7399815147897607e-15,-11.459155902616464,-0.8357201747622793,0.0,4.187049154836029e-15,-11.459155902616466,0.0,3.0262990346430965e-16,1.5552546899737224e-15
47649.147,-24.157205265041913,28.64788975654115,20.471456289589938,-28.64788975654116,28.40525912809636,-28.64788975654116,1.678793440384438,-28.64788975654116,-11.459155902616455,0.0,0.0,3.04983968337587e-15,-11.459155902616464,0.0,0.0,3.80771197160277e-15,-11.459155902616459,-0.8357201747622793,1.292331535508131e-16,5.220914383242534e-15,-11.459155902616462,0.0,8.841790944429686e-16,1.0706303641581731e-15
47649.18,-23.70667378672681,28.647889756541154,20.838990151883078,-28.64788975654116,28.37739281445209,-28.64788975654116,1.6600794957223206,-28.64788975654116,-11.459155902616459,0.0,9.491990917917846e-16,2.1396509435178134e-15,-11.459155902616462,0.0,9.491990917917846e-16,2.6713451717127073e-15,-11.45915590261646,-0.8357201747622793,8.411324723946514e-16,6.585388077693224e-15,-11.459155902616464,0.0,6.203062554322694e-16,7.511133392736877e-16
47649.213,-23.237839634619302,28.64788975654115,20.83966268366803,-28.64788975654116,28.325689824437877,-28.647889756541154,1.5997717500701103,-28.64788975654116,-11.459155902616464,0.0,7.01532360277773e-15,4.655261228977142e-15,-11.45915590261646,0.0,1.2575354736027535e-14,5.816858251799843e-15,-11.459155902616462,-0.8357201747622793,0.0,0.0,-11.459155902616464,0.0,6.263168775161643e-16,0.0
47649.247,-23.472785335463048,28.64788975654116,21.00904795998976,-28.64788975654116,28.30593777113185,-28.64788975654116,1.5613510822151424,-28.64788975654116,-11.459155902616466,0.0,0.0,0.0,-11.459155902616466,0.0,1.4434133509052267e-15,0.0,-11.459155902616466,-0.8357201747622793,0.0,0.0,-11.459155902616466,0.0,2.996287474175489e-17,9.93923337957349e-17
47649.281,-23.41735495029918,28.647889756541158,21.073769772043573,-28.647889756541158,28.29681383302092,-28.64788975654116,1.5490217554023167,-28.64788975654116,-11.45915590261646,0.0,9.779691592118952e-16,7.334768694089214e-16,-11.459155902616466,0.0,4.866305408146861e-15,0.0,-11.459155902616466,-0.8357201747622793,0.0,3.667384347044607e-16,-11.459155902616466,0.0,2.0749775030077607e-17,6.883079757036317e-17
47649.314,-23.33679319318792,28.647889756541154,21.144804743451022,-28.647889756541158,28.27936974771254,-28.64788975654116,1.5341915467376412,-28.64788975654116,-11.459155902616462,0.0,6.780484660287809e-16,5.085363495215856e-16,-11.459155902616462,0.0,3.3739212388666147e-15,0.0,-11.459155902616466,-0.8357201747622793,7.315523366350764e-16,1.098290771339537e-15,-11.459155902616466,0.0,1.4386295311116285e-17,4.7721971872540644e-17
47649.346,-23.33679319318792,28.647889756541154,21.144804743451022,-28.647889756541158,28.27936974771254,-28.64788975654116,1.5341915467376412,-28.64788975654116,-11.459155902616462,0.0,6.780484660287809e-16,5.085363495215856e-16,-11.459155902616462,0.0,3.3739212388666147e-15,0.0,-11.459155902616466,-0.8357201747622793,7.315523366350764e-16,1.098290771339537e-15,-11.459155902616466,0.0,1.4386295311116285e-17,4.7721971872540644e-17
47649.38,-23.25620180762307,28.647889756541158,21.220478596241417,-28.647889756541158,28.26946969387531,-28.64788975654116,1.5220415623962624,-28.64788975654116,-11.459155902616464,0.0,6.780484660287809e-16,3.5553550305813977e-16,-11.459155902616464,0.0,4.809298156204962e-15,2.3922948622305797e-16,-11.459155902616464,-0.8357201747622793,2.6453882264195403e-15,7.992539135607146e-16,-11.459155902616466,0.0,1.3400103842264527e-16,4.7721971872540644e-17
47649.414,-23.25620180762307,28.647889756541158,21.220478596241417,-28.647889756541158,28.26946969387531,-28.64788975654116,1.5220415623962624,-28.64788975654116,-11.459155902616464,0.0,6.780484660287809e-16,3.5553550305813977e-16,-11.459155902616464,0.0,4.809298156204962e-15,2.3922948622305797e-16,-11.459155902616464,-0.8357201747622793,2.6453882264195403e-15,7.992539135607146e-16,-11.459155902616466,0.0,1.3400103842264527e-16,4.7721971872540644e-17
47649.448,-23.21434457447796,28.647889756541158,21.286003032990074,-28.647889756541158,28.252417638654077,-28.64788975654116,1.5067760532209982,-28.64788975654116,-11.459155902616462,0.0,6.780484660287809e-16,8.83072174966239e-16,-11.459155902616462,0.0,3.2139279157092393e-15,1.5987079591667087e-16,-11.459155902616464,-0.8357201747622793,3.17292489832764e-15,5.341204435866474e-16,-11.459155902616466,0.0,8.954938207873752e-17,3.7743239181510264e-16
47649.48,-23.21434457447796,28.647889756541158,21.286003032990074,-28.647889756541158,28.252417638654077,-28.64788975654116,1.5067760532209982,-28.64788975654116,-11.459155902616462,0.0,6.780484660287809e-16,8.83072174966239e-16,-11.459155902616462,0.0,3.2139279157092393e-15,1.5987079591667087e-16,-11.459155902616464,-0.8357201747622793,3.17292489832764e-15,5.341204435866474e-16,-11.459155902616466,0.0,8.954938207873752e-17,3.7743239181510264e-16
47649.514,-23.15160037172957,28.647889756541158,21.358526779491363,-28.647889756541158,28.248954985570755,-28.64788975654116,1.4968432444955513,-28.647889756541158,-11.45915590261646,0.0,1.15865159338468e-15,6.161959275976755e-16,-11.45915590261646,0.0,4.175134170421038e-15,2.8031879963741153e-15,-11.459155902616459,-0.8357201747622793,7.137900699013806e-15,1.1348743527815212e-15,-11.459155902616464,0.0,8.705294640320734e-16,2.633672641636659e-16
47649.547,-23.15160037172957,28.647889756541158,21.358526779491363,-28.647889756541158,28.248954985570755,-28.64788975654116,1.4968432444955513,-28.647889756541158,-11.45915590261646,0.0,1.15865159338468e-15,6.161959275976755e-16,-11.45915590261646,0.0,4.175134170421038e-15,2.8031879963741153e-15,-11.459155902616459,-0.8357201747622793,7.137900699013806e-15,1.1348743527815212e-15,-11.459155902616464,0.0,8.705294640320734e-16,2.633672641636659e-16
47649.58,-23.07233992085455,28.647889756541154,21.38970319027721,-28.647889756541158,28.249066345724437,-28.64788975654116,1.4874230619430961,-28.647889756541158,-11.459155902616462,0.0,7.82715618987807e-16,5.002036289819124e-15,-11.459155902616462,0.0,2.8204705756385803e-15,4.609122263171182e-15,-11.459155902616454,-0.8357201747622793,6.3639288703864924e-15,2.1023391385656642e-15,-11.459155902616462,0.0,1.7089989450449974e-15,1.7791514927175236e-16
47649.613,-22.9076268465196,28.647889756541154,21.411524718707597,-28.647889756541158,28.241085582129692,-28.64788975654116,1.4741614406314525,-28.647889756541154,-11.459155902616462,0.0,4.903464217625135e-16,3.5169882781396695e-15,-11.459155902616457,0.0,6.384585803669273e-15,3.718093456163509e-15,-11.459155902616455,-0.8357201747622793,5.918414466882656e-15,1.3170485536753002e-15,-11.459155902616464,0.0,1.6347465444610244e-15,4.0067235102367056e-16
47649.647,-22.9076268465196,28.647889756541154,21.411524718707597,-28.647889756541158,28.241085582129692,-28.64788975654116,1.4741614406314525,-28.647889756541154,-11.459155902616462,0.0,4.903464217625135e-16,3.5169882781396695e-15,-11.459155902616457,0.0,6.384585803669273e-15,3.718093456163509e-15,-11.459155902616455,-0.8357201747622793,5.918414466882656e-15,1.3170485536753002e-15,-11.459155902616464,0.0,1.6347465444610244e-15,4.0067235102367056e-16
47649.681,-22.9076268465196,28.647889756541154,21.411524718707597,-28.647889756541158,28.241085582129692,-28.64788975654116,1.4741614406314525,-28.647889756541154,-11.459155902616462,0.0,4.903464217625135e-16,3.5169882781396695e-15,-11.459155902616457,0.0,6.384585803669273e-15,3.718093456163509e-15,-11.459155902616455,-0.8357201747622793,5.918414466882656e-15,1.3170485536753002e-15,-11.459155902616464,0.0,1.6347465444610244e-15,4.0067235102367056e-16
47649.714,-22.76644867028044,28.647889756541158,21.46761445927176,-28.647889756541158,28.229713393831172,-28.64788975654116,1.4613601653057697,-28.647889756541158,-11.459155902616459,0.0,1.0026408826887962e-15,3.2608410476765283e-15,-11.459155902616457,0.0,4.3278452221658535e-15,2.520340942176006e-15,-11.459155902616457,-0.8357201747622793,5.278046390724802e-15,8.927724468998866e-16,-11.459155902616464,0.0,1.2505256987663125e-15,4.0067235102367056e-16
47649.747,-22.883082379523017,28.647889756541158,21.3873850730191,-28.647889756541158,28.232318443730097,-28.64788975654116,1.4535993462118977,-28.647889756541154,-11.45915590261646,0.0,1.0026408826887962e-15,5.408925259170369e-15,-11.45915590261646,0.0,3.028760010435741e-15,4.191073106671215e-15,-11.459155902616457,-0.8357201747622793,3.6937401919036e-15,2.6231736172699245e-15,-11.459155902616464,0.0,1.548870728140457e-15,2.6382600713297544e-15
47649.78,-22.74843430972968,28.647889756541158,21.464637827293142,-28.647889756541158,28.222662762179745,-28.64788975654116,1.4419137444652506,-28.647889756541154,-11.459155902616462,0.0,1.0026408826887962e-15,3.756794669008733e-15,-11.459155902616457,0.0,4.48598804497517e-15,2.910929685684598e-15,-11.459155902616459,-0.8357201747622793,5.029532556898078e-15,4.991169173396498e-15,-11.459155902616464,0.0,1.0757755035709701e-15,1.8324160339665057e-15
47649.813,-22.74843430972968,28.647889756541158,21.464637827293142,-28.647889756541158,28.222662762179745,-28.64788975654116,1.4419137444652506,-28.647889756541154,-11.459155902616462,0.0,1.0026408826887962e-15,3.756794669008733e-15,-11.459155902616457,0.0,4.48598804497517e-15,2.910929685684598e-15,-11.459155902616459,-0.8357201747622793,5.029532556898078e-15,4.991169173396498e-15,-11.459155902616464,0.0,1.0757755035709701e-15,1.8324160339665057e-15
47649.847,-22.605417864725684,28.647889756541158,21.544175618662017,-28.647889756541158,28.223041580562015,-28.64788975654116,1.4334979319589536,-28.647889756541158,-11.459155902616464,0.0,6.966776066186241e-16,2.6103810085459785e-15,-11.459155902616457,0.0,4.000703160395541e-15,2.0226379768391133e-15,-11.45915590261646,-0.8357201747622793,3.494733522887651e-15,6.2650419954180255e-15,-11.459155902616464,0.0,7.474946573861098e-16,1.2732407374511715e-15
47649.88,-22.546186123242492,28.647889756541158,21.581161050007797,-28.647889756541158,28.21980777065079,-28.64788975654116,1.423983999659327,-28.647889756541158,-11.45915590261646,0.0,1.1817348094436987e-15,1.814177681061993e-15,-11.459155902616454,0.0,3.5156459575704664e-15,2.0226379768391133e-15,-11.459155902616462,-0.8357201747622793,3.130940620768845e-15,4.354115097295491e-15,-11.459155902616464,0.0,5.194981574350033e-16,1.2126085870980372e-15
47649.914,-22.546186123242492,28.647889756541158,21.581161050007797,-28.647889756541158,28.21980777065079,-28.64788975654116,1.423983999659327,-28.647889756541158,-11.45915590261646,0.0,1.1817348094436987e-15,1.814177681061993e-15,-11.459155902616454,0.0,3.5156459575704664e-15,2.0226379768391133e-15,-11.459155902616462,-0.8357201747622793,3.130940620768845e-15,4.354115097295491e-15,-11.459155902616464,0.0,5.194981574350033e-16,1.2126085870980372e-15
47649.947,-22.44224143362585,28.647889756541154,21.604131377798677,-28.647889756541158,28.218621612508553,-28.64788975654116,1.4139307838907857,-28.647889756541158,-11.459155902616462,0.0,1.1817348094436987e-15,2.9328570278237586e-15,-11.459155902616454,0.0,5.193664977713115e-15,1.3112264284532337e-15,-11.459155902616462,-0.8357201747622793,2.1520961923523003e-15,2.8226656739745378e-15,-11.459155902616464,0.0,3.3677787194822267e-16,1.5971546125473943e-15
47649.979,-22.44224143362585,28.647889756541154,21.604131377798677,-28.647889756541158,28.218621612508553,-28.64788975654116,1.4139307838907857,-28.647889756541158,-11.459155902616462,0.0,1.1817348094436987e-15,2.9328570278237586e-15,-11.459155902616454,0.0,5.193664977713115e-15,1.3112264284532337e-15,-11.459155902616462,-0.8357201747622793,2.1520961923523003e-15,2.8226656739745378e-15,-11.459155902616464,0.0,3.3677787194822267e-16,1.5971546125473943e-15
47650.013,-22.47601398189351,28.647889756541158,21.543522136322107,-28.647889756541158,28.22576208783901,-28.64788975654116,1.4073399153009039,-28.647889756541158,-11.459155902616464,0.0,8.000349192869101e-16,3.189686513350165e-15,-11.459155902616457,0.0,3.5161131821139986e-15,8.877007950271646e-16,-11.459155902616464,-0.8357201747622793,1.4569699477302808e-15,2.0521772173953184e-15,-11.459155902616464,0.0,2.2799874849125386e-16,1.2761177556393863e-15
47650.048,-22.41205411867374,28.647889756541158,21.571579186118154,-28.647889756541158,28.222220179778024,-28.64788975654116,1.397593109044196,-28.647889756541158,-11.459155902616462,0.0,5.439414637202081e-16,2.168658778577746e-15,-11.459155902616455,0.0,2.3905953412505e-15,6.035452430289547e-16,-11.459155902616464,-0.8357201747622793,9.90589719097691e-16,1.3952694470364194e-15,-11.459155902616464,0.0,1.5501569992875855e-16,8.676288286272955e-16
47650.081,-22.474647088930453,28.64788975654115,21.51696888789964,-28.647889756541158,28.23128564990457,-28.64788975654116,1.3924960288976727,-28.647889756541154,-11.459155902616464,0.0,1.0188340012433628e-15,5.7303528100014065e-15,-11.459155902616457,0.0,1.6767098706349843e-15,3.927793005691038e-15,-11.459155902616457,-0.8357201747622793,2.6527136004287327e-15,9.786106471777979e-16,-11.459155902616464,0.0,1.282885476546251e-15,1.1644366645792674e-15
47650.113,-22.232819118724276,28.64788975654116,21.283109187133928,-28.64788975654116,28.22464670603132,-28.64788975654116,1.3634984607763836,-28.647889756541158,-11.459155902616466,0.0,0.0,1.6438211744025215e-16,-11.459155902616452,0.0,1.6767098706349843e-15,3.132654335325159e-15,-11.459155902616466,-0.8357201747622793,0.0,0.0,-11.459155902616466,0.0,0.0,3.947422010859844e-15
47650.146,-22.532515722920003,28.64788975654116,21.10099969647625,-28.64788975654116,28.20644495864415,-28.64788975654116,1.3499549339431995,-28.647889756541158,-11.459155902616466,0.0,4.814455620311829e-16,1.1461655838218133e-16,-11.459155902616452,0.0,1.1690974527534329e-15,2.1842647126533988e-15,-11.459155902616466,-0.8357201747622793,0.0,0.0,-11.459155902616466,0.0,0.0,2.803988801035785e-15
47650.179,-22.3503167557099,28.647889756541154,20.284752862898504,-28.647889756541154,28.08139019192723,-28.647889756541154,1.2754373457230173,-28.647889756541158,-11.459155902616466,0.0,4.1976727008995804e-15,1.2298657412362933e-16,-11.459155902616466,0.0,0.0,0.0,-11.459155902616464,-0.8357201747622793,0.0,1.9878466759146977e-16,-11.459155902616466,0.0,0.0,0.0
47650.213,-23.051410170324026,28.647889756541147,20.527130386749064,-28.64788975654116,27.918626258357847,-28.64788975654116,1.1818700283263415,-28.647889756541158,-11.459155902616466,0.0,4.7708320221952854e-15,0.0,-11.459155902616452,0.0,7.476721295963205e-15,1.5902773407317588e-15,-11.459155902616466,-0.8357201747622793,7.156248033292914e-15,0.0,-11.459155902616464,0.0,7.951386703658792e-16,3.486287290738052e-16
47650.247,-25.789848832918246,28.647889756541144,19.525585991403414,-28.64788975654116,27.79942570042843,-28.64788975654116,1.1119265487950807,-28.64788975654116,-11.459155902616466,0.0,0.0,0.0,-11.459155902616466,0.0,4.770832022195275e-15,0.0,-11.459155902616466,-0.8357201747622793,3.2927777413612015e-16,0.0,-11.459155902616466,0.0,1.9053320041577684e-32,5.963540027744094e-16
47650.28,-27.378070135592747,28.64788975654116,19.615754711739164,-28.64788975654116,27.7256214952324,-28.647889756541154,1.0722413042895484,-28.647889756541158,-11.459155902616466,0.0,2.0458073910341107e-14,2.843664618284387e-15,-11.459155902616466,0.0,1.9083328088781583e-14,3.638803288650178e-15,-11.459155902616466,-0.8357201747622793,3.2943009364276885e-15,0.0,-11.459155902616462,0.0,6.024219299747699e-15,4.851900470830592e-16
47650.314,-27.99211114164167,28.64788975654116,19.65285076003602,-28.64788975654116,24.824364254998,-28.647889756541158,0.10381663462718126,-28.64788975654116,-11.459155902616459,0.0,0.0,0.0,-11.459155902616457,0.0,0.0,0.0,-11.459155902616466,-0.8357201747622793,4.770832022195282e-15,0.0,-11.459155902616466,0.0,0.0,0.0
47650.347,-27.798378532607344,28.647889756541154,19.36281811621059,-28.64788975654116,24.78572585423144,-28.64788975654116,0.12255784146347931,-28.64788975654116,-11.459155902616466,0.0,0.0,0.0,-11.459155902616457,0.0,0.0,0.0,-11.459155902616466,-0.8357201747622793,0.0,0.0,-11.459155902616454,0.0,0.0,0.0
47650.38,-27.586273183988276,28.64788975654116,18.816989044407535,-28.64788975654116,24.755485595212374,-28.64788975654116,0.13099602336868213,-28.647889756541158,-11.459155902616466,0.0,0.0,0.0,-11.45915590261646,0.0,0.0,0.0,-11.459155902616466,-0.8357201747622793,0.0,0.0,-11.459155902616466,0.0,0.0,0.0
47650.413,-27.584653795768784,28.647889756541126,18.311516161108525,-28.647889756541147,24.777365946205496,-28.64788975654114,0.1553056585148105,-28.647889756541147,-11.459155902616454,0.0,1.0519256771165724e-14,5.259628385582864e-15,-11.459155902616454,0.0,8.501001085849484e-15,0.0,-11.459155902616452,-0.8357201747622793,5.014104097407697e-15,0.0,-11.459155902616457,0.0,4.831650040998381e-15,5.366622971728998e-15
47650.447,-27.837955380919674,28.647889756541137,18.09366470392484,-28.64788975654115,24.790684665467165,-28.64788975654114,0.163045086397946,-28.64788975654115,-11.459155902616457,0.0,1.3791115101702515e-14,6.077592968217062e-15,-11.459155902616455,0.0,1.3817770872971772e-14,3.0673671848782434e-15,-11.459155902616454,-0.8357201747622793,9.921891593212886e-15,3.0673671848782434e-15,-11.459155902616454,0.0,6.4675792062667775e-15,5.571114117387548e-15
47650.481,-28.15078022117287,28.647889756541144,17.813686944092666,-28.647889756541154,24.82275725875713,-28.647889756541147,0.1769346635847896,-28.64788975654115,-11.459155902616457,0.0,1.1736136899699023e-14,5.461099507616015e-15,-11.459155902616459,0.0,1.2584783951769677e-14,3.2728650050785922e-15,-11.459155902616457,-0.8357201747622793,8.688904672010791e-15,4.3003541060803385e-15,-11.459155902616455,0.0,5.029094464864333e-15,4.9546206567865e-15
47650.513,-28.229901132518297,28.64788975654116,17.973248700840625,-28.647889756541158,24.871637507552325,-28.64788975654116,0.20763465635670442,-28.64788975654116,-11.459155902616464,0.0,0.0,0.0,-11.45915590261644,0.0,0.0,1.682587664346834e-15,-11.45915590261646,-0.8357201747622793,0.0,0.0,-11.459155902616466,0.0,0.0,0.0
47650.547,-28.00110316510709,28.647889756541158,18.201583304529194,-28.647889756541154,24.89578939572758,-28.647889756541158,0.2190153323033481,-28.64788975654116,-11.45915590261646,0.0,0.0,0.0,-11.459155902616446,0.0,0.0,1.2439799563590343e-15,-11.45915590261646,-0.8357201747622793,0.0,2.0727237999633613e-15,-11.459155902616466,0.0,0.0,1.7618152299688573e-15
47650.581,-27.848204429582097,28.647889756541158,18.316131163804037,-28.647889756541158,24.91105075047416,-28.647889756541158,0.22741655300080907,-28.64788975654116,-11.459155902616462,0.0,0.0,0.0,-11.459155902616452,0.0,0.0,9.188394172447233e-16,-11.459155902616462,-0.8357201747622793,0.0,1.5309734845260891e-15,-11.459155902616466,0.0,0.0,1.3461625265119832e-15
47650.613,-27.638913782238053,28.647889756541158,18.44911448811607,-28.647889756541158,24.917325247961042,-28.647889756541154,0.23275036626875545,-28.64788975654116,-11.459155902616459,0.0,5.397652053484281e-15,1.4532140143996142e-15,-11.459155902616452,0.0,6.643264065826808e-15,1.7492474254730742e-15,-11.459155902616462,-0.8357201747622793,6.2280600617126325e-15,1.1312530680386323e-15,-11.459155902616459,0.0,3.1140300308563162e-15,1.9689685326832465e-15
47650.647,-27.69072019804916,28.647889756541158,18.36722686575712,-28.647889756541158,24.936934001044733,-28.647889756541158,0.2424573848671468,-28.647889756541158,-11.45915590261646,0.0,1.1650869333154184e-14,3.4631767114363684e-15,-11.459155902616452,0.0,1.289648134549671e-14,3.9825393110694685e-15,-11.45915590261646,-0.8357201747622793,1.024798545578614e-14,8.135200245376562e-16,-11.459155902616454,0.0,5.347321916452711e-15,2.1922977212428856e-15
47650.68,-27.666531476236514,28.647889756541154,18.482711753325155,-28.647889756541154,24.947431722500315,-28.647889756541158,0.24996202932488307,-28.647889756541158,-11.459155902616454,0.0,7.656688830160672e-15,2.275921708938155e-15,-11.459155902616454,0.0,8.475276980872941e-15,3.709947860291282e-15,-11.459155902616459,-0.8357201747622793,6.9768880464479045e-15,4.084617433875892e-15,-11.459155902616457,0.0,3.5141394876404973e-15,3.146367798966538e-15
47650.714,-27.666531476236514,28.647889756541154,18.482711753325155,-28.647889756541154,24.947431722500315,-28.647889756541158,0.24996202932488307,-28.647889756541158,-11.459155902616454,0.0,7.656688830160672e-15,2.275921708938155e-15,-11.459155902616454,0.0,8.475276980872941e-15,3.709947860291282e-15,-11.459155902616459,-0.8357201747622793,6.9768880464479045e-15,4.084617433875892e-15,-11.459155902616457,0.0,3.5141394876404973e-15,3.146367798966538e-15
47650.747,-27.666531476236514,28.647889756541154,18.482711753325155,-28.647889756541154,24.947431722500315,-28.647889756541158,0.24996202932488307,-28.647889756541158,-11.459155902616454,0.0,7.656688830160672e-15,2.275921708938155e-15,-11.459155902616454,0.0,8.475276980872941e-15,3.709947860291282e-15,-11.459155902616459,-0.8357201747622793,6.9768880464479045e-15,4.084617433875892e-15,-11.459155902616457,0.0,3.5141394876404973e-15,3.146367798966538e-15
47650.78,-27.666531476236514,28.647889756541154,18.482711753325155,-28.647889756541154,24.947431722500315,-28.647889756541158,0.24996202932488307,-28.647889756541158,-11.459155902616454,0.0,7.656688830160672e-15,2.275921708938155e-15,-11.459155902616454,0.0,8.475276980872941e-15,3.709947860291282e-15,-11.459155902616459,-0.8357201747622793,6.9768880464479045e-15,4.084617433875892e-15,-11.459155902616457,0.0,3.5141394876404973e-15,3.146367798966538e-15
47650.814,-27.537096206273354,28.647889756541154,18.576252201224005,-28.647889756541154,24.946272232190687,-28.647889756541158,0.25253054283966686,-28.647889756541158,-11.459155902616457,0.0,6.0143169664304565e-15,1.6883025429169573e-15,-11.459155902616455,0.0,7.243498083075279e-15,2.752078150149276e-15,-11.45915590261646,-0.8357201747622793,5.7451091486502426e-15,3.0300119610322664e-15,-11.459155902616459,0.0,3.5141394876404973e-15,2.334008562370799e-15
47650.847,-27.677218202417283,28.647889756541158,18.503327535593158,-28.647889756541154,24.952381328907933,-28.647889756541158,0.2574615542391788,-28.647889756541158,-11.459155902616459,0.0,7.287144636067872e-15,2.5368543226752346e-15,-11.459155902616459,0.0,5.970670413437862e-15,2.9642160950888453e-15,-11.459155902616462,-0.8357201747622793,6.169385038529381e-15,2.6057360711531272e-15,-11.459155902616459,0.0,4.150553322459205e-15,2.440077534840584e-15
47650.881,-27.677218202417283,28.647889756541158,18.503327535593158,-28.647889756541154,24.952381328907933,-28.647889756541158,0.2574615542391788,-28.647889756541158,-11.459155902616459,0.0,7.287144636067872e-15,2.5368543226752346e-15,-11.459155902616459,0.0,5.970670413437862e-15,2.9642160950888453e-15,-11.459155902616462,-0.8357201747622793,6.169385038529381e-15,2.6057360711531272e-15,-11.459155902616459,0.0,4.150553322459205e-15,2.440077534840584e-15
47650.914,-27.75788096506406,28.647889756541158,18.496516722456853,-28.647889756541154,24.94916090244637,-28.647889756541158,0.26022110290812345,-28.647889756541158,-11.45915590261646,0.0,4.846888637125256e-15,1.6873344780009057e-15,-11.45915590261646,0.0,3.971263921354998e-15,1.9715850345770616e-15,-11.459155902616464,-0.8357201747622793,4.103434710667943e-15,2.3394669071313474e-15,-11.45915590261646,0.0,2.7606519070362847e-15,2.440077534840584e-15
47650.948,-27.74218721268184,28.647889756541158,18.554015840303087,-28.647889756541154,24.943389000890708,-28.647889756541158,0.2620221698692519,-28.647889756541158,-11.459155902616462,0.0,3.282523559555212e-15,1.142736215241958e-15,-11.459155902616459,0.0,2.689512460263798e-15,1.3352430415038712e-15,-11.459155902616459,-0.8357201747622793,2.7790242609851105e-15,2.596103124893434e-15,-11.459155902616462,0.0,1.869633408774241e-15,1.6525265164759817e-15
47650.98,-27.74218721268184,28.647889756541158,18.554015840303087,-28.647889756541154,24.943389000890708,-28.647889756541158,0.2620221698692519,-28.647889756541158,-11.459155902616462,0.0,3.282523559555212e-15,1.142736215241958e-15,-11.459155902616459,0.0,2.689512460263798e-15,1.3352430415038712e-15,-11.459155902616459,-0.8357201747622793,2.7790242609851105e-15,2.596103124893434e-15,-11.459155902616462,0.0,1.869633408774241e-15,1.6525265164759817e-15
47651.014,-27.74218721268184,28.647889756541158,18.554015840303087,-28.647889756541154,24.943389000890708,-28.647889756541158,0.2620221698692519,-28.647889756541158,-11.459155902616462,0.0,3.282523559555212e-15,1.142736215241958e-15,-11.459155902616459,0.0,2.689512460263798e-15,1.3352430415038712e-15,-11.459155902616459,-0.8357201747622793,2.7790242609851105e-15,2.596103124893434e-15,-11.459155902616462,0.0,1.869633408774241e-15,1.6525265164759817e-15
47651.047,-27.657967778321755,28.647889756541154,18.633776480396012,-28.647889756541158,24.938702806366692,-28.647889756541154,0.26339531757412493,-28.647889756541158,-11.459155902616457,0.0,2.441859040039712e-15,8.500779071171224e-16,-11.459155902616455,0.0,2.0007199324669884e-15,1.131605548537362e-15,-11.459155902616459,-0.8357201747622793,2.3717492750520917e-15,3.2070156037929614e-15,-11.459155902616464,0.0,1.390814462697797e-15,1.2452515305429633e-15
47651.08,-27.634555547623453,28.647889756541158,18.68764000755708,-28.647889756541158,24.935924450685892,-28.647889756541154,0.26576409499638476,-28.647889756541158,-11.459155902616455,0.0,4.7621113408285415e-15,2.010204057511537e-15,-11.459155902616457,0.0,5.713123613729115e-15,1.8276812387740107e-15,-11.459155902616455,-0.8357201747622793,5.620102496156453e-15,3.4390408338718443e-15,-11.45915590261646,0.0,1.62283969277668e-15,8.818812359660909e-16
47651.113,-27.634555547623453,28.647889756541158,18.68764000755708,-28.647889756541158,24.935924450685892,-28.647889756541154,0.26576409499638476,-28.647889756541158,-11.459155902616455,0.0,4.7621113408285415e-15,2.010204057511537e-15,-11.459155902616457,0.0,5.713123613729115e-15,1.8276812387740107e-15,-11.459155902616455,-0.8357201747622793,5.620102496156453e-15,3.4390408338718443e-15,-11.45915590261646,0.0,1.62283969277668e-15,8.818812359660909e-16
47651.147,-27.634555547623453,28.647889756541158,18.68764000755708,-28.647889756541158,24.935924450685892,-28.647889756541154,0.26576409499638476,-28.647889756541158,-11.459155902616455,0.0,4.7621113408285415e-15,2.010204057511537e-15,-11.459155902616457,0.0,5.713123613729115e-15,1.8276812387740107e-15,-11.459155902616455,-0.8357201747622793,5.620102496156453e-15,3.4390408338718443e-15,-11.45915590261646,0.0,1.62283969277668e-15,8.818812359660909e-16
47651.18,-27.531271747628214,28.647889756541158,18.769693177838004,-28.647889756541154,24.925100759664314,-28.647889756541158,0.26509104877754563,-28.647889756541158,-11.459155902616452,0.0,3.536094311761082e-15,1.4926721835127973e-15,-11.459155902616455,0.0,4.484861424249504e-15,1.4182605089474738e-15,-11.459155902616454,-0.8357201747622793,4.173193578610329e-15,2.5536514919981923e-15,-11.459155902616462,0.0,1.205035707025132e-15,6.5483878871382405e-16
47651.214,-27.531271747628214,28.647889756541158,18.769693177838004,-28.647889756541154,24.925100759664314,-28.647889756541158,0.26509104877754563,-28.647889756541158,-11.459155902616452,0.0,3.536094311761082e-15,1.4926721835127973e-15,-11.459155902616455,0.0,4.484861424249504e-15,1.4182605089474738e-15,-11.459155902616454,-0.8357201747622793,4.173193578610329e-15,2.5536514919981923e-15,-11.459155902616462,0.0,1.205035707025132e-15,6.5483878871382405e-16
47651.247,-27.392644447765463,28.647889756541158,18.85145050069788,-28.647889756541158,24.910398190571875,-28.647889756541158,0.26316241633563214,-28.647889756541158,-11.459155902616454,0.0,2.606840918772998e-15,1.4926721835127973e-15,-11.459155902616459,0.0,3.306280671551863e-15,1.0455545588552995e-15,-11.459155902616455,-0.8357201747622793,3.0765162983631302e-15,1.8825751280121356e-15,-11.459155902616464,0.0,8.883632937072833e-16,4.827531166069986e-16
47651.28,-27.35410880579633,28.647889756541158,18.88666314994624,-28.647889756541158,24.897435224338505,-28.647889756541158,0.2617882842590033,-28.647889756541158,-11.459155902616455,0.0,2.606840918772998e-15,1.9188327640881324e-15,-11.45915590261646,0.0,6.715565316154543e-15,8.32474268567632e-16,-11.459155902616457,-0.8357201747622793,3.502676878938465e-15,3.3741371600258085e-15,-11.459155902616462,0.0,1.1014435839949507e-15,1.1219939874700012e-15
47651.313,-27.35410880579633,28.647889756541158,18.88666314994624,-28.647889756541158,24.897435224338505,-28.647889756541158,0.2617882842590033,-28.647889756541158,-11.459155902616455,0.0,2.606840918772998e-15,1.9188327640881324e-15,-11.45915590261646,0.0,6.715565316154543e-15,8.32474268567632e-16,-11.459155902616457,-0.8357201747622793,3.502676878938465e-15,3.3741371600258085e-15,-11.459155902616462,0.0,1.1014435839949507e-15,1.1219939874700012e-15
47651.347,-27.463572237586526,28.647889756541158,18.86189752506869,-28.647889756541154,24.883451783726983,-28.64788975654115,0.26045442744838043,-28.647889756541158,-11.459155902616457,0.0,9.942968629625462e-15,4.6087462580673686e-15,-11.459155902616459,0.0,1.4051693027007008e-14,3.033312581823371e-15,-11.459155902616455,-0.8357201747622793,8.393428686173441e-15,5.8195130636432965e-15,-11.459155902616455,0.0,5.014045029782932e-15,7.769350482914622e-16
47651.38,-27.42784264924113,28.647889756541158,18.968527447629125,-28.647889756541158,24.86448586685586,-28.64788975654115,0.257652201076115,-28.647889756541158,-11.45915590261646,0.0,6.957523428854841e-15,3.8623849578747134e-15,-11.45915590261646,0.0,9.65512662988654e-15,2.286951281630716e-15,-11.459155902616457,-0.8357201747622793,7.398280285916566e-15,5.8195130636432965e-15,-11.459155902616457,0.0,3.445224685556553e-15,9.013285983235716e-16
47651.417,-27.54853721451713,28.64788975654116,19.278051130246592,-28.647889756541154,24.8294913926433,-28.647889756541147,0.256882097247196,-28.647889756541154,-11.459155902616454,0.0,1.3318632791781876e-14,5.452662298606472e-15,-11.459155902616448,0.0,8.064849289154782e-15,6.2626446334601115e-15,-11.459155902616457,-0.8357201747622793,1.0578834967380083e-14,1.2180622426570331e-14,-11.459155902616454,0.0,7.420918037385949e-15,1.0045423307531183e-14
47651.448,-27.581562230573628,28.647889756541158,19.218268484215173,-28.647889756541154,24.825913354041365,-28.647889756541147,0.25856733300448353,-28.64788975654115,-11.459155902616454,0.0,1.5088078230689533e-14,6.558565697923758e-15,-11.459155902616448,0.0,1.0276656087789352e-14,5.59910259386974e-15,-11.459155902616459,-0.8357201747622793,1.1021196327106999e-14,1.0632357667526132e-14,-11.459155902616452,0.0,7.420918037385949e-15,8.497158548486984e-15
47651.48,-27.581562230573628,28.647889756541158,19.218268484215173,-28.647889756541154,24.825913354041365,-28.647889756541147,0.25856733300448353,-28.64788975654115,-11.459155902616454,0.0,1.5088078230689533e-14,6.558565697923758e-15,-11.459155902616448,0.0,1.0276656087789352e-14,5.59910259386974e-15,-11.459155902616459,-0.8357201747622793,1.1021196327106999e-14,1.0632357667526132e-14,-11.459155902616452,0.0,7.420918037385949e-15,8.497158548486984e-15
47651.513,-27.581562230573628,28.647889756541158,19.218268484215173,-28.647889756541154,24.825913354041365,-28.647889756541147,0.25856733300448353,-28.64788975654115,-11.459155902616454,0.0,1.5088078230689533e-14,6.558565697923758e-15,-11.459155902616448,0.0,1.0276656087789352e-14,5.59910259386974e-15,-11.459155902616459,-0.8357201747622793,1.1021196327106999e-14,1.0632357667526132e-14,-11.459155902616452,0.0,7.420918037385949e-15,8.497158548486984e-15
47651.547,-27.4242015022857,28.64788975654116,19.074993313543107,-28.64788975654116,24.784771709575793,-28.64788975654116,0.25557571014801794,-28.64788975654116,-11.459155902616466,0.0,0.0,0.0,-11.45915590261646,0.0,0.0,0.0,-11.459155902616462,-0.8357201747622793,0.0,0.0,-11.459155902616466,0.0,0.0,1.3409105151940707e-15
47651.581,-27.408648105265218,28.647889756541158,19.156584730637686,-28.647889756541158,24.772510198872652,-28.64788975654115,0.2552481709940376,-28.64788975654116,-11.459155902616466,0.0,8.229620724073909e-15,2.7432069080246363e-15,-11.45915590261646,0.0,7.680979342468982e-15,3.566168980432027e-15,-11.45915590261646,-0.8357201747622793,9.326903487283763e-15,8.229620724073909e-16,-11.459155902616455,0.0,3.566168980432027e-15,3.398315696212548e-15
47651.614,-27.408648105265218,28.647889756541158,19.156584730637686,-28.647889756541158,24.772510198872652,-28.64788975654115,0.2552481709940376,-28.64788975654116,-11.459155902616466,0.0,8.229620724073909e-15,2.7432069080246363e-15,-11.45915590261646,0.0,7.680979342468982e-15,3.566168980432027e-15,-11.45915590261646,-0.8357201747622793,9.326903487283763e-15,8.229620724073909e-16,-11.459155902616455,0.0,3.566168980432027e-15,3.398315696212548e-15
47651.647,-27.408648105265218,28.647889756541158,19.156584730637686,-28.647889756541158,24.772510198872652,-28.64788975654115,0.2552481709940376,-28.64788975654116,-11.459155902616466,0.0,8.229620724073909e-15,2.7432069080246363e-15,-11.45915590261646,0.0,7.680979342468982e-15,3.566168980432027e-15,-11.45915590261646,-0.8357201747622793,9.326903487283763e-15,8.229620724073909e-16,-11.459155902616455,0.0,3.566168980432027e-15,3.398315696212548e-15
47651.68,-27.408648105265218,28.647889756541158,19.156584730637686,-28.647889756541158,24.772510198872652,-28.64788975654115,0.2552481709940376,-28.64788975654116,-11.459155902616466,0.0,8.229620724073909e-15,2.7432069080246363e-15,-11.45915590261646,0.0,7.680979342468982e-15,3.566168980432027e-15,-11.45915590261646,-0.8357201747622793,9.326903487283763e-15,8.229620724073909e-16,-11.459155902616455,0.0,3.566168980432027e-15,3.398315696212548e-15
47651.715,-27.58605543876713,28.64788975654116,19.235427311774433,-28.64788975654116,24.731829592176055,-28.647889756541147,0.25239998211014236,-28.64788975654115,-11.459155902616466,0.0,5.049066042610392e-15,1.152929567292878e-15,-11.459155902616466,0.0,4.5004246610054646e-15,1.1807529693343895e-15,-11.459155902616457,-0.8357201747622793,0.0,0.0,-11.459155902616466,0.0,1.9758916397002687e-15,0.0
47651.748,-27.417036577290325,28.64788975654116,19.32021895193021,-28.64788975654116,24.714385863947015,-28.647889756541147,0.24951552875869776,-28.64788975654115,-11.459155902616466,0.0,9.288227351787628e-15,3.272510221881495e-15,-11.459155902616466,0.0,9.163502101100423e-15,2.876417493005284e-15,-11.459155902616459,-0.8357201747622793,5.93482583284813e-15,2.1195806545886178e-16,-11.45915590261646,0.0,4.095472294288887e-15,1.1657693600237397e-15
47651.781,-27.479230961933936,28.64788975654116,19.25911719816544,-28.64788975654116,24.70695800307951,-28.647889756541147,0.2497828417633719,-28.64788975654115,-11.459155902616466,0.0,7.644962429402752e-15,2.8616939912852763e-15,-11.459155902616466,0.0,8.752685870504203e-15,4.108866184793941e-15,-11.459155902616459,-0.8357201747622793,4.702377141059473e-15,3.2930797949305056e-15,-11.459155902616462,0.0,4.506288524885106e-15,1.8846977635671234e-15
47651.814,-27.55649828155523,28.647889756541154,19.261919239189435,-28.64788975654116,24.69898832106098,-28.64788975654115,0.2511797087367931,-28.647889756541154,-11.459155902616464,0.0,6.454721124661739e-15,2.8616939912852763e-15,-11.459155902616464,0.0,5.777082608651669e-15,3.8113058586086876e-15,-11.459155902616459,-0.8357201747622793,4.702377141059473e-15,2.060728842256179e-15,-11.459155902616462,0.0,3.316047220144092e-15,1.7359176004744965e-15
47651.847,-27.55649828155523,28.647889756541154,19.261919239189435,-28.64788975654116,24.69898832106098,-28.64788975654115,0.2511797087367931,-28.647889756541154,-11.459155902616464,0.0,6.454721124661739e-15,2.8616939912852763e-15,-11.459155902616464,0.0,5.777082608651669e-15,3.8113058586086876e-15,-11.459155902616459,-0.8357201747622793,4.702377141059473e-15,2.060728842256179e-15,-11.459155902616462,0.0,3.316047220144092e-15,1.7359176004744965e-15
47651.881,-27.51261342058308,28.647889756541158,19.327940173276843,-28.64788975654116,24.691185917697375,-28.647889756541154,0.2514814894576076,-28.647889756541154,-11.45915590261646,0.0,8.158085960287894e-15,3.713376409098353e-15,-11.459155902616459,0.0,6.628765026464747e-15,4.450067671968495e-15,-11.45915590261646,-0.8357201747622793,7.68326560340524e-15,3.3382524689757944e-15,-11.459155902616459,0.0,4.167729637957169e-15,1.2710771411316966e-15
47651.914,-27.51261342058308,28.647889756541158,19.327940173276843,-28.64788975654116,24.691185917697375,-28.647889756541154,0.2514814894576076,-28.647889756541154,-11.45915590261646,0.0,8.158085960287894e-15,3.713376409098353e-15,-11.459155902616459,0.0,6.628765026464747e-15,4.450067671968495e-15,-11.45915590261646,-0.8357201747622793,7.68326560340524e-15,3.3382524689757944e-15,-11.459155902616459,0.0,4.167729637957169e-15,1.2710771411316966e-15
47651.947,-27.784610336353204,28.64788975654116,19.492754345496547,-28.64788975654116,24.666518689509875,-28.647889756541154,0.2541742915378851,-28.647889756541154,-11.459155902616466,0.0,1.4519195323214927e-14,2.1230990683665944e-15,-11.459155902616452,0.0,1.6170429070855298e-14,4.743743201390993e-16,-11.459155902616466,-0.8357201747622793,4.502710921941724e-15,0.0,-11.45915590261646,0.0,5.758006978688927e-15,0.0
47651.981,-27.784610336353204,28.64788975654116,19.492754345496547,-28.64788975654116,24.666518689509875,-28.647889756541154,0.2541742915378851,-28.647889756541154,-11.459155902616466,0.0,1.4519195323214927e-14,2.1230990683665944e-15,-11.459155902616452,0.0,1.6170429070855298e-14,4.743743201390993e-16,-11.459155902616466,-0.8357201747622793,4.502710921941724e-15,0.0,-11.45915590261646,0.0,5.758006978688927e-15,0.0
47652.015,-27.666399767164595,28.64788975654116,19.477046728668167,-28.64788975654116,24.643063545720846,-28.647889756541158,0.25092257669864587,-28.647889756541158,-11.459155902616466,0.0,8.474337374779411e-15,1.2391773362708995e-15,-11.459155902616457,0.0,9.438103723438698e-15,2.76875401239537e-16,-11.459155902616466,-0.8357201747622793,2.628072052493688e-15,0.0,-11.459155902616462,0.0,3.360743667779221e-15,0.0
47652.047,-27.666399767164595,28.64788975654116,19.477046728668167,-28.64788975654116,24.643063545720846,-28.647889756541158,0.25092257669864587,-28.647889756541158,-11.459155902616466,0.0,8.474337374779411e-15,1.2391773362708995e-15,-11.459155902616457,0.0,9.438103723438698e-15,2.76875401239537e-16,-11.459155902616466,-0.8357201747622793,2.628072052493688e-15,0.0,-11.459155902616462,0.0,3.360743667779221e-15,0.0
47652.081,-27.666399767164595,28.64788975654116,19.477046728668167,-28.64788975654116,24.643063545720846,-28.647889756541158,0.25092257669864587,-28.647889756541158,-11.459155902616466,0.0,8.474337374779411e-15,1.2391773362708995e-15,-11.459155902616457,0.0,9.438103723438698e-15,2.76875401239537e-16,-11.459155902616466,-0.8357201747622793,2.628072052493688e-15,0.0,-11.459155902616462,0.0,3.360743667779221e-15,0.0
47652.115,-27.666399767164595,28.64788975654116,19.477046728668167,-28.64788975654116,24.643063545720846,-28.647889756541158,0.25092257669864587,-28.647889756541158,-11.459155902616466,0.0,8.474337374779411e-15,1.2391773362708995e-15,-11.459155902616457,0.0,9.438103723438698e-15,2.76875401239537e-16,-11.459155902616466,-0.8357201747622793,2.628072052493688e-15,0.0,-11.459155902616462,0.0,3.360743667779221e-15,0.0
47652.147,-27.602236850284807,28.64788975654116,19.49902140893232,-28.64788975654116,24.62717755022328,-28.647889756541154,0.24876128795804248,-28.647889756541158,-11.459155902616466,0.0,7.081999126414535e-15,1.0071209615434203e-15,-11.459155902616457,0.0,7.117539976163905e-15,2.76875401239537e-16,-11.459155902616466,-0.8357201747622793,2.16395930303873e-15,0.0,-11.459155902616462,0.0,3.1286872930517416e-15,0.0
47652.181,-27.602236850284807,28.64788975654116,19.49902140893232,-28.64788975654116,24.62717755022328,-28.647889756541154,0.24876128795804248,-28.647889756541158,-11.459155902616466,0.0,7.081999126414535e-15,1.0071209615434203e-15,-11.459155902616457,0.0,7.117539976163905e-15,2.76875401239537e-16,-11.459155902616466,-0.8357201747622793,2.16395930303873e-15,0.0,-11.459155902616462,0.0,3.1286872930517416e-15,0.0
47652.214,-27.762579838572503,28.64788975654116,19.532452270896975,-28.64788975654116,24.610281659322464,-28.647889756541154,0.24819834380980219,-28.647889756541158,-11.459155902616466,0.0,9.19604184215597e-15,4.5305254877791474e-15,-11.45915590261646,0.0,1.2754987218141067e-14,4.50496083272241e-15,-11.459155902616466,-0.8357201747622793,5.6873638292744565e-15,4.5804258841064455e-15,-11.459155902616452,0.0,4.538049103546032e-15,7.046809052471454e-16
47652.248,-27.898367471054097,28.64788975654116,19.79000773746489,-28.64788975654116,24.532782593024645,-28.64788975654116,0.239412170652183,-28.64788975654116,-11.459155902616466,0.0,0.0,0.0,-11.459155902616466,0.0,0.0,0.0,-11.459155902616466,-0.8357201747622793,0.0,0.0,-11.459155902616466,0.0,0.0,0.0
47652.282,-28.101922544397155,28.647889756541154,20.113659180514045,-28.64788975654116,24.462976473817694,-28.64788975654115,0.22708614212957148,-28.647889756541158,-11.459155902616464,0.0,2.7375887919775814e-15,2.9302595221346145e-16,-11.459155902616466,0.0,3.2851065503730978e-15,1.0950355167910325e-15,-11.459155902616464,-0.8357201747622793,2.190071033582065e-15,8.89516414158893e-15,-11.459155902616462,0.0,2.7375887919775813e-16,1.681890125161569e-15
47652.314,-28.73117013398592,28.64788975654116,21.030208966837723,-28.64788975654116,24.24343472769583,-28.64788975654116,0.17821911264638252,-28.64788975654116,-11.459155902616466,0.0,4.009547257253889e-15,8.838723544059093e-16,-11.459155902616466,0.0,0.0,0.0,-11.459155902616466,-0.8357201747622793,0.0,4.283897746916734e-15,-11.45915590261646,0.0,0.0,0.0
47652.346,-29.560878812917448,28.64788975654116,22.61695830244088,-28.64788975654116,24.062391673096656,-28.64788975654116,0.14138487577445985,-28.64788975654116,-11.459155902616452,0.0,0.0,0.0,-11.459155902616459,0.0,0.0,0.0,-11.45915590261645,-0.8357201747622793,0.0,3.4809839109328837e-15,-11.459155902616466,0.0,0.0,0.0
47652.379,-30.169386732670258,28.647889756541147,24.822459673186305,-28.647889756541158,23.703665025684504,-28.64788975654116,0.05013767807951843,-28.64788975654116,-11.459155902616459,0.0,0.0,0.0,-11.459155902616466,0.0,3.1349107922860854e-29,0.0,-11.45915590261644,-0.8357201747622793,0.0,0.0,-11.459155902616466,0.0,0.0,0.0
47652.415,-31.52225152847867,28.647889756541147,26.437793542573196,-28.647889756541147,20.352575273778665,-28.647889756541147,-0.8405239759604459,-28.64788975654116,-11.45915590261644,0.0,0.0,7.15624803329294e-15,-11.459155902616452,0.0,3.8525203095382494e-15,4.7708320221952925e-15,-11.459155902616459,-0.8357201747622793,1.0107224786592157e-14,3.3598281403735163e-16,-11.459155902616462,0.0,0.0,1.1045202629349582e-15
47652.448,-33.36187575457863,28.64788975654116,28.88092852410051,-28.64788975654116,14.658997306804045,-28.64788975654116,-2.09510170627528,-28.64788975654116,-11.459155902616466,0.0,5.000746139213223e-30,0.0,-11.459155902616466,0.0,4.7708320221952854e-15,0.0,-11.459155902616466,-0.8357201747622793,1.5902773407317625e-15,1.5902773407317584e-15,-11.459155902616466,0.0,0.0,0.0
47652.481,-35.36450910553981,28.647889756541147,32.009025536149196,-28.64788975654116,14.343228125647789,-28.647889756541154,-2.053388408860783,-28.647889756541154,-11.459155902616466,0.0,0.0,0.0,-11.459155902616466,0.0,0.0,3.53834746689749e-16,-11.459155902616466,-0.8357201747622793,0.0,7.951386703658787e-16,-11.459155902616466,0.0,0.0,0.0
47652.515,-34.02062413728996,28.647889756541158,30.488439895497024,-28.64788975654116,8.451929602969694,-28.64788975654116,-2.6644114587454437,-28.64788975654115,-11.459155902616466,0.0,4.770832022195289e-15,6.367287616352501e-15,-11.459155902616466,0.0,9.541664044390542e-15,0.0,-11.459155902616459,-0.8357201747622793,9.076510523035889e-30,3.180554681463515e-15,-11.459155902616452,0.0,3.1805546814635156e-15,0.0
47652.548,-33.713463426972,28.64788975654116,27.926905707067565,-28.64788975654115,8.687321640014416,-28.64788975654113,-2.328594243666407,-28.647889756541158,-11.459155902616466,0.0,3.180554681463504e-15,8.42230539887026e-15,-11.459155902616452,0.0,3.1805546814635148e-15,7.95138670365879e-15,-11.459155902616464,-0.8357201747622793,4.770832022195273e-15,2.2211487237590055e-15,-11.459155902616466,0.0,4.7708320221952736e-15,0.0
47652.581,-30.98644979959751,28.647889756541154,23.628095733763903,-28.64788975654116,5.059391957137765,-28.64788975654115,-1.2721983453990908,-28.647889756541158,-11.459155902616466,0.0,6.179468817270222e-30,0.0,-11.459155902616459,0.0,3.180554681463514e-15,7.951386703658823e-16,-11.459155902616452,-0.8357201747622793,6.3611093629270375e-15,0.0,-11.459155902616466,0.0,0.0,4.770832022195276e-15
47652.614,-28.967276697011833,28.64788975654116,19.650535194317236,-28.64788975654116,-24.898584458548115,-28.647889756541147,0.09464698722191703,-28.64788975654116,-11.459155902616466,0.0,1.5902773407316905e-15,1.5902773407317656e-14,-11.459155902616466,0.0,9.541664044390536e-15,0.0,-11.459155902616466,-0.8357201747622793,1.5902773407317633e-15,0.0,-11.459155902616466,0.0,6.3611093629270335e-15,0.0
47652.647,-27.319725778878738,28.647889756541154,18.284431127848627,-28.647889756541158,-28.647889756541144,-28.64788975654116,-1.1447931451776678,-28.647889756541158,-11.459155902616462,0.0,7.951386703658732e-15,0.0,-11.459155902616466,0.0,0.0,0.0,-11.459155902616466,-0.8357201747622793,1.5902773407317556e-15,0.0,-11.459155902616462,0.0,0.0,5.565970692561154e-15
47652.682,-26.14124464047792,28.64788975654115,18.57768193583326,-28.64788975654115,-28.64788975654116,-28.64788975654116,-7.0540985089792825,-28.64788975654116,-11.459155902616455,0.0,0.0,0.0,-11.459155902616466,0.0,0.0,2.3854160110973934e-15,-11.459155902616466,-0.8357201747622793,1.5902773407314213e-15,0.0,-11.459155902616466,0.0,0.0,3.1805546814635132e-15
47652.715,-26.777199633334064,28.64788975654116,18.800953990290193,-28.64788975654116,-28.64788975654116,-28.64788975654116,-7.157990422051741,-28.647889756541158,-11.459155902616466,0.0,7.884349100744307e-16,1.5902773407317576e-15,-11.459155902616466,0.0,2.0660197908929898e-15,0.0,-11.459155902616466,-0.8357201747622793,0.0,1.563462299565795e-16,-11.459155902616466,0.0,0.0,0.0
47652.748,-26.251362780865946,28.647889756541154,18.169058015730894,-28.64788975654116,-28.64788975654115,-28.647889756541158,-7.341966115030671,-28.64788975654116,-11.459155902616466,0.0,2.4318439540307398e-15,2.191212058608435e-15,-11.459155902616464,0.0,1.3543377208577579e-15,2.0849486521592972e-15,-11.459155902616457,-0.8357201747622793,3.1274229782389454e-15,3.089565255706327e-15,-11.459155902616462,0.0,0.0,8.217045219781649e-16
47652.782,-26.33438227610445,28.647889756541147,18.140228517839525,-28.64788975654116,-28.647889756541147,-28.647889756541158,-7.384943422072433,-28.64788975654116,-11.459155902616466,0.0,1.5638790287537485e-15,1.4091325968223472e-15,-11.459155902616464,0.0,8.709524128754286e-16,1.3407963400513086e-15,-11.45915590261646,-0.8357201747622793,2.0111945100769627e-15,4.22475729870736e-15,-11.459155902616464,0.0,5.675960215005166e-16,5.284247238083814e-16
47652.816,-26.16656226651201,28.64788975654115,18.239498682212446,-28.64788975654116,-28.647889756541147,-28.647889756541158,-7.4183441139957305,-28.64788975654116,-11.459155902616462,0.0,2.006013578698945e-15,1.0173605514365582e-15,-11.459155902616462,0.0,6.288071321578096e-16,1.1197290650787105e-15,-11.459155902616462,-0.8357201747622793,1.4520350749334311e-15,3.050175281439761e-15,-11.459155902616464,0.0,4.0979096128294493e-16,5.284247238083814e-16
47652.849,-25.616819555838443,28.64788975654116,17.820669262698267,-28.647889756541147,-28.64788975654116,-28.647889756541154,-7.627422829834828,-28.64788975654116,-11.459155902616452,0.0,0.0,0.0,-11.459155902616452,0.0,7.571360321570104e-15,4.68602241129239e-15,-11.459155902616443,-0.8357201747622793,1.6060892136574317e-15,3.446801471406245e-16,-11.459155902616466,0.0,0.0,4.3109132266777966e-15
47652.882,-26.05233592074897,28.64788975654116,17.99694915104915,-28.647889756541147,-28.647889756541147,-28.647889756541154,-7.780038624219548,-28.647889756541158,-11.459155902616464,0.0,6.361109362927008e-15,3.4239333437900773e-15,-11.459155902616466,0.0,0.0,0.0,-11.45915590261645,-0.8357201747622793,0.0,2.178336150198949e-15,-11.459155902616466,0.0,0.0,0.0
47652.915,-25.973165678266696,28.647889756541158,18.02554260357755,-28.64788975654115,-28.64788975654115,-28.647889756541154,-7.817881533183782,-28.647889756541158,-11.459155902616464,0.0,4.7180089849486914e-15,2.2447121628344496e-15,-11.459155902616464,0.0,0.0,1.0954002519855447e-15,-11.45915590261645,-0.8357201747622793,5.477001259927724e-16,2.4521862131953347e-15,-11.459155902616466,0.0,1.6431003779783169e-15,1.6431003779783169e-15
47652.948,-25.874051252897658,28.647889756541158,18.164207938884353,-28.647889756541154,-28.647889756541154,-28.647889756541158,-7.842468719819134,-28.647889756541158,-11.459155902616464,0.0,6.114407112387634e-15,3.175644247793744e-15,-11.459155902616464,0.0,0.0,7.747822018105324e-16,-11.459155902616454,-0.8357201747622793,1.0131661684724195e-15,2.4521862131953347e-15,-11.459155902616464,0.0,1.6431003779783169e-15,1.1621733027157987e-15
47652.981,-26.208522410842914,28.647889756541158,17.984855675124997,-28.647889756541158,-28.647889756541154,-28.647889756541158,-7.857957963868764,-28.647889756541158,-11.459155902616462,0.0,4.42856873712981e-15,2.3000690954210546e-15,-11.459155902616462,0.0,2.1923225907521122e-15,5.611625418384797e-16,-11.459155902616457,-0.8357201747622793,7.338202930786625e-16,1.776079839266209e-15,-11.459155902616464,0.0,1.1900717162157515e-15,8.417438127577196e-16
47653.015,-26.208522410842914,28.647889756541158,17.984855675124997,-28.647889756541158,-28.647889756541154,-28.647889756541158,-7.857957963868764,-28.647889756541158,-11.459155902616462,0.0,4.42856873712981e-15,2.3000690954210546e-15,-11.459155902616462,0.0,2.1923225907521122e-15,5.611625418384797e-16,-11.459155902616457,-0.8357201747622793,7.338202930786625e-16,1.776079839266209e-15,-11.459155902616464,0.0,1.1900717162157515e-15,8.417438127577196e-16
47653.049,-26.208522410842914,28.647889756541158,17.984855675124997,-28.647889756541158,-28.647889756541154,-28.647889756541158,-7.857957963868764,-28.647889756541158,-11.459155902616462,0.0,4.42856873712981e-15,2.3000690954210546e-15,-11.459155902616462,0.0,2.1923225907521122e-15,5.611625418384797e-16,-11.459155902616457,-0.8357201747622793,7.338202930786625e-16,1.776079839266209e-15,-11.459155902616464,0.0,1.1900717162157515e-15,8.417438127577196e-16
47653.082,-26.337262605456115,28.647889756541158,17.961549293764964,-28.647889756541158,-28.647889756541147,-28.647889756541154,-7.874568537612397,-28.647889756541158,-11.459155902616464,0.0,4.9406781884261736e-15,1.5593887799624941e-15,-11.45915590261646,0.0,1.4863393699271981e-15,1.0732719931348433e-15,-11.459155902616459,-0.8357201747622793,4.97511632939086e-16,2.800298741858936e-15,-11.459155902616462,0.0,8.06838579463557e-16,5.706810546823814e-16
47653.117,-26.467046818854456,28.647889756541158,17.89501799565118,-28.647889756541158,-28.64788975654115,-28.647889756541158,-7.887174036352455,-28.647889756541158,-11.459155902616464,0.0,3.561729255350596e-15,1.5593887799624941e-15,-11.45915590261646,0.0,1.0715003518444965e-15,7.737205523427379e-16,-11.45915590261646,-0.8357201747622793,4.97511632939086e-16,2.800298741858936e-15,-11.459155902616462,0.0,8.06838579463557e-16,4.1140331962888856e-16
47653.15,-26.439459154737023,28.647889756541158,17.989940070734665,-28.647889756541158,-28.647889756541154,-28.647889756541158,-7.90169259035684,-28.647889756541154,-11.459155902616464,0.0,2.2380173606245302e-15,1.854900999016993e-15,-11.459155902616462,0.0,1.6625247899534943e-15,4.861683480892763e-16,-11.459155902616462,-0.8357201747622793,3.1261210266268055e-16,1.7595714749515484e-15,-11.459155902616462,0.0,5.069781049046441e-16,2.585058283598774e-16
47653.184,-26.634023923434007,28.64788975654116,18.25867898627069,-28.647889756541158,-28.64788975654116,-28.647889756541154,-7.928291054532162,-28.647889756541158,-11.459155902616454,0.0,2.2380173606245302e-15,0.0,-11.459155902616455,0.0,3.2528021306852526e-15,4.861683480892763e-16,-11.459155902616466,-0.8357201747622793,1.902889443394439e-15,1.7595714749515484e-15,-11.459155902616466,0.0,5.277810127099919e-15,6.6196151912869115e-15
47653.216,-26.44188451847223,28.647889756541147,17.792168648125863,-28.64788975654115,-28.64788975654116,-28.64788975654116,-7.946985497939576,-28.647889756541158,-11.459155902616452,0.0,0.0,1.5902773407317558e-15,-11.459155902616466,0.0,0.0,3.0927631439354887e-16,-11.459155902616466,-0.8357201747622793,0.0,1.1809501104635936e-15,-11.459155902616466,0.0,0.0,2.620795216975813e-15
47653.249,-26.44188451847223,28.647889756541147,17.792168648125863,-28.64788975654115,-28.64788975654116,-28.64788975654116,-7.946985497939576,-28.647889756541158,-11.459155902616452,0.0,0.0,1.5902773407317558e-15,-11.459155902616466,0.0,0.0,3.0927631439354887e-16,-11.459155902616466,-0.8357201747622793,0.0,1.1809501104635936e-15,-11.459155902616466,0.0,0.0,2.620795216975813e-15
47653.282,-26.894557966905293,28.64788975654114,17.97206154881625,-28.647889756541147,-28.64788975654116,-28.647889756541147,-7.931600830402718,-28.647889756541147,-11.459155902616452,0.0,4.831980330068954e-30,4.860508238480007e-15,-11.459155902616462,0.0,0.0,1.0110674137488977e-15,-11.459155902616446,-0.8357201747622793,0.0,3.5663661215612326e-15,-11.459155902616466,0.0,6.3611093629270335e-15,1.5856631813218613e-15
47653.314,-26.384605917064725,28.647889756541158,17.885582727559754,-28.64788975654116,-28.64788975654116,-28.64788975654116,-7.889210050401285,-28.647889756541154,-11.459155902616466,0.0,3.1208230066576173e-29,2.881891646856793e-16,-11.459155902616466,0.0,8.862110960533314e-15,7.215570260159182e-16,-11.459155902616466,-0.8357201747622793,1.1131941385122313e-14,9.54890763159576e-16,-11.459155902616466,0.0,0.0,0.0
47653.349,-27.72513272302257,28.64788975654116,17.614215054244337,-28.647889756541147,-28.647889756541144,-28.647889756541154,-7.709195265456919,-28.64788975654115,-11.459155902616455,0.0,4.770832022195298e-15,0.0,-11.459155902616446,0.0,4.849983849792578e-15,2.9637241076435502e-15,-11.459155902616466,-0.8357201747622793,6.499511920209808e-15,2.2842142537939142e-15,-11.459155902616462,0.0,1.5902773407317588e-15,0.0
47653.382,-28.28914922537421,28.64788975654116,20.471521288445505,-28.647889756541154,-6.476618374183028,-28.647889756541158,2.410592072537407,-28.647889756541158,-11.459155902616459,0.0,0.0,0.0,-11.459155902616466,0.0,4.770832022195276e-15,0.0,-11.459155902616452,-0.8357201747622793,4.770832022195278e-15,3.1805546814635176e-15,-11.459155902616466,0.0,1.5902773407317594e-15,0.0
47653.416,-29.09448823867624,28.64788975654116,20.19047386667152,-28.64788975654116,1.118947606003504,-28.647889756541144,3.9979113549296255,-28.64788975654116,-11.459155902616466,0.0,3.180554681463043e-15,0.0,-11.459155902616466,0.0,0.0,6.7088520977210185e-15,-11.459155902616446,-0.8357201747622793,0.0,0.0,-11.459155902616462,0.0,3.1805546814635203e-15,4.999408303227244e-15
47653.449,-29.340060544025224,28.64788975654115,19.24831397847377,-28.64788975654116,6.610085556928675,-28.64788975654116,3.7761787474545345,-28.64788975654115,-11.459155902616459,0.0,0.0,0.0,-11.459155902616466,0.0,1.5902773407317367e-15,0.0,-11.459155902616466,-0.8357201747622793,6.3611093629270296e-15,0.0,-11.459155902616466,0.0,0.0,0.0
47653.483,-24.960694416849368,28.647889756541158,15.914030684320371,-28.647889756541158,6.575878292126046,-28.64788975654116,3.4773871210503975,-28.64788975654116,-11.459155902616459,0.0,0.0,0.0,-11.45915590261645,0.0,0.0,0.0,-11.459155902616455,-0.8357201747622793,0.0,0.0,-11.459155902616466,0.0,0.0,1.78749647125467e-15
47653.516,-24.528375301246005,28.647889756541147,14.34983589819952,-28.647889756541158,9.489549684958742,-28.64788975654116,1.9512769410939836,-28.647889756541158,-11.459155902616452,0.0,0.0,2.576552070054197e-29,-11.459155902616462,0.0,0.0,3.975693351829389e-15,-11.459155902616452,-0.8357201747622793,0.0,0.0,-11.459155902616466,0.0,0.0,4.373262687012336e-15
47653.549,-23.65582956149806,28.647889756541147,13.35020353701513,-28.647889756541147,12.003943384739374,-28.64788975654116,1.9445072746486858,-28.64788975654116,-11.459155902616462,0.0,0.0,0.0,-11.459155902616466,0.0,1.1131941385122261e-14,7.156248033292917e-15,-11.45915590261646,-0.8357201747622793,5.423877703489111e-15,0.0,-11.459155902616462,0.0,4.7708320221952775e-15,0.0
47653.583,-22.81325417585772,28.64788975654116,14.473077728515513,-28.64788975654116,11.899967963336609,-28.64788975654116,1.8138935613122573,-28.64788975654116,-11.459155902616464,0.0,0.0,0.0,-11.459155902616462,0.0,2.8577934363178383e-15,0.0,-11.459155902616466,-0.8357201747622793,2.202424613394002e-15,0.0,-11.459155902616454,0.0,0.0,0.0
47653.616,-20.621713673951692,28.647889756541158,17.019401058659536,-28.64788975654116,14.658074835963726,-28.64788975654116,1.930187124604716,-28.647889756541154,-11.459155902616466,0.0,0.0,4.373262687012327e-15,-11.459155902616466,0.0,7.951386703658933e-16,0.0,-11.459155902616457,-0.8357201747622793,3.813615041515337e-29,0.0,-11.459155902616466,0.0,0.0,0.0
47653.649,-16.681546405816913,28.64788975654116,16.618654401384983,-28.647889756541158,18.266221948871046,-28.64788975654116,2.086483653099577,-28.64788975654116,-11.459155902616466,0.0,1.5902773407317542e-15,0.0,-11.459155902616466,0.0,0.0,0.0,-11.459155902616466,-0.8357201747622793,0.0,0.0,-11.459155902616466,0.0,5.168401357378215e-15,0.0
47653.682,-7.568247583388112,28.647889756541147,17.54713655317424,-28.647889756541154,26.84847634604075,-28.647889756541154,3.4912385225467486,-28.647889756541158,-11.459155902616459,0.0,0.0,2.7829853462805776e-15,-11.459155902616466,0.0,7.95138670365879e-15,5.565970692561155e-15,-11.459155902616466,-0.8357201747622793,7.95138670365878e-16,1.2921003393445538e-15,-11.459155902616462,0.0,1.987846675914698e-15,9.74044871198202e-15
47653.715,4.886083867924598,28.647889756541158,25.763060809916624,-28.64788975654116,43.356880131847795,-28.64788975654116,-0.42789536457496047,-28.64788975654116,-11.459155902616464,0.0,0.0,0.0,-11.459155902616462,0.0,0.0,2.3186614784176737e-17,-11.459155902616466,-0.8383486491558915,0.0,0.0,-10.557651814967306,-1.3830168502076483,1.7991195597804297,1.704437186425535
