Timestamp_LSL,Thumb_CMC,Thumb_MCP,Thumb_IP,Index_MCP,Index_PIP,Index_DIP,Middle_MCP,Middle_PIP,Middle_DIP,Ring_MCP,Ring_PIP,Ring_DIP,Pinky_MCP,Pinky_PIP,Pinky_DIP
76507.652,148.3610248197511,138.99518580016132,137.81629915242132,114.2616819865772,101.67507716938027,123.74978105229914,138.92594221450656,72.77619109579132,138.91089050062718,155.98171618432983,62.78981986386568,140.2227202811243,177.6613626930839,120.49077105888259,154.19925776061837
76507.75,145.41917099995106,152.38667238928508,152.51973634294566,140.9513225157308,149.2699612295139,150.83729037644434,153.19477421730585,137.43674648433705,151.5961902252249,163.3809625778912,135.29647641830627,154.76596495173857,165.38779951432008,158.2533912046137,159.59090239252689
76507.776,144.85348383758424,177.14521449810297,176.91654026567113,101.41664760336502,153.43076326705187,167.46023457513783,92.13019591409635,156.98226208662103,170.39079761818957,92.93356918115882,161.82491398724662,171.4832806737199,108.78827400671851,165.2304222472055,174.60961915228742
76507.809,157.8669225826355,149.31513814102092,161.7766194825284,104.71048339270902,153.61825960852727,165.81913997871249,100.40554812901061,154.68078461360264,171.54814487215629,106.87212091690175,157.9566175739103,171.80220159552414,120.45060983292417,167.3529399328295,171.60032280303187
76507.865,148.9458629850831,152.27904735456656,159.30303138264696,135.94462331269946,135.30361255089522,159.19407998303433,140.51503621690924,139.68548240054957,159.82112902881732,151.1911735966162,144.27529966832722,160.87543194926232,154.99500854715566,164.31162871910533,169.03815939091746
76507.897,148.54364472607782,153.00823346570255,159.39533682666655,140.15232211993558,150.62910683398,162.6957480773887,144.57899246695035,149.39163332935888,159.6535931175586,153.40475749131346,152.3930601417282,167.26993217193385,154.10749658629948,167.93888700825877,173.89343609125353
76507.93,146.81188160156626,149.15355605374268,161.57881847850774,142.22128347665864,144.2120678326291,159.41534650139405,145.3213131878435,141.91673784974583,152.42847373490451,149.25916009208368,148.181940321831,158.1898359640717,150.85747870836383,163.71506164828526,153.976780472964
76507.978,145.56007223083094,151.8242858167798,161.56389900720356,139.7686021214356,145.17250278950874,157.80413676143817,141.84123257874285,141.19791360016978,150.24094007235433,146.2792250895046,139.85129315002996,139.45736427741465,150.21055184155006,158.9728437613964,128.29871794498652
76508.014,144.99196403817294,152.55682533715154,161.83196586518932,138.6904175577315,145.21866765032064,157.08308571138912,140.03821768019787,140.82451836803372,147.3683781141533,146.0055006375677,135.52918332424056,128.54925729100216,149.69026131299935,155.24844688780848,121.18950147478479
76508.041,144.47841227729174,150.6978565236194,161.3100203078147,138.37920760245038,145.63826138833673,156.87647625753843,141.30309010736804,141.15499921730375,147.3569307218892,147.22050871015014,133.88565546440276,123.67834950325721,150.8745095530955,154.13572934321022,109.38866559409637
76508.072,146.1125666138785,149.21078225094706,162.261048324046,137.08058714056182,144.3619809624188,157.28431499402834,139.08482162247415,137.9045714747071,144.43832348653814,145.48105901493753,130.4509625118803,124.49660256402305,149.22945387071795,151.6042551993185,108.22121108885146
76508.105,146.94133925966133,149.80051930544218,160.80902178925723,136.81204748469972,143.67878415168906,156.2916547826287,138.1091021467026,136.9975751544388,143.51740157551436,144.9051789792057,129.14454086039527,126.95333559413949,148.01419953123582,149.90924368353373,111.42739448162564
76508.137,145.96216383425443,149.63530080967146,162.56305066869984,137.3672419725086,141.07812222453526,156.08307785770853,138.34514993737213,135.25274238878282,139.7002942904475,144.36149960199418,130.19529366075457,128.21470705498223,147.22960163282175,155.0015044987479,116.40550030114724
76508.168,147.17037830704385,149.54848173238753,160.27265109019743,135.18150205257353,142.3402002334915,155.91824035139402,136.5003991284788,136.80464159501784,134.53044606530622,143.55377728837573,134.4327816028741,120.99259032273731,146.520541543419,156.6897171033534,107.4511558735928
76508.199,148.67526694648018,149.9943616739887,159.6814189324932,132.31844002503178,145.5700032024752,157.91707175439288,135.62413057337295,136.974599839734,133.50656305860917,143.85521412479918,136.1328451366922,125.6090075175376,146.1097841994847,157.631178829554,99.45274702196708
76508.232,148.03748885804757,150.09693300553002,159.84672489046514,133.06880606224323,147.73604765078915,159.71425931218118,135.40746256891427,141.02950475058327,132.4441227629884,142.2894437527266,140.94764031575707,131.0364017645316,144.56202234542448,156.91343910053268,93.22761630774198
76508.263,147.92436546021813,149.31473696988033,159.8059913586152,133.81729228938744,147.77728129757705,158.46019849083314,135.31961585824956,142.64635186153,129.16639638710365,141.2925104799008,143.81873003048324,129.82238723023553,144.1396838764699,154.9699098886536,90.55437525592022
76508.297,149.1057754860394,149.1277074796721,159.8264071001233,133.7884553208717,149.32451818619126,158.63796060028514,135.3934253429429,146.16386606849613,128.3877860708695,140.71677266369238,143.6098192086737,113.41662774946613,143.78591078693634,148.70151573694199,99.3466364603449
76508.328,149.4320982003036,148.98196341638567,158.10167214939136,133.00147147851877,150.03877616768185,159.15289187498504,134.9033434886716,149.79132815570412,132.91538191443374,141.49142994793755,145.77978635945806,111.00621405537596,144.2619534775592,146.7979925458866,100.86363716464624
76508.362,151.09187275972417,150.97322736603599,155.35393017339374,134.06910915690767,149.88640233936147,157.95322828799428,135.9197421859368,150.76466207298188,135.2911489259606,142.2750597193213,147.53715788086373,114.38379721272354,145.21554366731698,147.77262161500988,112.91868318693662
76508.442,151.5590011233757,150.97941445408966,157.25408947066364,135.2222256705368,150.59381562918242,159.53554814849562,136.54361196506784,152.3319132690434,127.54930659540022,143.19666110630357,156.66517246944753,134.93767621574972,147.8831048191713,146.98897205120014,123.2531586239749
76508.447,148.96053153268437,149.97463809661699,157.66522774187303,133.9928079161183,153.67213127990837,162.05974548571407,136.39910712490106,155.67677889754387,142.09181315362156,142.98772341047936,157.65431481171956,131.01926348819453,147.80621097193884,152.13564014497805,123.79831506056411
76508.473,149.84437723763932,150.94115973629908,157.4144295468903,134.25701527886088,157.2713023583588,164.68092511946548,136.81146021824358,158.72003437140702,143.86069745988127,143.6126086411985,154.26965814367074,114.23393385958036,147.53160885062675,145.76196822265416,123.22295375593384
76508.505,149.3115492121371,152.5390907413797,160.79145014589665,135.1366079465548,159.00022237468178,166.72209947647562,138.00024494773825,162.13089014977365,156.9328781468436,144.19178450116155,155.81781652267333,114.36480628641122,146.4037929277406,147.0073222935388,125.2849309624358
76508.537,150.37955498625593,155.11492864808326,159.16596737604203,138.07550378791342,157.17063635964914,167.90411731949547,138.02208993670382,161.61184105587927,164.21977123303506,144.25996789402603,151.9098705602512,115.6978004586361,146.3981147532251,147.57344739469164,131.22299600709655
76508.57,150.43682134804752,154.92725130024078,160.10253552136928,139.36465392031235,158.0440385461763,169.54202760566133,139.47592846380547,164.91157821311342,175.40862161733628,144.72542194918765,155.6592989755404,120.04152607550603,144.8073331183864,152.9231372437037,138.03723433262132
76508.601,150.1049978449616,155.60167515924886,166.24582612004198,138.93344358321772,160.3260577568659,171.0703074614473,138.77948243832014,165.42502384785882,174.22734332631399,143.27120287652357,152.02808008837252,122.31523934393455,141.77671412823324,149.74269368056696,135.65571376005192
76508.632,157.8033334347743,164.7029397981894,151.68938617870936,139.57288403729373,161.50843543328855,170.34639091013474,139.254894660246,166.04566318567078,172.27356504027182,142.68700932159325,149.86070782855816,126.37236517465077,139.55178219777451,145.42475352536,131.29238093276962
76508.665,160.7468331616731,167.2289219605274,153.56168643109348,139.03095138195056,160.49695584996627,167.4002508029615,137.94193811772402,165.4854160043343,172.98165176876012,141.80848260946965,148.90841456470972,122.27662760447271,139.22472496557256,142.16382502522453,126.83563849927553
76508.697,163.73029917660122,169.33513762058817,145.72503456511166,139.23346602127,160.54512910559168,169.56600725947496,138.42473047068256,164.7245533753728,171.63137543844252,140.66183733242303,151.3266559065753,129.58116374800434,137.6358711034643,143.28524365626285,129.7372896405535
76508.728,163.87986291579102,168.50092339714902,147.9328194919867,134.68053127588536,163.35182665597125,172.80227965376713,134.40448051222884,167.10140665008535,172.08142451292173,135.68571266220334,156.16621593868885,138.66829187263215,134.6158723498988,143.40404814726946,134.36922015696123
76508.761,165.18678485854454,169.13073383562323,147.90102726328197,134.72108797553952,161.19462223923966,172.15066904921937,133.0066617227973,168.6514345881004,174.35232694811342,131.4066845350152,162.56975266347015,152.70522294366262,130.27709504804884,151.77970253690276,145.1139654977755
76508.827,166.14259702903524,165.34954440812098,165.44475937548268,142.0979281038042,151.25867619111452,164.7311051927514,139.972333662234,152.176318474531,169.62039770026556,133.34497468925056,163.85549042759433,170.7846248023132,130.26398459419292,155.72026208447141,152.62714319427067
76508.873,165.0249358228117,163.9612956765946,170.985840453387,143.66402189692798,143.65631543479674,159.91934459129413,139.66253597141127,145.69509454268172,166.21547216566262,134.22589703683258,158.81899299836442,176.98608305057664,131.86554339599564,158.03976502846174,158.92890797382327
76508.88,162.69088797531958,160.77717918551565,167.60080544057698,143.74260877249895,143.48401071803917,161.58665447348403,140.58174270040294,144.7453673584843,162.38986119089586,135.18435667348035,159.11896624101524,175.4181374887292,132.59106700305585,157.24266937492158,158.59648257781788
76508.905,167.4368639143496,166.58236758073488,166.69675517456957,148.2847359229555,137.26595188677132,158.1128212377707,141.89696724696185,131.56666012313903,154.76297401575448,131.73850960039113,146.12121084055897,170.64161974131096,128.91291438161116,156.51846092452578,154.30337848462534
76508.938,169.629077722016,175.7969020059631,167.84587122445717,150.02417720706885,116.48728021595306,149.8575954247207,138.61020243226122,121.46197059044255,144.71227616354057,127.38982384617805,132.89226282635707,154.09727055760078,122.26526840700159,162.58843936858037,163.8451954528574
76508.969,155.13686012913618,172.0240338347225,170.00048815405123,142.5886069485029,103.45032501643139,143.1869743117926,134.2602141075956,105.284588614909,141.32268862077694,122.24968712501551,117.85427716256402,147.0311352724434,117.99891271343772,152.33508792938187,163.14092679183446
76509.001,149.7403094758508,170.45855236928026,179.74088193853325,138.4072887778408,92.21846375430746,145.3702849330516,128.38179830603912,92.26432684979092,140.8535998732336,120.21540110201276,99.01817977690368,140.47749614746235,114.2412318911628,130.26387882890376,133.21498712482654
76509.031,151.47689135498413,171.0024154109929,173.7669954315607,136.1518235295829,89.31611996584246,147.41062281899144,124.12235108749306,89.58200045682172,144.46443328885564,117.61021637711913,90.58757037206611,142.5781280914352,119.5966927969834,103.89898323653837,134.0465593538118
76509.065,153.64008277298322,171.4550656248539,175.61239913647935,137.0813717283244,87.01193854823798,149.87839095788902,127.38656685951383,87.53494947368898,146.2392549255938,119.57203902547789,88.07229433850452,146.9694748947094,119.13986188166876,93.78226418026718,143.30886958568783
76509.097,160.121711365221,170.23611142179672,174.2675858359118,125.07300293276839,97.19588915760022,150.26615960364157,114.50678277448594,99.96466159466556,147.18355213135763,107.84694613502194,100.61808290362738,146.7399419658036,105.38192688917479,106.45580969387363,142.76324354218076
76509.128,163.72578017998336,173.45775131169302,168.49654958509979,108.09286954126271,120.20989676633714,149.2904562040713,88.54426873049376,131.39685513721037,150.6277883251041,81.61396673940608,131.18128691365,153.03813957734445,81.14444649376475,133.9660999718462,150.38358030209127
76509.561,158.51398367614385,158.28869814371888,160.7301674890107,153.95742884984637,168.65810389889046,173.3021944007114,134.09226123363933,166.35801832714765,178.61818715188926,132.1671993762188,164.9354380539812,168.55791280079228,129.50197841316103,162.3383689628867,168.80575359627508
76509.624,158.0516156025267,154.74600678552858,168.89893224050726,159.2135037864036,170.67320913698273,174.26337519014993,139.94319391509805,170.7479869920351,176.38725585505802,136.93641567470783,161.87967639581586,171.4291762162152,136.25749820490802,158.98367713767388,169.50993647575936
76509.655,155.3533745714079,153.28741404853326,168.12915907002267,158.5055884082148,172.01447691847645,175.09610177566373,141.04596842823662,172.94302809696683,176.1222050026265,137.76767823120343,163.55521736183772,171.88827776360645,136.24434914996095,160.184647257995,169.44572763468918
76509.688,156.7367370929088,153.3248399243647,169.66077320954076,158.8645757634731,172.18978068530512,174.53248476239474,142.33997608456468,171.0029395851475,176.33749816371045,139.62863474383562,161.50959252293876,172.42407678223228,138.6872389000559,158.98000419831757,169.2443632592689
76509.736,155.82575358597686,153.17746510478193,169.73796795307362,158.20519257366047,172.01958759088774,174.50338526327005,141.14318474029486,171.21320735072484,175.2301615017331,138.86789492523403,161.29922609652857,171.2037276240253,138.23666906845406,159.08959592897665,167.5170937972554
76509.741,156.38087931437715,153.25346286210853,169.30487643214593,159.40982044405288,172.5755754120259,174.59722007028145,141.83449628131382,171.21996907813494,174.55930511341123,140.0422167643373,159.13734374805236,171.69196572282652,140.00970731606418,157.11036229705408,168.92542632924534
76509.768,155.37578579472662,151.50037235910253,169.8338676616205,156.3457915914372,172.6258379570498,174.62920749157078,139.3322512278824,171.45887246629633,174.76050534612264,136.9441384678371,160.5163457227717,170.80330818529978,137.135543076435,158.24573623962436,168.23105977120906
76509.799,155.36476324471477,152.77498790227395,170.598157092556,156.31379594790454,172.40321011785105,174.63453220168384,140.0128673520314,172.2940929956951,174.92185775066682,137.633765384075,161.80995770700667,170.3408348036513,137.5464923668926,159.32366073082744,166.61371934168142
76509.832,155.19002703999215,151.99172606406876,172.0911004957136,157.163462202706,173.2808086721036,174.3877853745773,140.24866366437845,171.31636307701058,175.49168698299377,138.02111920323244,160.2010825245916,171.27043514628642,137.63917244277533,158.18056089945907,167.41787681773408
76509.864,156.33083072988907,154.1590781656399,170.04909051085642,157.64178079228557,172.73859229153703,174.45743998795038,140.98764001893198,171.65555501429586,175.98159471123088,137.4064483163524,161.91363495920012,171.49579197199847,135.8633199586308,158.59593170225938,168.02622588412126
76509.896,157.63308884868934,151.9833367647166,171.17203020200014,155.68864596287605,173.0527245013724,174.33388042796574,138.79229047264045,170.81435434594823,175.73769772474893,135.51911943380318,160.00258530153877,171.59015927969963,135.65226734292105,156.3112311244378,167.1621301973432
76509.928,156.76529769505353,152.80346942009427,170.9224460436146,155.60358551750923,172.47032397870356,174.24287959170263,139.34621078158077,170.2763415944862,175.9903047430667,135.59863176326272,161.73280089990584,172.5591798317325,135.14618008992272,158.156553238634,168.6017596805189
76509.96,155.95476209076776,152.98917274310085,168.14284874808538,154.4992813916738,172.76698627648113,175.03828529547772,138.16839563392764,172.55530134968467,175.4219293850736,134.0398675637802,164.71305529701363,170.696430590136,132.05793229410702,161.28510663377196,166.7585701188221
76510.024,157.41107625828934,152.8256614942143,165.73511567914306,156.5166727972727,172.8383803408571,175.12555665106603,140.01596554905458,173.93045198075546,175.45717740008072,136.58878839926638,163.09182730866343,170.586177032429,135.70898846451425,159.39961512505707,167.78224145690555
76510.056,158.27865684702064,154.57586540498895,167.18519415409992,157.37431164520322,173.0238543489448,175.28387691818864,141.12972051142415,174.3712299769041,175.5754640416283,137.46472529564073,161.72940481190827,170.44510828629458,136.97408571575372,158.38776227319883,168.584956548347
76510.088,159.00636494689962,153.69128293148228,164.7408937674956,157.35348492876784,172.8728798610886,174.82010769111648,142.1899124276211,173.87083431051997,176.06648458417112,138.4949333510235,161.78888789982355,169.83066158498255,137.4414141135411,158.1717518156455,167.50492787840724
76510.12,159.58290687916156,153.75421212130036,164.1747767743009,158.32202641958622,172.85281204384074,174.9673760805604,143.17201931833455,174.15268106586439,175.42437403491397,139.41179343379562,161.53669415674645,170.4076046564809,138.16824777493946,158.27352640306148,167.8960312872362
76510.169,161.89484900488432,156.8978283712993,166.60055485016008,159.69327237766063,172.79762514478955,175.02196737125593,144.00585886268306,174.200732748985,175.5069438804656,140.44859180524915,160.727062703448,171.2412417383517,138.84629968136028,157.9361580350021,169.9993402143705
76510.175,161.43354061744603,158.49713677429708,166.4447091629392,160.0359042534354,173.28634356871993,175.0219764828543,145.56616857856835,174.70409771035278,174.85933134539917,142.4412257693183,162.3955499952347,170.83633353900777,139.27438548596572,159.95267149941563,169.51204573010045
76510.199,159.468123984017,157.04796465715128,166.3083525595092,161.31587152571655,173.7756027988148,174.74379457805776,146.46749770409124,175.0851028872374,175.3563429308478,144.08752782848424,161.22227337471,171.2916568470493,140.97565888755662,159.08792560061843,169.7356736577729
76510.234,159.20702374806194,157.96518854253873,165.43994545293342,161.19703068078962,174.81068290550581,174.6862196361566,147.38494667294628,174.6005663387881,175.97329276162384,144.4538640967384,160.616898108699,172.35132214955118,141.1171919292773,158.41862573297033,170.63444522178415
76510.264,159.56810792725202,157.1157852358207,163.84672585767277,159.97865165949293,174.07029016719142,174.64777828304938,146.1638871183087,174.93293049209746,176.7718079781475,142.96421780449123,161.62378577879397,173.22032654822686,140.51631461644476,159.85524155870576,171.26800055180746
76510.297,159.3812701418746,157.21430080517095,165.79208142145845,159.9481963394565,173.91390591710413,174.87460598146012,146.95857153604828,174.94585911480343,175.7496221891518,144.23068737229372,160.78028177376532,171.73617128190836,141.44953676022303,160.66999026409798,169.96408789167003
76510.328,157.86015254476607,154.3376319910505,166.6102560134728,159.66014802548202,174.21539577097752,174.96442823480342,146.0739361973924,174.87600957059374,175.4782550425678,143.35319272753813,160.08270998082938,170.8747419377554,140.12753583071887,160.38179943464635,168.94142229548234
76510.362,156.94038962547373,154.19592064924467,166.8552458387181,159.2296303980079,174.49686240957428,175.00130861869835,145.66297187039592,175.04306945083115,176.09980052929032,142.85218676248056,160.35157947361273,171.2350194366061,140.28623206527757,160.16589269668702,169.16107517348786
76510.423,157.16691660308157,155.46333160427628,167.86317528330977,160.20563932143818,174.1687171161689,174.94721810514432,145.18957827115378,175.4755141779524,175.009031442978,141.9898790689658,160.11314462167945,171.63155235012186,137.12048398283403,162.55803192964314,171.27307337952712
76510.456,155.13711893296994,153.03658705677313,167.19840624352133,159.8123763041425,173.67214029057777,174.93168783545065,146.74424434787326,174.74255459334705,175.75964866420506,143.04611172521936,163.13198929259846,171.1673558030687,137.02664247767635,163.11925843612406,170.1599250591711
76510.488,155.63322368649457,153.81285491541283,168.56479784609382,160.24058576003387,173.9729914019436,174.71895611693165,147.02862126756128,174.7255253767627,175.60348418328795,143.02325435480728,163.58853988291867,169.92078519966188,137.6119178875206,162.1524429679849,168.8048236876516
76510.521,156.74657820875947,156.25884321435868,169.23036254773214,160.7229849770836,174.00334918130366,174.91720923396522,148.01735301079486,175.16991466363217,175.14633916589992,144.16225861082452,163.72038535418437,169.86971535738064,139.01109613543312,163.0025360266341,168.6490191933783
76510.552,156.69438934312137,156.91861855306246,169.56867998016472,160.2730528982107,174.40739441684966,175.10367374357207,147.52476532509712,175.16960668350143,174.67911632395035,143.49074887048945,163.24334742397957,169.86098964582828,139.17693827859188,163.54394720608235,168.25878573107923
76510.601,156.90548021003042,158.15905655079632,170.64244159597104,158.80506886453094,174.1945010649427,175.06705401971152,145.22151616608616,173.7664654117218,173.25841041837833,140.67770570298794,160.80150577656906,169.27541207547412,136.87934277748306,162.58610096626674,167.94621477618006
76510.608,156.95600106877473,155.99747693483837,170.27011971643242,159.99454106095118,173.19158480401052,174.97048162367955,145.81489251111455,173.64483143055526,173.73938277357408,141.19572420343164,159.7140536554342,168.36981898395956,136.77263926715142,161.8400254575291,167.46388596961438
76510.633,157.03771443087285,156.7842732773618,169.24501960195974,160.79785713952364,173.13634865495516,175.02608473659726,146.48464181592348,173.37197895930066,171.94337228410467,141.86667018348066,159.67488119919804,167.25349768837643,137.6518572552455,162.6692385363534,166.29884461313807
76510.666,158.1112193342144,158.16059967359092,169.76673910455122,162.25859529211175,173.20869162764285,175.07578819825167,148.77993743501412,172.4786861629244,171.72649501862315,144.03852085679665,158.15316559357882,167.52426202470693,138.3302023215748,161.7723691086728,167.22224061418697
76510.695,158.07706774238852,159.33610384689544,171.55034667669682,162.26403824156534,172.4603361601925,174.98910630951877,149.17714855427403,172.76224078080173,171.2428527846705,145.0727382256387,157.8750669030772,166.44030748180165,138.9383257103166,161.16025007667557,166.15285176593613
76510.737,157.84008531265897,159.0316706595259,173.3869959885635,161.73936206212667,172.3936799615675,175.22668600749023,148.57786049647606,173.36784919555117,170.06502316446546,144.42766049117773,159.55455632918776,166.9864116784629,139.5908156214311,161.75269747593603,167.69147798915327
76510.759,156.57732507914525,157.8429867119376,170.54023294698575,161.26338752782743,172.52634327931543,175.10440575595072,147.441352254754,171.59967515368547,170.4502123689779,141.9701417561046,159.9116321017519,164.61862090146226,137.36560238102322,160.2552657476733,166.5774387630376
76510.824,154.67345834464945,152.39537282716142,169.6499020385506,159.78987840608,173.42550736119003,175.02089043941166,145.11919628721225,172.22221362419043,175.62258845372415,140.06975812018737,158.8606415930404,165.4766351642113,133.8210844433665,159.08559262925039,167.38979516595657
76510.856,154.377220756793,150.80856586080964,170.67759104302732,159.19359553074824,174.76053387447524,175.19190182895872,143.50896016628866,172.5342117971611,177.07434049495498,138.4541217457803,156.31502020304924,160.78871360037627,133.0470417800275,157.0187999449829,165.14979270923808
76510.888,152.3300864411934,149.96940527547804,169.67898274161377,160.3713615121848,174.968516175423,175.53507136805442,143.9434606440836,173.21188897715248,176.62366776836296,138.1446033374927,156.6140131410805,161.5112859677907,134.31391665727176,158.22074780702036,168.1356490680214
76510.919,153.01007851715062,149.37268540387083,166.71968936153354,161.25219944839006,173.51752467062713,175.6124422570818,144.74626744786565,173.77122127040442,175.92130665359915,140.1197166406161,163.00949019199484,167.74177969309576,135.2233767936463,160.7620352250058,167.92798573382822
76510.952,153.04636542854286,150.14642955406035,166.6719225169494,161.07784834619522,173.5876682268436,175.5105012947121,144.9095622737045,174.27654279939057,174.80253724112416,141.491138165891,164.86457607596753,168.44473312397182,136.27192521465096,161.8170304507435,166.68674755383256
76510.985,151.773928709086,150.39283075066044,165.69450545358225,162.70435504962578,173.4075428661788,175.3798124388007,147.1653841883876,174.35356554794464,174.17268071647374,144.12617955302377,166.2918875211695,169.3505219498534,137.69371994045576,162.94411877861006,166.04362721569757
76511.034,151.66654023841954,149.292431474607,166.4195667461054,162.19344258377734,172.85104605642033,175.2595174562592,147.93826492155378,173.43600074726456,174.01502976065873,145.18359313332743,165.7282652662021,168.42827683372556,138.73681566056916,162.75912513543338,164.85032354510918
76511.039,151.55287663780666,149.90328693988891,166.41339370577103,162.53572889116077,172.66859748844746,175.24488524010476,148.30447222633418,173.33782509758288,174.289062358102,145.66770875201183,165.90059049993167,167.95006912581343,138.88469171723244,163.0210733980465,163.66824211931737
76511.065,151.82577318334734,150.62879924448592,166.65461320579502,161.76756203325658,173.20366973999546,175.33865422231707,147.9176958966661,173.5489034569458,174.02797721794258,145.01047110682072,165.49497204079555,168.84218709018214,139.79195446063088,162.59065445777978,167.1946441315986
76511.096,152.62894602823357,153.0033368400367,167.67817868143143,161.22795612647624,173.54864372900624,175.36106351956292,148.1091673030278,173.5448450554773,174.92326742844702,145.4405413384574,165.4737245317459,170.10451885224407,140.7238066427647,163.8794032626775,168.53426677621275
76511.126,153.3981112534863,154.21926771002646,169.36744398909485,161.40317237967957,174.00290829681688,175.07694943791765,148.33038028510634,173.91640955803283,174.82868421374155,145.76998929887705,164.3758535227772,170.479363423427,140.7663813069955,163.05273374560574,169.56767254544758
76511.16,153.11686297264015,152.9804524723917,168.36788034592587,162.21487929121818,173.5111360104241,175.14739550278324,149.20973329004048,173.77678366325276,174.8827023740326,147.09123393111267,164.17876718891245,169.49253110415688,142.08895027155612,162.11595405337442,167.76923044309592
76511.223,152.14742816674988,150.93990902989106,168.24432486378535,162.59428919901995,173.61793594565253,175.64676145545783,150.73110417520914,173.7521251109207,174.87583863144368,149.6269507413647,165.37682784951437,168.33267055157256,145.11373246629964,162.12675432114114,167.36740065390126
76511.256,152.1797782117033,151.69997072904619,164.4613507509091,163.34307347636096,173.78291884827354,175.8431198905169,151.50485363993823,174.36869123715877,175.09104279801392,151.5731953993061,167.0885678901249,167.77889049946174,147.2377389735169,163.7646114145447,166.07392774713216
76511.289,154.1714912402848,152.19475538827172,163.1961233291104,165.14174570171414,173.32912212496606,175.84897120757847,152.92362465268732,174.11522129086387,175.52571306545175,153.25861196165903,167.15585981475982,168.69071839583162,148.5140948226642,164.23015162277954,167.0117456327374
76511.32,153.43575382495078,150.04701458463,162.34175526958717,164.89532504970467,173.3848758480332,175.7866177706106,153.84588755430158,173.6862520460392,176.20727748659567,154.27116688126165,167.89297812226422,168.78212846853984,148.74590771736683,164.2063724368426,166.5501960495473
76511.352,153.37163552567708,151.24280601303047,163.36913652840698,164.44631725344513,174.2524107848522,175.82733525685438,154.70827159820013,173.81454041692584,176.1624680734461,155.13680238063571,168.4021093764135,167.83298224594117,149.83760263113123,164.09613285664318,166.35705464582648
76511.386,153.39510227290953,151.32409404144985,162.8083975091256,165.17081455013223,174.00418033631152,175.7982648000318,155.15901030858737,174.01260489902248,176.79058959408766,155.5909912919347,168.10640989493947,167.06412529772822,150.533221272567,164.13123362160272,165.7918773507603
76511.417,152.67615136711333,151.87553996854584,162.71432433572932,165.00458762545924,173.59537135406222,175.80973244058922,154.7696113423991,173.9828315187563,176.35621001213872,155.704403997827,167.76195748035352,167.25462102042508,150.99903218330562,164.39138304331118,165.77395335078484
76511.464,152.12216666173924,151.22372389828624,161.54007964474775,165.30902660463357,173.55403596035327,175.62777437006363,154.82451410361944,174.15856211702476,176.88381618361313,155.57717957977147,167.73805281353265,167.40490194847726,150.22276439863685,164.0406230837003,165.54249826071307
76511.47,152.0202642427192,151.874765020244,161.63449182906825,165.44316820878055,173.4860658221379,175.66257225189375,155.22984030773551,173.97120758117975,176.54124923298758,155.94471253764365,167.92064766439137,167.20461622287254,150.34676706664573,164.1438637840839,165.33191252643684
76511.497,151.4853543014639,150.57746936550802,160.38037709944655,165.31366875254474,173.37062165964264,175.77078063945152,155.12012362016424,173.87898558239107,176.88870551648375,155.81115656550784,168.36527793085665,167.72604322701628,150.14255759850593,165.2913251165358,166.30218226599004
76511.527,151.35638869489196,149.874618825368,159.78829054082533,164.62266185536242,173.4797486819544,175.80636816430194,154.86050484384984,173.91688200422902,176.72211026866265,156.07264584031662,168.25061251770194,167.69662169235016,150.86400880304885,165.4619786814046,166.2686721599343
76511.559,151.71839226600042,149.64254098511148,159.9824410986962,165.59984152851933,174.55873224086648,176.05148127392565,155.65067969115978,174.5414249326619,176.92677040447322,157.39903265906966,169.57947706245443,168.46237308003458,152.21204788208055,166.215636513844,166.60348887892815
76511.623,151.2723025120315,149.55254265890784,159.42878236926668,165.9415689244898,174.14401983337902,176.00277757995656,155.88147621011268,174.72384582566417,177.1950670307006,157.52320939598968,168.71412335145817,169.0093294738274,153.434342559731,166.97217107256324,168.0469872985604
76511.656,151.6676826106993,151.39871223877992,160.15409954271502,165.79773289536655,174.5601932509158,175.96286590413843,155.3955538845257,174.75675357347794,176.425395235173,157.11779019531866,169.3931612121339,168.88799693576405,152.2294826938109,166.27948696787888,167.8714892382567
76511.688,151.5791045456849,151.76628141984472,160.82657575994304,165.8279698166692,174.60669638252674,176.01945374014113,155.20971067803248,174.81200734866388,176.29004432822362,157.09123178042867,169.95266752978463,168.3472112626399,152.30326784050854,166.32782736761064,167.31137726689536
76511.719,151.9804937972197,152.0827016532853,160.2711805024596,165.7380526918659,174.53314404988,175.94273672996982,155.22288894680662,174.90739780371743,176.0678550192781,157.19304232623455,169.8851309765512,168.92891589859317,152.60414135002026,166.564214285959,167.85706436962727
76511.752,151.70933275821045,152.28066195866865,161.21206241274956,165.77546870602427,174.57484958814098,175.83846376077236,154.83972934653295,175.18746658936567,176.4730957329235,157.00195607255066,169.89697560032374,169.04866033571585,152.51129587495677,166.49925580011427,167.67114927403296
76511.786,151.55677590873293,152.95096774949758,161.3445327223516,165.4712287787673,174.6137755769666,175.93124819855112,154.90258385737107,175.1607330386057,176.31485557241885,156.9940219619849,169.8945530324623,169.89630563766096,152.99258593940755,166.84884373428164,168.37554241298133
76511.816,151.75793613757634,153.5676607494494,161.43776132682572,165.63885634582417,174.94297233104035,175.97962798754247,154.59277125414454,175.52451261912802,175.8558761213794,156.6615182571211,170.4351394160537,170.71708717545266,152.92732920903765,167.89239026506215,169.39285134645172
76511.85,151.81374251724552,153.53864106944084,161.58041624348567,165.49115452372712,174.97197751920243,176.08089175477778,154.56621830633114,175.4788654271542,176.0911909063954,156.3991648893094,170.9254037052856,171.8173601478074,152.61847208736762,168.53093575722542,170.36952628147174
76511.897,152.1634336098317,153.1171409686055,160.61070454867112,165.59705566363056,174.9168238062049,176.24166834974318,154.20438131898024,175.6191711911031,176.04349079724437,157.0659192321361,172.54100691555013,172.7342776106514,153.92504273637834,170.9821430173527,171.32966316882312
76511.902,152.13153334894602,152.50315960552558,160.74143025642277,165.52180617100677,175.07109597690854,176.29659824064544,153.83813471820963,175.86369304609428,175.67846693180374,156.48652878362032,172.04659855140122,173.10731490947822,153.42635086337108,170.77814555020532,171.80314301055043
76511.927,152.18394224750273,153.47641978623307,161.2449598789986,165.5692245461235,174.7906837756132,176.36557714971002,153.6264423163826,175.54228841780298,176.4786178764471,157.07471171026907,173.3060415620335,174.08928434700772,154.17892548477363,172.31286498149674,173.3694333896229
76511.96,152.7257885937194,153.23582252162188,161.16855084213677,165.99057798732528,174.8308433357891,176.35032130753018,152.93650909207622,175.90143260187426,175.8983520031214,157.07621500700694,173.83674739800688,174.90820877856737,155.1684817987466,172.97882505636468,174.6295769893452
76512.024,153.05880151686785,151.6612433639911,162.3717700599732,167.11195387589146,173.34801995504264,176.394030416715,154.0861816280109,175.12495195872546,178.4588447420776,156.74213097124425,175.6466871444483,176.45162306955945,156.13363751384162,170.03766352768616,174.0405188150854
76512.057,153.64390679020778,150.80785817786446,166.4361733639123,165.5824592369326,173.9416538919231,176.8883038880453,157.24387045030488,173.47516761803183,177.51614489806866,160.48569470590414,174.47257277150877,178.63705544665214,159.16000887101632,168.704826111222,176.72840480114988
76512.088,156.7673458063369,152.10142528735767,160.4880938600738,163.01408579321654,174.47482837605997,177.47175019772996,154.41897190865487,173.3005442990437,178.44887259705922,158.94950540479576,171.62526885681666,177.206930987072,158.43709732714325,166.35321253682238,173.50424589202666
76512.118,158.20535172540843,151.6453901831452,158.5692210354685,163.3221425801429,174.75302879163402,178.29909197555537,150.96609775948087,161.11779095913872,177.72299439365443,155.92920640399225,144.29629585810747,165.77186253090906,156.7761976990345,154.04522914092874,155.1903046094755
76512.152,160.34144951970634,159.32356862094446,159.6598896615886,163.62537188870158,174.05337063682936,177.90369806760373,153.2712957248502,164.67338798978741,178.57198207916124,160.19981188575443,160.07263239047577,174.45203085600076,163.26426314441898,165.66648105900208,172.09468721264054
76512.184,160.36425087762416,161.6217096594251,164.21714698337044,165.38450385582658,174.0064672766679,178.34823796792284,157.08188152056525,162.98345552574622,176.98508472333916,166.75194068100475,152.900375247422,168.37293761668536,167.57017407300705,161.11416332829756,173.14911531239855
76512.218,159.83291885165866,160.270753931268,161.31433217314836,162.10731720789732,171.00047129595015,178.23218569671886,154.61308791213432,153.32216554989265,168.81861722635355,165.84095006199908,144.11026788933458,152.61924129595155,166.15152435906774,150.01578661596955,164.38676846749985
76512.25,157.38882222016971,158.6369862579905,160.82148115180365,165.9923156518115,168.7449534668634,175.82662419991303,154.27239822532482,158.51297445528874,172.49093154927783,162.11506403975417,151.46723938690403,161.47955546900695,163.07993074895865,156.71901250798862,170.36658545865103
76512.28,156.29615188575778,157.02855517060743,161.20246199315923,167.40988981390362,168.34236531360804,175.62168861084248,156.57088119765442,165.35867425104755,173.43009138619868,162.4471389746922,162.6235317938045,169.4690830350928,162.96396426157054,165.49918906586208,172.96655154557845
76512.327,155.56537144460435,156.36848717331574,162.09010819592106,168.6011447422701,166.70932926283368,174.64787284014858,155.47027983760944,170.4080984125069,178.0707304754522,160.58595723088104,167.114017567431,174.30276680377264,162.682902316551,167.36171908822868,171.2595260253067
76512.333,154.9952143661193,155.96709058974437,162.4974616166707,168.9872898070788,166.0545945216169,174.67126302958198,154.9185618606484,169.28191537359666,178.0315255165825,159.3694407445202,164.3946299752524,173.30955658518297,161.60030752592976,166.63081299479603,170.6373118357854
76512.36,155.07210434323977,156.4222583147917,162.60102494913284,169.86498553556757,166.11699295433985,174.09080299869024,156.43710639041737,169.64606266059917,177.56952511444985,161.55424018628304,165.21633990687394,173.30185992025915,163.10119533422582,167.11659083246795,171.7564170331261
76512.423,154.84405288148403,155.5246900838721,161.15924764259964,167.7028410485843,166.555308168202,172.78584970914287,156.9487611300069,170.5034380741663,177.09346681277052,163.71388365159123,164.68769440261116,173.5115618252381,166.06287151942956,165.14405287871114,172.92144041546914
76512.458,155.90648578130185,158.44043739381982,165.27211548024687,170.84938677197925,166.92248268689136,174.20370250108397,157.58380405204935,168.99161709382562,178.52108467592262,161.00047268866084,161.0548435328341,173.00034214769423,160.82704239288543,163.82699049866795,172.85352629855709
76512.49,156.4926094399455,157.4898267937102,162.98238704264853,168.141569321845,167.62393432843191,173.7345396680719,156.93099617454936,167.2992517032709,176.26694418893302,164.1510066526889,161.49279361857253,172.97207861169912,164.04200935990002,161.7869335230581,173.42754186234401
76512.521,157.40027051172575,157.7396168907506,165.28053911034206,171.21950314657374,166.5481398994102,173.18614644556058,157.61277659583305,169.72207269390435,176.38476204090531,161.6915714596199,164.2994101561342,172.42854165540612,163.1685754581575,166.2892628636079,174.46135354438312
76512.553,155.88652757124268,157.13108530115076,163.5550632032402,169.215749621358,165.43934780201062,172.37176871570514,155.63943605856238,167.76582931284315,175.77373417034698,162.09489661203304,162.60952569664894,173.55640009872397,164.85534292552546,164.12724166534423,173.27360377479494
76512.585,157.14838092486474,158.01299201577316,164.50520292712406,171.41836961822403,165.32819677721452,173.16392756308005,155.00525348788517,164.27403548239474,174.88200987375797,159.3026788063746,154.75093408992214,169.9665872878801,159.00057865055715,160.48771443883837,174.68426210385306
76512.618,156.48788951350102,156.971666747883,164.2307333641191,169.93213092963694,166.78944091565404,173.96224665290575,153.93694975233845,163.02576729928185,174.2692842836931,159.9040687518887,154.9918108594515,170.48148405442043,162.17090084887712,158.50684179470645,173.21853501032805
76512.648,157.02752223748948,158.5836994970224,163.78312060527466,171.47438519963208,164.62035213070143,173.73869005749776,152.9131718700309,160.3581925895217,172.92888129578415,156.95855741278834,153.39445189766158,169.30994458481766,157.73978938278051,158.98263767807805,174.54954565484923
76512.679,157.04726056780083,156.9629355934964,163.58625413182497,172.31733017126942,162.62271565607554,173.06340222822385,153.22644341924823,158.9921432707711,172.7120400457105,154.43922580979904,156.23275117257884,170.97990896112816,153.440604768385,161.41201816254073,174.78774446666074
76512.713,154.9278590831955,157.00524117326697,164.57755278766655,173.22696467574613,160.17470603370091,172.1037081711524,155.08963531161078,154.6660418524428,169.67410832890187,153.7525416190422,147.70986111702913,158.82863648147952,150.95233903905063,154.62479868546785,168.89041321608408
76512.761,154.92303982120166,157.78198389963865,163.251473741381,173.3656728095774,162.38889769076468,171.633691010835,155.55267992163624,149.24897126398827,160.85840394239833,152.6131301079449,139.43008987835822,133.9609599023601,148.24402378960426,150.4449637399429,144.7344699749163
76512.767,154.5159694057913,158.26817696732616,162.8011682386221,174.53171404995982,159.00522542098193,170.48071286648113,152.34314179234536,147.81958417554114,158.7183750034313,149.1824254204248,132.74543845847626,125.81955341145958,144.0520673059682,141.12743421383757,122.69206070977198
76512.825,157.62472799925018,159.28250419638803,164.91227407453735,178.3505633638834,157.66684400865182,168.9603067230038,155.9036161913448,149.20072338854885,156.8863153223378,150.79387779629084,149.42686906978548,154.70311367573973,142.61558118110892,158.6895604620975,171.35783019905693
76512.856,166.26139042172272,159.00140414115296,168.86993589546785,174.28861825565073,158.12125228492002,169.62785044419223,159.91609706770893,150.58405389816505,163.23975979727823,148.22919486935584,154.77498609247792,165.23653580310335,138.11835079498883,165.50928080705484,174.91230796422474
76512.888,165.8188480598431,164.93238765988215,175.49312297917766,168.891604552292,155.31055669648103,167.9804703097297,167.38754668938637,146.24961333557556,161.00041241753166,147.48212329628663,150.43570869739165,166.24557420574487,137.17529493919733,161.36641488172515,173.67196998745845
76512.92,168.9456624820213,148.37880142810326,175.88663446965595,173.64962773717818,160.64047295011397,170.31820857122693,175.89119118104097,137.46399744569962,159.38053039975955,154.24901172391748,151.0039276754152,165.75465502898723,141.49146024193004,166.4271091012367,174.6325316682082
76512.952,160.31611374308923,163.6583497975558,164.6753700792057,178.3094277424417,165.66778388817443,171.4145683111701,171.3051079211371,133.3301423413844,155.06183911797922,168.66135837064354,145.25452877483573,162.71984398710708,137.56377272416336,151.45629440803515,162.6869915810673
76512.985,166.7894217127538,164.19335570073682,157.68978020031128,173.46779588301993,166.81531956807012,168.26136469724912,165.53398024334368,145.3791829486351,161.81006498841896,156.3213940250455,148.9657544612754,166.2472419920004,149.3982529729942,159.9935660489622,162.0701738045109
76513.016,160.089604420922,166.50923869871056,162.58399925491818,170.24112910095235,163.34492140574963,168.2691276164789,160.42697137552068,137.58673988954283,164.1828769922932,160.79244711124838,137.58571876059605,163.74392548202266,161.4169197097061,151.24496843287838,167.9306883230416
76513.049,165.84488015610316,166.8761294796397,171.11277355849933,169.26479738164008,175.68331964527107,171.4558585031278,164.93947868456473,148.5595508506472,168.03696214560193,150.29520706201046,147.11998789312116,165.22412821532205,136.98069459933694,159.1514966574312,174.35341855044916
76513.08,169.22391679359458,171.03774832470762,169.57976457028983,167.3225659886077,173.71170314516306,174.15840279964104,166.8777704280297,142.36759872558716,163.38784789499132,152.68084230892455,142.32363782894157,163.88380504668473,129.16419426281757,156.25294140377574,171.92330225071188
76513.113,165.3167364718527,173.1963577311475,165.7073732240283,170.57335699382318,174.95832595002452,174.03422985976843,167.40141355733016,151.78984884029788,164.68998129375385,157.03653356774154,146.12337277955788,164.0937756586782,141.42246115579778,154.38900312900475,166.47338016291334
76513.192,169.51871595817852,167.2351163784232,130.37640493434495,165.81580240001264,172.77510747843738,176.1091826700221,166.53191442938993,161.26738218033648,177.26102926927837,168.16707864423572,162.43875865916937,174.9192795559618,166.94016132635494,156.40047426256766,177.11783579378996
76513.224,159.6961064331236,171.9273267480059,119.64325927023506,163.4549787882507,171.01303398277358,172.44334976419842,169.49149452703153,168.77274274301345,172.8289996388838,176.8057497759709,170.13279709381274,174.0102411060634,170.6439695195681,168.76463455696302,172.6909403837586
76513.256,153.8909671338032,172.31257228872113,160.22258447170483,162.107103240532,173.8171290849354,174.64865574644332,169.46276946375184,168.68982791553125,173.4203030845504,177.3023026898627,160.17901281342938,171.48849712332708,174.53090391623397,154.61454571485984,165.67027039212365
76513.287,150.12340707904602,176.73842379856467,148.01057111389164,165.78948418172465,173.1390781553812,176.8536750917886,171.6367495539943,165.61242873820186,172.45027527528796,175.30200133796367,159.3219636728417,168.3143974093892,171.10948355176646,158.26180762653274,166.49046521631067
76513.32,150.61563382643047,174.70925787090098,126.79647386543564,167.5639200205886,172.7078992928004,175.17029597578136,172.76825224415717,172.03242490601403,174.28938859643955,177.28013301011754,173.58437248484856,172.771038620301,172.67912931215798,172.60478969650404,173.29802010030426
76513.353,149.8487440533418,166.82110024710667,104.53665574334161,166.76560101838152,174.34698054744322,175.8547869885228,170.86010628784766,173.037045948575,176.0334019344039,175.24195313004736,174.02454841403932,173.37293619927902,170.3607685365251,172.36893858403008,171.69915676173045
76513.385,145.0713203658349,165.0848587672913,104.34695709743032,166.67543619561826,173.72201888838683,177.8857085119449,167.30159841597256,171.8923632918398,177.79046419739237,173.14786823855138,173.83370730385423,176.18541723102274,170.10733247378806,174.412716751746,172.41476972584604
76513.416,144.52175402621293,163.4026497485685,106.5595528833887,166.01264955102496,174.1662704815689,178.25636792981388,168.71136611247246,173.14730253033255,178.19834790852363,174.49211120554227,174.84633340038454,177.3864649477052,171.1712470740279,173.71402078975908,173.4646054369186
76513.447,145.59689440236914,161.43410486119322,115.74456946476593,167.41483222699,173.18419612062786,176.91796171936434,169.95707180175938,173.3858821496749,178.65827417194396,174.37090208277542,174.63055035230613,176.92252143862714,174.77254329062592,174.7144713446128,173.65966177154556
76513.48,142.74927727974332,160.3038102039022,125.99516700615305,167.77497450971265,174.13844414472163,176.75333705930058,170.63009570208473,174.13295832520316,178.30133393862272,176.75041528979995,174.04848064595325,176.95884628363234,172.4555587099041,176.2849265002388,174.25547157173432
76513.513,149.5350110297653,163.45680431773147,130.15735555911954,171.92923009115717,174.74163882672298,175.15930074539753,174.13159450977045,175.50683118867804,177.7436951348966,178.72321777856786,172.87051562684184,176.48890847909183,170.7145618682125,174.66367692103097,172.93546353319744
76513.543,150.65326697612187,163.8441961606783,142.0105390065847,169.51276489024755,175.09830892749562,174.55293611675953,173.68180968055373,175.16143948516432,177.1460276524985,178.27967954570252,175.55201336705173,176.72686683565635,170.35188868431626,175.35275415274168,173.0206786460986
76513.576,149.9472120626157,166.2135171023891,146.85385311771796,173.15329221746407,175.33859088344295,174.6303513679148,176.90004894368406,176.11287335574553,177.56460266191448,177.0828719062094,176.32566844831504,177.11220954638716,171.81613712044393,175.3182908234872,174.07154221195327
76513.625,145.60348105174978,165.06571143270205,158.73531951686408,170.67557480645127,175.23288464815272,174.6081378348642,175.6329252298336,174.69520220313632,177.09354935196362,175.92555045544995,174.42107443442524,178.1449980203776,171.4250284282159,178.97234519989863,174.52919532892943
76513.656,149.0885763528671,165.600254755257,163.2690088446887,172.74936713202442,175.5960607008584,174.1654824968544,178.2338080668973,176.40359979496571,176.47467069334374,177.03881138507126,178.51085832978777,177.32646184135967,171.50393705053202,176.6900284307674,173.94142449777644
76513.689,147.89477797154086,165.32658777767767,172.49475981404066,172.90030311587196,174.95114814127822,174.6939013964283,178.1993826271527,176.20355120544787,176.41381192559993,178.12697835840115,177.86008181675942,176.72754654450225,173.19506993867887,176.3663544003451,173.90652573102878
76513.721,148.60372715560405,167.47907168572254,175.76647587614954,174.12653007099155,174.01593349104496,175.25587490539954,178.25848274171886,175.45629771530005,176.6517845430109,175.68072972865664,176.8605153295567,177.57815897257555,170.5821772456006,176.348771067484,174.43615502822567
76513.752,148.79338521293516,170.6895790349906,179.7993405475577,176.68648846436446,173.4867882050823,174.93909300739526,176.37460624260515,176.11574402281465,176.13468665348773,176.89625955555263,178.9128600339341,176.98064200678405,173.4069244147598,174.958641206174,175.3595339882969
76513.784,149.268332397577,168.27068338496449,176.1881838901415,171.47061900925115,172.3038564985154,174.7029428684336,176.64166063120788,175.2041174326354,174.16627032929554,175.31660578317837,174.24946426270427,175.8356577645743,177.1555690359835,177.55652732477722,175.46346052019652
76513.815,150.4895789457258,173.46946537427746,177.69195170600514,177.10910282964625,174.325492199975,175.81416333088478,178.1737283678536,178.30991306157242,176.7623282329548,177.51117979380948,179.3853123056401,176.65690835764434,175.96701865380237,175.26389924001177,174.52728402145593
76513.848,150.08844890996443,170.94613729307207,178.7126384299569,173.0285007660065,172.89848114118902,175.05728658347869,177.95204153231356,175.39609342865862,174.9554589553704,176.11888082148346,175.58641356407557,176.51622245488105,177.93722641828322,178.5547863660317,174.87998325207292
76513.88,148.33516385068958,173.76648382125845,174.54935035719438,175.6213822530983,174.34477730285386,175.13857472062975,178.50511500112407,176.11283511377547,176.25386964861048,174.53387083301595,177.5856196296466,177.78722063415483,170.19932667905584,176.00439113234012,175.3673659678654
76513.912,149.9468179488102,175.47562086997183,172.949767664175,171.53780455294265,174.1124493880475,175.89136859181255,176.95734746571443,176.3833042720892,176.60060600896986,178.5931569917276,176.39722259845945,176.62002616592116,173.61393709683654,173.46233444456138,173.8383534004182
76513.944,153.05733104539175,179.02013598500946,171.71792704687985,173.11434277790832,175.60432075839074,176.3260194900751,177.36823665024633,176.623886060919,177.36260201565463,174.79884338350172,176.397920945592,176.7476076777089,169.97769726820508,173.90843965937927,173.45229173967033
76513.975,153.7825368561384,179.04332503209608,169.1186981895843,173.5923120277256,174.00484587967182,176.4624411216419,177.1800686815114,176.03640752491296,177.68538255375938,177.05143885976526,176.19141568385686,177.76992637200172,175.99183556605823,175.07327421961568,174.93801190808782
76514.007,153.92531973125847,176.51805435452837,169.94111063293994,171.46968496993446,174.55108041876593,176.27032936482289,176.85216167857325,175.19010325983794,178.0453456435142,177.39799506181572,178.29905769992342,177.6414926487112,178.8350636596678,175.75432340143956,174.67572424433652
76514.056,153.4900191904141,179.43705841362237,168.23306482078365,170.3063403699514,176.93012175521287,176.23106366506977,176.73736223021115,176.3193162419351,177.80443396065746,177.33061823323038,178.63972553193685,177.5554920794162,178.2027117890236,176.3086477686472,175.22361376267799
76514.089,157.82672151262597,176.78737534332856,170.56452687457585,170.36239749166825,176.65630143121263,176.00314213635673,176.77380782302873,176.5134106001674,177.59955593640393,177.53723872317414,178.35773309316693,177.0176775551301,174.87178414471853,174.846294644305,174.5189556933747
76514.119,157.25455027264553,173.50684392246976,170.59737562877868,169.8778871583009,176.74225378884987,175.8109698021548,176.48180275196214,176.9585522743473,177.56227938001427,177.9363117904865,177.57079870218044,176.53681987613217,172.9733027736904,173.81325287930488,173.97922093846762
76514.152,154.98896768612812,177.48875147387716,167.2520159210873,170.60381151141593,177.13398482609134,176.2277079997073,176.50804566711614,177.6957784592781,177.65629234125285,177.24810542340288,177.8270760714939,176.19373388374856,172.65519527548648,173.71135270152084,173.52293833522333
76514.184,150.69096142702037,176.89703097489212,164.7106260832658,169.75987887403238,177.0947353541214,176.80384414697954,175.3165918042141,177.26954005860665,177.81719408368073,177.77961065980244,178.57487726986864,176.30770997445302,173.9310132669473,175.10799725798458,173.62273723042793
76514.216,149.54742999935942,175.25838173707035,164.25318441509907,169.31640073689638,177.60172918632506,177.33304399396934,174.92578300492488,177.22503566674473,177.8764387417515,178.10440966611398,177.78046781267392,176.44077225511705,174.09659423113183,175.4408925421025,173.8322566333862
76514.248,149.9479106365798,174.41050907399674,166.11848942722608,169.1794126972755,177.2673691135565,177.17227541941756,174.71007528824333,177.20655135946987,177.6602474610171,178.0901081942774,177.96723575312603,176.51680477072486,174.43348173892207,175.26962041389356,173.96799378823908
76514.279,149.08652215358575,174.91730358050626,168.35516675353435,169.8189907159935,176.93978925907453,177.55305358934015,174.85110799325741,176.68498654808914,177.80933735925942,177.5779104498983,178.29669466973442,176.6966930077512,175.16603068726397,175.42068579453343,173.98785136690677
76514.315,149.93485523860002,175.1105700454433,169.0408845752114,170.05727711241565,176.71321541983102,177.19410743873058,174.8875673852322,176.68600229403245,177.4799788817578,177.53190456916298,178.34917015909707,176.70867819125462,175.47880595516844,174.59458853540653,173.86635541056933
76514.344,149.78794409906286,174.59883425032118,167.59151739344273,170.42855805419325,176.83049699107667,176.79869539089597,175.20726779264922,176.70180016672165,177.20418051433228,177.41984182967255,178.2421826655472,176.6571156841569,175.47336125871738,174.2960506596335,173.86103502445835
76514.376,149.06958023844302,174.88121945039606,169.39033879615442,170.2393853316242,176.61822109796822,176.83099087811453,174.83798837139372,176.63177951244356,177.05910689745014,177.33237506136027,178.11428029339638,176.54697481049138,176.21163795751306,173.8569364184826,173.69611341978623
76514.409,149.35103772318507,175.35925914859513,169.49813186359083,170.5229312231236,176.7145675923331,176.81684496958664,175.20316813985306,176.69264890905336,176.93709731784847,178.2880632508712,177.6824304152341,176.8883171115879,176.9085429166062,173.49037380372465,174.4284722436855
76514.44,149.42980167848654,174.71604566235814,168.8114481316664,170.45630169291545,176.61454247624116,177.09878713951025,175.41778838244278,176.64893109712094,177.0157421730648,178.79422253788383,177.97364143089501,177.03314729772518,176.91336882030734,174.43826634807903,174.9673793543791
76514.488,148.7326594959115,174.96448180932566,171.83338410437838,170.4653642412165,176.77464321296188,176.9665533913008,175.17578256220128,176.6571777555664,177.0083777296386,178.64169316902394,177.80511737211773,176.95219449566616,177.2163579255494,174.3814403182842,174.90231514170722
76514.52,148.18720251143793,173.01907948057345,170.01934661702197,170.62109490555724,176.49836105846504,177.1508172325192,175.1504153667088,176.39135512697976,177.47742260516918,178.15357641692893,177.76070921585648,176.9808924966754,176.60664181496682,174.5831824995945,174.42286294206673
76514.551,147.73196460400962,172.98017412419074,167.75057774656776,170.40488348945993,176.68096771616845,177.35929867497214,175.20090985644217,176.45618423345948,177.90649980111678,178.3929247541749,177.92661115905676,177.0253609223307,176.7660818529633,174.7298715849606,174.3326175982748
76514.583,146.9259901126276,173.66598825667305,168.4895995102209,170.39876067640236,176.68901743162877,177.4165436593062,175.12622684130636,176.39239526156646,178.0083807512324,178.13922515911764,177.5033148693816,176.8825443800227,176.71184457548725,174.9303716996406,174.17162331970707
76514.617,148.4017106065261,174.41336314041834,171.97256499071557,170.3074625509734,176.59980083834503,177.09194474529497,175.0228917410222,176.33057686803065,178.09088224358825,177.95644273159297,177.44364539326455,176.59727302549854,176.5734291497119,174.742708596109,174.06129798840365
76514.648,148.3765788291898,174.7448857105208,170.9744153013468,169.69447347223198,176.6351045483939,177.31066745337228,174.18369976488077,176.09873969594722,178.1618723557819,177.40352395286916,177.14933738311188,176.34728019174585,176.45501223917145,174.53662527147904,173.69797875789345
76514.68,149.21741666134733,174.4764894900192,171.1149201776739,169.86281728858725,176.51745273362596,177.27440981640646,174.56167971639354,176.16105889324268,178.18713783123303,177.77781178868233,177.01326759591723,176.6495022544719,176.72472868670454,174.44497194530268,173.763925999313
76514.712,149.65388571522044,174.508866527353,172.29549957731098,170.52687213723536,176.50455603620904,177.00610943485063,175.07144732396463,176.4608150697214,177.61092039217226,177.67592842016657,177.2002268885897,176.6304739226232,176.09348405092058,174.09376523109373,173.84150906925035
76514.744,149.6860528595493,175.9769595579792,172.24027595322886,170.5889576205977,176.25027776675282,176.83826037986037,175.12124024212125,176.66009574422807,177.29481657420388,177.62398360557475,177.13488375094872,176.66574952648662,175.7947305259594,174.02020634755357,173.81385135374313
76514.775,150.0397159927557,176.70283426863895,172.1923323329821,170.05196211039282,176.459990115773,176.89211108856188,174.6573866287141,176.5632891780125,177.47121503596514,177.7447038513657,177.20782015510582,176.4684857334405,176.29429698916138,174.4430790986069,173.73147792773779
76514.809,149.1930629092709,176.64209170564075,172.27717523982648,169.93893291189835,176.68879476004454,176.9407700496663,174.46926995328087,176.51039782744138,177.43780479055053,177.68136286997736,177.45562268469155,176.5075111477102,176.70488972929533,174.57759085197137,173.83449070602467
76514.841,148.92504631931797,176.02010766391382,172.32856083697854,169.82473724233228,176.71490403466868,176.8067455927806,174.33640572875646,176.51531691514612,177.3918156572148,177.37555857273048,176.91720518051983,176.37880226834125,176.2343503558065,174.4863049496096,173.81898635259705
76514.873,148.9471082771281,176.32239522840317,173.00506749313567,169.74964505988387,176.7179543324956,176.82499301802596,174.39843285436208,176.32456461634337,177.3471130310065,177.42519847051562,176.80862319328526,176.4414512351041,176.0635260574945,174.42175342042253,173.959475540395
76514.92,148.33340972264213,176.39839456925552,172.68374578874034,169.53307137467823,176.69406730176826,176.9480316042874,174.15007925101276,176.2129495074738,177.36057869831015,177.07436777708133,176.5246887728826,176.33468629365916,175.76485906105725,174.48195272709592,174.02786591467017
76514.953,147.77684855427134,175.81870270291674,170.98476712411798,169.60990033714336,176.49480729241995,176.9734662552206,174.31719083847443,175.9570578986331,177.39576870503655,177.21357617889302,176.35668180980224,176.35979215420667,176.0227009805874,174.54239684110084,174.11920314313562
76514.984,147.74343777776224,175.52528701469538,170.86073178416376,169.71002843096218,176.38047117971027,176.97035933614927,174.3111137076545,176.06236731459984,177.30845879686908,177.16209683876147,176.43153531247168,176.4145400418165,176.12395216651214,174.57369348341703,174.36657066420494
76515.016,147.65357791126698,175.84997369810353,170.4997816873037,169.5972935785189,176.26892032808175,177.03426798010327,174.2291419923277,175.87099643617321,177.3622824541191,177.3021153321626,176.17174267142875,176.4294660329621,176.58565501746767,174.57907904867983,174.37045809615574
76515.047,147.7057029334047,175.92234107047003,171.16161366813418,169.75997150270925,176.1012711469062,176.9802877804798,174.23178028897865,175.7921643691449,177.36022964937527,177.3377348490756,176.1526212727781,176.477577510446,176.58018702547213,174.5413165353343,174.42308133566175
76515.079,147.07091005877737,176.31567439706083,171.06456993601228,169.41718145939544,176.08940444227062,177.03505590966296,174.20153960180943,175.80577726920546,177.5045138141924,177.33004402273977,176.38540188408652,176.50454026615353,176.4727358218572,174.9390404672241,174.33955126900585
76515.113,146.6643713079124,176.45622783540185,170.99654391807152,169.3060306866273,176.08827747103896,177.17719462970234,174.1779791871049,175.7674636309704,177.731147189044,177.35105013983454,176.42741820283476,176.52601330972362,176.32744655057013,175.27502342661168,174.16270420792807
76515.145,146.26128959256536,176.39139123616556,171.16128254866734,169.28644280857716,176.04911054217123,177.32338004095362,174.0022191531607,175.73848934399112,177.88567308800657,177.29479264067902,176.52445515843425,176.67110327816022,176.30545485565278,175.38205310167206,174.16057349007886
76515.177,146.48141643602932,176.72639104841724,170.50847280064002,169.51705860571693,176.09826501556176,177.43185342781135,174.09292495117631,175.73002513723347,177.95837360126336,177.3977234447412,176.45213842097337,176.74836466762255,176.1948301273681,175.27047769645984,174.1575192175078
76515.209,146.50108333708184,176.83736788436136,170.98604334278244,169.38815848485748,176.02122976324347,177.3130126297894,174.15431444566985,175.7490632577077,177.90652933068742,177.40462873527613,176.5020318290106,176.69315529065204,175.95368764777598,175.45002497434535,174.22268371976986
76515.241,146.47531911129218,177.10666396783796,171.65335436045333,169.44019991059412,175.95392899198524,177.23781932025506,174.26893076506641,175.77093061473465,177.85158213569292,177.30962009810605,176.54826516379916,176.62831652880055,176.05633226645247,175.37062696901063,174.17789172504592
76515.273,145.80221981229664,177.2390132819168,171.03477449910199,169.3608473667009,175.99580937786268,177.29955123632658,174.3724302169114,175.77699031829778,177.9000636260584,177.34607719977805,176.686581627229,176.67237394435585,175.9082246823791,175.48480797415326,174.19277165122273
76515.304,146.0839252011106,176.96162937007088,172.19285010697664,169.41077673122473,176.1530333784774,177.18138064003688,174.45483717674242,175.8532364927696,177.8052850118982,177.32883636166486,176.58152907143716,176.6090700588313,175.72197392993797,175.42431788436113,174.2159564812743
76515.353,144.97150939447772,177.7285895045303,171.5843387012628,169.4386154495105,176.2392923356397,177.34999160454257,174.48949529617673,176.0011800999991,177.90569769692456,177.40576012924416,176.51786841614336,176.75706702710218,175.8423659414475,175.60982335886038,174.3399412327595
76515.384,146.20749861000195,174.96879087949114,173.4676387359801,169.73365809593918,176.39887964326442,177.02172973426022,174.63741744388633,176.14113990219087,177.5566575504364,177.2057679550289,176.3499782110168,176.46311770468924,175.54667085299087,174.87998940937752,174.06020598391962
76515.415,146.97849837765696,172.31392179626963,175.83145822418174,169.52784687050513,176.30326800573397,176.94777362339238,174.61767953805798,175.91786591627417,177.49511038257043,176.60050353883437,176.08887054619382,176.40291069001526,175.17647494162694,174.43129005874601,174.2315657209418
76515.448,145.69959986532456,171.1108641355581,177.09878344902268,170.3965869113445,176.4500497732894,176.76766209348006,175.1592938344048,176.36267467644208,177.33710248716835,176.39426558769523,176.21956889997867,176.30995047373293,174.78732774488756,174.3089157442441,173.94896902495236
76515.482,146.2034932304773,169.5258102261387,178.07133729878632,170.24035674699957,176.59434819379803,176.75664369556242,174.7561813983497,176.43295783652275,177.30163147122062,176.13461223143827,176.37896398758267,176.03699843282433,174.7750001957336,174.42725472771804,173.79981455554778
76515.513,146.53558611386768,168.98860088449075,178.3700435567652,170.21959660199457,176.41089392185788,176.59005053167326,174.50809351770266,176.1436901789637,177.26866425520564,175.9569448206316,176.4700484437655,176.0572281127438,174.37763690644923,174.51200977224957,173.9231061869667
76515.545,147.08282121955094,168.7267414203574,176.46252887416352,170.18831357914874,176.3451685978837,176.4207011769144,174.56483502501519,176.12771217682754,177.30756729466816,176.16402018540487,176.30825883200367,176.04114305419074,174.34927517322646,174.77019686043135,173.97835367469003
76515.576,146.94170975934625,169.12702547013026,175.66981211572323,169.86483431842794,176.25162316823378,176.35749734170494,174.2950335810937,175.84480147757992,177.30682397419963,176.0952937031764,176.30265922674877,176.08784782593125,174.41035252344471,174.91926867950687,173.96623002902143
76515.608,147.01623837842854,169.43496523777813,177.82837847840145,169.7869821933965,176.3828814900177,176.4687609011913,174.31020340804687,175.9707806452151,177.27679394108222,176.14393809181752,176.42807183874973,176.13238638569104,174.78270404542673,174.7099263518966,173.94525966894216
76515.64,146.547087823099,171.0671485734682,178.15342005355083,169.88754310704098,176.26055664695025,176.51713473787436,174.64912153376562,176.03592295241026,177.23019630419628,176.4286232951885,176.29434605575113,176.32327784104822,175.34126468883625,174.75011999105766,174.1616892175504
76515.671,147.57498691499507,172.30174981530556,177.1049553167779,169.64775478331362,176.17870326568817,176.56146327780533,174.79882429996087,176.11620067114592,177.14855309414426,176.66519399074946,176.23065350540415,176.34523016115304,175.66685239539714,174.64164002103874,174.22981884061366
76515.704,148.87239268012624,172.79817419633272,177.2660497687214,169.57540516265314,175.8484033943353,176.6346698223304,174.8033993283185,175.93113606127156,177.36198489148734,176.6170621783537,175.90022243165058,176.34673048162875,175.72622016684204,174.53578649619027,174.50734665195642
76515.736,150.3246645331935,175.83768586667713,177.7152899346569,168.96585771877685,175.25883537304242,176.62476280094546,174.33002694213425,175.6788494328545,177.62607080356784,176.44852957031802,175.34426840814353,176.42823993790591,176.74398582686896,174.60225785531563,175.01356545590536
76515.783,151.03290637439417,175.84129037018127,177.9274620027044,168.5909131800648,173.83366534755382,176.21441598577368,173.1885856937914,174.60078798326475,177.73036331327933,176.2821097844775,174.39030813671093,176.49805279876915,177.02495353138428,174.46417742287588,175.87272432215508
76515.817,150.5855726706884,174.5299676518464,177.7679426851236,167.14231383056241,169.89737256618267,174.84242691541104,172.29588923309186,171.59003768517243,177.13034473090545,176.3291711599942,171.93285681951704,175.7919945107329,177.41566858920365,173.66204485542042,176.18182791653035
76515.847,149.74368590708295,174.05364323516815,174.55426521446162,167.02406065180546,167.9891637363877,174.4898927309854,171.9007750392194,169.79159475242147,177.1012275770173,175.51497687289614,170.36185464848552,175.54246695502093,174.2626162111141,171.9457133842181,175.42418634261185
76515.881,150.30576072146425,174.70419112813707,173.5664711248398,166.05916348008762,168.54629080239462,174.8847228680809,170.13763481715247,165.51995372261743,176.5068931791213,172.96850643884395,164.4427240889831,174.9906271699759,173.31886481267455,170.8252788145791,174.85675648685503
76515.912,153.39112889059268,174.687743430277,171.6286082628656,162.478803402083,160.5247269897949,172.57870244735028,168.40603859147367,154.21375901046696,173.98056454388401,171.08348943638478,149.93338885412768,172.40789916076494,171.18990240954332,154.63736156617333,170.11695793877664
76515.945,153.636610585195,173.24323657783987,172.99182403412303,164.4510751051577,153.33103681907278,166.50845577248802,171.1182143350768,150.61202491771704,170.71741741018718,174.02784375978553,148.4160686894637,171.13406781661317,170.83664504905028,152.57561174061573,169.2579526423227
76515.976,159.94381224052404,172.4870775305817,165.9512114182131,161.8119161274702,144.54815893390906,155.12412631677554,164.9039824368272,141.15910289194204,159.1296558387297,163.81528550668926,135.83791030554357,161.79166979397087,156.12629945993615,144.3122585524833,158.8763356273123
76516.104,174.1719846973038,177.29457069626596,176.1304452928159,156.9279465629362,138.3658498180811,142.59905682468522,161.63765485879617,123.84310700306415,171.41082425731176,160.10575990194755,139.61452048374312,168.0499303366705,163.79937035583282,157.6084976304435,173.40381926856406
76516.136,172.46439823232615,174.91175023195365,164.61274587872362,151.89602824466556,170.61410169745454,165.9754819068289,159.43272452050687,173.26044569387074,177.42264047820683,172.78996161796263,171.22026109839035,177.0584846538383,167.4683734433903,164.48145203040522,177.86128557806677
76516.168,177.0197160991353,176.16500702709274,170.77539934687127,131.46242236052967,162.02989393370746,167.06771412997884,156.03650450897163,166.01719616310805,170.0035608603456,157.1055506013625,139.97722642180761,172.62451792086623,154.144299476295,143.16341612540168,161.07121249300445
76516.217,178.1883719653955,173.86847082160165,176.8118294489456,124.90600009820217,170.22630486842564,172.82447858448816,142.5239379119015,167.83477632140844,170.66911889122048,145.72760253691527,140.37767497106356,174.65889895160598,147.770497438733,141.14453710618403,166.64009360301532
76516.248,169.7935132457702,173.06482201688183,170.40657061581686,130.9855376499099,171.41816929066184,172.22563702216445,132.4020644196344,165.60255450619334,172.8380207069023,139.69108729709478,154.8413602103162,176.95584452388442,138.91534726531847,157.39548456391736,175.26964119884045
76516.279,167.68040081464366,172.25895558839997,171.98701514074233,126.82127447982006,168.39804793016953,169.40058635377738,128.78073457251998,168.24526026251237,169.45990473262674,134.16372455479367,158.5579046807843,171.9045753389454,132.3019475747814,157.37148586557953,175.26880405543346
76518.6,164.70117000939945,176.19256683711856,171.93222083006603,168.11588216506698,172.65646613834383,175.20533447835487,173.07311422433565,178.51016845902524,177.50237899005998,176.41880706157676,174.54131582450464,178.30121207680642,170.6880916756708,173.46902032649757,176.50892871504533
76518.632,154.0621785682343,172.01557221228222,175.18363359784655,172.12522028888176,174.60341955067722,175.05170517103969,176.1389815498707,174.6157686038253,176.23498010263887,177.39517473359186,173.34566840650297,175.0684203954906,175.7420840031621,173.5130495488737,174.12798492283153
76518.663,152.25756814200992,170.09455547539613,175.1863434497288,171.55911668910406,176.35540509978563,176.67280967213642,174.9856085643129,176.19682708732722,177.0792586441578,175.80666777534984,174.97848388962956,175.17645574724804,173.50592231783466,174.17467075905108,174.1901822605231
76518.696,154.4597042389116,168.8613287632253,174.4712311108042,170.7668305855273,176.723028816262,177.07569201941476,173.46896830629373,176.3041850188101,177.49730335635073,175.88602513156187,175.464153898563,175.3470194410536,172.1754625312558,174.71979222507144,173.84698730376118
76518.727,153.7318026146347,167.99159336315506,178.33168855277614,170.6771735293152,177.25487000252426,176.8225618223241,173.45891087605025,176.47459140426847,177.4330626151531,175.90460096707363,177.06072010400757,175.39193260594445,173.92279061342907,174.27912092761414,173.65688915909539
76518.762,149.69286401567186,169.31208104882384,175.6185247381943,171.3352771473004,176.9734456220476,177.40375707703174,174.23365853608107,175.97458754638635,177.8624269631201,175.89434325467852,177.82890972287515,175.87706977375214,173.84512667202972,174.60641929270446,174.10595233353243
76518.809,147.82259909637975,169.0120742812098,172.76593330488927,171.30424917592953,176.93465578747893,177.69405012638893,174.26070356658502,175.87738018665374,178.4028982903836,176.0597746842173,177.5724687704333,176.04193820106477,173.43141311390423,174.99848274174937,174.15553003480363
76518.842,145.48005434374343,169.98663362755573,171.23156024221075,170.94408045297644,177.22801654896503,178.02410864585508,173.56967434071078,175.9752789446438,178.94691461874933,175.25769399281089,177.26745985213012,176.28162126045868,171.4470691622728,175.69907714577477,174.25548979926683
76518.872,144.15148596580326,169.90326844462345,169.58539420255616,171.2520021714637,177.353536654885,177.71991908695864,174.09585638279555,176.28399815696625,178.813415909102,174.69790193753718,177.940193427401,176.21848957414593,170.90248710549338,175.56811639325335,174.05617518340438
76518.904,144.7056980927919,170.3960004451986,167.61976002090466,171.0465139611297,177.36721806333543,177.74228820177194,173.96407172692497,176.26552280218962,178.8907320130705,175.12124389159328,177.98280601135318,176.55543046026884,171.41189204751618,175.57909895917658,174.4896255655125
76518.936,145.6157477949715,169.84720031168277,169.49538551188886,171.07231663773302,177.27888384186045,177.08449089985166,173.87087326858537,176.32344181294832,178.83290217394307,175.3819361215308,178.20648642248435,176.67109237347793,171.36415974601346,175.43538435948597,174.50666017331883
76518.968,146.0501036449108,169.8010490956206,168.37423641844947,171.02779841213328,177.33594341443856,177.09365908058498,173.77069412195837,176.43706835643434,179.01987421898278,175.59292331377898,177.87788204565894,176.90057714511642,171.37243821463176,175.6110858874406,174.7703671561891
76519.0,145.52108856701187,170.01019494183444,167.61900605590841,171.14888538156816,177.27715623499634,177.25118982558297,173.63485532595445,176.4492460875417,179.09902105678543,175.6551392120449,177.89400849310775,176.98636653661487,170.8332351939762,175.67401383166947,174.79054295716202
76519.034,146.1174668551866,170.27414436547232,167.57652041728514,170.9947287078489,177.22485959712228,177.33356832413668,173.65290140442485,176.43495014453788,179.0563038241701,175.5411335805245,177.85355836239444,177.14256730960136,170.65491361405216,175.66514718664527,175.01667318122486
76519.066,145.83069393759777,171.0885791110718,167.62366089422588,171.2014278527019,177.07033437501636,177.30152054538334,173.92603626051434,176.28286731011988,178.96250086178804,175.302181571794,177.6145979711209,177.0915765592908,170.51682319613468,175.7667280719239,175.05685795784424
76519.097,145.58761175242353,171.31302701705465,168.6709424433805,171.09501983220304,177.13337264407025,177.36868844805534,173.44381447811529,176.4061920139098,178.8892529380146,175.01800939476962,177.33871531433732,176.65145968544502,169.86890076546104,175.7073466467492,174.60642751260136
76519.129,145.53215045601303,171.3994976366982,169.3504841623596,171.2238356090164,177.05798668568374,177.61030773812175,173.51754286331507,176.37818945751823,178.8785866059073,174.95380663664685,177.6286454653824,176.6749399193841,170.28267022575756,175.7166440317085,174.87582538719815
76519.162,145.71572736848657,171.37842112457832,169.10374199043616,171.18294280279602,176.91301154780905,177.39373176268407,173.68615645268758,176.20286717862012,178.8955884535867,175.09500465969364,177.39798200908237,176.9161590648074,170.27089321007952,175.89407386426737,174.94381205680898
76519.242,146.83476188726564,171.23354384025737,168.65285773796964,171.47369047917738,176.98262238469016,177.63662936475714,174.08697120710738,176.29328859652568,178.8513822810598,175.32886207299836,177.54177585699964,177.10315313275171,169.77706657017734,176.00137270303702,175.31052744833127
76519.247,145.32058525442852,171.14984092927492,166.36770633094093,171.5111302222557,177.16581079304282,177.83622319065313,173.4942694785614,176.4449473332595,178.91689553383415,174.75581241120244,177.07662215340034,176.51806826152463,169.21241951523294,176.00602653007962,174.7525877145542
76519.273,145.54911816342593,171.11389210419142,169.02359779798599,171.2855315955106,177.1280675718505,177.93414328460335,173.20315469898912,176.5458968693754,178.747735368141,174.58355265975138,176.69601319475638,176.3802454659952,168.4480304610163,175.76981100883884,174.47051081154734
76519.304,145.12267006945348,171.8559668044926,169.62091259353636,171.25590068725373,177.15328473934173,177.87801604081517,173.05579838743466,176.54801945254778,178.74580459489235,174.2905783654641,176.70516581930127,176.26931341689297,167.7382000543198,175.78788280910368,174.23931721367958
76519.335,145.35902687308675,171.7944183446161,169.69350221421755,171.37360225652824,177.13619605642026,178.02070752122674,172.99100122406404,176.5089041402847,178.79950531406877,174.28689036423248,176.58791155214496,176.24338111541982,166.8334121397938,176.02942962782302,174.15897667075706
76519.367,144.4637273763983,171.4959902451942,168.85599087036528,171.46814472189013,177.19461285728102,178.0837077300998,173.06476481116573,176.59017671969764,178.75186256163929,174.07886610851145,176.43495347295266,176.23659709613656,166.2519521665568,176.18741549769845,174.08876007759415
76519.4,145.06416058506528,171.7562656658573,168.7797243985077,171.6152830844054,177.17241514101735,178.47724440579304,173.2722591511258,176.49552860736512,178.83880543987053,174.28657316197442,176.37461273359918,176.2108849925934,166.62386533183064,176.26287529900566,174.21994243128592
76519.432,145.09758443020166,172.07755097260184,168.91889452725533,171.58467723018072,177.1495136283145,178.47329273158923,173.33125750245134,176.62872050631543,178.70963721668846,174.13243234895853,176.4223659355184,176.11488566170735,166.10335194561205,176.21262436940546,174.0969235797331
76519.464,144.95306574925718,172.37842103219418,168.80549676859633,171.69943206437765,177.08635147236708,178.55538622007623,173.25200755695042,176.61489546965743,178.7437705311321,174.0177116750056,176.24600181994637,176.21852499651317,165.45790185540287,176.3925712069673,174.21906007572602
76519.495,145.01461874060237,172.59146624628912,169.24719789023234,171.6652091062658,177.02476649322995,178.37280294264357,173.4733713371118,176.55459999772864,178.70965015287675,174.03421966720552,176.04808054718478,176.2357858723171,165.37361600719905,176.43892835427562,174.2060357525464
76519.529,144.78737305566415,172.35967504116994,169.4615431754102,171.92470286427235,177.11104940058945,178.37031848081196,173.6719741698991,176.6440169194008,178.711980617647,173.8962819062668,175.8965071943431,176.18931985548213,165.07869555910676,176.55324898090694,174.181556591322
76519.559,144.93040870317392,172.31141946901363,169.5094466269525,171.73553578577088,177.1354857004922,178.442792905313,173.6454800165179,176.66428613915318,178.71989262694544,173.89231522709906,175.88172600233906,176.13959974811317,164.96679455104413,176.52315914901925,174.15496408039127
76519.624,145.13214666173084,172.70362049481926,168.8085727618813,172.07241227698978,177.1028892591124,178.81524055749568,173.7824084552978,176.6578342257019,178.73817918744749,174.0872521432882,175.8688325648912,176.13171677851702,164.9347666248657,176.5632709916392,174.25885060845016
76519.671,145.34098399298705,171.52164160474888,169.0637992297507,171.72092299063192,177.09463680235802,178.94187066083268,173.6111500111186,176.58702492040882,178.60367182935653,174.0239388636334,175.59762784785008,176.01151521681052,164.65347935270793,176.56740366681802,174.0127812017546
76519.677,145.65179504048842,171.10056144567142,170.8699222280046,171.62149701318603,177.14304330434612,178.59980675981996,173.87730041698399,176.56233145720967,178.56200967250598,173.9141381336776,175.28601104014723,176.1013435825523,164.9283352712617,176.31698479759342,174.10922619629235
76519.704,144.88449888302853,171.12626886110257,170.07237262358083,171.66440707860124,177.05845899809256,179.02091873089893,173.70196184772016,176.4419387455759,178.6435264564627,173.97270915961212,175.50365304183163,176.04488499564306,164.90210005992571,176.75284704140827,174.0764949658619
76519.736,145.292222614909,170.78291888610494,170.45649581297064,171.58842526958725,177.1234622661345,178.87442211778315,173.7043336971623,176.54248268342633,178.70168255530143,174.02869729164368,175.5401684017583,176.0385637039057,164.700151212372,176.76603303304947,174.08070388473305
76519.769,145.05423028431943,170.38683388503415,171.72512402673757,171.56823439675293,177.15856701697297,178.60057076774083,173.83171458638787,176.67064309682846,178.68893483953417,174.0020167335297,175.6627754675998,175.9720774582808,164.6566205522504,176.77932074102304,173.8259965755093
76519.801,144.84622864398455,169.6952417762441,172.69877250852753,171.575564656716,177.08491269797062,178.5343365807833,173.78821223030755,176.5956843394907,178.62618215116012,173.81638849553565,175.58660144941163,175.8160010439892,164.47122106452986,176.7634613825337,173.60950326843485
76519.833,145.91794657692205,170.07227099899987,174.44816997643133,171.58162067892582,177.09856330938211,178.1829395568447,173.83294517439228,176.55642719080035,178.52914006741983,173.6606599104623,175.55346820394044,175.80227061224232,164.76792567250217,176.6218524937377,173.7636849601328
76519.864,146.44580734840753,170.14429523960902,174.62094577943338,171.57377191229028,177.2272975289206,178.15429095956418,173.75992691646417,176.51297436403354,178.57342801049649,173.7609444908666,175.21319864169396,175.89655851958997,164.90236706849203,176.61566551963432,173.9735126143571
76519.898,146.78556030350273,170.30757779858723,174.03984362075818,171.59171547100485,177.0654781862843,178.28278799598684,173.7312383277152,176.38262257798368,178.63618957609253,174.04683365684076,175.3004019288845,176.02298614101605,165.2511788524571,176.61479752536218,174.0179993004458
76519.93,147.03671649831634,170.2998953840563,174.5836620862978,171.67986279943966,176.95810700751156,178.13867069912962,173.851473147732,176.35611253088257,178.7220872800133,174.0204809392386,175.27022610622987,176.16818549640723,165.3012549830819,176.7098619518177,174.18988988365342
76519.961,146.1414226667241,170.31124509820467,173.3425388419498,171.8233046014854,176.9845054168581,178.01473394797193,173.9406868553038,176.36431553778272,178.75886745872793,174.05660104158602,175.31194205509254,176.22445211194025,165.09264459924307,176.7857568942355,174.03792374856118
76520.025,146.17614515336555,169.88088078559713,172.9182953951898,171.73923877342264,176.99802202155084,177.957776679741,174.00013027742526,176.43212784997047,178.76263087200832,174.3227162138628,175.58644554394644,176.2636301272056,165.58269990907945,176.6215665597221,174.02903592316753
76520.056,145.28639844753093,170.3068764641095,172.3560207393334,171.6223455201634,177.15255380075814,178.3580602122298,173.63627304529624,176.50750239529927,178.7466965478338,173.8929096556161,175.60072950952463,176.15062595832427,165.1265756814856,176.65369406377587,174.1425618321084
76520.105,145.55805611516269,171.2172419543255,172.46369587779157,171.5649924224038,177.0206136616217,178.60728311904393,173.68247526400532,176.64504916820843,178.79845438264272,173.67710933468157,175.8553311734469,176.22008190204266,165.02700174803164,176.67733415660814,174.31912539389788
76520.11,145.53667587391084,170.55237353663082,172.69886312506344,171.5511913106579,177.02360782198056,178.36716619897703,173.5873044279785,176.4493664877756,178.76879028335404,173.7205148219814,175.56247359289048,176.15723653800598,165.07834921790257,176.6860105428468,174.21364463750328
76520.136,145.13452971039527,171.54527225693138,171.9150076836174,171.7057269100057,176.97377754999292,178.84779366137053,173.66492571777428,176.5495878108956,178.8510105314574,173.59484895524508,175.94499640805455,176.1599714657162,164.40865680112486,176.83489535114595,174.1830412110482
76520.169,144.83625172780393,171.06694144838835,171.58918840677242,171.51940194846955,176.97502121878452,179.0088454447571,173.65362581510007,176.42410753330023,178.87731999995808,173.828105979562,175.9495545745475,176.23324384648325,164.8632947380071,176.881827583778,174.32484724025352
76520.2,145.68352998916083,170.71030577419984,172.86183157830695,171.49309985363183,177.1487541089794,178.775955867803,173.59391312437836,176.51015675609747,178.90689737348004,173.84855377659528,175.86386811352494,176.24789494189028,164.67515951059062,176.9253578761295,174.40513575460355
76520.235,146.0134568200308,170.72060214087549,174.38467891836402,171.527838590994,177.2046168617099,178.5844305144993,173.69838668861013,176.61727468465457,178.840524727806,173.8167032769469,176.03840088928905,176.1975943908313,164.8511223390159,176.73099987078126,174.26487336827117
76520.265,146.8711262204831,170.20722040598707,175.7829998088109,171.3286234194071,177.23870444676976,177.8729781319725,173.59251709860604,176.66664069457977,178.67785790239344,173.70020848966897,175.87968504926414,176.07915016674866,164.97452603114056,176.58262153914285,174.21282832616583
76520.297,146.49765754776791,170.20054409434118,175.42120638916387,171.61770429724345,177.30653462615462,177.9853509292015,173.81682172135012,176.7242823440028,178.83473779710508,173.8168918077191,175.6552221030556,176.24993326446096,164.78436527111307,176.80989373454122,174.35012811715904
76520.329,146.53025449547926,170.28857669580594,175.58220280540513,171.64830464493903,177.25579606956651,177.83667635328152,173.82600853558404,176.7187641107803,178.84179333638184,173.91296374118457,175.67632634520362,176.31339000510158,164.64527314744183,176.8304499260262,174.2784223460968
76520.361,146.66087838841406,170.26207386031732,175.2762886943336,171.6736039831799,177.19896962541196,177.94323920338178,173.92465168200363,176.44715390880646,178.9153412391687,174.00030095551236,175.602265458327,176.3529809269208,164.83238494954963,176.90177551752416,174.37520921794885
76520.424,146.77472294630502,170.29431804516068,175.7724019849416,171.5478075289007,177.1558127742067,177.96870933113112,173.82159975464103,176.52625133446023,178.881291081696,174.0425273698463,175.60749128024483,176.31078567286704,164.20455094238756,176.8784062957862,174.23670744470473
76520.457,147.15440855526595,170.17057629803804,175.730209223827,171.40485546145445,177.26405918401883,177.9737489133358,173.66508264906057,176.56270168846777,178.75161406080483,173.9433157363758,175.58219990911718,176.12588855939458,164.45006831556353,176.76360154683442,174.1407720961298
76520.489,147.070687054023,170.33401398759176,175.54154828585988,171.34395638805893,177.2603666248312,177.84108653499447,173.59192057666618,176.65021897575426,178.72411783576808,173.88980689452282,175.54147490964675,176.16610281654684,164.50765063425533,176.70373852726067,174.24233112711713
76520.537,146.8574233518011,170.27681675549104,175.3959541479572,171.29293575622765,177.3207285340453,178.02843577852138,173.57694946222105,176.67877208788224,178.7398708345817,173.88455536108702,175.54226344283464,176.08980823024868,164.28436574750202,176.8122917958699,174.1670250607351
76520.542,146.75152007212895,170.32112788514917,175.1693882148934,171.41810826303842,177.28698110706694,178.0031243989022,173.6793950992283,176.58728087224492,178.82445155947437,173.93143465912988,175.51406365676502,176.2017026958179,164.32388116079017,176.85126037786708,174.28827067091615
76520.568,147.0580910879964,170.5642618899293,175.59936860542888,171.4298362131694,177.26055377610882,177.92044009019318,173.62681776833534,176.5886667204259,178.79347133410292,173.95837445415708,175.4295122864117,176.18974327189034,164.4423595728013,176.73461917873936,174.2052360974215
76520.6,146.8472994384274,170.0292417038424,175.23875992924735,171.43160567515685,177.27862774376374,177.97022154695722,173.5912844408735,176.54610154948367,178.83952524285246,174.15241130694696,175.53318300734492,176.23070993622065,164.425267485797,176.82262725367696,174.1753784566243
76520.632,146.5343374215843,170.2025068375062,175.44313450629767,171.3305948991097,177.18904528333525,178.22916130318364,173.59269975185128,176.555119135601,178.82281639990316,173.92645871168864,175.38318987869036,176.18874453135714,164.413535269666,176.80810351496353,174.17783643576627
76520.665,146.69751282967752,169.98739915374333,175.27546031204233,171.44776384037812,177.1917649997949,178.26950753118683,173.72628461195686,176.4585782366742,178.8995790127526,174.13392256117248,175.3401442049742,176.2685009656335,164.32694447192313,176.88445979164027,174.19048086936175
76520.697,146.90416067464568,169.88616389788044,175.18766291405467,171.30383144161442,177.1625453606169,178.14327750569475,173.61122769364255,176.47005826990818,178.83262783858464,174.12908214720207,175.32846329146795,176.2575537989971,164.33325244684224,176.81693724842754,174.22502421103255
76520.729,147.30754924317077,169.87100887796225,175.65878540598146,171.44206462874862,177.18071572017917,178.13466279601104,173.64995311895964,176.47781332608972,178.81478897566092,174.14896587666348,175.38837252562143,176.22216620512185,164.3155839455331,176.84610378187244,174.18056994252882
76520.76,146.37541391309347,169.6967394340568,174.9448207394413,171.31956153726188,177.14242946756755,178.08676202125676,173.66066286566078,176.49686027712445,178.90319154963342,174.01456998434583,175.56479142961854,176.30385746696163,164.21120947973853,176.93957352633313,174.1335813165032
76520.825,146.40895291185356,169.94655742263203,175.27693186679255,171.47431220730834,177.19158807077042,178.32789442940734,173.64963743070456,176.5312331879659,178.89985555595862,173.98301292673912,175.4917787098835,176.30059020666332,164.02244403159534,176.8523602901743,174.1123216730949
76520.856,146.82519666918392,170.20933928719498,175.9589238632264,171.05418195919978,177.18692195140056,178.14440459311112,173.24765284812344,176.59440286375568,178.69043679811014,173.78383101663425,175.73409007861267,176.04646982400862,164.22506119263335,176.65007468430588,173.97044342236188
76520.888,146.22025813326727,169.8703843434554,175.6210375064832,170.9990991758799,177.15176755290216,178.26790701829205,173.25867693004764,176.72330345074317,178.76267148745777,173.68837040228308,175.77686129474802,176.0793004433113,164.27784779536088,176.7126536164012,174.08963556929984
76520.92,145.8406923403993,170.001399232877,175.47449112744016,170.98642839709353,177.21788984467022,178.32249196331202,173.32898844179974,176.73886073738845,178.76490431340983,173.8875188723624,176.04794491343281,176.13649790362598,164.50167096900077,176.67522856365568,174.1255638262649
76520.968,145.4451012284823,169.7411580844638,175.50635607163878,171.11279860135667,177.165356787966,178.30154091215644,173.3349958772873,176.67577460860127,178.9877234939549,174.00791067950263,176.04908236358887,176.32942518132742,164.47113993107945,176.82803319619904,174.26615001572276
76520.974,145.64285977317752,170.03979807833178,175.7837651962009,171.1578160873847,177.28215517755515,178.37074959731063,173.36237967614,176.8122110443677,178.95954094220016,173.90006956107666,176.3057993791054,176.29358984095612,164.34652997174692,176.77692453038674,174.27144415223867
76520.999,145.75588323115034,169.2790518868941,175.90476520667468,171.47093103341766,177.25493829035088,178.1247952901127,173.3664644997278,176.81181007369932,178.85065834582534,174.0161266287274,176.29061665488058,176.29395308440846,164.87607240931797,176.45422040292598,174.18857061262185
76521.033,145.9744644780372,169.35344775036435,175.6881758177144,171.6867967306205,177.1604096080959,177.9434212159501,173.60548444224025,176.62118382877725,179.04731599646604,174.2671085323016,176.81459648033115,176.70908829045206,165.61089836965593,176.49857925714753,174.58217895903417
76521.064,146.86563723173515,169.676750713566,174.8912186478131,171.56823706987785,177.10474099291585,177.64293803436018,173.65771891959426,176.38920244659118,179.01979309044387,174.2456013961796,177.02755243431037,176.9681044405973,166.3280665514868,176.24796203393967,175.0647794354271
76521.096,146.45937574724172,169.83383465846006,174.39654175370387,171.80402172723424,177.1149346743986,177.8187641752153,173.62496479307597,176.2293954842602,179.18191353975416,174.46633231734248,177.08811190078538,177.0808780856719,166.11379772160657,176.15323432140397,175.1584126030688
76521.128,146.22481925936287,169.92556124467868,173.9181725466439,171.86139182662617,177.11068216675838,177.62136014594896,173.3711407972916,176.37017300686114,179.08489828445852,174.61733550923472,177.04000126754164,176.95831306697045,165.97721529346836,176.21567671891933,174.84021721334062
76521.16,145.81884553916908,169.56726127498686,173.2424331198209,171.99764109122125,177.27072924802468,177.53340750743666,173.17452961593963,176.60205989247513,178.98722468271347,174.84676671822038,177.19567275547587,176.89612832883097,165.66063452805162,175.97210362918466,174.70368080329334
76521.224,145.5093972325463,169.1162014742161,173.5931887300803,172.14533483044022,177.2987019938563,177.42663084271138,173.19279323325875,176.47932324776968,179.05282935243955,175.1406599039474,177.25189860863244,176.87241183483673,165.26925495545763,175.86959624940803,174.39991185885074
76521.256,144.7716763002676,169.44375034232726,173.80246176432576,172.02523552387953,177.41406006727615,177.4454065195788,173.14857832085457,176.8467552566593,178.88612376746818,174.8939579809355,177.05723066716743,176.51593895441425,165.42702025171317,175.86327048221372,174.15490989690747
76521.291,144.50352625763247,169.5433793218321,174.22654160149466,172.02438872965487,177.37960146354519,177.56876075870534,173.0032358474294,176.81536653507794,178.90019002012005,174.86046128055995,176.78637592988179,176.42114013168344,165.5991305149028,175.94682107271544,174.30644819697787
76521.321,144.89417150312488,169.70266223983455,175.09857673947027,172.065811378097,177.30237799181208,177.35074300755088,172.98835204767406,176.89256779152032,178.82971236018903,174.83022208138087,176.93115442478694,176.38215864951718,165.61324090940772,175.88261688063818,174.27675158107905
76521.352,144.27096993480117,168.79139806144008,175.1489421008286,172.02456159112782,177.41993114778768,177.62358361757282,172.87026078084017,176.85738623758138,178.7991813900077,174.7874923848159,176.62021873368886,176.1762302408711,165.4843836474825,176.0998703952408,174.155499313432
76521.401,144.52127074719118,168.73727479316452,174.76594838742233,171.98219649504253,177.31676905567562,177.9298108648616,172.64970544545207,176.64210381866846,179.03445121587697,174.93901313180797,176.1310791018894,176.35938210386425,165.11303966707658,176.43914684002135,174.29611281176392
76521.407,144.7257170888024,169.0190257770367,176.19782832816352,171.84456773624757,177.17562163162293,177.31318205739692,172.41623002043627,176.97881268009706,178.83895721387015,174.65177934301371,176.479014551862,176.2154602645649,164.92783801269113,176.03787214270287,174.2608268053166
76521.434,144.59431895115927,168.51997746477198,174.69538213961206,171.90018448295507,177.14763154265242,177.77098867295877,172.5744745404287,176.62638696897056,179.09519895679867,175.02531332995557,176.18485194356114,176.52189206672296,165.13312874407507,176.40252177767204,174.4296868624955
76521.464,144.9627632171309,168.3268400299492,174.11262342194084,171.95471574902393,176.9818678482995,177.94241799972994,172.37706918451252,176.5316003004845,179.0303896226023,175.01925113437514,176.1832667621266,176.46901293984902,164.75938915311102,176.4463925525085,174.11143234265873
76521.496,144.3232347754583,169.23786736618803,173.34659920452546,172.35366663348998,176.81230913463682,177.87999180626812,172.68270768558176,176.65963193041776,178.993447472514,174.71620095076585,176.24444590255376,176.49744422808507,164.08749054439463,176.31058057855182,174.2031250206212
76521.528,144.83300075585026,169.59617334771724,172.9624559595242,172.38580948975303,176.9690887927709,178.08470760135347,172.97428128595774,176.46482738901744,179.0382286835388,174.96759053281545,175.9542809333767,176.55247872200377,164.41544915842104,176.47113529251428,174.3868143245795
76521.56,144.93198905508152,169.23463721967016,173.17596065627964,172.27319337842337,177.10551135044568,178.39811300434278,172.90447965709552,176.36149015117408,178.9771043328414,174.7637149419429,175.61311884252413,176.49980949710627,163.70389168925593,176.52075525443468,174.28234220274427
76521.623,144.68051205049036,169.3224853280971,173.536630505618,172.49605943567204,177.17193928763712,178.7069180512809,173.46786619349402,176.1462920765081,178.9914643174344,175.23459909725707,175.38274658597163,176.60905042190092,164.3117026251556,176.0569512733986,174.400430471084
76521.657,145.28445729096117,168.6689203601383,173.23438154429923,172.72647265936476,177.1322509418533,178.44086839563337,173.6261071951792,176.34266689299523,178.99128601396896,175.23994145138585,175.71943216538006,176.5600254143971,164.5641104567704,176.60496603044044,174.50955446095367
76521.689,145.69682329791223,169.47897536069573,174.47524751985878,172.5423723259434,177.20668510916005,178.3813909150945,173.64338448059559,176.57679973703495,179.0117002226723,175.11477014388694,175.73744297042765,176.56255286120802,164.47443112882658,176.52714527705587,174.5312238789283
76521.72,145.5534384509884,169.58675666764958,174.21036863917317,172.76386640426756,177.19268824860885,178.30037459460826,173.72782703798742,176.56992210058306,178.81614211491913,175.2641606392233,175.54244227853127,176.32328391833215,165.0706633217706,176.291617297205,174.26235527719703
76521.752,145.53968434570447,169.67261399233593,174.3298270381067,172.63200293586263,177.26934657944253,178.14689416328878,173.69708395410942,176.6385951874292,178.82089364024762,175.21702957672454,175.57701036983124,176.27891985925032,164.97972896481267,176.15657823976412,174.16574751454172
76521.785,145.32580692198295,169.82880685744618,173.99588531325813,172.4529083610981,177.28652775023957,177.96277599727765,173.81662006477322,176.7478505942942,178.74103012715747,175.16675518459172,175.7250044769427,176.1281372023401,165.07392611647774,176.01725095782075,173.92966165892085
76521.833,144.8659823824568,169.6424838795483,174.27837370948407,172.51294628335427,177.18266269195885,177.85316507576363,173.82790366272957,176.70078161829423,178.76126030740028,175.13573746625988,175.73842673999107,176.1058743781191,164.8931552677542,176.0695140012927,173.83383926915602
76521.839,145.54885383365183,169.0941204182149,174.15632226179704,172.54296941637168,177.31004866995727,178.27580459171207,173.65582176941675,176.5541719478842,178.8736190114194,175.48767710414344,175.4826530626356,176.3043181240364,165.29316697947522,176.22993962953922,174.2577366850887
76521.865,144.4641518361894,169.57547205710947,174.1146019392474,172.47971312792978,177.31756137683942,177.87019383454208,173.97465492730228,176.6969827807737,178.71887732073654,175.1104379922267,175.9388429706901,176.0346915690094,164.87239866623526,175.80282944477193,173.6505076862851
76521.896,143.66594809011653,169.80525117353196,172.7594865615435,172.4962345623335,177.2919462323494,178.07101409141504,173.88459823324,176.6253764325215,178.65737217069864,174.942729493475,175.7033185080767,175.96469534602917,164.35382950650492,175.87051695736739,173.55997811378646
76521.928,143.80176216286958,169.3378497694082,173.65395325614264,172.85679221139966,177.47610046017445,177.96123767092053,174.03415402423755,176.9177430823636,178.7941342567892,175.2877605165134,175.68264679574708,176.1182950362282,164.04322449029672,175.70257175234264,173.5781565051796
76521.962,144.6916942221376,169.80549594434777,174.71665461814715,172.55502130774903,177.1853598608555,178.0283494575406,174.13771569749355,176.76263141265295,178.8901672210607,174.96396361204035,175.94604231470203,176.19815423800824,164.6475033674194,175.48187799715424,173.50498778816365
76522.024,143.95544590401505,170.64607044783526,175.36207617591091,172.2889083351673,177.28690300743813,177.71372754666467,174.29750293688136,176.66810155995512,178.72802223483535,174.73208580766942,176.65328162439505,175.93426186533543,164.31546712050292,174.8326000613971,172.67624481156457
76522.058,144.35644883121108,172.14346853796542,176.0113220327652,172.20419422696136,177.29588385570514,177.29484406071663,174.60023469907742,176.3758568187131,178.47023795905997,174.48099784109814,177.23688112113467,175.83678310071906,165.34300027303823,174.79669681368838,172.6232347474076
76522.088,144.46541083248925,170.54125960448897,174.94959463385197,172.72736531284224,177.53133336252475,177.1694184391182,175.11548058400138,176.48463101076905,178.3537187986286,174.95464888076967,177.8415921780289,175.87610803938344,167.44074188203012,175.28890861794034,172.54285144520526
76522.121,146.02746381371017,170.45859059396582,174.62518905203396,172.83610979980017,177.6771735725682,177.09574335113507,175.53436484001708,176.72095804044636,178.52555745775962,175.241923708266,177.21392941272592,176.0014573913318,168.22309508882836,175.74615452252885,173.10376650689724
76522.153,149.38386996383656,170.73175553332948,177.99468806055194,172.37446190250586,177.41122646232432,176.66554654041258,175.6966194356082,176.9034655303149,178.39972128255425,175.7541988496036,177.44654707067755,175.79925231272554,169.9365505161812,175.6200646334153,172.98395021490933
76522.185,150.96247365059463,171.6680777615828,177.63278531222298,172.79969854475067,177.36259362861034,176.55470999295272,176.49874514722285,176.85044879390182,178.5258213833241,175.0120552448675,177.89509358072488,176.08688060486162,172.43112808904158,175.65166650560226,173.56697555471786
76522.217,151.05379243863572,170.8608650415605,179.0451563124223,172.76858536016871,177.24801352430197,176.09385253534228,176.66859535145818,176.43471349870003,178.1418689247091,175.72494447676272,177.7816883403672,175.68114417579253,172.68579489185666,175.72127722303014,172.75777621275546
76522.265,151.08970238826745,172.0760707818308,178.8379360395646,172.91444804220126,177.49761072020252,176.6219368502123,176.22244409159032,176.666750440774,178.37893618832834,176.07404021772945,177.76273087343014,175.7583399521358,170.79175252348804,175.669304558452,172.70314188971338
76522.271,150.88937668988532,171.90088124041932,179.02710682748068,173.1095936672835,177.51682723802773,176.66080578059172,176.3143207460384,176.6153935595012,178.32057153650655,176.01211622562565,177.6617484759047,175.717916263472,170.85293360222423,175.72353310689564,172.50524232618906
76522.297,150.98531021400606,172.38362218020214,178.58098140511248,172.96088645064793,177.51348724709976,176.7200938002568,176.28645967229335,176.61420642494053,178.2910904851038,176.2388831910501,177.65048727345095,175.6741393436367,170.9732685550562,175.6425457395733,172.55389130228508
76522.328,151.49572721037245,171.65550789068058,178.01204427984766,172.99660778030966,177.62039375696284,177.03216783906808,175.87915232449672,176.64910950734563,178.45169999274665,176.61892833316318,177.68382931311345,175.83686372973585,171.39334476616256,175.46785605407226,172.82463665034768
76522.36,151.8831362306493,171.51999188796822,178.2060714331982,172.96894701901388,177.68411224696933,177.1111786591522,175.74147957483285,176.59438830892057,178.57655012012788,176.7343845932371,177.6327275400355,176.1394809134635,171.72510612299618,175.41181466489815,173.4151701669419
76522.425,149.3424086267492,170.84051766648346,176.55779897537738,173.15779210879404,177.70864759700322,177.25744514115382,175.5537420306276,176.59689039416952,178.71263947042394,176.66307750832718,177.426781056158,176.2428837436339,170.30706688823315,175.63877604820718,173.3688103410182
76522.458,149.80479257182338,171.3328566704406,176.52059749894866,172.81890719017443,177.82207192264175,177.33781389911104,175.2241940223159,176.57500977947635,178.7077896438711,176.7819672304342,177.5069826753443,176.26514133592698,170.51686588572673,175.43542213129518,173.56650379582695
76522.489,149.6693057274258,171.40970922376343,176.16913128398534,172.9020081003387,177.82792689287115,177.36904722582815,175.30928638504417,176.58271081127577,178.69899964069697,176.65511221777192,177.43453829154572,176.08894695191657,170.37466885703563,175.58906172836834,173.11635631433631
76522.522,150.59498895287086,171.20548628425848,176.95697633640145,173.02067263830943,177.78486920759113,177.29255866660736,175.18849717995315,176.61465823702878,178.69860060272865,176.84178096451015,177.3820966706345,176.10684508723213,170.34213751935366,175.63274509585534,173.29165300656234
76522.552,150.51684157796413,171.2818940501326,177.4528885937744,173.07076862427266,177.91037306157156,177.38176134151988,175.17377990856363,176.6384210174233,178.64404617544307,176.8510184154772,177.49255415219054,176.0701230698946,170.80017617607226,175.61454024294324,173.31246442853606
76522.585,150.80301437041865,171.71441634552485,177.38945825517428,172.98343466391526,177.83921165864453,177.32791571066855,175.1727257950342,176.39371004105172,178.76054582381903,176.9384021991148,177.27085401502268,176.22537089325994,170.56304105490784,175.80188952602632,173.74290074546136
76522.615,151.0402876866825,170.46916449379498,178.14139865815406,172.88327243020117,177.82645388175746,177.45726285552982,175.0422857147978,176.46877149885552,178.63583504661298,177.16616780433546,177.27449071152364,176.00742529931534,170.39044024178096,175.9275129786665,173.67207706952246
76522.65,151.34860948484197,169.99316520015688,177.71729915036465,172.88844533455736,177.9869726158557,177.54694059383232,175.08904825319524,176.4100425835102,178.77990378321047,177.28709308464815,177.13512253491598,176.03509246839732,170.2310992010357,176.0247181176616,173.53911378006458
76522.697,151.65470496708846,170.75726932223256,177.81990203838842,172.78110330210194,177.88149065069197,177.47650838243828,175.21791156914782,176.56267739462714,178.71564078558293,176.95711763457868,177.0012168363973,176.01527519698465,170.0187377402431,175.79885402778382,173.4073266175465
76522.729,151.10493782112087,169.95548092831604,177.63278764605562,173.13025660913814,177.9188201300038,177.46860000501056,175.39157091670987,176.3696967639106,178.80281368399505,177.20371087466836,176.77375785330798,176.16643050076635,169.91706554094432,175.67176618909826,173.553825904904
76522.735,150.4236212119624,170.6417767223977,177.77002334737193,173.3141180745845,178.0334326933948,177.46764150768618,175.75805701476455,176.62539164346774,178.61646625880158,176.4559089571647,177.09795467954893,175.85721703776284,169.70554641567094,175.83611367815467,173.1218579946084
76522.76,150.13225083476712,169.88774449717326,177.57624467686884,173.163922054855,177.9179803874367,177.5594118992931,175.46144919991724,176.38579983436748,178.78984033040624,177.01443696685448,176.88969752347154,176.09997032830256,170.09696743615194,175.7915581759664,173.45586387275824
76522.823,149.67786102114712,170.01680567052162,176.17717806975585,173.34513044038968,177.70148164402434,177.76126731860379,175.77737674037522,176.07885427436756,178.76736095126893,176.20925457040153,176.50467401186478,176.07047246612728,168.09447207536033,175.02232111563956,173.2256903954651
76522.856,150.18412381387438,170.78586457329294,175.59066262616815,173.32367223038878,177.57163828921335,177.8484950871696,175.9736054159444,176.1277894822026,178.75718427714156,176.05474542583008,176.67466435536005,176.1739532159308,167.99678489719588,174.84905428232233,173.4280495530529
76522.889,149.5390300741858,170.30122885116464,174.81141783388364,173.36252772731686,177.61763517437737,177.65897258594455,175.93558070921083,176.0810362014422,178.78572515925782,176.3477072000022,176.59843277746083,176.168779150046,168.04772578473168,174.797215658811,173.18352346194357
76522.92,149.06535976926529,170.07737401854035,174.99902779947146,173.5125889618474,177.76034484505624,177.62893708067864,175.7522818600505,176.2826908866165,178.74937596890206,176.38469148773552,176.41396713696068,176.10728950118815,167.53206135654887,174.93008194931767,173.26840490854485
76522.952,149.169562927883,169.49962638610734,174.87562469738148,173.50697319634253,177.65315707672244,177.82013491975437,175.7764469623297,176.20202731535187,178.8089354833534,176.53058054657555,176.23838946126273,176.1702724578488,167.03640457822613,174.34936829084003,173.20008087719287
76522.984,148.5853071122739,169.42462294355826,175.2293662485968,173.42491529665767,177.73533186199813,177.84711055489598,175.5178254619118,176.32653543494098,178.88868172772322,176.7392015584766,176.0011007843408,176.2195383019197,166.8194350790406,174.0711233957215,173.34962313719865
76523.02,147.7373592981722,170.1828238643544,175.24603525099116,173.36946065974985,177.64442132265458,177.68381489313833,175.3971343189957,176.4439124827493,179.0478320888194,176.70760731043737,175.78623916696125,176.57482311783406,165.5993650003337,174.34025686898985,173.48136897353604
76523.048,147.12562389345644,169.4636492369551,174.32946794907966,173.43034709433928,177.73926277664708,177.7382703928351,175.2185841636539,176.52307381215647,179.114618124643,176.88546374665998,175.66621912898904,176.62396101230271,165.8072924965769,174.72734324296647,173.63740487251306
76523.08,146.06829518943306,169.92110079954233,174.08828759441522,173.45246713290547,177.81278188917491,177.7159296324149,174.95770761767432,176.6131104084879,179.1126630629178,176.7124561468699,175.51406102858766,176.49680863179233,165.29150190611122,174.81464159440685,173.5500643836668
76523.13,145.9938136042429,169.52576750612633,173.2088563603285,173.24579271494036,177.83367229852266,177.87623742958897,174.6597511550354,176.70618756676444,179.21036248601004,176.8146165599642,175.53069469962054,176.55480066818868,165.06232204617342,174.9913773072039,173.6521515778342
76523.159,146.2022303438314,169.46461445979747,173.0678181330322,172.8400075842661,177.77637411485637,178.0091640635892,174.2948198151598,176.68138093116642,179.22230407997478,176.76208430079205,175.3895266007687,176.5813651874641,164.25216444974362,174.66545603712007,173.64488265484366
76523.165,145.61805547011446,170.03449339092427,173.02513305056894,172.73017752474033,177.60579068368415,177.99332275698396,174.277453140468,176.62753750016807,179.062412786456,176.36787001879844,175.52043521319032,176.44019462470894,164.09779141279674,174.33250721045792,173.079621418716
76523.193,146.267117323096,169.78586481990632,173.17837156786143,173.0174537319689,177.74798397948618,177.93680451822092,174.57537531977943,176.68878511525457,179.09368530922785,176.6621378316982,175.45643067875528,176.50531579188979,165.06923933629068,174.62154035587724,173.54723446779525
76523.259,146.4857119247554,169.52540819069293,172.88090392871965,173.14155546394485,177.667105113439,177.94662887070652,174.67876795234108,176.49443996371997,179.24263972262455,176.64381293916182,175.44302713071303,176.6751770113692,164.92696392208305,174.75361996982284,173.8102427437238
76523.289,145.79455086471177,169.5804428345098,173.46698934729335,173.1770199555303,177.71615141429834,178.18425204526196,174.79601444594383,176.28541606984305,179.00948907470124,176.25544058603577,175.51677264821853,176.3776605561662,164.57093201010582,175.23816076679,173.51511669350202
76523.322,146.70004171495358,168.96649545417628,173.86595084745875,173.1073581622555,177.52837003483268,178.49551903739535,174.84476294020283,176.15979142319412,178.99682382053098,176.32521342131304,175.445255187554,176.38316330653512,164.33117920713175,175.2701243543319,173.58877246941316
76523.353,146.5756848507554,168.4599576723171,173.67739879738363,173.3605477101046,177.54763251223133,178.55396813816932,175.0385253742852,176.06833779028463,178.72162972999584,176.51626966662732,175.23523730188515,176.3272973999419,164.87263718886857,175.41238330244386,173.78143146785843
76523.384,146.42572586771345,168.68721085496705,173.9016057431927,173.2959775628773,177.5102943449671,178.47189411085162,174.9810628751757,175.86329496698218,178.5078874412638,176.33606854063405,175.18349134986445,176.0226281275232,164.63396742119497,175.8830542342631,173.66870871629854
76523.419,146.83803230643528,169.25483450138032,173.84744268711032,173.29822963292597,177.5241700700804,178.28662554914084,174.9098091343698,175.89328457230232,178.33850149724728,176.26897916982375,175.28746559107063,175.79959222944532,164.84420629238505,175.80842748340174,173.54514785233368
76523.448,147.3281335275604,169.42696948938772,173.76774797554626,173.39095292490552,177.44234217919205,178.33318607468885,175.12508471795363,175.79233286623682,178.4629603854036,176.4092343394027,175.0907313308071,175.905204540983,165.2400765266236,175.703536504049,173.6567784856455
76523.48,148.82591402607417,169.75905117641994,176.2409328714228,173.27572243106462,177.5498921014115,177.63406194200428,175.36371485402879,176.1568888827421,178.3400690970421,176.21020503414667,175.70226566606723,175.66442032221974,166.23154644439865,175.86990368021767,173.62073125444277
76523.512,149.49665850844917,170.14093509093507,176.24599984650493,173.17854876762985,177.38337441958353,177.62555307677036,175.4913241648899,176.09738785983487,178.0873460324852,175.9930523506352,175.77920788894463,175.46775926612506,166.72352519571984,175.84255931021684,173.6238761475293
76523.56,150.2232789380425,170.23877854331417,177.85231568087275,173.03456906372867,177.38293045155473,177.44107322296128,175.47897492775766,176.27598113665164,177.94130698474697,176.00549713241134,175.68145665909853,175.33330849296038,166.28310583839036,175.76841612387278,173.5425890154184
76523.593,151.17242862501806,170.61479284561165,178.7204461808282,173.03653111633605,177.43087032789353,177.12400884564758,175.47613179528025,176.34726434229614,177.8664396282044,176.45154202549074,175.85949915766645,175.41267603823468,167.25489546852654,175.84230742315364,173.66440528355267
76523.624,150.99134679318595,170.6064983015854,178.81186610427628,173.16384677836993,177.29243978780815,177.25073208547622,175.97365629780128,176.31440583765075,178.01967659063084,176.42213136727676,175.4422938245086,175.66236970219938,167.71587477225222,176.24728963348957,173.77860103404691
76523.656,151.78545704757607,171.7490427672591,178.63337527855592,172.94356240170356,177.25493648461483,177.02375368316444,176.02562526821146,176.59501172800688,177.8752493214126,176.4252067566209,175.65751538538072,175.56248277362386,167.88356377959204,176.19684998786855,173.7371967996533
76523.688,151.35434874355806,172.11777971809556,178.61878942732258,173.2876847856413,177.36511311293395,177.4008863712215,176.19137954427575,176.50311343348997,177.78414491805248,175.8919693846379,175.63874758471647,175.33450281744106,168.17977807196283,176.2664750488423,173.54085925930306
76523.72,151.87470568945773,171.80104407658837,178.48530657668238,173.66966944386388,177.71001480782655,177.38383161746438,176.15558162774673,176.6669412499465,178.1116497554389,176.35711972881222,175.8528401807486,175.5520032135717,168.02390521312753,175.9833695557672,173.67106587527306
76523.753,151.47280417763224,171.66111869402468,178.21265168680736,173.85995571465946,177.9913250905416,177.33148922883348,175.86574767896414,176.76515948871284,178.111059891803,176.4475867431409,175.740847809906,175.41172146061737,167.67894077059628,175.7403257389677,173.38542422386786
76523.785,150.93230649671003,171.0656261734433,178.3258546442234,174.0261749543182,178.05637152789942,177.2579582459179,175.61669551845006,176.8070295795635,178.14418411638746,176.7063673246578,175.69974898975346,175.47519318112154,167.36469501617898,175.75794894664082,173.23607285685958
76523.818,150.88734757932156,171.59632234970493,178.83927985028737,174.0776719765554,178.13732119554894,176.92581595843504,175.367641272318,177.08810946357897,178.06611232743373,176.55318397180002,175.58620602772118,175.39764317379948,167.04354442863905,175.4852251795262,172.9772115862253
76523.849,150.2644069857492,172.12924386538407,178.06212369318027,173.70368719329147,177.91837314431285,176.2428339599101,175.3879561557259,177.12666989219647,178.0007236044174,176.29657369000614,175.7690922406362,175.36478450636616,166.88281301819882,175.0286911607249,172.60542767808246
76523.88,149.58576366157968,172.3136513836431,178.00237289834493,173.49061865130864,177.9507995633349,176.33844501204916,175.33240615258066,177.1855809582049,177.9748013685458,176.2768569978237,175.89895656275624,175.2359322243057,166.76089197540023,174.9755333180287,172.4093281109568
76523.914,148.88280438866084,171.7494990632832,178.85344643414825,173.66112921064143,177.74251922303714,176.57416443053827,175.53974939248002,176.9601151493757,178.13907701803302,176.18713282321184,175.97341706721517,175.46393849818685,166.33497027920288,175.14428463724883,172.53593282062067
76523.944,149.86136002616607,171.79575758773098,178.2711347203938,173.4599007063593,177.86306056703975,176.45400592834312,175.4267032691603,177.07382254806814,178.13003237527815,176.14603022553987,175.92022736397274,175.52235368642627,167.04957531189294,175.0579467326201,172.9490570426688
76523.993,149.8092093926166,171.4695152720974,178.74363355673526,173.44512852532935,177.68551607155155,176.38102870562705,175.16839852364382,176.74902148214883,178.14724860306086,176.42258242683099,176.08688788489658,175.78518016012484,166.94263586773008,175.81728317309964,173.46912961678245
76524.024,149.0454954369471,171.2815352291448,178.10347382904592,173.5142130935567,177.81456243482702,176.65514123686273,174.86746002677927,176.8417506025046,178.30631565835202,176.4127737453927,175.53063688088972,175.84567811901678,166.16211101047423,176.21227661714641,173.52232097000248
76524.058,149.1184897200327,171.39482589467138,178.11907150259017,173.59261158616937,177.83693342075463,176.6728043772457,175.05609764537436,176.8892564850357,178.4289719385657,176.34732384995368,175.55906217010855,176.02673664060814,166.28527714747855,176.2755042359892,173.66384752380702
76524.089,149.68595692534797,171.2975168774889,177.1846726160116,173.38948469545278,177.86658415435113,176.91211771251355,174.6579997428995,176.90700455902012,178.55360608802454,176.29664586064166,175.414303587864,176.0486062044092,165.79190227474086,176.14402711179457,173.62938322270796
76524.122,149.15907632050153,171.33473061825723,177.46141246181818,173.3661665091215,177.7319818826592,176.98102816273973,174.57151899618188,176.89718839882258,178.59525984067557,176.08376621694,175.56021812832887,176.1230957047445,165.3380245085999,176.21638595483827,173.6708496881705
76524.152,149.12582375652272,171.92607238467195,177.9711943388058,172.96549463207796,177.77958532537372,177.0687064596307,174.18163399411856,176.97173822601127,178.50062018811232,175.8233377209576,175.52011971297708,175.90758646013927,165.17946994403403,176.1755010179708,173.54109021171817
76524.186,148.7504726539192,172.28128648593446,177.893829374977,172.95072691151344,177.7441539400719,177.15082061984947,174.47648800560611,177.06520432335006,178.4266154656779,175.66661487430423,175.74808088246436,175.89704397156996,164.98506929923244,176.04051808826148,173.5380898610491
76524.216,148.6153195179964,172.16844044815352,178.13617041155587,172.8438174316336,177.64686388620984,177.04991051488247,174.4730182515541,177.2918502480616,178.3356108376076,175.557355818364,175.88201584695747,175.7439458521508,165.46926379787482,175.76356646164479,173.27433116094562
76524.249,149.10610773401882,172.26229391441638,178.63499967825348,172.8562172438307,177.7202366332891,177.07361659010414,174.6903087252636,177.20749617107595,178.32472258172234,175.4761161876473,175.64066144027268,175.64295529577646,165.12862311944008,175.40245388334543,173.09701809187118
76524.281,148.8831956679877,172.3229475959119,178.3000338579149,173.06328407054292,177.81536769044678,177.19034369917708,174.88984067962042,177.15111329146131,178.34065997900703,175.51705179161638,175.61383394140972,175.63993140103966,165.36519689151504,175.2844396189074,172.9548888535232
76524.313,149.4150654916644,172.34918351464256,178.83379441050766,172.99297609410468,177.8597802395161,177.24070275539836,174.81228154665055,176.8904569496367,178.36342393687565,175.6378635354464,175.65826276070743,175.67678353479215,165.63029065889725,175.38276812803738,173.02440399424808
76524.345,149.16556663777996,171.65664832952058,178.80504630243993,172.82683998964112,177.7218344089401,177.05126601493672,174.8967966229314,176.60077403787758,178.2286107066602,175.54482104887424,175.87954302784524,175.5093842937734,165.85307719466948,175.97037248597675,172.84783653275184
76524.377,148.19340138331708,171.39524485264167,178.87039433283343,172.67202266049867,177.74775217469235,177.05668183527735,174.6248459205924,176.45983955924345,178.21716277151566,175.49918101182632,175.59098525371107,175.58941591148368,165.18322108865183,176.0888536804684,173.02690039360934
76524.427,148.18220992837345,171.24995876772223,178.78347203008073,172.7184658601424,177.77721856291382,177.06061517479714,174.5838612183658,176.36328934172028,178.11727306795675,175.6507198503171,175.86923044739433,175.55099093464602,165.44777535426772,176.36416316332048,173.16517912594875
76524.457,148.27135403010013,171.08481623179372,178.6801346697406,172.84826102531514,177.8173046868941,176.93329201760076,174.52809035346763,176.47789194218672,178.22348934189293,175.75150656380222,175.51073821096816,175.6976552189116,165.39737379037095,176.47127806586144,173.35872916405424
76524.489,147.9064144615852,171.9153615247376,178.697337213609,172.7579863682789,177.85020454831758,177.14863582985652,174.56407572241193,176.72578464809033,178.21884746052606,175.83215808858927,175.5381510250697,175.61911023937714,165.46351302880603,176.01529190896676,173.07159304225206
76524.521,148.35611001044967,172.58488854503642,178.6534212687323,172.84433054925876,177.80329779638632,176.9721340405344,174.89400610625938,176.7253310830702,178.27604518758835,175.8165811784529,175.69674607360355,175.71889719994675,165.77055216959135,175.67397820802705,173.07864722050203
76524.553,148.9462780831911,172.38000977879577,178.6979690110604,173.07111926678974,177.79145068141588,176.76926156800002,175.11086104364873,176.68578168851403,178.1602666642853,176.01167163274206,175.51127222798883,175.5772741969216,166.63016186306996,175.59068243173107,173.0641080133955
76524.585,149.68175199188337,172.24888514615196,178.74811697534645,172.8725647286022,177.87177794971282,176.77169937666494,174.94154393187247,176.87664559597403,178.14688174379617,176.14168189968012,175.59336775521191,175.5604024096388,166.74694190840125,174.95022416186367,172.93845000165607
76524.618,150.10651376429632,172.6022367421763,178.8084595767686,172.8567910797065,177.91314847901046,176.6005366951726,175.09668614142353,177.0360208506847,178.13867729289882,176.04066294878723,175.73540357787948,175.5621562411538,166.81331495670878,174.68627890180267,172.86556332370782
76524.648,150.42453737036953,172.2628418663475,178.57643680300058,173.03935032643383,177.87606917825224,176.78231251470086,175.4899215656663,176.77119783228252,178.36322637519032,176.03733262117544,175.8176246587352,175.73184379231793,166.8154829880716,174.83155388731427,173.05087723928358
76524.682,150.07147744258114,172.14694740414924,178.7010355287725,172.78340112538697,177.76765090517694,176.65164950610472,175.66133863808605,176.63317807143213,178.23144382412394,175.8068519414639,175.80382507840082,175.63913332191078,166.45997656155527,175.02441752158612,172.89289646763626
76524.714,148.67837130787183,171.96350801924115,178.58996515663011,172.32335372460045,177.8415693289316,176.89370571967592,175.8052074438725,176.48705314278575,178.0226360911161,175.47997733399495,175.644908713557,175.31467012757344,166.7585054007323,175.58491145171797,172.75812065577074
76524.746,148.23336285695774,172.2062543268861,178.2910762044313,170.9602871645366,177.46425534527873,176.71505300716754,175.87124147427363,176.1230410622169,177.85524541420972,174.7504066383206,174.92078397611144,175.04167339693925,165.5941010634675,175.69445286927228,172.68082892889805
76524.776,148.8717325506907,173.3649397660772,177.98521712680747,169.73934532521926,176.47484458379867,177.49335547981096,175.0742575434887,175.21592021190546,177.1525143178796,173.8639851210975,174.85540161701553,174.52232681619336,165.46808558451656,175.79450312708468,172.74016325627994
76524.809,147.09406133731923,173.77786280352407,178.28877715081467,169.89292922346456,176.37154885819464,179.0370056005137,173.44493029137564,171.37979050906216,177.043652351329,172.76240207394898,175.17595368921698,175.06421066022432,164.68837696941503,176.86926489988426,172.81708048923238
76524.857,143.50433360278583,177.51591925813318,176.82194813175445,166.7918009227142,175.28550270372196,174.98515906755827,161.19723824023134,107.35610391497347,124.4332840020981,169.13704694096296,171.27275860091143,172.37618370970992,167.69801408052078,177.36308699720928,173.25181713356335
76524.888,143.50038776901783,177.02488263809923,176.3566865685103,166.8096363314923,174.8376804238623,175.9545511505891,158.24836452773727,100.82702878836731,136.38454673123195,168.2957454736951,164.93575861538628,172.5332905020868,168.62172950793897,176.50524271103959,173.6370908700935
76524.92,143.70691840175076,176.6110988769848,177.09928419114348,166.09828868976697,174.53773745633848,175.79664480687867,158.59200899645057,102.26828717706256,133.99096136047658,167.74318871416682,165.64904675452323,171.8228301855139,168.57322364341627,176.64583223555817,173.84234442673127
76524.955,145.1773034176445,177.30002613817265,176.52680415093064,168.51245571065857,176.233098951644,177.43789551780966,163.1308967279359,118.39098558853559,127.99369595383784,169.22639572230602,171.39608128033123,173.12532411193484,166.45992616765716,176.79968550084288,172.46045840564102
76524.983,149.03843650555737,174.4233004623632,178.4443865135171,170.5016235834249,176.4465244557845,178.40894803488254,172.37185656916603,172.6025714181081,175.9422340683255,171.041553069759,174.77928654132447,173.84869965121058,165.54729803842295,176.4829663981215,172.6474821351396
76525.015,147.94009067455983,175.03522538464514,178.47040623210447,171.16886035377047,176.50106422683464,177.72387980330734,173.08786996527698,174.8147752806764,176.36668991628625,171.40477018233605,176.94803892923304,173.6099796975172,163.4176195113634,176.00778248885106,171.7334554678085
76525.048,148.5020403294113,175.75294915544427,178.59722740154973,170.80716675470944,176.66745338529225,178.40872713948323,172.7301327642825,173.4858889134094,177.9274850985299,171.91338354111474,177.51367432243643,175.0089106476613,163.9417092827919,176.1363188623925,172.12944465857854
76525.08,146.67015576256088,175.48899409054843,179.04463620340573,168.04939936456785,173.69891256599132,174.31735385268982,151.5072294207272,75.57917954728364,152.84281103159853,164.29363875195878,167.20051602892252,167.67388283475952,168.81252517805538,174.40743519545876,170.65591188301698
76525.111,144.68553032600406,175.34030780302538,178.64184625347963,168.77499304708442,176.07112905048206,175.91443170743327,146.66058807462605,75.32227721404055,155.9041254014707,157.8621373133618,160.6714779082304,162.66608858570632,169.48643139475743,174.60285331637695,169.86033875340763
76525.143,144.72928833511776,175.4466107273901,176.97344522262622,168.0675119563235,176.91003401933244,175.2140418228071,147.2336383657831,77.62773411635516,154.4338279346078,158.15199448936144,160.4800245864497,162.73218329183342,169.23911894216297,175.49194196686582,170.6865340430084
76525.176,144.09456975346774,175.59627664516597,178.25049744552678,166.45814730004213,175.8297813666579,174.74212058660834,149.90360358945838,86.17766788741714,147.76448811909,160.78649113793284,163.23995480735604,165.55453126560886,169.21617797082803,176.88704384217817,172.79780545721042
76525.209,143.7641664665005,175.49535257684482,177.48551452303968,165.27830362589557,175.85963686102576,174.28237235789342,155.76066260895564,97.2070720091857,137.3662159307368,164.21623946835396,167.42074278931557,168.1793717780916,168.9224608100669,178.19084342634557,172.74313692638117
76525.24,145.23156157510724,175.16971493608762,177.58468585866063,169.05290564544146,175.8708689710287,179.33316947971124,164.30718307449342,154.02239003754997,169.16790648174288,169.15990342355337,171.8919345320381,173.3854400535028,166.15864074206982,176.26791553922135,172.75216033106912
76525.29,146.2838302394446,175.145174171407,177.30571796653606,169.98871256585738,175.5548422929577,178.7791340396092,168.44305072142436,170.49505975876093,174.4473200409943,169.72287330284433,175.9984983115966,173.42870314723936,163.88937227787795,175.74289579302513,171.95220825830822
76525.32,145.06542598343313,174.4862589908523,177.8040490160887,170.35885074022144,175.52271939762676,178.02123281114913,168.47866238209846,173.49961975125615,174.66703721031917,169.63026465383243,177.47673943209185,173.23107990522237,163.6368314252271,175.41481332945824,171.29304244555246
76525.353,141.74558725762927,175.98733188066123,178.2697220094655,167.8042821327665,176.25165900045718,176.7762810256589,159.84505236056825,124.91967491850328,152.71461551682972,168.7471189186148,174.48512908857998,172.76795665213518,166.17670484292205,175.8175471476994,172.37842501496766
76525.385,145.76770762227423,173.73451795210102,178.64960856687713,166.61763515313137,173.6738518484116,174.83602659022935,146.71078307675828,78.15244992589888,154.0701365908487,163.23389963681595,166.2663471073988,166.75599721378845,168.86384946923422,174.44724035007533,170.97197106196998
76525.419,143.72285726776298,174.92625682928997,177.75200925254532,168.14046566284702,177.06038624716135,175.83111084870072,140.2994005127705,80.34197394054355,156.7795914970084,154.6807688676127,158.61081305858107,161.84696643711234,169.3119523954336,173.72277606204716,170.09210268273873
76525.447,143.5996919654946,174.36378307886213,178.61234885523814,167.58432792682743,176.5745018954825,174.71526935929617,141.87928480923355,78.06592846943062,155.53326137719924,155.99676784099145,158.69933866480122,160.6602994894358,169.4640061742384,173.32782186639878,170.08719180625744
76525.48,143.0706909168802,175.0763924804528,177.53933995629092,166.7005160861686,176.94201173422076,174.73562815606178,147.65268509043048,88.31253433287102,149.15453365273157,160.17198914394757,162.3271844964404,164.7194059435889,168.4162586565541,177.08328605291177,172.00396330350046
76525.512,144.60443611305473,175.23604644768096,177.26529766793965,166.22801828366556,176.81751657126145,175.57770981382066,154.81657062217863,113.26894069185305,138.87883614859277,163.80966590059643,167.47208477267023,169.20749216181895,168.2850380542166,178.45076388224385,173.3891329189766
76525.544,144.59194343489938,174.31184025602258,178.31391928983024,166.57088560134622,175.53887270397595,179.19272031114076,161.7404181695034,153.3965849710735,170.12953028781408,167.0864591797525,170.28066673170218,172.20677693159266,166.198842441022,176.45139884235857,172.54078039021888
76525.577,145.9374073333091,173.16709774074536,178.14757465952513,169.334843936563,175.16106533473445,178.48671732242497,166.22994247815197,169.86746239454814,174.07727214402243,168.219096227608,173.66389211523762,172.6070685215445,165.1137023680607,175.69902350255364,171.87534057759444
76525.61,143.01605710695114,173.55870704231458,178.07465117081233,168.74411446338934,175.82736002917738,179.36549425612304,164.04378831820702,165.08784437692614,172.7731210460298,167.7062912152155,173.98231657601903,173.25128818614493,164.6139882944763,175.59400234833146,172.04875366145725
76525.64,142.13627528676062,175.02942334935688,178.9403942861811,167.01910819762867,175.63627859489665,174.14158902544,154.13781164061683,83.46429454189726,149.86473836778492,166.39458248153835,167.36115987660247,168.74209414507493,168.38960603105244,176.58346366982795,171.80595114033446
76525.672,144.94781229304618,175.01222508732874,178.94021172197372,167.13959401815302,174.6528465893934,175.66359176277456,148.24092215684908,82.55123160519055,151.7968154143268,161.92689943706168,164.3508386394485,166.13191385621028,169.0098886463926,176.0768778049457,171.7149629696964
76525.721,144.57725904108474,174.40638601160356,178.2233323465273,167.94391896249127,176.36847357118359,175.45528284569806,147.35169253607242,79.45898386886861,154.34595531661634,159.48414793807987,160.36765245809164,163.66195987584985,168.56362781358573,175.90811307556498,171.35550266617184
76525.753,143.89915180436387,174.7388475083783,179.06082141343,167.855471279076,176.43005933179387,175.131027682464,146.34146684512677,76.43049516618996,155.43248232440018,158.36105968859627,160.63486238627064,162.63953894598268,168.94748706067645,175.08822090758153,170.5111192841897
76525.784,144.2425709884246,175.18495664724728,177.5764781543127,168.5379609520099,176.56104664491457,175.70421007066585,145.1078063468405,75.20898868637326,156.29524666577225,157.45962618703072,159.8874316481442,161.9360745434899,169.0709956909235,174.5256207706376,169.96915391843802
76525.817,144.28294788238398,174.9987255049668,178.8004493794537,168.41048684437754,176.56990777427674,175.45347083833974,145.82967568626793,75.59312139966737,156.01866568763654,157.91133445100937,159.742524339297,162.41786610460414,168.9261032975721,174.7936900262711,170.5439137546583
76525.847,143.91693985520513,175.03218053105752,178.7301084878479,168.34994913687154,176.94985474128165,175.33639956669344,145.4604283548835,75.68384284325602,156.21541153368997,157.52602720884988,160.04168260982675,162.3154433953644,168.96581530254326,174.80568128402209,170.35748135756626
76525.881,144.02381831639545,175.1969890284931,179.08772175932526,168.35377649795072,176.89114242446186,175.51537788938504,145.97571276976444,76.6895397390582,155.78142585756368,158.11926421042926,160.35583419988,162.7309107645636,169.22373805033806,174.98775368113988,170.8497412991907
76525.912,145.0629061446742,174.7944644408216,178.0939632364724,167.65059688878688,176.29619143255115,174.48962045387432,147.90549493836428,80.7168207895529,152.563207224479,160.05654877340513,162.35629739485688,163.97652654178512,169.3396650368403,175.45940510674282,171.67303814379082
76525.945,143.8889086159044,175.48025522277914,176.77758940298986,165.91788932664937,176.2581002981292,174.18982527636095,155.80172437399708,96.93138344540051,137.53103408270573,164.78027061476377,167.88479278011565,169.01138139778044,168.09212574251575,178.21096623324817,172.9915510346839
76525.976,145.4739338532519,175.29079582464357,178.60290441492856,169.84071185983166,175.52381559320904,179.17630791039335,167.3471798041376,163.21222099442483,172.9256537907578,169.712570254551,172.6523354758966,173.76751137894755,165.3764398584954,175.93492690171396,172.9126708034631
76526.009,148.02741931248812,173.20716119817018,178.40705830102985,169.8574643333489,176.36166971423043,178.48001670145,173.09801346457698,173.79386942767022,175.97133086388342,171.27363762297819,176.8944822614508,173.89145463325582,165.08555291258426,176.04470437268822,172.60904985756758
76526.041,147.63190056486403,172.50665707465015,178.22363271442057,170.1636132579435,177.09264629470582,177.63835113545372,175.40607311060003,175.79415263968284,176.84939994090425,172.69940073329818,177.51052056002345,173.87019576167998,165.29275298325246,175.95967827496645,172.18079681626344
76526.072,147.66933726927763,171.4706175409618,177.87155254880815,169.59693564324232,177.2378919299767,177.13703228848044,175.7556723412116,175.89406857138397,177.44904671311312,173.66722807250375,176.55803498364403,174.51871409388366,165.63031073034367,176.29242791759836,172.8552451665559
76526.104,146.7699072425001,170.66233368679664,176.40021126539824,169.93707489480877,177.62167907834694,177.17244566275008,175.50417590571888,175.84811913205226,177.4520279782958,173.47895782756726,174.4109140023552,174.29302997305206,165.52322414976769,176.89624062642062,172.7438830981854
76526.154,147.8003583809619,171.04435104263652,175.7007813376853,170.22031287513323,177.9013293536218,176.48504580291083,174.92331461064137,177.2074611212225,177.2272636532788,171.09932716437083,174.8331083060659,173.63931012879254,167.62868233493163,176.85022629161696,173.3093726035371
76526.184,142.8123548135317,171.5320754918005,176.8065507904785,171.90822283241656,179.10274591650048,178.78125795016422,172.02678009410397,178.18494411395199,177.8195675765337,163.26484492933045,92.2661642872783,155.777514031408,164.987795067941,173.5055784477044,170.67125464166435
76526.218,142.8036112955678,170.25342372538407,177.03931042692642,170.6475628536258,177.581353944997,179.20354954336312,170.7895177454502,176.8199062859431,177.29225193907854,155.77106743863064,74.24361522546651,163.14117599092347,165.73482408129803,173.03223661201233,168.2187775476821
76526.248,142.34924155542268,169.99827714232427,178.23270973084175,170.21677502441185,177.3238442702013,178.5826409258624,169.85903485203025,176.74707941033813,176.18425646912928,152.69415262806368,69.19805804678357,163.804519862819,165.82700501737395,171.78694336960476,167.44796742532276
76526.28,142.93226705464457,169.93846873444707,178.7368424389818,170.15269338338686,177.15559338006486,178.57879538443325,170.18843312922817,176.60811583353208,176.20872335537743,152.8659591006575,69.6660863411714,163.76415544042695,165.8798610416921,171.83662858163544,167.4584346668251
76526.312,141.91305137695295,170.94754729468832,179.09259408893124,170.42611492656965,177.45372381471108,179.31881670562493,171.49936009945813,177.1405556643895,177.27504936231875,154.67325761190253,75.94208338287886,163.56779352963568,164.64173222131865,173.513897874789,167.2542576617677
76526.344,144.74602179494477,169.86384722215487,177.80153081682948,171.16287211648958,178.65638368750575,177.78798759210576,173.06684123550298,178.79178981446836,177.6200856867755,165.8859086258732,156.58188785476773,169.8811360868365,166.5981071888105,176.05310562761724,171.8235384086668
76526.378,147.03680350880606,170.47229893580308,178.47484162211643,170.7378808913595,178.24092898619617,177.1121591723433,173.50035835216514,178.72894771821726,176.60081719989026,164.98405080050932,169.3168075911411,169.35807696698893,165.63811374744995,176.20792803666552,171.15580742903344
76526.409,147.02202498374933,170.71037035586306,177.45101599143075,171.28607012986885,178.2481231036738,176.91938789703917,173.70699822927182,179.09107939605258,176.55818863803293,164.83550140554644,169.67505859942514,169.78513954797427,167.30002235291056,176.0287892472441,171.80047641163222
76526.441,142.43172034303151,171.66087639659878,178.00261252944705,172.45828491114514,178.0632318901399,179.60090556953867,172.18178647657896,177.14073867686568,177.68052327017267,158.94960071947645,73.27547905332199,163.43961921130824,165.28215134816625,172.94910448306726,168.79222654103899
76526.473,140.74533964971468,170.7732789749476,176.46448646596528,171.51593452081383,177.00201314165648,178.30070660491944,170.68953496540257,176.6769106983567,175.4206383488917,149.08539477611723,65.61658360783218,165.6240319201482,166.3918696780518,169.40897547379336,166.35051702941414
76526.505,138.44408534009534,171.21070509204029,178.39168684028874,171.08512156926895,176.18132318032326,178.11706927502664,169.22032249955717,175.66432394934355,174.78944918117767,140.91005652980832,70.4449482666985,164.76883007837063,164.8701417770086,168.25699461712094,164.63193640272442
76526.54,138.72244665602668,171.65498867328265,178.67996640792407,170.6819786019068,176.2335955928258,177.76361922384106,168.8780225795775,175.42536456293217,174.6666372546178,138.94034823614356,70.10238655976039,165.21025008673035,166.10389877141932,167.8405174233351,164.37278280646038
76526.585,137.95492078358907,170.9753709485211,178.75601432744202,171.21435544539136,175.97126786343932,177.8064249301214,169.30865897770636,175.38134436322184,174.55371766505098,139.80896106704483,69.85359750451099,164.94567301901552,165.34894435611218,168.34493310345513,164.4336714279774
76526.617,141.06266443740043,170.61730599031898,177.35271193909568,171.5891569881484,176.21601021755873,177.74551154596438,170.53355893084003,175.94767309174725,174.55354290671843,145.68384201279588,66.72765075759736,165.3744581018687,167.2069569039647,168.2427097315428,166.14520951489808
76526.65,141.03332386974796,172.08813674465804,178.61677141538598,171.24812138860784,177.9701600434238,178.85763260905435,172.02418309868102,177.0028106530894,176.9529052064492,153.58577476180645,77.94280006448177,163.4244496221445,166.01456267120494,172.978409354518,167.08254384291095
76526.682,143.9646849944554,168.90310142705255,177.73330199657988,171.88588788057248,178.5769934267103,177.10571831824882,173.34192452201444,178.98659295080847,176.3463198771414,161.45132926295585,155.28810227387757,166.57695735255763,166.54708306440918,175.5149887791015,170.30233273971655
76526.712,143.50199600803037,170.39315553423793,179.40896397249352,172.78183535715334,178.64972845597532,178.30781523898025,173.3908414109485,178.08020210338435,177.78295244436387,163.54382412321232,128.10671551279583,164.20075973796486,165.57815379947257,174.37989820849992,171.0840283104297
76526.745,143.4940618875654,169.932955618925,179.1264496861998,171.26478877302046,177.76002879865146,178.47996900169147,171.6697070458095,177.05223499679514,176.22580078284903,154.66775811971056,68.34075554991168,164.25416445179937,167.44779190062715,170.37680951122698,168.49949778625893
76526.776,141.36872648798257,170.42548234980617,176.96474571381373,171.55053059756278,176.9535193081671,177.36265251544526,170.58486866052013,175.8605585101477,174.77701498716547,146.73888525759162,67.42169157772248,165.20841775864292,166.53553642222582,168.9940667726582,166.1590379553751
76526.809,139.04955277021767,171.18181428768688,178.5649777213945,171.43857547607956,176.23805305417008,177.76723330565014,169.65970038164104,175.69089181152654,174.50262134140607,141.27059224620368,70.37904496481897,164.55193240014287,165.33219904544785,168.07845949820387,164.79628446130113
76526.841,139.4181794669124,171.38351202457696,178.8236783187681,171.8206624338957,176.25818374495935,177.95365633508263,170.1384744577361,175.68641886053254,174.69998945615765,140.28961358552033,70.36827274558686,165.09803502383525,166.24340549105187,167.9669314965014,164.93817754196877
76526.872,139.23629788653565,170.97810901666233,178.67672174610317,172.37594638621493,175.8784885774754,177.81679836829844,170.05455228580638,175.55942034201533,174.57527088839709,140.7729828516615,68.7636413091402,164.89327449594566,166.06304197320222,167.820703580667,165.07973812377682
76526.903,138.4292660419605,170.6320487323011,178.34834791525137,171.96889046533536,175.90420090986262,177.85380255537342,169.75316284038644,175.49194213989497,174.6594936847053,140.10627486336114,68.92451003644415,165.04794542119268,166.46997228234088,167.60292087648062,164.85487065933413
76526.936,138.45135086904426,170.7155623844827,178.07603757633126,172.09672405565914,175.7820621729532,177.7813296224905,170.0306672386635,175.3472343928799,174.63029780613874,139.49502379614995,68.60510645881475,165.21025881532756,166.2009404910402,167.81838562749897,164.807458195895
76526.969,138.88121496354927,170.353350673036,177.54592496328536,172.38999175773003,175.58922150332924,177.94708633880782,169.91712413859568,175.66284679218842,174.555579870999,140.0028129612918,67.56416272083507,165.27047516175017,166.7260429710751,167.39061059486883,165.51444020850695
76527.016,138.6785726410194,170.00839530823546,178.62637575629313,172.1964961350248,175.61194990864368,177.91976722881668,169.6469607213599,175.63319320094496,174.57398359383095,139.57107390971538,68.1779909358618,165.1949147905588,166.59550473321795,167.3586197947231,165.20694909819912
76527.047,137.91950678989375,169.94485159811467,177.9170130203523,172.3184825650536,175.65599338382174,177.96437379186986,169.80188159732066,175.50022642313638,174.6363453240668,139.69787921188194,68.17895767233982,165.31293378767788,166.5851152557027,167.46340147772293,165.14166591170513
76527.081,138.33960141724762,170.29674979892775,178.68889092114202,172.19120469057756,175.59819697911806,178.1794688617007,169.79254741974827,175.57880837707108,174.74985823663096,140.2035471548378,68.47124108116347,165.22678262110375,165.99752636608991,167.85721749034525,164.9848336963179
76527.112,140.36173621017173,170.55270363904614,177.8480902528064,172.84635969086,175.40223996869295,177.8859991588708,170.65909598134857,175.63707538811354,174.83270308898886,143.22687811099348,66.04669446794622,165.48209079737572,166.83548554589694,167.78770945011328,166.07054833406073
76527.147,142.15554686828438,170.4019042821693,179.15768455999276,171.79104472920696,177.73772619311393,178.7137378646827,171.36557799692227,176.8544977005739,177.37371116027455,155.18983452950766,65.35683567793424,164.85101716482785,167.25339605755065,171.11306112928895,168.51218815890098
76527.177,146.94209001541614,170.6024415470081,176.844059336832,171.5170325768617,177.7431400887405,176.80333535478923,172.21324133609446,179.38540878847377,177.51293274855743,166.97494884783245,164.5585764530168,170.42090739722434,166.752126453347,176.00398090315764,172.19216754766342
76527.208,146.95575258031252,169.73814086152274,177.2369404985187,171.7447293213127,177.48232253824534,176.79817758348028,173.61932276272844,178.40932574648198,176.87045832844177,166.99242273724394,171.0877654174444,170.9024288594452,166.25523352013545,176.3506581476016,171.8318609991809
76527.241,146.90799771505334,170.29171666025488,177.29462988468418,171.9287096820485,177.6265282255429,176.88488426897396,173.63575751498047,178.19800953271462,176.87181657332266,166.97099151878646,171.74545664753427,171.00608943943783,166.01030371168096,176.3377963078078,171.7302528871966
76527.273,147.70972265009783,171.28641375835426,177.72230595680952,172.77131461668085,177.67918173331998,177.23833486827374,173.23201402868358,178.91096252429068,176.89840573562947,164.65881842560194,170.90435703870696,170.0643223120989,166.05235559561288,175.30617463202273,171.63263793724565
76527.305,143.88861952832232,169.9485641585855,176.3239448211869,173.40485742675517,176.89868360525278,177.87879319990452,173.03338494127834,179.55532924281812,178.62718454334905,166.97990512720767,159.11126277421334,173.55100809486586,166.7792094024216,175.6865364094712,173.2936149797656
76527.337,145.1692779605825,171.06339166042375,179.33947894978866,173.00540254887986,176.21968720139057,178.96879326902862,170.97962139970932,176.88835090212342,176.8506974585848,153.6703875064288,71.66004222408722,164.25083159351587,167.49701315461482,170.91651444095763,168.4454160965441
76527.369,143.60888539353314,171.28982360388943,179.18495929017175,172.19715678386055,176.3206604116195,178.18275711454226,169.9658329349708,175.93885164691523,175.26729628298358,147.91827061189676,66.62825769647328,164.87355656591745,166.73417413950105,168.82885197527375,167.15823100551242
76527.401,141.65026985019347,171.03925601792517,178.77468205791587,171.63638741509098,175.9974392195187,177.90250497328196,169.33773203543632,175.56985359688696,174.72453916212527,144.00712128851092,67.884367027816,164.31344442707257,166.2542898696703,168.15162873111947,166.2312099449121
76527.448,140.73492029734697,170.97157281994058,178.5551314040172,172.36412246798136,175.7753418241926,177.831204659099,169.87186194282353,175.46901768113466,174.61814507685938,141.659083991971,68.29417118072105,164.82352074089164,166.34456634863216,168.11761240097604,165.76687179716774
76527.479,140.32450579485842,170.73608957118458,178.90939838988936,172.07321968839673,175.89268129835787,177.6153279412356,169.84509417278463,175.35515381178112,174.57819434048233,141.22302412347634,68.93084627179753,164.9482702061113,166.42055063186052,168.07123352418708,165.5770674967908
76527.512,140.07120658806838,170.5141669055839,178.48799713119107,172.09321174237311,175.91258736696128,177.6789813778019,169.93400688195126,175.47027502358088,174.7398590474212,141.64823549685894,68.38351646737252,165.0954433121369,166.2094052276542,168.3972723365857,165.79937723321692
76527.545,139.28539342129895,170.54205250490858,179.3211777545215,172.1314934667807,175.8729107804026,177.61393416737485,169.70576906939795,175.13965460312193,174.46552792990778,140.40259053877972,68.69032486196602,164.96556110536514,166.0635009175152,167.9483920771246,165.5583824205356
76527.577,139.62879766806395,170.60232663286095,178.89623518230786,172.72829812168177,175.62626470465037,177.76076242068623,169.96227566764423,175.0364967521653,174.46228680124435,139.97372029565642,68.96970512608206,164.91773683181077,165.81307235881258,168.00052583644987,165.3510502454904
76527.609,140.26914052099366,170.52534451621742,179.3442803184479,172.36609501693775,175.89321584507158,177.60014797470538,169.88075002402115,175.21283487670004,174.53555747168113,140.43731925201928,68.98941720135447,164.9589722527925,166.2966578114678,168.05102381391592,165.8174358206975
76527.641,142.24087711957125,170.8816659145281,179.59910543030927,171.8761775380067,175.98088672522323,177.64419883795176,170.02125039557504,175.4179820000993,174.755595594878,142.9740950008059,68.31714156797045,165.02665993819315,166.99342273401385,168.01569695403418,166.52450575292414
76527.674,144.141053597174,170.67381547235485,178.62160404969006,170.77463597721484,177.14923636783132,177.29555402410455,170.52094394744478,175.6805145683013,175.16538960842124,147.92619473193517,69.54407301757797,164.38893735628028,169.1585563501454,168.4401997446879,168.08842830679234
76527.704,142.54435256114164,171.25793728213287,179.07776661383502,171.80185769338667,178.34993106703593,178.58618143223075,172.05784862845044,177.2632441564401,177.81289997219233,156.1233225057449,73.959271880431,164.0323779418666,167.40638697738257,172.15516100792584,169.10608721406314
76527.739,146.97360304392063,170.35026599151004,176.9495962254915,171.6404697285864,178.05724676594244,177.64064730406199,173.48560188206173,178.9472783042729,177.9273770465977,169.3513000553204,169.48825026110222,172.37873044551577,165.3605307778273,175.7731113801932,171.79470786275755
76527.771,148.64010466096173,169.7719693583999,176.03542105397398,172.6397262369636,177.7414030078584,177.5926322200579,175.52694256716168,177.1912335328204,177.92888573925782,173.90377108430832,173.7427209925056,175.19281105480192,160.2579854542562,175.017271575823,172.83083422772307
76527.802,148.5216239988937,170.59983535032646,175.6824650477904,172.8553767797085,177.64591716887085,178.09684307127344,173.64562521598523,177.00813045380158,178.17646122241834,176.70248862588386,174.36284484059885,175.74758154224915,161.10317014055386,174.54537902259042,172.82375521324605
76527.832,148.928699548956,171.92487495416472,176.39679217896176,171.82347934753184,177.5878243759648,177.85207431529352,170.8096498474749,176.6844455838405,177.96464900034402,176.12842354371293,173.42366152106638,175.70574362834492,165.4416878657569,173.84066551882808,173.29688025954772
76527.882,149.82186378142188,171.12175479667766,177.2428595911715,171.4007358312171,177.25168815333302,177.73158786331356,169.42001563387547,176.4348574719548,177.73784373370756,175.35623603389345,175.03359452452796,175.26255184417553,173.3900455148662,173.01233966355602,173.1331145076946
76527.912,147.52854651721648,172.144430372136,177.2877242841475,172.15417777242803,177.16862046295418,177.86177796764946,168.3304200839482,175.85191619585885,178.89243011979926,174.53170358187043,174.22443835170654,176.45709457156377,168.45048950480347,170.06728241999403,172.64669034486616
76527.945,144.69374696917217,174.0023398854205,177.72816885898567,173.5205086562778,176.45644609764489,179.01382438658237,168.87597860895852,173.74799635452933,178.0193542123454,173.2387091083569,169.7799499970366,176.47670190344917,139.02657353707363,109.56598438560641,175.41210860327874
76527.977,146.8471967350305,172.56791326888606,177.7362133741832,172.04142176763148,179.87244972094885,178.3674712089242,169.4053327982727,174.73250539651562,179.2147156503901,174.43855959476886,172.8140579539192,174.32178720892435,108.24524382568723,136.13261295870026,176.0219222657958
76528.008,148.91938922199702,173.96344716517126,177.30330617160791,172.5346697613035,179.0455456115511,178.1169844826889,169.45098713914476,175.2373749403691,178.45577141818092,169.41033917578633,172.1554822980973,173.02059109887296,99.68413229001587,140.83849563904744,177.30060383705364
76528.04,146.5410597694261,172.48861995617628,176.2200680804201,172.36601205682567,177.62427923543024,177.55122398494512,168.10746710774336,174.86825385750547,178.09588374861596,166.8245099825738,168.54638705732415,172.1644365022698,96.15982682057178,145.1141599764314,176.72798724738476
76528.072,146.6397610090089,173.39819585782925,177.69909213160818,171.5878082998094,178.9762352031245,178.03622602152493,167.4362175592126,175.19818615113877,177.9534670130915,169.94424163414615,168.2624361405209,172.68590977564617,104.73541034963168,138.03915376004048,176.91808370176528
76528.104,144.05641252367727,172.04465412235447,178.25333947716143,172.07227853428824,177.91765818351476,178.67639867751942,168.73850303841851,174.00087940997787,177.8496545448493,171.96980212730867,162.96071298984282,174.55716831569117,127.3725310524897,129.31080344887087,175.60002778091805
76528.136,146.89819778955874,171.4793028947716,177.1225573696072,171.3387010350695,177.01330125020294,178.86846683911284,169.50980581839733,173.85356725831738,177.26828819208703,176.57087331093228,170.23145425600808,174.82963410750614,168.7706507453762,176.35695344877894,172.88130852904035
76528.169,146.29331776041258,172.26508557263762,176.29123870149104,171.848664782295,176.14350621321677,178.22095452218304,169.56405092554797,171.9231045356248,177.02725334998297,178.65016543116434,170.3350552170159,175.16448448458084,173.45777373740913,178.46787491729927,174.70127164445057
76528.2,147.08323894961015,172.24297973358108,176.6833562745007,171.8296572705633,176.94047169803596,178.80952598918464,168.08020361293137,174.94227301454958,177.89763525741589,176.1125374656586,173.66223951041368,175.246269840798,170.16904017935556,174.14202455207473,173.5791142791639
76528.232,145.68495519238044,172.9742473190863,178.72249174332242,171.92682296489212,177.22082119399275,178.2915459806082,167.8545210938607,172.38873751620648,177.80026841166554,173.50527544936415,165.55509021306995,175.2226266780526,129.46449455396066,141.38084289593934,167.207646460068
76528.264,146.22291133316315,172.9849746815421,176.96618337823296,172.63026579518063,178.6976597636383,177.83643057779312,169.35335133388784,174.1042194569129,178.8325655536915,172.6854011209055,170.3147015324232,173.89031984487517,107.47299487929911,136.02158276624422,178.33410589903755
76528.313,147.05350240389944,172.99612756292655,175.62628010818804,172.28829026909054,178.93697270207386,177.88120815153047,167.50622809712632,174.55746533656483,178.31761909262661,170.9802502244088,168.82445815832813,173.30282013152424,101.54987597263333,141.2712712829203,176.4298066241993
76528.345,146.6001775934253,172.12455727622606,173.94129318068883,171.98439689709315,179.14718523827912,177.9524340863897,166.73565820869618,174.13484590672965,178.02339029550689,168.1858691304533,168.1076730020575,171.98148556028016,100.43888998160982,139.5531446076393,176.70604130510003
76528.378,147.36272495359458,172.42900273339168,174.7715616338537,171.7817969321974,179.22321101359537,177.96277236616996,167.41610590564727,173.88755523420022,178.05260611404466,167.9517546048574,168.4265464789222,171.6829306823294,100.72358045901953,137.19076143391405,176.7151287001039
76528.409,144.0635744518215,171.30987109738598,178.42737811265903,172.3465437398343,179.2731131512836,178.1733632878741,167.44608932624632,174.53355956441513,177.52028875547444,170.27982429768184,167.67593343372994,173.30490329618263,114.5948933536017,123.8462650807266,175.6814046392946
76528.44,149.38694766882725,171.9612671408914,177.7856594405643,171.9022159678658,177.87659895623332,178.4970609358827,168.39851605289402,175.12518423405731,177.84683132636258,175.69464949782002,168.98210485182543,174.78225606774873,162.01607185750916,171.88818959382144,171.9291308436414
76528.474,147.51557463981197,172.07095130065701,174.7689465932539,172.153003525974,176.6310467443221,178.65191928231252,168.26243074269942,173.43188298990006,177.00420681102884,177.42908130788004,171.63908495534045,174.41460839708486,171.04764368142412,175.96569279126246,173.2444605789253
76528.504,148.44374097131026,171.57700985372094,176.01337937988404,171.8627216090821,176.65813976924883,178.590591488064,169.55643620515494,172.242199773484,177.13101295767643,178.31283935663126,170.28612244203285,175.10033997963498,178.0963236871999,176.82939496656772,174.75122768346594
76528.539,147.85264553803626,172.37487897584657,176.70732130115383,172.05327646811588,177.03937986867848,178.11298504769948,168.1974870120165,175.1269917630247,178.34479031077362,176.33843801946944,174.9379877147484,175.62300351057903,173.5619722496632,173.32444500802944,173.76656041714818
76528.568,145.3857770315627,172.2827633278906,177.90346605675927,172.771806259038,178.32898457863544,177.46261273689854,167.50502229514566,174.0730364163886,176.72057880002313,174.03162577323022,169.41519152238058,174.90294235544204,133.75266904513103,127.70264852944926,169.33576949119077
76528.603,146.89460378920788,172.47931893196025,176.6426307171281,172.04328719787412,178.49049633692147,178.26567858979766,169.32230417416017,174.14819797139558,177.99943419597915,172.3941810652066,172.56130178321084,172.83380694257104,111.0672126210763,135.15309841932736,177.1013423867801
76528.633,146.04469963998704,170.65382054640614,177.38888660203605,172.25591981158843,179.34709674577482,178.03922178160138,167.1807725845133,174.6774635706023,177.97011335648563,171.75893798601138,171.5839388633129,172.60678859432423,108.84891680305897,137.61154437790046,175.62053901738167
76528.666,148.15194940125104,172.1742005846888,176.28736981967427,171.5919111055699,178.65297068111826,178.06926530953479,167.97522736444017,175.03192572292414,177.59409659478794,170.9654913443034,172.7023410500245,172.9370493893517,105.41488963081831,138.93498540121115,175.83665847815445
76528.696,144.21284253326652,171.10914436956907,178.10641786363465,173.33934454110016,179.40517480146647,178.17646734872432,169.55670873929785,173.6502463688611,178.008018125768,171.29082346234756,172.41791009523342,173.4021057048993,115.74750081482621,121.90655504341754,176.1064525329475
76528.746,147.4770266919599,171.12055116036237,178.12867158717748,173.11788615174876,178.0386563902554,179.32812559934789,168.54603838274048,175.03112985005788,177.75978278078136,176.16712305899313,173.52340468996005,174.86933993124873,153.76752102430675,169.0533827321943,169.09125187966387
76528.777,148.41445016471033,170.60463704000958,178.06009150259075,172.75067371365918,177.63444776057443,179.54229096283686,169.11040744256394,173.70009243301138,177.42327847069677,176.58611410062306,173.43625482605768,175.38593514744886,152.34647798047703,170.58664542746385,170.56226918637435
76528.808,145.3748943417409,171.42721616872728,178.236646963852,174.0085914983141,178.84285040758013,177.97569941506637,170.0235324120245,174.02669679766092,177.7334282127542,174.35477500866892,173.40120233803083,174.32202859272127,121.30261155237696,121.83454465181566,177.20765510117627
76528.84,147.62906311445784,171.57749604580675,176.06915428628557,172.96868345570863,178.5672401331644,178.15934740619608,168.77193471075964,174.85928937245052,178.02675067520636,171.0261188852737,175.43312947307115,173.38569837135975,103.32627909526838,136.15643500526915,177.63749816521738
76528.873,145.2974477659266,170.51420256705995,176.9827591924712,173.0497767704696,178.2756968691287,177.21998253425957,167.24490270612432,174.75743575365254,178.3538266258965,167.63740747306707,173.54119452915188,171.8994101049619,92.75456234911945,142.18934718571737,178.54420248014483
76528.904,145.01985665140032,170.54852867638093,176.23939238177365,171.61883332768699,177.59794422508264,177.3860982887033,165.7734280515508,174.92006525309125,177.91082745790698,167.73671583017173,173.61436795762748,171.7453574545802,95.2668443668702,140.31802731599055,177.88513719278305
76528.937,145.6448872294569,170.56562791986443,175.7055399764416,172.29965474942526,178.1748623864704,177.2606245654,167.10121059080336,174.9513613503441,178.0274750679053,167.29296295043522,174.367460965623,172.4914662641845,94.16476773859347,140.6626223463512,177.5197537176996
76528.968,145.23000710112925,170.45076929496133,174.79315893470113,172.049419488519,177.99974412734255,177.46992928676508,166.8032900645928,175.0010927612455,177.9787762089325,166.3619757876355,173.32215472747785,172.00352045685395,92.20822565989819,141.56628562896793,177.69699924884884
76529.0,145.5658599432754,170.20255797932705,175.3473618381245,172.496118503072,178.33672663279845,177.40957518422238,166.85614698734324,175.11159126024398,177.93287897661563,167.1449498903431,172.09125751807343,172.46985481432836,93.14024854733475,141.64871137836113,177.47659959061048
76529.031,145.88858410871623,170.26194378292894,174.83248675557968,171.86566441203092,178.03181831178952,177.53179487670417,166.93646519989588,175.04998259422138,177.97882127818627,166.6668610357857,173.07044183818482,172.26186030077687,92.33574575808198,142.07482428410646,177.655300188499
76529.065,144.84114693612148,169.9535739097839,175.71208213408914,172.27622336840167,178.20430135119665,177.31404188279814,167.14691757486696,174.87848431368346,178.11374329485417,166.57767175850594,172.6672263174942,172.3605571418813,91.4340768600439,143.19004051071497,177.4399738724407
76529.097,144.9025155888973,170.23297065521513,174.41155569029527,172.43978507572191,178.28166691009582,177.18440301396922,167.31815311386183,174.8450724851348,178.31137434855842,166.4757097751777,173.55254527479195,172.51819181634485,90.68502134229385,142.61584171140038,178.1683640381617
76529.129,144.77803530870085,171.04054392692075,174.68819826665677,172.5694262037211,178.22666377375995,177.17387645058687,167.51103455364543,174.82205396604692,178.40528501131752,165.81950707461252,173.46623998691535,172.10584250582855,89.66678695008545,143.0801401477796,178.42408063253222
76529.176,143.79333263029824,170.84482363624312,174.18872907298638,171.82378358297473,178.11718656926033,177.33110070729575,167.13727010635336,174.9249460917556,178.20801633680077,165.69523061647823,173.01541537176487,171.41086922903537,91.12234697757206,140.38975757902796,178.26467201829178
76529.209,146.63810391490665,171.8249237812634,175.09085399023763,172.84181524780212,178.1274318808962,177.66022625985656,167.97061135958256,174.8142137829419,178.17826426667602,167.97884210076757,172.14761724931213,172.4851078143969,93.76772053430922,140.1313464123449,178.11046263856065
76529.241,145.97861840019408,171.4405015347816,177.0777874782779,173.77721188230336,179.3232122111277,178.2072795884319,168.99859708238637,174.41969886358666,178.45139529813414,171.68707217215317,170.69000459859737,173.26843549409097,108.0707855448148,127.93986206191623,177.596070207871
76529.273,151.52914982047588,171.4869890096511,178.48858428701922,172.1849380487174,177.91690420536136,179.54040180429246,168.5240860521551,176.25532690512023,178.09099614222407,176.9573822772925,173.9980094678688,175.3925915853182,166.24668640207128,169.5144001232396,170.18624790985893
76529.305,151.27539980764234,171.31262855200492,177.34855571331295,171.63913036557096,178.02922428353511,178.75073766307187,168.9365108988005,175.84465075575585,177.62157152294887,176.52441176101746,174.2932345809296,174.17659507662057,169.68713561372573,172.2584033112926,170.63206217631526
76529.336,149.1536521642472,171.25255279200667,178.15293560608072,172.16479138395593,178.33797175738738,178.8668579562656,167.74787194344827,175.75785371582936,177.9269467226889,173.69371784005617,174.71312483582267,174.5408582379324,166.29832086034818,171.19088435991418,170.28851736401316
76529.37,148.4545531740991,171.75997461101036,177.83564574620976,174.07450993705885,178.7134278992797,178.53641688702356,167.889947090649,174.68012087968452,176.92015793879935,175.11171331771067,172.94720619183494,175.11415591616137,142.49631686630505,144.4671730486225,165.72147702944847
76529.403,145.9695732938209,170.0433198085318,176.44609482450116,175.03317537012535,178.43220943785738,178.32780019134245,168.73088076185854,174.30668897943104,178.0015444902579,169.9050954108302,176.89390467156505,173.23346444640032,102.7984912802728,134.92189550125036,176.5335027151674
76529.432,146.16805189489156,167.97444674197467,176.7715981721371,174.27661110299013,177.21639290771438,178.78480120657278,169.41609502141432,174.3312412436943,177.87847868779363,162.01276342528377,170.22588997593036,170.82241226368203,89.33956032746498,142.98089748687477,176.23300836754464
76529.466,150.15958915333258,169.34582471252088,175.13230067886028,174.03152756443626,179.45789249579153,178.44853316229378,171.24301173184122,175.64633720075315,176.89174562335796,170.41369440256116,170.00223986587136,172.4389074121163,137.88560049516025,121.94772776059166,163.8079946485716
76529.497,156.3785747043511,173.78234334295877,176.69539230226104,172.2795973417865,177.08863912641684,176.78687673443278,171.11038556034276,177.55686761503884,176.11275805583293,176.671943483213,172.22380295991567,172.69050865513046,176.1049951707072,171.65623417808445,170.73573504927998
76529.529,154.08250915921343,177.2566222006509,178.23416737892597,172.09720820199306,176.64533493360994,176.9393534529525,173.34063412285082,177.90097908946922,177.09262219501105,176.09575076572156,174.13863980846085,173.79566856428016,170.4869343316407,172.45366693868635,172.04955707895132
76529.561,151.651557093179,178.55214629750878,174.71014807835738,173.06173182817625,177.35877892907328,177.61788420800926,174.38375589131664,177.46028502813226,177.98388602446178,175.53235253512122,175.26055757671313,174.62346090757163,166.71367882121058,174.39954384970085,172.43201231542577
76529.609,153.87538301250115,176.5866077269672,171.84014353896504,173.39034158768686,177.30285408524483,177.46885798048538,174.2160229371988,177.46400921702232,178.09704242655067,176.1997053952089,174.86909708589258,174.63304929665279,166.30140309341456,174.9565055642022,172.59498582285016
76529.641,153.0414121577361,176.35872042212458,166.0672238717953,173.51751238267232,177.73401873528783,177.80048257979828,173.99843537640172,177.3870459168532,178.27473920894442,176.28475538687044,175.16408727357688,175.0691173207651,165.90734014961257,175.4760825500719,173.24142519011406
76529.673,150.43527129578592,176.29057557113225,171.9427456750721,173.31762054599147,177.93708818985812,177.63867376676527,174.01544641564976,176.9824735228173,178.01267139605542,176.99523210680388,174.8680259455595,174.97033071199795,165.91361078723028,175.93541460350562,172.77168167527833
76529.705,153.79898176979992,164.79573041936905,128.82392788332442,173.55569495072004,177.30412708908048,178.13141992357933,175.43840413976736,177.44808744237767,177.7614585122988,176.04523447788276,176.0340098286029,175.8191560980233,170.3307314491224,175.8352308637723,173.87223386403218
76529.737,154.8313898766594,153.83437473174635,117.92494510622302,173.9470267474726,178.06854801512023,177.2945855249382,175.68856929215045,177.98831563527764,177.43496718062522,175.99050110543203,176.73260054147653,175.47977582436255,171.1273277146347,175.48171635016644,173.71665239605767
76529.769,153.95028299272494,151.21581348172188,115.80773456686111,174.4387367229478,178.08981301022004,177.764139689809,175.66875257138793,177.67000215930167,177.7553579311921,176.137751006161,176.3045080849488,175.92265363705675,170.7425513505146,175.93886437885686,174.40981589566775
76529.801,154.3353004054378,159.8121084555644,114.84288786331574,173.81952160652392,178.13539381622786,177.746724288297,175.0356658526446,177.77195004603337,177.79645202012594,176.02103129875692,176.99684863056163,175.88728422241707,170.4526050690768,175.90168898463193,174.30133387513902
76529.832,155.02519542562922,170.39710986827183,143.14099978326422,173.35491069496067,177.70147697148786,177.5911682142884,175.17923863381444,177.3194541697499,177.7728968413097,176.2593663781991,176.57184010927287,175.77212973123332,168.91143948001329,176.15892457061025,173.67570823872686
76529.867,155.92886658784894,176.9741830117285,172.18389385085024,173.46452400764764,177.70562157928958,177.30365422408207,174.44200140702358,177.02514925503343,177.87376565519583,177.24805167414405,174.87321300899788,175.43552071347065,166.81525638270972,175.95921083637097,173.31252405959694
76529.896,156.13827690774417,177.57927810369804,179.37636009187378,173.51581344175807,177.53116414318023,177.3520336969456,174.2030422088483,177.11004738501262,178.0700436305272,177.39098032523785,174.7195036461241,175.42033095771293,166.25073504690081,175.8303107065254,173.12065664545483
76529.931,154.16006184749747,177.74011501459606,177.0925326415215,173.37439676821816,177.67106470470443,177.58057945598708,174.58834079853415,177.0033667160107,177.9800724867145,176.9278616414801,175.01047637255894,175.4535439821722,166.39760655298807,175.9905693812436,173.14804224304467
76529.962,153.0597919460689,168.2670271316577,140.59694311448382,173.5338734675599,177.21348900680857,177.81522162239733,174.94020441257442,177.38502066976181,177.7379523871473,176.4218706761221,175.7851029171734,175.9030763759288,169.55204260979207,175.84799530852587,174.17805893837314
76529.993,151.53392218794735,153.28608438861562,120.28414528643358,174.1537527328613,177.77027865912567,177.4966949078268,175.31637666253113,177.71893368505934,177.84605968368265,176.52389761710796,176.3599325879377,175.8588031359941,169.48615526112252,175.5462840272116,173.8790205965972
76530.073,152.7460775323771,144.91383399681902,125.73656412150629,174.86315227237492,178.23331509492814,178.06094508142291,175.41230582665096,177.23015600262102,177.98131584806055,176.68957857313697,175.95141420336122,176.08573921455164,169.9243795702138,176.00947892855544,174.3024394932719
76530.079,153.65743699808297,145.03862741700104,124.71469517161593,174.70254291682332,178.0371127708215,178.12207557015492,175.53288010088747,176.84760472331826,178.00200520769218,177.11270173432132,176.37923077106666,176.28151312620324,168.8603759189247,176.34720022159203,174.55433428226212
76530.104,152.9990785403325,151.95181080719362,114.16555806711781,174.06389760592603,178.04944342061205,178.1913039513157,174.9680658094781,177.28312881338255,177.9765088381842,177.05885823131348,177.0705489354754,176.2365384462539,169.69840834809645,176.09330604814048,174.7972624566498
76530.138,153.25738824898937,164.90608858667574,113.93534313627651,173.37892749864082,177.64216419196626,177.6924426938605,174.88456686560562,178.0671122861418,177.66575888177456,176.42431011697292,176.56493669629072,176.0599739032074,169.65814464527122,176.18148494529495,174.33152532148893
76530.168,156.40289188176226,173.26097454179322,143.78344311846365,172.87099040964375,177.45342198128975,176.84678176771556,174.71758185702473,177.400782815759,177.54754971910225,176.75481534437353,175.401934088751,175.69536864659256,168.92346555548554,175.770122154132,173.46982919564263
76530.2,155.7512593220916,174.69379975257007,160.11655578396562,172.81605352506082,177.64131687890242,177.17540381390867,174.15771604641398,177.247671242323,177.62585863217663,176.929132731883,175.03481878834137,175.42479625859517,167.68302026573264,175.44892140802543,173.01433387273335
76530.232,154.11336054237393,173.1481043830495,162.6304128110601,172.8242096589551,177.56957523912152,177.08971943636917,174.25261212264624,177.13953128799977,177.4646686827347,176.161290449597,175.19663772609363,175.43452701500232,167.03857662021022,175.5331729401411,173.23993703583025
76530.265,150.1600468163082,160.55203819224556,131.85808893667942,173.37842450791695,177.01724951158414,177.8450158490459,174.88840507887767,177.26381468962146,177.567972748067,176.57575274229268,176.56316010276527,175.85650297620396,170.52090746099614,175.1784386942996,174.14396866349904
76530.297,150.52220217212044,148.19136271278165,130.51394669269175,174.64040730560578,178.21138320396668,178.11853280888744,175.49298398541566,177.24017591432803,177.852919491068,176.32581446144965,176.0880795047908,175.70018968332636,171.11962751121163,175.49305139945457,173.73355078361675
76530.328,150.62849952245193,139.70584039824175,135.26825813404486,175.01895429931605,177.83138792932453,178.79121062187127,175.7841560424615,176.27789381592487,178.2644122041968,177.36000387173993,175.4817203270412,176.24561175777862,168.4712553780603,176.4860279756578,174.6343860939072
76530.361,150.68306628978257,138.5294272931907,135.8339910892364,174.78256478978759,177.7579366247863,179.2473384095816,175.70247155216015,175.86216507199367,178.336482994753,177.50221136658575,175.37483744820722,176.37635303586504,168.65667815320398,176.75966745794034,174.85323028072298
76530.393,150.88774841090657,138.20536991277996,133.95777094997285,174.76722942104035,177.685987017402,179.25160276411094,175.54821691736353,175.94292430298643,178.3864495366955,177.44929281152943,175.1870505612805,176.4599506355584,169.01710032074416,176.7538246244147,175.02068357821076
76530.457,149.91306931942637,134.66041892195233,136.48553031767355,174.60213572828894,177.43122698429136,179.35210900405528,175.65083957692042,175.62227677855824,178.3817716863216,177.55377377198909,174.98229918745693,176.4875586628142,168.33353684650635,176.89950751068943,175.15601628506636
76530.506,150.11380407542754,132.1044926510363,138.5862154362464,174.85958835121667,177.33209277590012,179.46141177142292,176.03678612147573,175.3022332949855,178.49025432108954,177.45319506507659,174.6288977285081,176.59089570418814,168.48203405252312,177.21941183252682,175.34434956685178
76530.511,150.48404431535093,131.77435130173035,138.8054430576178,174.5682975638616,177.2017644685407,179.297437526618,176.10804043569308,175.00668479270496,178.5526253859872,177.3922928522059,174.64299180536156,176.48754859299729,168.29856877232632,177.3235127284736,175.25920510234513
76530.536,150.22804735255008,130.9356595360804,139.07429107601908,174.6630522036671,177.20147142601198,179.38097661747642,176.04634178759972,174.86104006159223,178.5373685937919,177.49799858983673,174.69987375810257,176.59876062322144,168.44417264154998,177.42771712196992,175.37508937318637
76530.568,150.12230656803249,131.80898962943598,138.24272606548791,174.7557296633902,177.2495662401046,179.28368302752563,176.0506268364375,175.05731804082308,178.4735070035511,177.59628661050914,174.71236474512682,176.51913914133087,168.7001585163874,177.32210893745983,175.25437569201807
76530.6,150.01069789473829,132.26912399469134,138.4336566494405,174.87888291377737,177.18374784481443,179.19306915442644,176.2412404495833,174.97518544488042,178.49048836008208,177.34160855722638,174.68249634660083,176.55321238605768,168.2181074911156,177.38842478391695,175.18736938271857
76530.633,150.59886704630878,135.63191206271424,134.6215773942277,174.7843229407576,177.1961618744177,178.96430552722813,176.0551012411453,175.47726063300482,178.2989445533649,177.2762211910663,174.93446827463612,176.4308170477255,168.45993887454205,176.9804471682255,175.1432169700107
76530.665,152.6938825825414,143.36913069404383,122.44253342603264,174.85258533187894,177.73310834994646,178.92269955754463,176.00646792511742,176.28581488997793,178.0818836187481,177.2203190982467,175.57961508666077,176.4415250584644,168.11138532687255,176.70937962509666,175.25029171063937
76530.696,151.45101939302447,154.7383957320436,104.60054919281094,173.3346981009946,177.90839617510468,178.40961264526,175.423186229863,177.1342647448966,177.96650172742432,176.31192451567827,177.26518706812894,176.32960606536048,169.56260868053045,176.37975591565703,175.0042434693326
76530.729,151.16619692482843,162.69219231109363,101.13798668263296,172.95992835344563,177.66971035152096,178.32010101926664,174.43947918744126,177.80724705609794,178.06357977854842,176.50493068312852,176.19331502006884,176.42139927375322,168.41239921662813,176.60499729686276,174.78104022232478
76530.761,156.43996131695525,169.65370826477488,127.4610905676653,172.1237054379373,177.14830416728483,177.6709722145239,174.4262336688527,177.74289523202742,177.62743177041048,176.3319924837452,175.62963423637652,175.91056696073082,168.0916695696033,175.95436243115654,173.83926335585713
76530.793,157.10489255263437,172.30677193981344,140.18154963272022,171.31059090515325,176.36962418343114,176.75170178047955,173.7635879636433,177.6799254181803,177.29951049362245,176.8205478388013,175.45915476867285,175.7081402873633,166.14375855193404,175.2228107309866,173.64145110333052
76530.858,159.34516280085163,172.48882956446113,147.91375081051467,159.82484885733572,118.6067528420912,142.0867761083217,172.4847487143612,175.5041011686167,176.25377183514826,175.60119657200462,174.88045777917628,174.14806958689476,164.99860502646538,170.51797558338504,173.8340505075608
76530.89,160.63076601441384,172.26968772120415,149.2491663389568,159.48974014400818,106.4381328730883,143.49635952902656,173.3456767917997,173.43811611898948,176.8277939526634,176.51911156062866,173.5548679139115,174.95632138777626,164.71208103129482,170.48333256693903,174.43708514366938
76530.937,160.980668355108,172.86080812404836,147.14592820231826,162.2297795856184,107.10618697445105,138.42487841766672,173.69700082136987,171.975018649812,176.654395513301,176.5548393943419,173.5448201811242,175.0636436625129,163.83934748123883,170.98580328530417,174.2225923958913
76530.943,161.2396018397379,172.82615113061996,147.48818143056255,162.4393728812886,107.98190060707829,137.541037579942,173.94188799986838,171.88114266166292,176.58846202714784,176.57618686299932,173.53141790950033,175.1447713800314,164.1076090519253,171.22901955506978,174.33326861078586
76530.97,157.70718878623944,174.22680311680372,154.2011801634843,170.74306235975712,171.33388999323194,176.61943788737275,175.40558730962087,174.78619700407825,176.5637751568929,175.37546997444434,175.2397261942271,174.90840106941437,162.44044998119193,175.03521286816408,173.9466042234699
76531.002,154.43887811262738,175.75541420043297,149.3335168645308,172.68959020964755,175.95548339092227,178.00084601251638,173.95187925841856,174.1610386185518,176.04534485740183,173.93707945828777,176.74349850344035,174.3040360796157,162.5349115926526,175.58531574734994,172.77329177513025
76531.032,148.25249357163986,175.95400271776938,152.08772486109112,172.5450251394767,175.52674039187582,179.1680066598933,165.59494870415284,158.48646444041648,171.93837266715536,172.24135721933635,173.03652001630087,174.10320446087658,162.22886098951196,173.90296639854967,172.11495816267262
76531.064,145.9582629672933,175.60619506512356,151.4820699568708,169.32478303485362,173.92297463464791,174.20974257820103,158.7408605682055,109.4372021877953,139.98468162777377,169.82989406504075,169.236300625625,171.55824251716174,163.0274769230424,174.83182140384454,172.79942401025912
76531.096,146.80304035970514,175.14062191238182,149.47739962820228,166.01581504786427,170.2080289283751,175.05309223267687,154.99748222623575,86.94609975730224,147.50994975399075,168.34381147289332,164.84812616823808,168.75172831783198,165.34744669511062,175.4534422362448,171.4776182491618
76531.129,148.38062479329832,173.76200440926598,155.47198483868502,166.84924726496416,170.48327268593295,174.54812847759212,146.46151324268743,78.06506458019122,155.33870306846777,162.76339055186213,163.40721625510622,164.6362815001302,168.10135295701107,175.67602697163383,170.3033577742821
76531.16,149.10012496942844,172.59965716667708,156.2232524316944,168.94863742871766,173.91459141284207,175.82610460336403,130.91728660499786,83.48886714192938,161.40840185881865,154.86558456906974,155.12645282665287,161.83336834191536,168.71170600521924,172.22547464653525,168.9910364372703
76531.193,149.1031339578206,173.34079941010782,155.62628729777487,169.86912050582535,176.08123453991394,177.1371604339527,131.73651017997736,83.21350922966465,162.07809830954668,152.84014624350957,143.55976093063896,157.80879013437217,166.57235566432945,172.03916832944773,169.030508633835
76531.257,150.30017376871308,174.6360288649426,153.86729278313442,170.93628842261444,178.7630514857608,171.9471879299578,147.2893277304693,77.72063850787114,158.83496098474143,160.0433194850122,149.43009892590723,162.86802211254724,164.8280001868115,176.05455023495668,170.1316615758064
76531.289,160.95433270520653,175.0544442000194,153.08531207477066,155.1844241079744,108.28636753905538,155.4845953619835,166.10449984342569,168.51924503553946,174.09586688432597,166.71971107715524,170.5285299566364,173.50928202633622,166.12783370539697,175.11627565483653,173.934692616096
76531.321,158.0636554112868,173.74741904863922,157.35136434412462,149.1644473963225,113.58239477233646,152.1608077932379,172.6548677004216,174.93860881710532,174.31421085097864,170.17393914413097,173.64787313661583,173.0863393784717,166.80057133303973,171.98256300105373,174.54267342473773
76531.371,155.92134591518808,175.36205231429727,157.40181637945616,161.65154389469512,154.50668583691055,166.22730214112048,175.24290391350124,174.02042578978174,175.13666807211874,174.51932425630002,174.30955573269665,173.60691671626708,170.0661718700751,172.55332802302692,173.51045645704903
76531.376,154.7539169515958,174.52485783986037,153.18131891888456,163.1093650687962,156.48875845809428,168.50522159225264,175.21139028833306,173.42236878911896,176.1637876420616,175.40944097849368,173.71609724891118,174.00481642373575,166.59094993874768,173.61673541388723,172.84336908713738
76531.402,155.3554819296145,174.863779823464,157.3990634267616,170.21676273084162,173.36198981846127,175.70600941071993,176.1812423181709,173.4969429457702,174.76368243096942,177.18908516411045,174.79587297714835,173.19011692424755,173.54232096327587,172.03631287618683,171.400174179224
76531.432,159.14864058657818,173.37759731733345,155.01750888840687,171.20427664685153,175.85936756228315,176.15931285398767,177.63203600532407,176.69403497407475,174.54785964471134,177.49178421998238,175.64084332886216,173.1409462641005,177.01575329498925,168.70814912483752,170.5563609207279
76531.464,156.6533703008688,172.6223014958181,159.87961032042872,171.2864203571113,177.01207807432405,178.5229232795987,164.31385690440874,139.7265509199178,166.6308732113881,168.10472169614067,152.34355470664224,169.61019916100375,174.53625730320942,170.82819331025954,172.2691903556773
76531.497,153.18942989943469,173.58576759084752,159.2267271539901,168.66260801534207,174.94408044453291,178.1595896157007,171.96452706989132,160.00623115085577,173.15627695853647,173.1252254806047,165.9004386007777,173.25778027167522,150.57378182338329,141.31113956939646,163.59950765611342
76531.528,157.40232889998336,172.04361463499268,155.50681913390724,167.3827622025272,177.11479509693493,177.32156038948798,179.31235124770336,175.8570633886233,177.21120022235235,172.32906641288312,172.4342754115218,174.827704505848,135.66661308207767,145.92795586943907,167.74678778156027
76531.559,155.27220192575098,169.78622988083157,161.8993783685616,167.26350729818623,169.68433156408997,174.84213739011602,176.6317897847313,175.20515561423753,176.5472457719129,173.05381040847115,170.6759283852693,173.53299145238236,143.55308041483144,158.07654106404522,166.32937154854804
76531.591,154.5567559774647,169.1741228013648,161.20679510296029,168.02895770642877,177.5708393346369,177.69290316596476,179.5158436518254,176.2343560994713,177.0058242198234,170.20588344505654,171.51453643382297,174.05914739323848,137.87830853991946,146.61350812214147,164.57750113263765
76531.657,153.26438181563708,169.5715620715147,161.0731157743197,169.5491054138118,176.9244362168562,179.34447849084782,156.806836301377,133.80371761906488,170.12303227987368,137.592919035587,141.84606820563747,171.5799139043492,81.87414040590528,140.6945766179299,171.33101349181158
76531.691,155.09672011452523,172.08073749581072,153.28122075747183,169.41943887434064,175.84300571417336,177.62365076973038,144.64395889119663,144.822013438315,169.08390235589076,122.01967771902041,152.70405571742606,169.735672874395,68.00358405011,153.94066411423842,171.34686584821853
76531.72,154.32035662288192,172.0028400736213,157.19912326761494,169.80010564567718,176.3242983484682,179.5542910954696,152.45464509102268,145.39367111781763,171.96524079686313,124.46553693043738,158.5358340985569,170.58052358903913,66.71868793775093,157.66063610584138,172.01935047601438
76531.753,154.76512908959745,170.74177700455965,160.72758811884754,171.3883918880433,175.84443410516704,175.19196206729782,164.17700595618834,172.53394355550355,173.9981409559278,126.99779325884597,163.68146063507928,165.9083683186405,65.49459541357342,157.24841065258738,172.17169159887663
76531.801,154.95430798896345,169.09309687255976,166.29311378562292,170.53939562786096,178.31356891597315,175.73340105090668,176.21424713807903,174.98438294589292,175.26602480891947,151.14761466522415,141.09052077717917,164.4983072406352,77.96400014460723,150.91734956069638,172.6848851203666
76531.806,154.6902433285462,168.77189877564675,164.14458731844593,171.55378052925025,178.67013621326342,174.99050913333403,176.86527726911044,175.6573933755266,175.68229810696994,152.11740124055814,137.9691337092239,165.89976875614343,79.80374244983598,148.0697099044442,173.08567433134775
76531.832,153.654385402793,171.59233131402436,167.42398470595842,163.55144136422754,156.32192146724404,164.63435612401614,174.8508984341023,172.77979934256547,176.5630034169939,165.20581424983553,152.28328584344757,170.94184723371865,103.39285703958944,129.99648398379495,173.61243527701382
76531.864,157.0656386928148,172.20683063503307,166.2100728390711,169.21574767772745,174.36360178844643,176.47059099328501,175.44745243420718,175.2801202613695,176.81443163384202,168.7470571897272,159.3674268423931,173.81174058449392,149.86167475293385,158.4426783129872,171.57445732831795
76531.898,156.80667434818054,172.70505444664957,165.7294966603642,169.79705191841336,176.39678149277168,175.0296304806759,175.42761572072746,175.37833698171835,174.36586707102506,172.1238588450222,166.78951238960454,171.86900648544807,169.88869517493677,167.65095932977115,171.06782518489914
76531.929,155.83516293514907,172.11792182352798,166.2970135458478,170.41485018713556,174.67288569969824,177.48330843254882,165.0987907643859,151.65779860329002,168.59562259958344,168.6548719129661,163.41782406105565,171.0878883372544,171.0757737355378,168.12594291434561,171.9885916400513
76531.962,157.9251935866761,172.43345676953015,163.59716624607606,168.5077454902823,175.88788511736763,177.7375719559834,172.0428349855115,171.83454708090738,176.7570747148957,176.08832335498096,169.60419452569334,176.36141194326714,167.86151989391493,163.8665950989298,173.70220797899492
76531.993,158.49532756604358,170.69266249965267,166.74385550812153,168.6508889846706,176.09664929581243,177.19346027338284,176.43801429939526,174.83462670009612,177.32857689197826,177.43024260592549,171.3066005607574,175.52714130413602,158.9302477667548,162.21224174935548,171.45690170631684
76532.057,153.7390340814496,170.03734930521924,161.00384000321688,170.6967660489784,177.95580288968975,178.57988704065448,177.33785216306802,175.0272638879805,177.81296697541572,161.79350192598375,173.95310224280973,174.58289752415655,84.77899032921341,144.67529694566227,176.29655269840995
76532.089,158.25419772256421,164.53981289346024,170.4012447523248,166.95510368857092,178.98492996664123,176.35117453528872,149.87088425574402,119.81005969161032,150.48545158346212,80.12783182504937,131.4884838944581,165.15643385019922,54.45920561160142,152.9066557844818,169.3147208671035
76532.121,161.1062406249285,170.0193994051906,170.32549856105632,167.09180181728556,178.27434205086686,176.19258353866738,124.50273426466356,93.82573448181107,161.20476265035052,66.31850915830978,137.1130473526948,165.69058719344437,52.64457967689043,149.50408767568908,167.89480328900845
76532.153,163.3090430298556,170.05712634469114,170.38258008043087,167.1438533953711,178.31802994487734,175.59546472471666,116.82838520122844,102.02027934690469,162.75499429158083,67.5655516075439,134.65900232602442,165.4091475751504,55.211739282600405,144.7945278925556,167.47653482713773
76532.184,165.63782483278095,168.46072029347127,164.70683056548197,168.02395127283913,175.99926183328944,175.19667764060773,123.57817819573866,101.85053948968765,161.66692322283697,81.92531426339573,120.70392244432375,165.79192467677194,62.34265983715224,140.54915972884604,166.873313462574
76532.233,164.55630428779554,172.3435896716941,160.86739023552565,158.52860080301411,126.9552593960244,164.24678992125237,152.16218679421667,114.64842809088726,167.33929627802203,138.1534684072352,111.33860194389486,169.92507806067363,95.10220807073799,126.92415663614327,171.999057995232
76532.24,162.28699949699924,170.1918867301292,158.74565010531043,154.41564366728372,123.54377188150418,161.94723670654753,150.47019517620646,121.84737520183572,171.06063114592283,140.6801069438899,109.14384644257545,171.75546628822275,95.65732429626941,126.07458176854931,173.3474352189276
76532.265,158.70483704516045,172.69993920805996,161.80577251066123,142.63154677199938,112.77405001709198,160.2920822765,167.47870908824356,168.96388172521335,174.75129269353022,167.56701952225936,164.87245044058528,173.44088910419336,163.62451474622307,155.96466701649808,169.97345710934903
76532.297,158.37201951474586,173.82298477748895,150.9665164165605,147.7545570008102,116.99286142676188,158.12021996020744,171.2821413924826,173.18977263936364,174.77545534255515,171.85330018736414,170.46491696329414,172.27604354527838,173.10791896134455,166.50310119174307,171.15327847982306
76532.328,158.9187027750767,174.05980795624046,157.48133443903282,157.20457394526593,147.41722403820953,171.20422904736193,173.82842408056163,174.20573347047403,175.85290795462612,174.89253057563,172.27317199127455,173.41988126764286,174.2060104235143,169.43237895524763,172.65914540960983
76532.36,155.6160612050153,173.3788143220165,159.10779624661305,169.3694146265876,174.59462002494894,177.6632040805257,178.72085572390225,174.9529271142777,177.75211331359736,172.92616765525284,170.65000401127497,175.00823695170226,126.7480229171896,129.69489941396316,172.53055348417163
76532.391,154.71587736615768,171.1028038057713,161.7645908065977,173.92494628315546,178.9337315584825,179.43978135195206,175.8665649044475,176.18305985212268,177.621871932832,163.38363028636795,177.84279308538018,172.42514028745492,87.06230997865505,144.18870651118544,175.63750795448917
76532.458,160.26886950612464,168.94276463230847,166.1406816281979,167.60729389732603,176.20027766445457,176.11431353817807,174.86682614909418,177.2940582598421,174.17560047951562,102.21235909120286,117.3570427040432,165.9438491756167,60.60449815468277,152.46155355729744,169.64763986521766
76532.489,159.9052643594318,166.61469399758332,171.92527769212316,165.538010373167,179.13560304851904,173.76443145466357,167.65613167594665,176.4685617453937,172.1041872936443,72.5579165933441,137.61478334158807,167.26118241127375,54.0620259036078,152.52720663944345,169.67175117906697
76532.52,159.7240287533121,170.3978194389785,165.24681150756473,166.14842984183284,178.90196968232246,174.53917754309325,142.74920676178567,88.37650730763079,152.93630056625918,67.48881717734764,135.25206008836008,164.20018857768352,50.94935658958752,148.70400528329586,166.12293092354247
76532.554,162.89022423389625,170.31283310830997,165.77635722109324,165.79673232260402,178.59505863134865,175.0642319163801,127.65091792920416,93.9586764520597,160.38226675545997,65.77368545830129,134.2505706467737,164.86872354594507,52.332331739679816,146.08938096152573,165.7311596679462
76532.585,161.2948986798009,169.64416568867406,167.13093286912243,164.54076127094626,177.4004380162533,175.74472703374198,119.0864358745093,99.93592711221602,161.99733913109017,63.90083052593537,134.98588627987263,165.25265608672964,52.73920371550641,144.7229605132297,166.04755670895565
76532.617,161.69266723777736,168.73622906295077,168.7292707271022,164.43241074758745,176.71334703860902,176.47091373428736,104.60193164230824,108.20803420203664,165.06152201305954,61.11583636367512,136.05102633470034,165.78441134701617,51.52795004913892,144.16099033800757,166.34546917559172
76532.665,163.61801935560402,168.3208056977562,170.0016195861319,164.05710057340463,177.35740670869322,176.29933110748073,94.36195985765693,116.561088695731,166.5467299498764,58.317758784498174,138.00015113046888,165.896273561401,49.57808538079118,145.0571142405854,165.89905894304243
76532.671,162.83467314997836,167.01694399834696,169.55721930934212,164.34262069463495,177.18310175987233,176.62030806400423,93.83968061209025,116.69770384003257,166.6496196378631,59.3317671095455,137.126492033206,166.17852530736934,50.22646782684614,144.51731558476382,165.96513323852372
76532.697,163.06134081403783,168.22350248027524,168.23193071560286,166.18231476506864,177.21975640506523,176.19599349922174,88.12248155491403,119.21474494405595,167.8595933030919,57.42010994240708,136.72634673434422,166.7244838053159,49.88178193216715,143.07147395255413,166.90493806662198
76532.729,163.96866765189446,168.78509552868718,167.38476784717705,165.7371759299154,176.39718670785803,175.37917615460054,87.62162130607618,119.53155800302598,168.4135220947315,61.32923778262546,133.49990298178898,167.01134949131654,54.927515427054686,137.51650436336658,168.06078312776413
76532.76,165.1803560583128,168.82768800647767,165.51294547861417,154.10321722001268,117.35585295521976,140.8587375008415,93.45255761657015,115.57449838835856,167.95303325645077,67.79814124545497,130.96812094076085,167.67495455061336,64.47843148060967,131.54570569816886,169.2758027968351
76532.793,168.58603206439005,170.31252603340624,165.31771599768103,144.479156035178,94.16118984616413,162.56182647999577,128.332300457745,90.8134271052029,168.8462249470967,127.18659668514833,80.63823310030291,169.12438491029786,114.11016103355719,91.87724306414832,169.3013694505476
76532.856,157.36094206224558,173.62881268135956,162.24571497520944,135.2516080354883,101.56091935169476,165.52075954602643,166.67296498930682,168.22723750381738,172.1860644339455,167.7692358581555,169.34403814616107,170.66567105233568,173.2446569773925,161.5040354415086,167.04715554382724
76532.889,155.88641750331854,173.04236735187712,162.8602444938241,136.8320055828829,109.53605194304949,162.8598185849282,171.12301275490134,173.08309025184587,174.1915474935018,173.30525829217174,171.33746565834423,172.7078265360351,176.03169172661816,167.01896555985851,171.01791457774104
76532.922,157.8642361839546,173.81664210216806,159.30994234406282,139.724629317009,121.68135473458867,160.6046956526002,173.2698518873634,173.85320231551077,175.0321988962613,175.7101575654921,170.95126305882866,173.02038104941374,177.81915129512396,168.42950386923113,172.78641865169533
76532.953,157.96389032722772,174.3915335128379,162.5202048110129,151.63312832955305,138.47420721608336,164.0369367766669,173.74068895911853,174.1657953631787,176.04468240739058,176.49973384150258,172.14860427379006,174.06439266156676,167.6296836312638,165.92550074701597,173.1764951785369
76532.984,154.86332689579686,170.15369639462253,165.94616082912484,172.9851225215916,176.1271767968636,178.83139841133627,172.21464785284175,175.68557803780593,177.80854396146933,173.78602031981387,176.18783921446297,174.03854534595737,104.99710497364494,139.85159294516714,176.43376597386023
76533.019,156.35264032813288,169.517765853383,173.65614934096672,174.14908052482323,175.81560574252063,177.89050792676042,173.8040709432601,178.05909747655056,176.28282186113296,153.2012850586136,166.28806711530365,157.2257036520632,73.67267871626395,154.633963338394,174.0582260742204
76533.048,162.45662850546148,169.72831573042163,171.00876390239767,169.7005864224823,173.21710577098136,176.06171461378736,176.12093496786883,176.81955325032646,174.1974137053829,88.95548204140073,128.44017890269032,166.1828272754466,60.47092396500621,152.85111622784072,169.91957164570266
76533.098,161.03695403994897,168.37171339477393,177.44754211577356,165.01556496429725,178.89295688398516,172.8179407343816,168.82960822179447,174.27823590762446,171.82813461865612,71.25623199305592,139.11121872304102,167.75561847804497,54.94617655081745,152.02858380656767,169.73183302899164
76533.104,160.23567655599123,169.55888724643884,178.22478488283363,165.24317827873958,178.27661752782137,173.14330008746455,166.94628049230033,174.22993257804757,171.90513171217944,67.59026250898422,141.5531312653059,168.47724605014355,53.7543282275174,152.09927516692855,170.16121127715084
76533.13,158.1172846406443,170.16012879344387,173.5947390455523,164.4221651541807,178.52945522541324,174.93003553698344,142.10128220307985,85.33824281467302,155.66822529846652,65.15957195697275,138.25948311905518,165.6710017533823,49.91882634818219,151.06157819280907,166.8303308655954
76533.162,160.48140596873077,170.26285497712703,171.84372338360805,165.01432502083802,177.75410179256073,175.4659688308647,124.06824198520127,95.03360201867537,161.62079734526014,65.22091618470445,134.05858683823632,164.96986744101127,51.751450959699866,146.08916850214715,164.97347946752947
76533.193,162.44569536122899,169.56152622886665,169.6730784563293,166.06395121354134,177.48533411195208,175.46442342423657,123.88530827678815,93.99332664542081,161.96657058572163,68.71499278226793,130.25244247761802,165.18481605248348,53.657654318364635,143.36946606469067,165.96992906449196
76533.255,162.9517664390219,167.20302534050722,170.74713451234504,167.29716725765988,178.28562370155575,176.5483282361319,127.66629135621292,93.72465588417938,163.14099562613976,101.6219844581929,104.24509229860254,165.97351485988372,86.58156501407628,120.06440974751642,165.15162087183893
76533.288,161.3287171631153,169.5556505892444,170.59732286973914,168.46829542620256,173.59871413005274,175.6833462988567,157.078548377496,125.43659548327783,167.32641629703605,152.4085640349085,90.094807633298,165.7450731500731,126.00097361007955,105.05790656748091,167.01699535946605
76533.321,162.35533296060953,172.54674709306067,167.40952745154652,148.13279274228603,120.78637606908943,161.36874355600628,169.45843454759634,168.82100461619484,176.86542664826698,172.59684587125898,162.83077639546107,171.90095665352638,172.9684183308973,156.24415973436723,166.27355653647487
76533.353,158.94050213406751,172.76194523782615,167.43322607405904,143.0540435079441,128.95804220035566,162.20438085406894,172.1473462575612,171.00679604477153,175.169667401875,173.38313997762899,167.73877076771882,172.25872294975423,175.71828092517157,166.5491973431152,169.74288182781694
76533.385,159.09924862736563,172.05445013068007,161.10903182894486,144.03344507597706,141.17450773732995,163.3285651578425,173.4110582741335,174.12742621301825,175.50562839566146,174.38971744600937,170.77185316766446,172.3468220676775,175.21222573659657,167.56982499232032,170.0926255655097
76533.417,159.3549342604021,172.31528950766997,166.78296440010945,149.56942548976954,142.424039099686,163.03338376298063,173.74627359174065,174.902894738353,175.17500037208873,176.1325597073333,172.0879481339139,172.22762009413523,177.6386477348319,167.2977467853551,170.70250838325677
76533.449,159.99863922705848,170.70008178122,169.81389206972054,160.4891045057,163.27390857346694,172.3746367289589,175.2719759813856,175.87695612809702,175.68712808877427,176.33007103195683,174.7534575993833,173.3490040744201,174.74235330513451,168.6509965917416,171.9886323977592
76533.481,155.74933480919142,170.42212523970235,171.6991588114437,169.82968492482186,176.11880397386284,177.51443600888993,175.45381331303042,175.13390719971582,177.5051988811317,175.5659033940767,174.86953889379063,174.82992967434825,149.60271640205463,159.32938329744917,166.82023103108057
76533.53,152.59256218996325,171.9297022752508,169.08563805567135,173.39397045977904,178.59351593843098,177.72341166625307,176.97798288667818,175.96682080887751,177.98659454076042,170.43700028014615,174.20841388151857,174.41271357624765,85.89316379967313,150.3898617458041,178.1985641486135
76533.537,152.78426437191266,172.06822374452807,169.27159263367363,173.9013006302454,178.48293833789478,177.35500544518246,176.8728289064256,175.76651972870405,177.68468868349402,169.71233745180092,174.22077195521862,174.70224840351554,80.36309500352229,155.18760499361466,176.98947574260086
76533.56,161.6540793965431,169.85205643979347,173.82413406167146,169.44873473554202,175.75436800133537,175.19153011053353,175.1727933297877,178.5624928151893,173.7023009521836,97.52650801561,121.45474691204356,165.02594054549357,62.25617473524065,149.87047191873003,168.2879460545461
76533.592,160.35243087601847,170.14812045721249,175.73328191775823,168.11106915165513,178.14558813038497,175.0612974626147,148.7648763806749,122.86782368260755,145.55888653288133,64.4488922340083,143.02105419032918,166.1088901114259,50.01069069395094,153.77982166467274,167.69497008440314
76533.655,161.01277085804693,169.37922323927393,171.9319149893441,166.02365993851734,177.77070950718374,176.1120425316469,127.99742231630302,98.19327850698063,160.68638277819213,65.55845043532045,140.82067667695708,166.3819216985416,52.690423782211774,148.98029833176605,166.8419043724352
76533.689,159.64072328861297,167.53768459910887,171.04648029259474,166.0340304073133,177.13842401508472,176.59926763569325,126.01368811118067,99.90569595679018,160.91711948707308,69.69552503340454,135.8857754334549,166.58809434433698,53.55013407860535,147.5743480273926,167.38504469957408
76533.722,160.53630310671852,168.58086725931375,175.1822347901893,166.31085677183688,177.7801665004606,176.49083434580098,118.57280706285499,105.24721172916529,161.8257732205595,67.20706925213213,137.39082968406547,166.3365993943279,52.84528984999238,147.33819201105374,167.12540944029044
76533.753,161.51776197885053,167.54454404361803,175.20598564810604,168.42382152364806,177.73799363144153,176.09585881465281,109.77419187603967,111.51095688081446,162.26194687585524,65.94137580661756,135.42051529274838,163.22302029510325,55.41172434899228,142.89509243299514,164.66857252660438
76533.784,159.32245733492925,168.18749163830793,167.8275398076193,170.13617786263288,170.0633464063186,173.94849674419638,130.04179946828498,106.94301128760686,169.49172936798084,108.10439725863935,109.38736803788457,162.03219216605396,73.4118636458259,138.29010808820368,168.96168583296168
76533.817,162.5759471243151,171.36769049301472,168.29055568657324,150.02802674810783,120.79662360396762,160.76087699086804,164.3828846058888,170.9112380700288,173.24929812827347,159.26258727605185,158.41625766115843,168.74631130300247,120.75981517018919,130.53737422535946,163.96293513525828
76533.851,160.21715047762956,172.64536633152593,164.59690375984025,143.53616130331199,116.00933530576698,160.4511216476573,173.49925423783998,173.8974135524543,175.38811363419185,172.77005826415586,170.01011915187257,172.35376240512997,171.4035508723527,164.71117943345254,169.8288650303701
76533.88,161.41313851755407,172.3574968425326,167.24345952938893,140.81301271461294,129.87328892342714,162.05646013088096,173.19555272178386,173.71588379070724,174.9221103026233,173.79768580526138,169.44643363032174,172.0953363157652,176.57041264607886,164.05888455723556,169.77198571041936
76533.913,162.19780093540794,172.90531791626915,168.47585919646193,140.41556695535627,135.18530831886844,164.53821559929787,173.93958586174963,173.9238714537778,175.46400929150997,173.77312621163375,170.0804672427559,173.09049980990753,171.26250808533004,166.59196784613613,172.08782676530225
76533.962,155.24208153361715,173.90110761922313,166.71614797825444,154.07078165232792,121.28192564329,160.6870471370547,176.52184933162815,172.5193985631159,174.37076525971935,172.68184855243342,167.1504762756066,170.4947182087018,109.53494288830214,130.82458206203052,156.53107736820857
76533.968,156.4373057523404,172.82429329863777,167.55973113511195,153.31662639081435,121.52237343086993,158.89311784542102,176.938721006241,173.96352453034729,174.4469339184789,170.54271905052613,168.5748416927694,170.49977952180026,106.51475983473725,135.5812919932762,162.78489598223214
76533.992,153.59585879560706,171.37196008232672,171.63710735948288,169.08507904545627,171.89983224167887,176.21808902721077,176.695132525032,175.70111240160173,176.39208074671245,159.69707577593127,174.6421511177942,168.8100195531005,80.3021205460153,146.98342749642643,175.3824439198941
76534.058,156.0525841703058,171.4975159429212,173.9015672501538,173.0437444672665,175.38647940986343,177.12357837225636,176.8344371214675,178.71623767212347,174.8627028301419,119.12073733819683,135.4738863889631,163.01024843201776,61.21277559399036,159.13456254846568,171.31902471331674
76534.089,160.50348360502332,171.1908439769992,173.9714339346736,168.21273627610756,176.15351340452196,175.8280663221627,175.22664025142052,176.31660032991874,174.270978562737,88.9662396484713,131.81319311238312,167.4101336578992,54.99033761176021,157.4706372620084,170.33185211206697
76534.121,157.61470412078094,169.3109521646581,178.06241874649277,166.5425286589503,178.98903904009114,174.53551575265746,165.2474506998091,176.99029002342087,171.97413426499148,67.7465667970308,145.283251467353,168.03644025234016,50.6742094134437,156.21646862460435,169.506948001138
76534.154,158.47052542067965,171.36379107468434,174.46448804972445,165.35781937819263,178.78862017043494,175.5260412971811,141.71687786564436,93.82359773818958,154.51412969487257,64.31257454987552,142.32961742613293,166.43448588642576,47.49492471719629,155.75156902894048,166.38717167544283
76534.184,159.4996364826146,171.7666494258389,176.716875964381,164.5002156143806,177.66530593251656,176.3287427899702,120.78671451607055,99.43753278305203,161.72779838755758,60.597858990123136,143.14669699309354,166.07034670437474,48.98427788472334,151.60705077237876,165.74674477459544
76534.218,159.32606324480548,170.7263754123349,178.35017153242833,164.43028497136348,177.7120893288886,176.33123257301142,108.5091988631323,109.94244260077622,163.96560719331148,59.68419947875578,142.63671481526578,166.69615303290195,48.50218050536757,150.90745426678683,165.93602203323212
76534.248,161.22360651038815,170.77285644028208,177.68013432989613,165.9851986533149,177.97092770643164,176.24304158603988,103.43314634770148,112.51620345823797,164.07410952224288,61.01574564520973,140.49538201151134,165.99586981202262,51.253312971934626,145.3749443256131,166.63124947195485
76534.282,160.8775457068997,167.8415155130914,174.11506270029227,166.59623670468366,172.92212681004224,173.46255929513862,108.4695954307148,107.72270314289639,165.14503484419677,71.08579935283501,126.4728335762145,163.4492846447163,54.634593186803805,143.58560541965835,163.77961724921013
76534.313,160.62028495883848,169.65855078669895,174.95665710155941,167.20570843974318,172.35452893892065,173.4976475358833,137.27668350140382,132.89342959104835,172.7515896858597,124.77236882867288,129.08085020571937,172.48195904965038,86.99207497316874,137.35610536318586,173.01887529833442
76534.345,163.54881119731164,171.04434964095228,173.03498007742007,137.10821575969422,115.93159619390698,167.8593165427085,167.60656212164,173.491123800677,173.4427408063384,167.6835050225699,167.15494411401826,171.1445716295589,170.02986866125028,165.64502416784592,170.7790553365644
76534.392,158.87522090449886,173.2560701423534,169.18324475070492,142.45496143625968,119.10768727932134,164.3771990284871,171.1887033335756,172.49194047585655,174.66090059508784,172.46370794146605,168.793961945607,172.27767120115243,175.4508900191945,169.4678535383267,170.98098644033595
76534.397,160.02605799272615,172.42980645442717,169.69444026964564,145.3432356273217,116.43360858202556,160.11774379748755,172.20304183378664,172.8150032663929,175.04661876476308,173.64114182844844,169.13836399426012,172.24415978855072,177.46858727632787,168.18499438110908,171.51315882083563
76534.456,152.21054217539685,172.8445638139756,172.27431086296355,174.5333730828003,178.18497148804224,178.79374708896702,179.63320545966099,176.54680582512023,176.78890279453051,160.43272786071896,178.37554424454623,171.15554606533084,79.18854941783187,154.47721730163323,176.9048964590408
76534.489,158.24301015464115,169.60757440638363,178.369594061632,167.8227521982865,175.69803699508444,175.20649998926964,172.93577405842743,176.5230285817333,173.68916554641453,84.07536894070839,132.7341580921102,167.40167953044968,58.95063312386392,152.61591499241496,170.32213401882456
76534.52,157.6074192902854,171.03860192809978,178.13891415709304,166.81821565906873,177.9493533044467,174.48898268546148,143.47704545643234,85.75291529280197,156.0474551250598,64.43845917060128,142.2004440409641,165.6911118486163,51.346627113376854,152.7787948928573,167.27843399663337
76534.554,158.50981920445128,170.56848733102362,178.62605301286456,167.55364164858435,178.09852605291755,176.1534259677918,121.98367726107375,104.97995071973187,160.2120966308303,63.33770300082262,142.62581983638412,166.17217870808963,52.225221910819656,150.1309801178809,167.704383760362
76534.584,157.97789527672893,169.44127543285984,169.6564681787753,165.8525720155648,176.59255394401146,173.24862484517226,117.88040515427107,110.54970435705877,149.3506473378909,84.54886547224102,111.53278495712703,144.09921327570336,54.775131309740075,141.84129173773493,146.21028763060096
76534.619,165.80070787176822,169.45661939596334,173.6671717347471,142.48495764253187,89.68631153789048,169.16728476853143,157.00093891594332,163.28151709392898,164.05961562776787,154.25075132202812,159.89319366501593,164.1398604038967,100.69607281386021,129.2319546625203,155.07765788027953
76534.65,162.03390301031965,173.4536179853026,171.04689955224856,140.9250689152966,101.05673512072863,162.0205416949622,167.85922605243834,169.47118719184226,173.69529260170447,168.8856008936995,166.8792363994364,171.5783919075009,162.30584618071865,166.24169249336668,170.10136472023035
76534.68,151.06088944479197,173.1468994944756,173.9819850832753,162.89541946813395,91.91706389077737,153.88215985005414,176.84821619122263,167.84213385355787,174.56749185655553,174.7359435487108,159.57685209919083,173.7929611695415,112.34834235904025,138.47760191882452,168.84091272740386
76534.713,147.63786588184763,169.0097741552039,177.83189876270106,172.54197885006505,176.20349991123388,178.27158442520602,174.25195035142832,176.58803198330986,175.89056602234115,145.43824399397408,171.0540347682078,166.20288426274098,69.24057011001022,157.7941560082978,176.28720865156686
76534.744,153.00277884465478,167.06677151362194,175.21927828710065,170.52474000255864,177.33891389522992,177.74995221717373,147.543030519255,100.93025549444613,156.17151432305278,68.62534703609062,143.4148267480013,168.84486595432452,50.77014457550334,156.40332050713187,170.39264080600873
76534.777,155.11903231957592,168.62549428144183,175.7091028562883,170.06837753043732,177.9659833038771,178.14049071123347,78.66291645921063,123.837435241821,166.7461032879674,50.61093685566,141.41956335635544,167.1026331620105,42.93162090995621,152.76279312477763,167.48309917486233
76534.825,164.21805188327463,167.78684589935042,172.7445422029617,106.60874944591328,112.55142463574664,162.07323620959224,59.56492420485089,139.05059756293306,166.64969552029413,47.58302463301853,142.69438228934428,166.07518429151412,43.02575209549361,147.76612137334968,163.47029628120782
76534.856,162.4572690134376,171.04540956957385,176.99450824011817,88.14676684495952,127.15341822611526,167.84440376773352,57.44261079843227,139.94260985288818,169.41665106803194,46.89181912553514,140.4820345812895,167.23448950824692,42.53584329429208,143.62616281040442,163.5496948290011
76534.89,155.99625844465552,169.0177990349058,174.76637003164186,95.64484128119018,117.6533824708109,168.2646954297261,62.39816838381175,132.43611542101084,169.29394355144726,52.01768542025214,132.12097366350446,164.96651063459908,43.87816008937497,140.34477083389612,159.8387430467599
76534.921,153.45226265381075,172.88009026744783,176.97377889874406,102.81910504278935,119.57696716130866,167.90314599178163,78.34047649940295,128.41665196746288,170.33601299624067,64.72996101057663,132.87978732479922,168.4415624132741,57.96244321537369,137.22323637263221,167.30834643356354
76534.952,149.62261022147325,171.16947510508928,177.86667912201668,89.96412910326478,121.80686746942052,167.67479391441208,64.67186306256774,131.15828893048987,167.67718417539623,53.3575935826944,133.07538853281216,165.47558332422642,47.8635956986008,137.21159346011035,162.64197580369083
76534.985,150.99730894605887,171.57849450641868,175.2738704523137,75.7641957196208,129.970432272822,167.73279114070544,56.665423574292944,134.28434445453047,167.5676903788717,49.17887034646972,132.85180188623445,163.14906748629087,44.33128739719954,138.07164155818145,155.90972981632993
76535.016,147.67018978192408,171.62494898387862,176.6593277801704,78.22987800431353,131.15486354975573,166.77704742462387,61.13836528139218,133.0939383513533,167.8426088382065,52.13340191807009,133.0449282828388,162.2176369254079,44.99803274530318,138.06781336158195,153.58122127226912
76535.049,151.79715070140676,174.9888859531901,178.5334337775452,92.8048822227222,129.8536830151381,167.3660863878217,73.66741906038949,134.94799916740826,168.9736027378687,65.31787001014037,134.74147421635143,166.53144511039184,57.74468222352946,143.1401965647714,162.93284744244693
76535.08,154.30396979289605,173.9242155661106,176.29088771961366,86.01865722301,120.39939760609263,160.18046814027326,66.3189425951426,127.8555940370174,161.9342175243564,58.423507600654816,127.74845367060928,158.61164402698805,53.67821525391658,131.2105281020821,151.59696144945033
76535.114,165.53337566140496,176.00428464210447,167.55443647458276,69.00746515991064,138.07551424086765,160.52952468362582,58.92545203865449,136.07166797846352,162.99538163841603,54.08733029003657,132.26839514372665,156.67143376123929,50.115338037375565,137.32570393435583,147.04186416746188
76535.147,167.99886438112972,167.55193885581812,175.27967962454653,66.67300763814815,131.65470216496917,119.99967053182061,55.779163222085614,128.56132473656498,98.66093912620498,53.087000112435184,122.8425460260842,94.3255369693517,50.8669128997773,133.16873224125388,94.15619014599682
76535.176,178.6035233535425,144.93345858383307,142.2880909630104,63.24832695559537,148.3422721582298,140.5222721252231,55.67032303018831,139.06704088308632,145.07690623424833,52.3298397636432,132.90913628638557,130.50731732948526,50.20753083978857,141.1364609617617,122.49921138490383
