Timestamp_LSL,LM_0_X,LM_0_Y,LM_0_Z,LM_1_X,LM_1_Y,LM_1_Z,LM_2_X,LM_2_Y,LM_2_Z,LM_3_X,LM_3_Y,LM_3_Z,LM_4_X,LM_4_Y,LM_4_Z,LM_5_X,LM_5_Y,LM_5_Z,LM_6_X,LM_6_Y,LM_6_Z,LM_7_X,LM_7_Y,LM_7_Z,LM_8_X,LM_8_Y,LM_8_Z,LM_9_X,LM_9_Y,LM_9_Z,LM_10_X,LM_10_Y,LM_10_Z,LM_11_X,LM_11_Y,LM_11_Z,LM_12_X,LM_12_Y,LM_12_Z,LM_13_X,LM_13_Y,LM_13_Z,LM_14_X,LM_14_Y,LM_14_Z,LM_15_X,LM_15_Y,LM_15_Z,LM_16_X,LM_16_Y,LM_16_Z,LM_17_X,LM_17_Y,LM_17_Z,LM_18_X,LM_18_Y,LM_18_Z,LM_19_X,LM_19_Y,LM_19_Z,LM_20_X,LM_20_Y,LM_20_Z
76507.652,0.549053430557251,0.31806227564811707,-1.9724181754554593e-07,0.5374616384506226,0.23803813755512238,0.015144594945013523,0.49643266201019287,0.18837040662765503,0.02011108212172985,0.45912879705429077,0.1821368932723999,0.0210381168872118,0.42914286255836487,0.20134936273097992,0.02060868963599205,0.46114251017570496,0.1689513921737671,0.008027167990803719,0.39744848012924194,0.17581228911876678,0.006357579957693815,0.3949141204357147,0.2014061063528061,0.008028091862797737,0.4090176224708557,0.21300724148750305,0.00822420883923769,0.4365476667881012,0.19697163999080658,-0.004998689983040094,0.3638303875923157,0.1893056035041809,-0.009223118424415588,0.3696048855781555,0.21927575767040253,-0.004261785186827183,0.38989493250846863,0.2347903549671173,0.00020619662245735526,0.420482873916626,0.2402707040309906,-0.016772320494055748,0.3508896231651306,0.231712207198143,-0.02438858337700367,0.3607557713985443,0.259507954120636,-0.017847293987870216,0.3800114691257477,0.2704167068004608,-0.011930214241147041,0.41604530811309814,0.2945976257324219,-0.02687782607972622,0.3661611080169678,0.2878527045249939,-0.03745322301983833,0.35543543100357056,0.29991814494132996,-0.034893862903118134,0.3521614074707031,0.30691683292388916,-0.030499719083309174
76507.75,0.5608356595039368,0.3672370910644531,-1.1324100768206335e-07,0.5490737557411194,0.3018469214439392,-0.0011069756001234055,0.4960504472255707,0.24803367257118225,-0.008840112015604973,0.4405907094478607,0.22934073209762573,-0.017408374696969986,0.39391177892684937,0.2356942892074585,-0.02905636839568615,0.4689856469631195,0.22021529078483582,-0.03809117153286934,0.3931542932987213,0.19229447841644287,-0.06875413656234741,0.3409442603588104,0.2032637596130371,-0.0885661244392395,0.3075251281261444,0.23322030901908875,-0.09933014214038849,0.4580689072608948,0.2432285100221634,-0.050947368144989014,0.3756635785102844,0.2077559232711792,-0.07902456074953079,0.32338905334472656,0.225935161113739,-0.0933043509721756,0.28987228870391846,0.2628399133682251,-0.10106118023395538,0.45495593547821045,0.2854495644569397,-0.06294712424278259,0.3716892600059509,0.24985508620738983,-0.08793344348669052,0.32118624448776245,0.26858454942703247,-0.09672722965478897,0.2889317274093628,0.3016100525856018,-0.10029508918523788,0.45677095651626587,0.34280914068222046,-0.07365482300519943,0.39395207166671753,0.31848427653312683,-0.09820396453142166,0.35203471779823303,0.31762465834617615,-0.106582410633564,0.3217049837112427,0.3280438482761383,-0.10941041260957718
76507.776,0.5218733549118042,0.34822922945022583,-5.100600901641883e-07,0.4254577159881592,0.3810737729072571,0.014368859119713306,0.35670310258865356,0.35890015959739685,0.02889503538608551,0.31268829107284546,0.3399868309497833,0.0377286933362484,0.2791638970375061,0.32577642798423767,0.045458532869815826,0.34651508927345276,0.2146100401878357,0.042572926729917526,0.2906545400619507,0.2704452574253082,0.051782023161649704,0.2689104676246643,0.32945716381073,0.052344270050525665,0.2610529065132141,0.38135629892349243,0.05220011621713638,0.35673147439956665,0.20679597556591034,0.030173128470778465,0.2941635251045227,0.28485924005508423,0.037276796996593475,0.26793336868286133,0.3516324460506439,0.02451867237687111,0.2542940676212311,0.4121813178062439,0.014092942699790001,0.3654981255531311,0.22051115334033966,0.01707473397254944,0.30294716358184814,0.30103713274002075,0.016704820096492767,0.2725573182106018,0.36806535720825195,0.002271398203447461,0.25556862354278564,0.42478227615356445,-0.007939857430756092,0.37371423840522766,0.25516223907470703,0.004785128869116306,0.3166687488555908,0.3100407123565674,0.0014075685758143663,0.2873753607273102,0.35674014687538147,-0.0030566679779440165,0.26448220014572144,0.39925289154052734,-0.005154919344931841
76507.809,0.4769587814807892,0.39273950457572937,-4.487032754241227e-07,0.4359147548675537,0.3456985354423523,-0.0018657537875697017,0.3685903251171112,0.3205876648426056,-0.00867709331214428,0.3107139468193054,0.333617240190506,-0.014860615134239197,0.26759958267211914,0.3598692715167999,-0.022407522425055504,0.34475764632225037,0.26754462718963623,-0.034593284130096436,0.26351481676101685,0.3197408616542816,-0.049162402749061584,0.23064996302127838,0.3737659156322479,-0.05262543261051178,0.21568770706653595,0.42203575372695923,-0.05314168334007263,0.35601893067359924,0.28365904092788696,-0.040356867015361786,0.2755196988582611,0.3464795649051666,-0.05272054299712181,0.24559493362903595,0.4068240821361542,-0.054996173828840256,0.2285316288471222,0.4587023854255676,-0.058501098304986954,0.3688730299472809,0.31505587697029114,-0.0447889119386673,0.2948129177093506,0.37075620889663696,-0.05432722717523575,0.2606772184371948,0.4278477430343628,-0.05427497252821922,0.23937252163887024,0.4780294895172119,-0.05660640448331833,0.38205450773239136,0.3572565019130707,-0.0485265851020813,0.3278336524963379,0.40150097012519836,-0.06214352697134018,0.2972211539745331,0.4382510483264923,-0.06591857224702835,0.27536243200302124,0.47410595417022705,-0.06755808740854263
76507.865,0.6124498248100281,0.6095530986785889,-6.353919843604672e-07,0.527747392654419,0.5076440572738647,0.015353229828178883,0.4281771183013916,0.46851712465286255,0.0038604545406997204,0.34586501121520996,0.4770974814891815,-0.012561489827930927,0.2875751256942749,0.506025493144989,-0.0335431732237339,0.4084711968898773,0.43233421444892883,-0.04867119714617729,0.27323588728904724,0.4370822012424469,-0.08758164942264557,0.2201431840658188,0.49877405166625977,-0.10730188339948654,0.20188669860363007,0.5500413775444031,-0.11601824313402176,0.4277695417404175,0.4893995523452759,-0.07419762015342712,0.2880313992500305,0.5012049674987793,-0.10445898026227951,0.22625568509101868,0.5634623765945435,-0.10842878371477127,0.20431630313396454,0.6130058765411377,-0.11124122142791748,0.44882431626319885,0.5724193453788757,-0.09718628227710724,0.3077663481235504,0.5907764434814453,-0.12437285482883453,0.24918758869171143,0.6409081220626831,-0.11884070932865143,0.2286940962076187,0.6767100095748901,-0.11371232569217682,0.46844059228897095,0.6710124611854553,-0.11745560169219971,0.35001233220100403,0.7061150074005127,-0.1432107537984848,0.2921638786792755,0.732494592666626,-0.1411590874195099,0.26236745715141296,0.751639723777771,-0.13577158749103546
76507.897,0.6222923398017883,0.6423434019088745,-2.611615741443529e-07,0.5392399430274963,0.5444064140319824,0.023866575211286545,0.44547951221466064,0.5069146752357483,0.0162856113165617,0.3685004413127899,0.5135466456413269,0.004271756857633591,0.31189414858818054,0.5400551557540894,-0.012196741998195648,0.42383936047554016,0.4770062565803528,-0.0462653785943985,0.29828202724456787,0.47787487506866455,-0.07760307192802429,0.23410913348197937,0.512861967086792,-0.09043269604444504,0.1986318826675415,0.548090934753418,-0.09427587687969208,0.437852144241333,0.5393408536911011,-0.07239250838756561,0.3035411834716797,0.5537694692611694,-0.09787175059318542,0.24484705924987793,0.5930578112602234,-0.09767021983861923,0.2202286273241043,0.6268709897994995,-0.09567460417747498,0.456426739692688,0.6229021549224854,-0.09432901442050934,0.32609155774116516,0.64512699842453,-0.11271927505731583,0.27238768339157104,0.6778733134269714,-0.10396302491426468,0.24784889817237854,0.700629711151123,-0.09685079008340836,0.4779733121395111,0.7165952324867249,-0.11289164423942566,0.3773118853569031,0.7562359571456909,-0.13074102997779846,0.3209885060787201,0.7747810482978821,-0.12831448018550873,0.28237253427505493,0.7842211723327637,-0.12332601100206375
76507.93,0.6133548617362976,0.6722663044929504,-1.5503199790600775e-07,0.5345365405082703,0.5690975785255432,0.024869859218597412,0.4414191246032715,0.5309491753578186,0.01907035894691944,0.36339330673217773,0.543102502822876,0.009678821079432964,0.30570900440216064,0.5720420479774475,-0.003659455804154277,0.4231337606906891,0.5042741298675537,-0.050104591995477676,0.2934076189994812,0.49749428033828735,-0.08189268410205841,0.23127521574497223,0.5384746193885803,-0.09117240458726883,0.20114925503730774,0.5782517194747925,-0.09063167870044708,0.4379163086414337,0.5640648007392883,-0.07502981275320053,0.30143511295318604,0.5713381767272949,-0.10117831826210022,0.24059294164180756,0.6205731630325317,-0.09566264599561691,0.2227504551410675,0.661928653717041,-0.08729194849729538,0.4576754570007324,0.6454296708106995,-0.09552875906229019,0.32896241545677185,0.6728388667106628,-0.1130833625793457,0.27834224700927734,0.7103242874145508,-0.09793934226036072,0.2639971375465393,0.7302851676940918,-0.08389168232679367,0.4798200726509094,0.7364563345909119,-0.11264973878860474,0.37657684087753296,0.7826238870620728,-0.12816180288791656,0.3292157053947449,0.8002815842628479,-0.12056908011436462,0.3064035177230835,0.7985184192657471,-0.10983433574438095
76507.978,0.6123372316360474,0.689268946647644,-1.933435811452e-07,0.5371653437614441,0.5833329558372498,0.02387445978820324,0.44684648513793945,0.5445177555084229,0.016439946368336678,0.36780643463134766,0.5509640574455261,0.006156514398753643,0.3074861764907837,0.5763576030731201,-0.007513190619647503,0.424269437789917,0.5181992053985596,-0.05653396248817444,0.2912788689136505,0.5162758231163025,-0.08518044650554657,0.2312508076429367,0.5553414821624756,-0.08899796009063721,0.20355963706970215,0.593284010887146,-0.08478798717260361,0.4395577907562256,0.5785765647888184,-0.07998788356781006,0.29844674468040466,0.5918168425559998,-0.10301779955625534,0.24461178481578827,0.6374178528785706,-0.0928114652633667,0.23275215923786163,0.6690621376037598,-0.08167430013418198,0.4577494263648987,0.6592844128608704,-0.09820657968521118,0.32088321447372437,0.6918482184410095,-0.11465319991111755,0.28178712725639343,0.7301382422447205,-0.09387437254190445,0.2801856994628906,0.7447257041931152,-0.07616889476776123,0.4776039719581604,0.7489902973175049,-0.11301236599683762,0.370161771774292,0.8008507490158081,-0.1290723979473114,0.3299190104007721,0.8167435526847839,-0.1187230795621872,0.31748902797698975,0.8087434768676758,-0.1055203229188919
76508.014,0.6150628328323364,0.7025439739227295,-2.088498831653851e-07,0.5429466366767883,0.5943555235862732,0.025425082072615623,0.4561813473701477,0.5543996095657349,0.01798524148762226,0.379100501537323,0.5579319596290588,0.0076766107231378555,0.318215548992157,0.5807961225509644,-0.005688179284334183,0.43076688051223755,0.5296417474746704,-0.05883200466632843,0.29300010204315186,0.5277835130691528,-0.08688224852085114,0.2334020584821701,0.5661922097206116,-0.08872964233160019,0.20642906427383423,0.6034704446792603,-0.08289213478565216,0.44466009736061096,0.59141606092453,-0.08268555998802185,0.2969798445701599,0.6075156927108765,-0.10506584495306015,0.2466035783290863,0.6504706740379333,-0.09231823682785034,0.23783789575099945,0.6776507496833801,-0.07934389263391495,0.4607013463973999,0.6734089255332947,-0.10091978311538696,0.3179095387458801,0.7038796544075012,-0.11645235866308212,0.2829710841178894,0.7376192212104797,-0.09229396283626556,0.2855130434036255,0.748336136341095,-0.07224831730127335,0.47835826873779297,0.7636656165122986,-0.11569473892450333,0.36777231097221375,0.8105902671813965,-0.13117066025733948,0.3294644355773926,0.8225646615028381,-0.11878065019845963,0.31959712505340576,0.8123453855514526,-0.10389523953199387
76508.041,0.6164758205413818,0.7127687335014343,-2.008553536825275e-07,0.5453262329101562,0.6033429503440857,0.024924390017986298,0.4593107998371124,0.5639166831970215,0.01779085211455822,0.3832472860813141,0.5703396201133728,0.0075145745649933815,0.32372379302978516,0.5961297750473022,-0.0057253711856901646,0.43460744619369507,0.5398696064949036,-0.056083742529153824,0.29551416635513306,0.5376758575439453,-0.08506680279970169,0.2361658811569214,0.575663149356842,-0.08884468674659729,0.20942865312099457,0.6125981211662292,-0.08436241000890732,0.4458259046077728,0.6029042601585388,-0.07979550212621689,0.2981043756008148,0.6159794926643372,-0.10236366093158722,0.2474636435508728,0.6578658819198608,-0.09155725687742233,0.23817984759807587,0.684829831123352,-0.08011804521083832,0.4597557783126831,0.6848498582839966,-0.09819373488426208,0.31613868474960327,0.7146382927894592,-0.11399030685424805,0.2836708724498749,0.7488170862197876,-0.09150417149066925,0.2882855236530304,0.7592492699623108,-0.07261504232883453,0.47576722502708435,0.7738944888114929,-0.11331376433372498,0.36514583230018616,0.821073055267334,-0.12900644540786743,0.3297678232192993,0.8310637474060059,-0.1174044981598854,0.32357147336006165,0.8175716400146484,-0.10320106148719788
76508.072,0.6143381595611572,0.7225838303565979,-2.352054906396006e-07,0.5443987250328064,0.6125563979148865,0.024592595174908638,0.46058064699172974,0.5696923732757568,0.01787743717432022,0.3852359652519226,0.5747684836387634,0.008594512939453125,0.32521992921829224,0.5982036590576172,-0.0035695782862603664,0.43469300866127014,0.5447373390197754,-0.060396499931812286,0.2950724959373474,0.5434504151344299,-0.09072724729776382,0.23585529625415802,0.5837212800979614,-0.09388832002878189,0.20905296504497528,0.6219513416290283,-0.08839428424835205,0.4474855363368988,0.6075254082679749,-0.08408617228269577,0.2963373363018036,0.6233910918235779,-0.10848665237426758,0.24760784208774567,0.669732391834259,-0.09556587785482407,0.2415594905614853,0.6991398930549622,-0.08170855045318604,0.4618086814880371,0.6900129318237305,-0.10250328481197357,0.31582674384117126,0.7207653522491455,-0.11994782090187073,0.28471803665161133,0.7569926381111145,-0.09495250135660172,0.290431410074234,0.7680492401123047,-0.07331585139036179,0.47800713777542114,0.7800630927085876,-0.11764921993017197,0.3632059395313263,0.8242602348327637,-0.134083092212677,0.32926496863365173,0.8344272375106812,-0.12068295478820801,0.324868381023407,0.8223721385002136,-0.10449239611625671
76508.105,0.6116564273834229,0.7322888970375061,-2.2208719485661277e-07,0.5445393919944763,0.6220476031303406,0.02371089905500412,0.4614662528038025,0.5755227208137512,0.01578616350889206,0.385743647813797,0.5767440795898438,0.005337596405297518,0.3257347345352173,0.5987136363983154,-0.008138817735016346,0.43698570132255554,0.5489516854286194,-0.06337890774011612,0.297283411026001,0.5439556241035461,-0.09257850795984268,0.23796427249908447,0.5827357769012451,-0.09456449747085571,0.2117876559495926,0.6205039024353027,-0.088630810379982,0.4496963918209076,0.6121023297309875,-0.08689478784799576,0.2981054186820984,0.6246645450592041,-0.11108151078224182,0.24936698377132416,0.6702244281768799,-0.09807644039392471,0.243754044175148,0.6990428566932678,-0.08478523045778275,0.4630688726902008,0.6956484317779541,-0.10485926270484924,0.3164123296737671,0.7207222580909729,-0.12254894524812698,0.28414422273635864,0.7592153549194336,-0.09817404299974442,0.29012221097946167,0.7740141749382019,-0.07752414047718048,0.47773706912994385,0.7872103452682495,-0.11944523453712463,0.36402589082717896,0.8222982883453369,-0.1356462985277176,0.3321908116340637,0.8377393484115601,-0.12172345072031021,0.3307611048221588,0.8353277444839478,-0.10560671985149384
76508.137,0.610392153263092,0.7386481761932373,-2.6647967388271354e-07,0.5425134301185608,0.6284101009368896,0.024536816403269768,0.45655038952827454,0.5833092927932739,0.016956591978669167,0.3789432942867279,0.5870038270950317,0.006918200757354498,0.3182569146156311,0.6088102459907532,-0.006059000734239817,0.43693724274635315,0.5559462308883667,-0.06635035574436188,0.29848843812942505,0.5489727854728699,-0.09368710964918137,0.23972687125205994,0.5890544652938843,-0.0915011316537857,0.21543505787849426,0.6260806918144226,-0.08327887207269669,0.45156192779541016,0.6210342049598694,-0.09114592522382736,0.3002622127532959,0.6326842904090881,-0.11735551804304123,0.25279563665390015,0.6783480048179626,-0.10329919308423996,0.24994538724422455,0.706987202167511,-0.08878549188375473,0.46668118238449097,0.7056564688682556,-0.1100713387131691,0.3221566677093506,0.7305721044540405,-0.12974220514297485,0.28840741515159607,0.7688148021697998,-0.10633194446563721,0.29308921098709106,0.7839227318763733,-0.08623596280813217,0.48292189836502075,0.7970460653305054,-0.12528878450393677,0.3709527254104614,0.8321830630302429,-0.14504534006118774,0.33484402298927307,0.8422797918319702,-0.13497371971607208,0.3282153010368347,0.8345772624015808,-0.12160032987594604
76508.168,0.6094784140586853,0.7467494606971741,-2.7741995722863066e-07,0.5421239137649536,0.6393698453903198,0.020791424438357353,0.4556331932544708,0.5926203727722168,0.012161672115325928,0.37808355689048767,0.5955570936203003,0.002349345711991191,0.3185243308544159,0.6194844841957092,-0.010835598222911358,0.4376029074192047,0.5633538961410522,-0.07304759323596954,0.298918753862381,0.5618728399276733,-0.10176637768745422,0.24085427820682526,0.6026703715324402,-0.10098475217819214,0.21835212409496307,0.6381033658981323,-0.09389745444059372,0.4553104341030121,0.6307581663131714,-0.09661579877138138,0.30277755856513977,0.6466010212898254,-0.12385433912277222,0.2560802698135376,0.6913890242576599,-0.11152655631303787,0.2561207413673401,0.7192509174346924,-0.09872721135616302,0.47297731041908264,0.7171258926391602,-0.11431293189525604,0.3265693783760071,0.742408037185669,-0.13667364418506622,0.29050034284591675,0.7773857712745667,-0.1168551817536354,0.29536905884742737,0.7894867658615112,-0.09929975867271423,0.4902154207229614,0.8095735311508179,-0.1281469762325287,0.3753213882446289,0.8453848361968994,-0.15206372737884521,0.33895421028137207,0.8517032265663147,-0.14504578709602356,0.3336201608181,0.8390461206436157,-0.13382846117019653
76508.199,0.6084776520729065,0.7565109133720398,-2.556741947046248e-07,0.5421305894851685,0.6507648229598999,0.017740188166499138,0.45549747347831726,0.6011651754379272,0.007975693792104721,0.3771499693393707,0.6015948057174683,-0.002300025662407279,0.31714731454849243,0.6239131689071655,-0.01631191186606884,0.4379357397556305,0.569862425327301,-0.07379894703626633,0.3010610044002533,0.5739692449569702,-0.1022016853094101,0.24221257865428925,0.6140755414962769,-0.10308463126420975,0.21815888583660126,0.6481452584266663,-0.09789007902145386,0.45624521374702454,0.6395189166069031,-0.09652151167392731,0.30457761883735657,0.6562452912330627,-0.12395666539669037,0.2591027021408081,0.7021157741546631,-0.11439026892185211,0.26013365387916565,0.730870246887207,-0.10425016283988953,0.47374415397644043,0.7282488942146301,-0.11353202164173126,0.32770878076553345,0.7529470324516296,-0.1367100179195404,0.2896343767642975,0.7915058732032776,-0.1203167513012886,0.29250073432922363,0.8062422275543213,-0.10572503507137299,0.4904745817184448,0.8234944343566895,-0.1267254799604416,0.3742048144340515,0.8589271903038025,-0.150216743350029,0.3397182822227478,0.8657122850418091,-0.14365269243717194,0.33649834990501404,0.8528752326965332,-0.13368409872055054
76508.232,0.609223484992981,0.7635949850082397,-2.0359642860512395e-07,0.5420182943344116,0.6597404479980469,0.01866253837943077,0.45288926362991333,0.6114956736564636,0.008273504674434662,0.3721550703048706,0.6137946248054504,-0.0023213294334709644,0.3104301393032074,0.6379572153091431,-0.017348410561680794,0.4393429458141327,0.5798226594924927,-0.07868717610836029,0.30273234844207764,0.5819835662841797,-0.10675729066133499,0.24118611216545105,0.6189624071121216,-0.10671547055244446,0.21378424763679504,0.6514885425567627,-0.10140719264745712,0.4604370892047882,0.6498275399208069,-0.10247650742530823,0.30418914556503296,0.6666991114616394,-0.1313076615333557,0.25585073232650757,0.707129180431366,-0.12175452709197998,0.25476813316345215,0.7325097322463989,-0.11156193166971207,0.4799041748046875,0.7393057346343994,-0.11991798877716064,0.32636380195617676,0.7677727937698364,-0.14560836553573608,0.28348785638809204,0.8045597076416016,-0.13028110563755035,0.28251913189888,0.8186182975769043,-0.11616594344377518,0.49785029888153076,0.8356836438179016,-0.13296476006507874,0.3782878518104553,0.8742550611495972,-0.15940140187740326,0.3445538282394409,0.8791738748550415,-0.15385708212852478,0.34300294518470764,0.8639196157455444,-0.14440931379795074
76508.263,0.6128047108650208,0.7735821008682251,-1.6386366041842848e-07,0.5451744794845581,0.6681614518165588,0.017700379714369774,0.4555758833885193,0.6193210482597351,0.0062300157733261585,0.3724629580974579,0.6227685213088989,-0.004523174837231636,0.3091192841529846,0.6486644744873047,-0.019592739641666412,0.4443812668323517,0.5878028869628906,-0.08457064628601074,0.30558115243911743,0.5870996713638306,-0.11469346284866333,0.2411746233701706,0.6239559650421143,-0.11478812992572784,0.21315978467464447,0.6572885513305664,-0.10870664566755295,0.466108113527298,0.659243643283844,-0.10788639634847641,0.3056747019290924,0.6745376586914062,-0.1383223682641983,0.25439900159835815,0.7125110626220703,-0.12702757120132446,0.25343218445777893,0.7363009452819824,-0.11445701122283936,0.4851544201374054,0.74978107213974,-0.12482896447181702,0.3274613916873932,0.7789323925971985,-0.15204796195030212,0.28062203526496887,0.8127524852752686,-0.1353786587715149,0.2783573865890503,0.824480414390564,-0.11923248320817947,0.5027796626091003,0.8471958041191101,-0.13725140690803528,0.3805793523788452,0.890312135219574,-0.16540388762950897,0.34593600034713745,0.8946371674537659,-0.15938343107700348,0.3456215262413025,0.8778923749923706,-0.14845594763755798
76508.297,0.617078423500061,0.7814556956291199,-1.2994343023819965e-07,0.5479289293289185,0.6759486794471741,0.015279578976333141,0.4585014581680298,0.6253255009651184,0.0016277700196951628,0.37530913949012756,0.6277530789375305,-0.010382391512393951,0.3106708526611328,0.6534273624420166,-0.02616262249648571,0.4501659870147705,0.5969142913818359,-0.09193281084299088,0.3090938925743103,0.5964175462722778,-0.1233878955245018,0.24303412437438965,0.6310818195343018,-0.12292160838842392,0.21403224766254425,0.6621061563491821,-0.11558524519205093,0.47182178497314453,0.6713449358940125,-0.1136195957660675,0.30867868661880493,0.685907781124115,-0.14316457509994507,0.25365668535232544,0.7170764803886414,-0.12860895693302155,0.25047382712364197,0.7358655333518982,-0.11342577636241913,0.4901377260684967,0.7625589370727539,-0.12877418100833893,0.3294646739959717,0.7886977195739746,-0.15408864617347717,0.28390514850616455,0.8114805817604065,-0.13193026185035706,0.28561538457870483,0.8140991926193237,-0.11159530282020569,0.5061808228492737,0.859971284866333,-0.13995851576328278,0.38280990719795227,0.9063240885734558,-0.16755399107933044,0.34440991282463074,0.9057952761650085,-0.15943355858325958,0.34283074736595154,0.8829679489135742,-0.14598718285560608
76508.328,0.622753381729126,0.7892118692398071,-1.0067178379813413e-07,0.5545202493667603,0.6806856989860535,0.014128531329333782,0.4656299650669098,0.6281520128250122,0.0003268952714279294,0.38298144936561584,0.6292189359664917,-0.01110872533172369,0.3175709545612335,0.6565970778465271,-0.02645680494606495,0.4570412337779999,0.6006597876548767,-0.09403356909751892,0.3143133521080017,0.6004513502120972,-0.12613439559936523,0.24796663224697113,0.6351083517074585,-0.12712566554546356,0.2184334397315979,0.6658212542533875,-0.12052875012159348,0.47727474570274353,0.6781967282295227,-0.1142294630408287,0.31390050053596497,0.6933819651603699,-0.14276571571826935,0.25517725944519043,0.7219855189323425,-0.1290532648563385,0.24877579510211945,0.7395637035369873,-0.11507973074913025,0.4936066269874573,0.7722474932670593,-0.12782548367977142,0.3318587839603424,0.7982555031776428,-0.15325817465782166,0.28477925062179565,0.8187174201011658,-0.1323556751012802,0.2856123447418213,0.8195013999938965,-0.11277633160352707,0.5082180500030518,0.8713200092315674,-0.13728712499141693,0.3812379539012909,0.9171221852302551,-0.16413919627666473,0.3420984148979187,0.914743185043335,-0.155231311917305,0.34115496277809143,0.8895242214202881,-0.14123846590518951
76508.362,0.6271995306015015,0.7954209446907043,-8.306118814971342e-08,0.5577771067619324,0.68663090467453,0.01462925411760807,0.4689843952655792,0.6308854818344116,0.0012829492334276438,0.3868798315525055,0.6265280246734619,-0.009428229182958603,0.32144564390182495,0.6527837514877319,-0.023902086541056633,0.4608546495437622,0.607692301273346,-0.09446563571691513,0.3184747099876404,0.6044868230819702,-0.12553466856479645,0.2522203326225281,0.6372460722923279,-0.12521597743034363,0.22288325428962708,0.6682368516921997,-0.11812544614076614,0.4804423153400421,0.6867771148681641,-0.11446579545736313,0.31557750701904297,0.6996462345123291,-0.14250630140304565,0.25731927156448364,0.7250607013702393,-0.12842077016830444,0.2497635781764984,0.741008460521698,-0.11467773467302322,0.4962092936038971,0.7819859981536865,-0.12767581641674042,0.33293747901916504,0.807296097278595,-0.15291845798492432,0.2857174575328827,0.8249247074127197,-0.13304264843463898,0.2843032479286194,0.824118971824646,-0.11481696367263794,0.5103281140327454,0.8815591931343079,-0.13657502830028534,0.3861732482910156,0.9247903227806091,-0.16427142918109894,0.3435400128364563,0.9206660985946655,-0.15761280059814453,0.33569034934043884,0.8948215246200562,-0.14590980112552643
76508.442,0.636203408241272,0.8074817657470703,-7.154998371561305e-08,0.5674708485603333,0.6954970359802246,0.011404554359614849,0.47934532165527344,0.6385971307754517,-0.0022749355994164944,0.39654502272605896,0.633331298828125,-0.011320448480546474,0.3299427926540375,0.6560484170913696,-0.02381640486419201,0.4728083312511444,0.6213176250457764,-0.10458571463823318,0.33116352558135986,0.6147280335426331,-0.13782037794589996,0.2613735795021057,0.6452258229255676,-0.13734713196754456,0.22841820120811462,0.6749051809310913,-0.13019172847270966,0.49128103256225586,0.7022983431816101,-0.12249911576509476,0.32734230160713196,0.7141295671463013,-0.15409797430038452,0.2708529233932495,0.7334848642349243,-0.14095598459243774,0.26612067222595215,0.7451280951499939,-0.12778125703334808,0.5044230222702026,0.798392117023468,-0.13367846608161926,0.3392636775970459,0.8234153389930725,-0.16384515166282654,0.28197842836380005,0.8368152379989624,-0.1514144390821457,0.2706519365310669,0.8336430788040161,-0.13849888741970062,0.516656756401062,0.8962209224700928,-0.13989514112472534,0.39576655626296997,0.9399909377098083,-0.1736939400434494,0.3496744632720947,0.9312523007392883,-0.17463089525699615,0.3367084860801697,0.9027063250541687,-0.16880132257938385
76508.447,0.637241005897522,0.8084772825241089,-6.34228172202711e-08,0.5687910914421082,0.6985610723495483,0.01304129883646965,0.4759446382522583,0.6455458998680115,-0.0011687789810821414,0.39033234119415283,0.646511435508728,-0.012145042419433594,0.3244244158267975,0.6741466522216797,-0.027527546510100365,0.47047799825668335,0.6203283667564392,-0.09751837700605392,0.3316189646720886,0.6186045408248901,-0.13011586666107178,0.26386943459510803,0.6474494934082031,-0.13273614645004272,0.22978971898555756,0.6755710244178772,-0.12924237549304962,0.48973989486694336,0.7012642025947571,-0.11733655631542206,0.3277498483657837,0.715248167514801,-0.14779537916183472,0.2702462375164032,0.7353871464729309,-0.1384805291891098,0.26050740480422974,0.7472965717315674,-0.12940625846385956,0.5053159594535828,0.7970635890960693,-0.13046349585056305,0.34096723794937134,0.8248632550239563,-0.15906590223312378,0.2880270183086395,0.8376031517982483,-0.1473216563463211,0.2776808738708496,0.8312877416610718,-0.1360340267419815,0.5188217163085938,0.8946249485015869,-0.13877704739570618,0.3961584270000458,0.9424630999565125,-0.17121052742004395,0.349719762802124,0.9399319887161255,-0.1719694435596466,0.3335721492767334,0.9135032892227173,-0.16693256795406342
76508.473,0.6426573395729065,0.8157263398170471,-2.0937306999258e-08,0.5752612352371216,0.7040411233901978,0.011655320413410664,0.48428723216056824,0.6481292247772217,-0.0026124396827071905,0.40077677369117737,0.6446897983551025,-0.013311312533915043,0.3347399830818176,0.6687905788421631,-0.02849707007408142,0.478911429643631,0.6269688606262207,-0.09797292202711105,0.3404192328453064,0.6230022311210632,-0.1315309852361679,0.26877331733703613,0.6469045877456665,-0.1357521116733551,0.23000091314315796,0.67081618309021,-0.13246725499629974,0.4959981143474579,0.7097201943397522,-0.11626751720905304,0.33230745792388916,0.7216783761978149,-0.1457517147064209,0.271139919757843,0.7361252903938293,-0.13601991534233093,0.2599249482154846,0.7458415627479553,-0.12588384747505188,0.509753406047821,0.8062779903411865,-0.12778350710868835,0.34662437438964844,0.8310232758522034,-0.15447749197483063,0.2959479093551636,0.8331508040428162,-0.13965775072574615,0.2915211021900177,0.8204406499862671,-0.12509605288505554,0.5209782123565674,0.9043945670127869,-0.13494466245174408,0.39455726742744446,0.9496988654136658,-0.16512128710746765,0.34706443548202515,0.9398447871208191,-0.1628389209508896,0.33410558104515076,0.9075435996055603,-0.15444189310073853
76508.505,0.6455416679382324,0.8193963170051575,1.6515066647571075e-08,0.5775240063667297,0.7095269560813904,0.009250550530850887,0.4833056330680847,0.6548309326171875,-0.00707482872530818,0.3979843854904175,0.6511116027832031,-0.020421791821718216,0.33039385080337524,0.6704184412956238,-0.03864159435033798,0.48058009147644043,0.6338791847229004,-0.09648681432008743,0.3439664840698242,0.629698634147644,-0.13115647435188293,0.27161532640457153,0.6526021957397461,-0.1386900097131729,0.2307705134153366,0.6755671501159668,-0.13860921561717987,0.49771034717559814,0.7190257906913757,-0.11528648436069489,0.33782246708869934,0.7317438125610352,-0.14543145895004272,0.2760552763938904,0.7444663643836975,-0.1394336074590683,0.2623786926269531,0.751105546951294,-0.1332077831029892,0.5133534669876099,0.8157212734222412,-0.1278286725282669,0.3551674485206604,0.8392741680145264,-0.1541721671819687,0.3051677346229553,0.8388175368309021,-0.1426340937614441,0.2993100881576538,0.8230074048042297,-0.1318381279706955,0.5276280045509338,0.9126145243644714,-0.1364731788635254,0.40608832240104675,0.9563804268836975,-0.16540448367595673,0.3592040538787842,0.9479804039001465,-0.16424213349819183,0.3447093367576599,0.9178730249404907,-0.15810337662696838
76508.537,0.6520729064941406,0.8278356790542603,6.452673773083006e-08,0.5843656063079834,0.715669572353363,0.005379930138587952,0.49019789695739746,0.6580923795700073,-0.011636386625468731,0.4071236848831177,0.6486172676086426,-0.024474063888192177,0.3402033746242523,0.665579617023468,-0.04170898348093033,0.48887819051742554,0.6437699794769287,-0.1043616384267807,0.35789814591407776,0.6319952607154846,-0.138933464884758,0.28392666578292847,0.652442455291748,-0.1441105157136917,0.24011573195457458,0.6737952828407288,-0.14249975979328156,0.5053318738937378,0.7281460165977478,-0.12090884894132614,0.34850233793258667,0.7412744164466858,-0.15357378125190735,0.2831817865371704,0.752078115940094,-0.1464335173368454,0.2642935812473297,0.7557401657104492,-0.13883766531944275,0.520289957523346,0.824756920337677,-0.1310850828886032,0.3646462559700012,0.8497307896614075,-0.1596197783946991,0.31564861536026,0.8450470566749573,-0.14709453284740448,0.3100993037223816,0.8261500597000122,-0.13465368747711182,0.5342381000518799,0.9208747744560242,-0.1376543790102005,0.4148402810096741,0.9612353444099426,-0.1679137498140335,0.36421123147010803,0.9517380595207214,-0.16718660295009613,0.34643688797950745,0.9231078624725342,-0.16086642444133759
76508.57,0.6573253870010376,0.8357642889022827,1.0117844340129523e-07,0.5906221270561218,0.7241859436035156,0.005824192892760038,0.49721378087997437,0.6665394902229309,-0.010791487991809845,0.414569228887558,0.6574357151985168,-0.024230482056736946,0.3478427231311798,0.6729601621627808,-0.04258004575967789,0.4959983825683594,0.6519390344619751,-0.09762266278266907,0.36505940556526184,0.6367572546005249,-0.13201504945755005,0.289844810962677,0.6554659605026245,-0.14049163460731506,0.24272798001766205,0.6758816242218018,-0.1423175185918808,0.5125547051429749,0.7373665571212769,-0.11562252789735794,0.3585149943828583,0.746200680732727,-0.14819645881652832,0.2894786596298218,0.758531928062439,-0.14664235711097717,0.26391392946243286,0.7639847993850708,-0.1444939374923706,0.527871310710907,0.8358253836631775,-0.12769220769405365,0.3773466944694519,0.8587995767593384,-0.15501902997493744,0.32920145988464355,0.8528053760528564,-0.1481945961713791,0.3205498456954956,0.8318256139755249,-0.14148159325122833,0.5421873331069946,0.9328118562698364,-0.1363271176815033,0.427085816860199,0.9685200452804565,-0.16395245492458344,0.37527376413345337,0.9621325731277466,-0.1653430461883545,0.3524315357208252,0.9368029832839966,-0.16264627873897552
76508.601,0.6648858189582825,0.8437066078186035,1.5244893347698962e-07,0.598289966583252,0.730544924736023,0.0035255588591098785,0.5038713812828064,0.6726241111755371,-0.014642595313489437,0.4210648238658905,0.6626783013343811,-0.02889876253902912,0.35308507084846497,0.6690543293952942,-0.047714993357658386,0.5077990293502808,0.6595949530601501,-0.10383681207895279,0.3746878504753113,0.6437562704086304,-0.13941806554794312,0.29956644773483276,0.6585525274276733,-0.14820466935634613,0.2511634826660156,0.6747106313705444,-0.14964807033538818,0.523282527923584,0.7478122115135193,-0.12079443037509918,0.3661913573741913,0.7569963335990906,-0.1531788557767868,0.29759496450424194,0.7658735513687134,-0.1503325253725052,0.2721298336982727,0.7680239677429199,-0.14682650566101074,0.5375276803970337,0.8465355634689331,-0.1315535306930542,0.3833513855934143,0.8677062392234802,-0.1575527936220169,0.334884375333786,0.8581749796867371,-0.1473834216594696,0.3268412947654724,0.835430383682251,-0.13784687221050262,0.5513150095939636,0.942497193813324,-0.13919898867607117,0.43339163064956665,0.9757850170135498,-0.1633124053478241,0.38479122519493103,0.966508150100708,-0.15965411067008972,0.36697590351104736,0.9409343004226685,-0.15275171399116516
76508.632,0.6713564991950989,0.8502943515777588,1.7060307300198474e-07,0.6062244176864624,0.7343555688858032,0.00179827690590173,0.5189907550811768,0.6576128602027893,-0.01629866287112236,0.44333139061927795,0.6195803284645081,-0.029992301017045975,0.3738868236541748,0.6234183311462402,-0.047763392329216,0.5202870965003967,0.6695491671562195,-0.10527341812849045,0.3866671621799469,0.6504919528961182,-0.1419970691204071,0.3103751540184021,0.6617920398712158,-0.1508813351392746,0.26078635454177856,0.6762176752090454,-0.15154480934143066,0.5366576313972473,0.7578564286231995,-0.12180143594741821,0.37760797142982483,0.763493537902832,-0.15686306357383728,0.30469465255737305,0.7688985466957092,-0.1551837921142578,0.275613009929657,0.7686324119567871,-0.1512945592403412,0.5486577153205872,0.8543480038642883,-0.1321953982114792,0.3913924992084503,0.8723040819168091,-0.1599663496017456,0.34057343006134033,0.8586397171020508,-0.14926005899906158,0.3308204412460327,0.8319769501686096,-0.1380452811717987,0.5588123202323914,0.9471862316131592,-0.13983465731143951,0.4345460534095764,0.9772472381591797,-0.16275382041931152,0.38786646723747253,0.9631021618843079,-0.15652525424957275,0.3745085895061493,0.9327294826507568,-0.1472240537405014
76508.665,0.6798153519630432,0.8571305871009827,1.965921967439499e-07,0.61549311876297,0.7411627769470215,-0.0006460610893554986,0.5281569957733154,0.6572535634040833,-0.019014226272702217,0.45316651463508606,0.6119074821472168,-0.0323876328766346,0.38512974977493286,0.606041431427002,-0.04931875690817833,0.5335549712181091,0.6689161658287048,-0.10665518790483475,0.402561217546463,0.6476472616195679,-0.14435148239135742,0.3249945044517517,0.659333348274231,-0.15381039679050446,0.27674657106399536,0.6763982772827148,-0.1538114845752716,0.5519554615020752,0.7591974139213562,-0.12104388326406479,0.39511972665786743,0.7627013921737671,-0.15661610662937164,0.3169567286968231,0.7675153613090515,-0.15440323948860168,0.28452974557876587,0.7689616680145264,-0.14950574934482574,0.5624142289161682,0.8572733998298645,-0.1295868456363678,0.4023205637931824,0.8737471103668213,-0.15757392346858978,0.35048454999923706,0.8592759966850281,-0.14526911079883575,0.3437252640724182,0.8318787217140198,-0.13188201189041138,0.5682985186576843,0.9520660638809204,-0.13566619157791138,0.4399421811103821,0.9804153442382812,-0.15903379023075104,0.39354026317596436,0.9623393416404724,-0.15206947922706604,0.3843208849430084,0.9267836213111877,-0.1410585641860962
76508.697,0.6890609860420227,0.8597408533096313,1.8078756625072856e-07,0.6283173561096191,0.7429701089859009,-0.003285336075350642,0.5436795949935913,0.6491836309432983,-0.021438289433717728,0.46987125277519226,0.592820942401886,-0.03365674987435341,0.4013671875,0.590141236782074,-0.04938693344593048,0.5508889555931091,0.6747545003890991,-0.108738973736763,0.41968032717704773,0.6496903896331787,-0.1458894908428192,0.34235963225364685,0.6587530970573425,-0.15459811687469482,0.29478174448013306,0.6707502007484436,-0.15404801070690155,0.5682452321052551,0.7633029818534851,-0.12181252986192703,0.41728538274765015,0.7575365304946899,-0.1544325351715088,0.33718886971473694,0.7562554478645325,-0.15008682012557983,0.30194735527038574,0.7516571879386902,-0.14464016258716583,0.57684326171875,0.8599536418914795,-0.1295287311077118,0.4228884279727936,0.8675954341888428,-0.15589746832847595,0.3667741119861603,0.8520203232765198,-0.14338169991970062,0.35492706298828125,0.8244558572769165,-0.13069261610507965,0.58060622215271,0.9546489119529724,-0.1350221186876297,0.45610493421554565,0.9780157804489136,-0.1572447121143341,0.4095628261566162,0.9600695967674255,-0.14972127974033356,0.39891213178634644,0.9278517961502075,-0.13891972601413727
76508.728,0.6951611042022705,0.8605110049247742,1.741638868679729e-07,0.6380344033241272,0.7443501949310303,-0.005449296440929174,0.5527120232582092,0.6464658379554749,-0.025435158982872963,0.47558942437171936,0.5878341197967529,-0.03915390744805336,0.4059314727783203,0.5812065601348877,-0.05773400515317917,0.5740686655044556,0.6700277328491211,-0.1125880777835846,0.4420151710510254,0.6465941667556763,-0.14764907956123352,0.3642759919166565,0.6528562307357788,-0.1569700390100479,0.3117741346359253,0.6616172194480896,-0.15869706869125366,0.5915801525115967,0.7592382431030273,-0.12527263164520264,0.44402480125427246,0.7479654550552368,-0.1543821096420288,0.3648528456687927,0.7426289916038513,-0.15224996209144592,0.32465800642967224,0.7341761589050293,-0.15141111612319946,0.5977548360824585,0.8572028875350952,-0.13201464712619781,0.44605177640914917,0.8545318841934204,-0.15543659031391144,0.38950252532958984,0.838636577129364,-0.14563991129398346,0.371840238571167,0.8115126490592957,-0.13821953535079956,0.5966957807540894,0.954169750213623,-0.13655361533164978,0.47221535444259644,0.9752435088157654,-0.15871629118919373,0.4265190362930298,0.9555874466896057,-0.1531783789396286,0.41316336393356323,0.9211097359657288,-0.14612582325935364
76508.761,0.6988621354103088,0.8603920340538025,1.1444220149314788e-07,0.6484103202819824,0.7488147616386414,-0.006597043480724096,0.5679602026939392,0.644982099533081,-0.027967236936092377,0.4936006963253021,0.5797046422958374,-0.043616827577352524,0.426044225692749,0.5684623718261719,-0.06529467552900314,0.5962874293327332,0.6662426590919495,-0.11424471437931061,0.470745712518692,0.632765531539917,-0.15015940368175507,0.3931844234466553,0.6369447708129883,-0.1614564061164856,0.3423628509044647,0.6461705565452576,-0.1658223420381546,0.6112417578697205,0.754575788974762,-0.12913177907466888,0.4706329107284546,0.731447160243988,-0.15952439606189728,0.3868454694747925,0.7245004773139954,-0.16202087700366974,0.3413415849208832,0.717690110206604,-0.16677866876125336,0.6175921559333801,0.8533288836479187,-0.13831785321235657,0.48111197352409363,0.8399664759635925,-0.16369983553886414,0.41625750064849854,0.8191937804222107,-0.1621849238872528,0.38737961649894714,0.7914556860923767,-0.16337260603904724,0.615978479385376,0.9527840614318848,-0.14514587819576263,0.5016495585441589,0.9642826914787292,-0.17211024463176727,0.4527099132537842,0.9469122886657715,-0.17384158074855804,0.43133246898651123,0.9181817173957825,-0.17436479032039642
76508.827,0.7076817750930786,0.8739362359046936,-3.668053238925495e-08,0.6593250036239624,0.7612220644950867,-0.007400492671877146,0.5799221992492676,0.6534590125083923,-0.02559530921280384,0.4978392720222473,0.5880415439605713,-0.03781939670443535,0.4364495277404785,0.5556139349937439,-0.055721573531627655,0.6290014386177063,0.6495595574378967,-0.10429828613996506,0.532210648059845,0.5915042757987976,-0.1443617045879364,0.45447227358818054,0.5908838510513306,-0.16293315589427948,0.4021509885787964,0.6052775979042053,-0.1722734421491623,0.6445209980010986,0.7264618277549744,-0.11876410245895386,0.542383074760437,0.6672094464302063,-0.15054984390735626,0.4518394470214844,0.6646175384521484,-0.15775713324546814,0.3952866196632385,0.6734247803688049,-0.16654494404792786,0.6482937932014465,0.8215919137001038,-0.12871243059635162,0.542931854724884,0.7798386812210083,-0.1582929790019989,0.46592968702316284,0.7689523696899414,-0.162188321352005,0.4211680591106415,0.7566927075386047,-0.16722658276557922,0.6423022150993347,0.9278326034545898,-0.13602544367313385,0.5472670197486877,0.923279881477356,-0.16894038021564484,0.4970325529575348,0.9011470675468445,-0.17552314698696136,0.46970242261886597,0.8678416013717651,-0.17933106422424316
76508.873,0.7130941152572632,0.8980975151062012,-2.6629140847944655e-07,0.6689988374710083,0.7869766354560852,-0.0011312311980873346,0.608501672744751,0.6950288414955139,-0.021007908508181572,0.5466152429580688,0.642589271068573,-0.03896772116422653,0.5006892681121826,0.6084345579147339,-0.06015847250819206,0.6520506739616394,0.6483507752418518,-0.08371275663375854,0.5517386794090271,0.5704243183135986,-0.1312602460384369,0.47092127799987793,0.5719738602638245,-0.1558496505022049,0.41480711102485657,0.5935458540916443,-0.1667061597108841,0.6650429964065552,0.7142108678817749,-0.10251644253730774,0.559648871421814,0.6447950005531311,-0.13954168558120728,0.4692329168319702,0.6446545720100403,-0.14610101282596588,0.4103659391403198,0.6594224572181702,-0.15021087229251862,0.6626021862030029,0.8041132092475891,-0.11884715408086777,0.558054506778717,0.761320948600769,-0.15039032697677612,0.4840036928653717,0.7484709620475769,-0.14743700623512268,0.4405534863471985,0.7395291328430176,-0.14386732876300812,0.6453418135643005,0.9033288955688477,-0.13315710425376892,0.5514190793037415,0.8847029209136963,-0.1611526608467102,0.5030807256698608,0.8628817796707153,-0.15985172986984253,0.47729459404945374,0.8378742337226868,-0.15570107102394104
76508.88,0.7114465236663818,0.8948437571525574,-3.139792283946008e-07,0.6703760027885437,0.7841378450393677,-0.001848507090471685,0.6083021759986877,0.6948698163032532,-0.02287733368575573,0.5418474674224854,0.6476466059684753,-0.04267562925815582,0.4917101562023163,0.6235008835792542,-0.06570351868867874,0.6474877595901489,0.6450347304344177,-0.08077764511108398,0.5449836850166321,0.5667658448219299,-0.12920738756656647,0.4631839692592621,0.5685116052627563,-0.15493616461753845,0.40689900517463684,0.5880410075187683,-0.16725236177444458,0.6612082719802856,0.7118663787841797,-0.10091103613376617,0.5535516738891602,0.6408922076225281,-0.14108026027679443,0.4666512608528137,0.6419146060943604,-0.14944423735141754,0.41376975178718567,0.6598339080810547,-0.15401649475097656,0.6596621870994568,0.8018560409545898,-0.11892595887184143,0.5551950931549072,0.7589750289916992,-0.15213048458099365,0.4836246967315674,0.7452269196510315,-0.15067777037620544,0.44379326701164246,0.7345868349075317,-0.14811351895332336,0.6450577974319458,0.8970077037811279,-0.1351683884859085,0.551852285861969,0.8812241554260254,-0.16431882977485657,0.5067151188850403,0.8606749773025513,-0.16399265825748444,0.4842063784599304,0.8380013704299927,-0.1606355458498001
76508.905,0.7066093683242798,0.9077961444854736,-3.3680720434858813e-07,0.6587004661560059,0.7994638681411743,-0.0011959555558860302,0.6031474471092224,0.7021695971488953,-0.02375861443579197,0.5487616062164307,0.6428645849227905,-0.04472469165921211,0.5010014772415161,0.609194815158844,-0.06749840080738068,0.6572316884994507,0.64240962266922,-0.08950295299291611,0.5696806311607361,0.5506921410560608,-0.14408619701862335,0.4849739074707031,0.5497511029243469,-0.16923698782920837,0.43037116527557373,0.5706704258918762,-0.17891119420528412,0.6767417788505554,0.7004252672195435,-0.11045374721288681,0.5825220942497253,0.6188799142837524,-0.15667052567005157,0.49704068899154663,0.6282188892364502,-0.15900447964668274,0.451981782913208,0.656165361404419,-0.15605871379375458,0.6764181852340698,0.7862272262573242,-0.12950468063354492,0.5751480460166931,0.7363967895507812,-0.16946224868297577,0.4991307854652405,0.7329386472702026,-0.16047303378582,0.46076327562332153,0.7326244711875916,-0.14901645481586456,0.6616261005401611,0.8790887594223022,-0.14660131931304932,0.5701726078987122,0.8565852642059326,-0.1805802583694458,0.521803081035614,0.8384949564933777,-0.17793326079845428,0.5000290870666504,0.8174609541893005,-0.16982313990592957
76508.938,0.7054899334907532,0.9365130662918091,-6.174025770633307e-07,0.6487424373626709,0.8298206329345703,0.0016955971950665116,0.6034323573112488,0.7227193117141724,-0.015897292643785477,0.5675381422042847,0.6454469561576843,-0.03350766748189926,0.5292730331420898,0.594351053237915,-0.05094675347208977,0.6700798869132996,0.6438524723052979,-0.07596271485090256,0.593229353427887,0.5436998009681702,-0.12348175793886185,0.5240218043327332,0.5643134117126465,-0.1422664076089859,0.4876865744590759,0.6031251549720764,-0.14825133979320526,0.6892256140708923,0.6926356554031372,-0.09617213159799576,0.5877129435539246,0.5998266339302063,-0.1357807070016861,0.5156721472740173,0.6206395626068115,-0.13701841235160828,0.4885804057121277,0.6557223200798035,-0.13475359976291656,0.6910466551780701,0.7664421200752258,-0.11453700065612793,0.5844942927360535,0.7047744989395142,-0.14737564325332642,0.5195373296737671,0.720780611038208,-0.13933733105659485,0.49456942081451416,0.7426505088806152,-0.13083896040916443,0.6810044050216675,0.8498094081878662,-0.131513774394989,0.5905264616012573,0.8253572583198547,-0.16074615716934204,0.542454183101654,0.8165442943572998,-0.16142666339874268,0.5209660530090332,0.8085235357284546,-0.15729190409183502
76508.969,0.6926686763763428,0.955414891242981,-7.813525257915899e-07,0.6083840727806091,0.8540502786636353,0.0008413267787545919,0.5801058411598206,0.7380439639091492,-0.00870666466653347,0.5713604092597961,0.6540195941925049,-0.0217191930860281,0.5569565892219543,0.5997579097747803,-0.034262772649526596,0.6778523921966553,0.6392228603363037,-0.03753534331917763,0.5997966527938843,0.5459913611412048,-0.07790074497461319,0.5375927686691284,0.5846235752105713,-0.09800823777914047,0.5182164907455444,0.6360385417938232,-0.10596106201410294,0.6983452439308167,0.6827435493469238,-0.055021852254867554,0.5972121953964233,0.5854037404060364,-0.09011975675821304,0.5310665965080261,0.6281906962394714,-0.09605224430561066,0.515709638595581,0.6742599010467529,-0.09593509137630463,0.7017247676849365,0.7467652559280396,-0.07335533946752548,0.5964299440383911,0.6820188760757446,-0.10481451451778412,0.5324708223342896,0.719457745552063,-0.1020752340555191,0.5137811303138733,0.756324052810669,-0.09562551230192184,0.691230058670044,0.8222586512565613,-0.09126560389995575,0.6067718267440796,0.7854815721511841,-0.1144111305475235,0.5575729608535767,0.7876295447349548,-0.11480402946472168,0.5388569235801697,0.7932762503623962,-0.11080446094274521
76509.001,0.6985445022583008,0.979853093624115,-1.0076536227643373e-06,0.6052878499031067,0.888995349407196,-0.0008048260933719575,0.5732316374778748,0.7690959572792053,-0.0038132849149405956,0.5639193058013916,0.6801042556762695,-0.011675937101244926,0.5585268139839172,0.6210325956344604,-0.01622089557349682,0.6735888719558716,0.6509999632835388,-0.010223418474197388,0.5899639129638672,0.5650305151939392,-0.0464092493057251,0.5360054969787598,0.6217255592346191,-0.06258641183376312,0.5275478363037109,0.6738210916519165,-0.0674675852060318,0.7004841566085815,0.6839510798454285,-0.025301506742835045,0.5940117835998535,0.6002054214477539,-0.05971992015838623,0.5369870066642761,0.6691642999649048,-0.059427645057439804,0.5360350608825684,0.7181756496429443,-0.051477693021297455,0.7109662890434265,0.7369561195373535,-0.04425618052482605,0.6059597134590149,0.6728766560554504,-0.07883060723543167,0.5539805293083191,0.7316710352897644,-0.06789157539606094,0.5523488521575928,0.7751567363739014,-0.05176591873168945,0.7047573328018188,0.8039969205856323,-0.06382713466882706,0.6228841543197632,0.7693801522254944,-0.08493607491254807,0.5788885354995728,0.7898691892623901,-0.07896804064512253,0.571107029914856,0.8134793043136597,-0.06808818131685257
76509.031,0.6934946179389954,1.0214670896530151,-1.121586024055432e-06,0.6078692674636841,0.9385489225387573,0.003936158027499914,0.568402886390686,0.8142461180686951,0.0033298672642558813,0.5532804727554321,0.73046875,-0.004598385188728571,0.5499482750892639,0.6739810109138489,-0.009615382179617882,0.6626866459846497,0.6773576140403748,0.00865661259740591,0.5835185647010803,0.6001423001289368,-0.025183217599987984,0.5315464735031128,0.6641502380371094,-0.04503592848777771,0.5246105790138245,0.7242647409439087,-0.053416140377521515,0.6928756237030029,0.7014377117156982,-0.010023222304880619,0.5954834818840027,0.6343858242034912,-0.04450778290629387,0.5447463393211365,0.7124860882759094,-0.04975396767258644,0.5461204051971436,0.7696166038513184,-0.04537712410092354,0.7098348736763,0.745430588722229,-0.033057328313589096,0.6118956208229065,0.6889541745185852,-0.06746537238359451,0.567022442817688,0.7612425088882446,-0.057925112545490265,0.5713359713554382,0.8129468560218811,-0.04256606474518776,0.7121777534484863,0.8049110770225525,-0.05662085860967636,0.6347500085830688,0.7541391253471375,-0.07659278064966202,0.5936254858970642,0.7915100455284119,-0.06664905697107315,0.5925683975219727,0.8323690295219421,-0.05275234952569008
76509.065,0.7237586379051208,1.0621908903121948,-1.1640934189927066e-06,0.6254376173019409,0.9861070513725281,0.004208524711430073,0.574508786201477,0.884223461151123,-0.0004275762476027012,0.5453384518623352,0.8096626400947571,-0.013338091783225536,0.5289827585220337,0.7569724917411804,-0.02357202209532261,0.6503025889396667,0.7306966185569763,0.018556462600827217,0.5653036832809448,0.6595659852027893,-0.018489936366677284,0.5157415866851807,0.7397021651268005,-0.04196766018867493,0.5133395791053772,0.8093831539154053,-0.05114918202161789,0.6770601868629456,0.7441405057907104,5.9012316341977566e-05,0.5764704346656799,0.6824316382408142,-0.03752007707953453,0.527691125869751,0.776103675365448,-0.04502064362168312,0.5337451100349426,0.8432669043540955,-0.04034237191081047,0.6957364678382874,0.776124894618988,-0.023540601134300232,0.5974253416061401,0.7320470213890076,-0.059106484055519104,0.5570749044418335,0.8225992321968079,-0.048562947660684586,0.5660340785980225,0.8868337869644165,-0.030874868854880333,0.7048411965370178,0.8233417272567749,-0.047772184014320374,0.6230828762054443,0.7883903384208679,-0.0652371272444725,0.5898183584213257,0.8488737940788269,-0.05137038230895996,0.5970868468284607,0.9017599821090698,-0.03392540290951729
76509.097,0.7190814018249512,1.0961394309997559,-1.1516334552652552e-06,0.6175615191459656,1.0092426538467407,0.009589145891368389,0.5611357688903809,0.9151628017425537,0.006783456541597843,0.5310099124908447,0.8489959239959717,-0.004653297830373049,0.5132209658622742,0.7971249222755432,-0.015444952063262463,0.6283742785453796,0.7776317000389099,0.02046404965221882,0.5385406017303467,0.7416205406188965,-0.013324331492185593,0.4992075562477112,0.8247501850128174,-0.039084114134311676,0.5046852827072144,0.8965618014335632,-0.050727467983961105,0.6544913649559021,0.7923415303230286,0.0015145516954362392,0.5515292286872864,0.7698462009429932,-0.029749616980552673,0.5136736631393433,0.8622680902481079,-0.04043053090572357,0.5252559185028076,0.9274800419807434,-0.041306186467409134,0.6735557317733765,0.8274408578872681,-0.02121150493621826,0.574195921421051,0.8161572813987732,-0.05063503608107567,0.5417395830154419,0.9039505124092102,-0.04311687871813774,0.5545759797096252,0.9616796374320984,-0.03047494776546955,0.6864559054374695,0.8784469962120056,-0.0438314750790596,0.602226734161377,0.8725334405899048,-0.05851590633392334,0.5749866962432861,0.932792603969574,-0.045888371765613556,0.5853140950202942,0.9757696390151978,-0.03081248328089714
76509.128,0.7157762050628662,1.135109543800354,-1.1993914768027025e-06,0.6341718435287476,1.0872989892959595,0.003950344864279032,0.5686836242675781,1.0207337141036987,-0.0010551913874223828,0.525000810623169,0.9718983173370361,-0.011078440584242344,0.49951985478401184,0.9270191192626953,-0.020362792536616325,0.625311017036438,0.8579793572425842,0.008665597066283226,0.5313828587532043,0.8589782118797302,-0.015414497815072536,0.49175825715065,0.9284064769744873,-0.03652781620621681,0.49330124258995056,0.9894627928733826,-0.047147881239652634,0.642503023147583,0.8597460985183716,-0.004124480299651623,0.5382599830627441,0.8950842618942261,-0.018002936616539955,0.5060007572174072,0.9645823836326599,-0.029945332556962967,0.5103191137313843,1.019521951675415,-0.038356419652700424,0.6574751138687134,0.8815080523490906,-0.018584225326776505,0.5581992864608765,0.9257885217666626,-0.030912751331925392,0.533815860748291,0.9927595853805542,-0.03073050081729889,0.539222240447998,1.0418483018875122,-0.03010847233235836,0.6704326868057251,0.9184851050376892,-0.033491168171167374,0.586580753326416,0.9553194046020508,-0.04273891821503639,0.5649392604827881,1.003330111503601,-0.036564901471138,0.5674729943275452,1.038771390914917,-0.028041398152709007
76509.561,0.1505536288022995,0.9950292706489563,1.7053734779892693e-07,0.14641311764717102,0.904944896697998,-0.02740696631371975,0.17550590634346008,0.8255371451377869,-0.05876058712601662,0.21546493470668793,0.7841578125953674,-0.07755651324987411,0.2528170645236969,0.7661885023117065,-0.09597646445035934,0.1503719687461853,0.8666146397590637,-0.15310823917388916,0.1969505250453949,0.7534269094467163,-0.207431823015213,0.23737481236457825,0.6795947551727295,-0.23176856338977814,0.2663974165916443,0.622650682926178,-0.24364188313484192,0.1769053339958191,0.9417139291763306,-0.1502184122800827,0.2799296975135803,0.8418263792991638,-0.19965076446533203,0.34399399161338806,0.783689558506012,-0.210183784365654,0.3883504271507263,0.7403205633163452,-0.21662181615829468,0.21544256806373596,0.9960419535636902,-0.14133286476135254,0.32366928458213806,0.919339656829834,-0.18321028351783752,0.38129234313964844,0.8611477017402649,-0.19093163311481476,0.41370344161987305,0.8131654262542725,-0.19065134227275848,0.25762996077537537,1.029791235923767,-0.1297435313463211,0.3454577922821045,0.9696514010429382,-0.15550599992275238,0.3898018002510071,0.9251725673675537,-0.1554269939661026,0.41549041867256165,0.8865506052970886,-0.15230350196361542
76509.624,0.13756194710731506,1.038724660873413,9.082284577743849e-07,0.131959468126297,0.9358555674552917,-0.024891212582588196,0.1604461669921875,0.8505878448486328,-0.060310520231723785,0.20709235966205597,0.8048338890075684,-0.08280313014984131,0.25082847476005554,0.7752605676651001,-0.1053008884191513,0.1471295952796936,0.8620690107345581,-0.15949073433876038,0.189109668135643,0.7490375638008118,-0.22173985838890076,0.23068320751190186,0.6762282252311707,-0.25849446654319763,0.2642996609210968,0.6224209070205688,-0.2796112596988678,0.17588719725608826,0.9331703186035156,-0.15911628305912018,0.28232383728027344,0.8402635455131531,-0.21497133374214172,0.3506937623023987,0.7820297479629517,-0.23506708443164825,0.39495599269866943,0.7386960983276367,-0.24904020130634308,0.21470054984092712,0.991547167301178,-0.15186196565628052,0.3249296545982361,0.9158701300621033,-0.19157788157463074,0.3753007650375366,0.8541166186332703,-0.20147284865379333,0.40134239196777344,0.8105081915855408,-0.2064027190208435,0.2565547227859497,1.0321965217590332,-0.14252619445323944,0.34725064039230347,0.9774982929229736,-0.16759882867336273,0.385492205619812,0.9304023385047913,-0.17210417985916138,0.40741509199142456,0.8904303312301636,-0.1741309016942978
76509.655,0.13209575414657593,1.044384479522705,9.72827024270373e-07,0.12328949570655823,0.9433287978172302,-0.023778220638632774,0.15596254169940948,0.8553458452224731,-0.05485400930047035,0.20825526118278503,0.8086332082748413,-0.0738818496465683,0.25446921586990356,0.7817498445510864,-0.09304314851760864,0.14278215169906616,0.8629355430603027,-0.14469167590141296,0.18800152838230133,0.7503706216812134,-0.19813519716262817,0.2296648919582367,0.6775344014167786,-0.23008014261722565,0.26332396268844604,0.6218138933181763,-0.24898451566696167,0.17308926582336426,0.9356256127357483,-0.14464682340621948,0.2778206467628479,0.840189516544342,-0.1927022784948349,0.34454166889190674,0.7806186676025391,-0.2115551382303238,0.3877735733985901,0.7363232374191284,-0.22537244856357574,0.21220308542251587,0.9952102899551392,-0.13818344473838806,0.32105618715286255,0.9169483184814453,-0.17100434005260468,0.37251344323158264,0.8537681102752686,-0.1810840219259262,0.398171067237854,0.8110815286636353,-0.1872592270374298,0.2532496750354767,1.0354446172714233,-0.13021200895309448,0.3443690240383148,0.97751784324646,-0.14989353716373444,0.3814068138599396,0.9316076636314392,-0.15352751314640045,0.40190547704696655,0.8935886025428772,-0.15566885471343994
76509.688,0.12918928265571594,1.047224521636963,9.818523949434166e-07,0.12213370203971863,0.9442437887191772,-0.025311516597867012,0.15181323885917664,0.8587156534194946,-0.06021163612604141,0.20035016536712646,0.8138569593429565,-0.08152399957180023,0.24647550284862518,0.7843815088272095,-0.10298649221658707,0.14008080959320068,0.8648712635040283,-0.16350728273391724,0.18398573994636536,0.752514123916626,-0.22414737939834595,0.22463743388652802,0.6780650019645691,-0.2593928873538971,0.2579391300678253,0.6216574907302856,-0.27985674142837524,0.17123901844024658,0.9359703063964844,-0.16211149096488953,0.27518486976623535,0.8418315649032593,-0.2196173518896103,0.34280818700790405,0.7816905975341797,-0.24073761701583862,0.38627997040748596,0.7376325726509094,-0.25546783208847046,0.21119114756584167,0.9930936694145203,-0.15310893952846527,0.31861215829849243,0.9178408980369568,-0.19354064762592316,0.3685229420661926,0.8550441265106201,-0.204319566488266,0.39320147037506104,0.8138991594314575,-0.2099129557609558,0.25269830226898193,1.032618522644043,-0.14191211760044098,0.34228870272636414,0.9774680733680725,-0.1665506362915039,0.37931692600250244,0.9312795996665955,-0.17152820527553558,0.3989049792289734,0.8943986296653748,-0.17420604825019836
76509.736,0.12321757525205612,1.0471198558807373,9.68864469541586e-07,0.11624884605407715,0.9446950554847717,-0.02364078350365162,0.1474064290523529,0.8602339625358582,-0.05713601037859917,0.19712232053279877,0.8159248232841492,-0.07695752382278442,0.2434380054473877,0.7874385118484497,-0.096955306828022,0.13553541898727417,0.8673532009124756,-0.16119278967380524,0.18057703971862793,0.7532493472099304,-0.2196819931268692,0.22183239459991455,0.6794983148574829,-0.25329262018203735,0.2550901472568512,0.6235456466674805,-0.27241989970207214,0.16757437586784363,0.9387929439544678,-0.1596618890762329,0.27516454458236694,0.8416538834571838,-0.21266484260559082,0.34214258193969727,0.7823128700256348,-0.2305898815393448,0.38369831442832947,0.738581657409668,-0.2434839904308319,0.20755651593208313,0.9951363801956177,-0.15059539675712585,0.3174678087234497,0.9182292819023132,-0.18789270520210266,0.3665333390235901,0.8556091785430908,-0.1974780112504959,0.3897249698638916,0.8140060901641846,-0.20264825224876404,0.24933424592018127,1.0337344408035278,-0.13914801180362701,0.34077954292297363,0.9775775671005249,-0.16140376031398773,0.3775049149990082,0.9321766495704651,-0.16513176262378693,0.3955659866333008,0.8956719040870667,-0.1672021448612213
76509.741,0.12291230261325836,1.050275206565857,9.67365281212551e-07,0.11649608612060547,0.9459953308105469,-0.023379776626825333,0.14726707339286804,0.8600315451622009,-0.057474009692668915,0.19793939590454102,0.8138441443443298,-0.0779942199587822,0.24383161962032318,0.7852792143821716,-0.09856373816728592,0.13722577691078186,0.8669238090515137,-0.16025091707706451,0.18164288997650146,0.7552192807197571,-0.21972860395908356,0.2221681773662567,0.681046187877655,-0.25483769178390503,0.2544282078742981,0.6244072318077087,-0.2750720977783203,0.16793827712535858,0.938594400882721,-0.1589232087135315,0.2749313414096832,0.8459013104438782,-0.2131151705980301,0.3416211009025574,0.7844730019569397,-0.23288977146148682,0.38312363624572754,0.7379608750343323,-0.2470705211162567,0.20724265277385712,0.9954084753990173,-0.1499650627374649,0.31647127866744995,0.9230347275733948,-0.18826022744178772,0.36598509550094604,0.8566398024559021,-0.19967566430568695,0.3905712962150574,0.8112040758132935,-0.2060704529285431,0.24837619066238403,1.0336780548095703,-0.13848285377025604,0.3396017551422119,0.9811709523200989,-0.1616690754890442,0.376343697309494,0.9343315958976746,-0.1664426326751709,0.3963167369365692,0.895440399646759,-0.16913840174674988
76509.768,0.12266495823860168,1.0433495044708252,9.931977729138453e-07,0.11375817656517029,0.940711259841919,-0.027471907436847687,0.14499720931053162,0.8558037877082825,-0.06284205615520477,0.19589748978614807,0.813816249370575,-0.08427685499191284,0.24245983362197876,0.7874240875244141,-0.10566617548465729,0.1304059624671936,0.8704510927200317,-0.16277827322483063,0.17640411853790283,0.755591630935669,-0.2210189253091812,0.21716713905334473,0.681404709815979,-0.25441673398017883,0.2503456771373749,0.6246286630630493,-0.27371737360954285,0.16376414895057678,0.9437729716300964,-0.16026577353477478,0.2709137797355652,0.8472039103507996,-0.21246115863323212,0.338678777217865,0.7858307957649231,-0.230838805437088,0.38177233934402466,0.7389044761657715,-0.24457691609859467,0.20467621088027954,0.9995324611663818,-0.15065047144889832,0.314802885055542,0.9221019744873047,-0.1874236762523651,0.36354100704193115,0.8572132587432861,-0.19773483276367188,0.3871532082557678,0.8119814991950989,-0.20390477776527405,0.24638527631759644,1.035782814025879,-0.1391366422176361,0.3375200033187866,0.9803626537322998,-0.1616230458021164,0.37425553798675537,0.9336514472961426,-0.16613894701004028,0.3938482403755188,0.8940737247467041,-0.16901326179504395
76509.799,0.11923306435346603,1.05084228515625,9.638960136726382e-07,0.10983741283416748,0.9513824582099915,-0.02493741735816002,0.14034178853034973,0.8656371831893921,-0.05848792940378189,0.19020630419254303,0.8207213878631592,-0.07881423830986023,0.23573414981365204,0.7911781072616577,-0.09920086711645126,0.12675727903842926,0.8747308850288391,-0.1563458889722824,0.17327503859996796,0.7562147974967957,-0.21283552050590515,0.21433517336845398,0.6822875142097473,-0.24529556930065155,0.24772146344184875,0.6259377598762512,-0.26389428973197937,0.16032910346984863,0.946256160736084,-0.15490645170211792,0.26860255002975464,0.8460828065872192,-0.20665223896503448,0.3358227610588074,0.7851668000221252,-0.2254692018032074,0.37844598293304443,0.7389106154441833,-0.2390105128288269,0.20115169882774353,1.001958966255188,-0.14633922278881073,0.3129226267337799,0.9217496514320374,-0.1825879067182541,0.3619154691696167,0.8577279448509216,-0.19328801333904266,0.38524362444877625,0.8132269978523254,-0.19940893352031708,0.24297204613685608,1.038770318031311,-0.1356571763753891,0.3350626826286316,0.9817168712615967,-0.15719285607337952,0.37210237979888916,0.9356383681297302,-0.16127081215381622,0.39064860343933105,0.8963167667388916,-0.16370639204978943
76509.832,0.11669104546308517,1.0554656982421875,9.90394710242981e-07,0.10774294286966324,0.9535222053527832,-0.024708183482289314,0.1376967430114746,0.8693305253982544,-0.06069236621260643,0.18903988599777222,0.8249267935752869,-0.08239451050758362,0.23580415546894073,0.7939420342445374,-0.1042766273021698,0.12383589893579483,0.8734296560287476,-0.1680411398410797,0.1702348291873932,0.757854163646698,-0.23014335334300995,0.21102964878082275,0.6815714836120605,-0.26695701479911804,0.24403996765613556,0.6240909099578857,-0.28806012868881226,0.15784555673599243,0.9445567727088928,-0.16633008420467377,0.26692742109298706,0.8467771410942078,-0.2220606505870819,0.3345433175563812,0.7848031520843506,-0.24167515337467194,0.376669317483902,0.7396724820137024,-0.25594431161880493,0.1997096985578537,1.0008991956710815,-0.15664535760879517,0.3121083974838257,0.9219893217086792,-0.19522927701473236,0.3604895770549774,0.8570953011512756,-0.20486536622047424,0.3831545114517212,0.8144883513450623,-0.2103244811296463,0.24342159926891327,1.0400969982147217,-0.14449061453342438,0.3337542712688446,0.9827632904052734,-0.16697807610034943,0.3698500990867615,0.9357477426528931,-0.1697239875793457,0.38761118054389954,0.8976856470108032,-0.17114870250225067
76509.864,0.11558688431978226,1.0534051656723022,1.01797888873989e-06,0.1071145236492157,0.9526717662811279,-0.025288520380854607,0.13647952675819397,0.8660598993301392,-0.06116313859820366,0.18547500669956207,0.8184752464294434,-0.08381380885839462,0.2318543642759323,0.7869832515716553,-0.10673356056213379,0.12393821030855179,0.8741928339004517,-0.16089455783367157,0.16968032717704773,0.7570186853408813,-0.22143776714801788,0.21117226779460907,0.6811979413032532,-0.25776198506355286,0.24499158561229706,0.6237601041793823,-0.2788078486919403,0.15861143171787262,0.945794403553009,-0.1599634438753128,0.2649075388908386,0.8442206978797913,-0.21322239935398102,0.33257246017456055,0.7818967700004578,-0.23218964040279388,0.37573927640914917,0.7361788153648376,-0.24597333371639252,0.20040200650691986,1.0030344724655151,-0.15183191001415253,0.31032827496528625,0.9195331931114197,-0.18783529102802277,0.358707457780838,0.8550136685371399,-0.19610202312469482,0.3816123604774475,0.8125444650650024,-0.20089229941368103,0.24310733377933502,1.043266773223877,-0.1418253481388092,0.3333595395088196,0.9831981062889099,-0.1628071814775467,0.3689359426498413,0.9358291625976562,-0.1646580547094345,0.3866868019104004,0.8977863788604736,-0.1653812676668167
76509.896,0.12012578547000885,1.0438951253890991,1.029839495458873e-06,0.11117848008871078,0.9425984025001526,-0.02780603989958763,0.13754133880138397,0.8564897179603577,-0.06638128310441971,0.18507879972457886,0.8127723336219788,-0.09089107066392899,0.22904960811138153,0.7829046845436096,-0.11542116850614548,0.12384610623121262,0.8703660368919373,-0.1701979786157608,0.17066256701946259,0.7539308071136475,-0.23267614841461182,0.21179209649562836,0.6789315342903137,-0.2696740925312042,0.2453286051750183,0.6217109560966492,-0.2911241948604584,0.15801505744457245,0.9436455368995667,-0.1682491898536682,0.2645286023616791,0.8455751538276672,-0.22370615601539612,0.3320023715496063,0.7823916077613831,-0.24284574389457703,0.3753032684326172,0.7352847456932068,-0.25710535049438477,0.19956909120082855,0.9988238215446472,-0.1588556170463562,0.30956804752349854,0.9189273118972778,-0.19706566631793976,0.35713428258895874,0.8527542352676392,-0.20629043877124786,0.3799262046813965,0.8085119128227234,-0.21192125976085663,0.24270795285701752,1.0361186265945435,-0.14753779768943787,0.3332239091396332,0.9808058142662048,-0.1703423410654068,0.3684186339378357,0.9327765107154846,-0.17352771759033203,0.3856561779975891,0.8927754759788513,-0.17551396787166595
76509.928,0.12170705944299698,1.0379785299301147,1.0317669421056053e-06,0.11261668056249619,0.9367693066596985,-0.028403811156749725,0.13969753682613373,0.8537737727165222,-0.06710311770439148,0.18483945727348328,0.8123571276664734,-0.09160999953746796,0.2290560007095337,0.7832874655723572,-0.11650140583515167,0.12487846612930298,0.8678245544433594,-0.17257675528526306,0.16994674503803253,0.7519257664680481,-0.23602227866649628,0.21100685000419617,0.6763677000999451,-0.2729831337928772,0.24528247117996216,0.618938684463501,-0.29459795355796814,0.1603003442287445,0.9400746822357178,-0.17079244554042816,0.26335474848747253,0.8416715264320374,-0.22803978621959686,0.33045488595962524,0.7800406813621521,-0.24767908453941345,0.37373748421669006,0.7343160510063171,-0.26215407252311707,0.20148272812366486,0.9960949420928955,-0.1615699827671051,0.3070325255393982,0.9169090986251831,-0.20178787410259247,0.3555559515953064,0.853910505771637,-0.21159319579601288,0.3800646960735321,0.8118029832839966,-0.21742844581604004,0.24339693784713745,1.0354312658309937,-0.1503932625055313,0.33087366819381714,0.981216311454773,-0.1751561015844345,0.3673727512359619,0.9351263046264648,-0.1794876903295517,0.38687995076179504,0.8969924449920654,-0.18232810497283936
76509.96,0.12013331055641174,1.0426435470581055,9.961634077626513e-07,0.10863778740167618,0.9432656168937683,-0.02493150904774666,0.13720443844795227,0.8553948998451233,-0.057307031005620956,0.186006560921669,0.8087771534919739,-0.07774674147367477,0.22965548932552338,0.7815905213356018,-0.09814070165157318,0.12228479236364365,0.8708916902542114,-0.14546138048171997,0.17164058983325958,0.7502586841583252,-0.1989070177078247,0.21379734575748444,0.6759437918663025,-0.22987313568592072,0.24727487564086914,0.6179780960083008,-0.2478560209274292,0.15616686642169952,0.9448135495185852,-0.14519672095775604,0.2632075548171997,0.8394097089767456,-0.19171485304832458,0.33028092980384827,0.7778449058532715,-0.20812173187732697,0.373115599155426,0.7315521836280823,-0.22014041244983673,0.1970612108707428,1.0039416551589966,-0.138808935880661,0.3060745298862457,0.9178447723388672,-0.17076341807842255,0.3566579818725586,0.854046106338501,-0.17875736951828003,0.38095760345458984,0.8100420236587524,-0.1832941472530365,0.2396000176668167,1.0440150499343872,-0.13103961944580078,0.3308824300765991,0.981192946434021,-0.14984577894210815,0.36770957708358765,0.9353359937667847,-0.15147928893566132,0.3861682713031769,0.8964322805404663,-0.1520295888185501
76510.024,0.12311451137065887,1.05099356174469,9.979326023312751e-07,0.11299914121627808,0.9547715187072754,-0.023148752748966217,0.139609232544899,0.8668932318687439,-0.053156595677137375,0.18910562992095947,0.8175755143165588,-0.07220517843961716,0.2368147224187851,0.7898669242858887,-0.09073962271213531,0.12822416424751282,0.8734496831893921,-0.13373757898807526,0.176569864153862,0.7522789239883423,-0.18513557314872742,0.21805045008659363,0.6779300570487976,-0.2156495302915573,0.25148069858551025,0.6193560361862183,-0.2335709184408188,0.1598498821258545,0.9445148706436157,-0.13422851264476776,0.26760491728782654,0.8412148952484131,-0.17906448245048523,0.33430957794189453,0.7782993316650391,-0.19652719795703888,0.3779261112213135,0.7299457788467407,-0.20893429219722748,0.19990114867687225,1.004125952720642,-0.12912242114543915,0.3113783597946167,0.9199545383453369,-0.15930579602718353,0.3618394136428833,0.8531487584114075,-0.16732323169708252,0.3862956166267395,0.8064277172088623,-0.17174725234508514,0.24124233424663544,1.0440943241119385,-0.12290284782648087,0.33305689692497253,0.9854545593261719,-0.1418873369693756,0.36988765001296997,0.9383533596992493,-0.14414191246032715,0.38994187116622925,0.897281289100647,-0.14442074298858643
76510.056,0.12311039865016937,1.0571157932281494,1.0072197937915917e-06,0.11333410441875458,0.9608004689216614,-0.02371986210346222,0.13943779468536377,0.8714953660964966,-0.05388658121228218,0.18807119131088257,0.8184159398078918,-0.0732477530837059,0.2342766672372818,0.7863093614578247,-0.092258520424366,0.13062351942062378,0.8781841397285461,-0.13194675743579865,0.17881092429161072,0.7553039789199829,-0.1828126609325409,0.22013908624649048,0.6798152923583984,-0.2136763632297516,0.2539145350456238,0.6198817491531372,-0.23220671713352203,0.16369996964931488,0.9486693143844604,-0.1326150745153427,0.27125847339630127,0.8458429574966431,-0.17605790495872498,0.33753806352615356,0.7831414937973022,-0.19328807294368744,0.3808400630950928,0.7352608442306519,-0.20611846446990967,0.2037646472454071,1.0082277059555054,-0.12797309458255768,0.3165148198604584,0.9229778051376343,-0.15651258826255798,0.36552101373672485,0.8543725609779358,-0.1636568009853363,0.3883861303329468,0.8073520660400391,-0.16831575334072113,0.2440759390592575,1.0482027530670166,-0.12248361855745316,0.33557239174842834,0.9901506900787354,-0.1412537395954132,0.3727288246154785,0.941109836101532,-0.1436379998922348,0.39347073435783386,0.8983814120292664,-0.1442847102880478
76510.088,0.1253887414932251,1.0622082948684692,1.0089061106555164e-06,0.11518200486898422,0.9627085328102112,-0.02550099790096283,0.14000876247882843,0.8729726076126099,-0.05738648399710655,0.18853238224983215,0.8210068941116333,-0.07814112305641174,0.23635508120059967,0.7921265363693237,-0.09841063618659973,0.1330590546131134,0.8844120502471924,-0.1362510621547699,0.18183696269989014,0.7595691680908203,-0.18960250914096832,0.22354142367839813,0.6837450265884399,-0.22140595316886902,0.2581784427165985,0.6247818470001221,-0.23996585607528687,0.16782604157924652,0.9554080367088318,-0.1362174153327942,0.2745855152606964,0.8502382040023804,-0.18297621607780457,0.34080347418785095,0.785891056060791,-0.20120149850845337,0.3844291567802429,0.7371946573257446,-0.21393650770187378,0.20893077552318573,1.013651967048645,-0.1308068484067917,0.32077834010124207,0.9272117614746094,-0.16232328116893768,0.36912456154823303,0.8592079281806946,-0.16999880969524384,0.39127489924430847,0.8120927810668945,-0.17400452494621277,0.2502364218235016,1.052081823348999,-0.1244591549038887,0.3407837450504303,0.9923246502876282,-0.1440500169992447,0.3768177032470703,0.9432130455970764,-0.14601726830005646,0.3957088589668274,0.9004225134849548,-0.145943745970726
76510.12,0.12247432768344879,1.0609687566757202,9.959661610992043e-07,0.11455514281988144,0.9624732732772827,-0.024925632402300835,0.141036719083786,0.8715740442276001,-0.05551498755812645,0.1900954693555832,0.8198831081390381,-0.07493259012699127,0.23648102581501007,0.7926647663116455,-0.09373760223388672,0.13532161712646484,0.88325434923172,-0.13225527107715607,0.1845913678407669,0.7601045370101929,-0.1842590868473053,0.22684992849826813,0.6851155161857605,-0.216450497508049,0.2613515555858612,0.6264984607696533,-0.23542891442775726,0.1701544225215912,0.9550918340682983,-0.13205690681934357,0.27627134323120117,0.8541296124458313,-0.17597562074661255,0.34233465790748596,0.792124330997467,-0.19339461624622345,0.38580846786499023,0.7440034747123718,-0.2060699760913849,0.2096937596797943,1.0129387378692627,-0.12670518457889557,0.3202335834503174,0.9307010769844055,-0.15556778013706207,0.36898142099380493,0.8633278608322144,-0.1631406843662262,0.392478883266449,0.8158146142959595,-0.16765420138835907,0.24954816699028015,1.0514637231826782,-0.12050415575504303,0.3396810293197632,0.9950057864189148,-0.13801676034927368,0.3765023946762085,0.9472852349281311,-0.13940437138080597,0.3969745635986328,0.9046969413757324,-0.13926802575588226
76510.169,0.12419389933347702,1.0728952884674072,9.255286954612529e-07,0.11656946688890457,0.976353645324707,-0.021610472351312637,0.13972005248069763,0.8803291320800781,-0.05070804804563522,0.18571904301643372,0.8193413019180298,-0.0691266655921936,0.22953088581562042,0.7827227711677551,-0.08702469617128372,0.1378803551197052,0.8879019021987915,-0.128988578915596,0.18618617951869965,0.7639216780662537,-0.18081273138523102,0.2278384417295456,0.6886301040649414,-0.2129214107990265,0.26129043102264404,0.6305896043777466,-0.23160454630851746,0.17230470478534698,0.9585869908332825,-0.13020147383213043,0.2783074975013733,0.8564631342887878,-0.17272818088531494,0.3437834680080414,0.7937467098236084,-0.18924079835414886,0.38668692111968994,0.7455556392669678,-0.2012583613395691,0.21164768934249878,1.0171087980270386,-0.126200333237648,0.32352975010871887,0.9335082173347473,-0.15404076874256134,0.3717470169067383,0.8641607165336609,-0.16112160682678223,0.39630067348480225,0.8140617609024048,-0.16539539396762848,0.25098472833633423,1.0573725700378418,-0.12097842991352081,0.3404812812805176,0.9985292553901672,-0.13860410451889038,0.37705546617507935,0.9483099579811096,-0.1398225873708725,0.39929813146591187,0.9035099148750305,-0.13928428292274475
76510.175,0.11971518397331238,1.078932523727417,9.429140845895745e-07,0.11293359100818634,0.9829927086830139,-0.021518554538488388,0.13882936537265778,0.8858486413955688,-0.04922817274928093,0.18584591150283813,0.8228177428245544,-0.06650906056165695,0.2308720499277115,0.7853992581367493,-0.08305331319570541,0.1362019181251526,0.8875285387039185,-0.12270437180995941,0.18739360570907593,0.7633036375045776,-0.1719779372215271,0.22959868609905243,0.6886800527572632,-0.20298415422439575,0.2632274031639099,0.6293027400970459,-0.2211400270462036,0.1717187911272049,0.9587303996086121,-0.12329735606908798,0.27839574217796326,0.8555817604064941,-0.1628381609916687,0.3447972536087036,0.7928198575973511,-0.1784684658050537,0.3880808651447296,0.7436331510543823,-0.19007191061973572,0.21119073033332825,1.0187896490097046,-0.11902853846549988,0.32123303413391113,0.9335629343986511,-0.1440923511981964,0.3699190616607666,0.8661711812019348,-0.149734228849411,0.394325315952301,0.8174920082092285,-0.15319548547267914,0.2503986060619354,1.060932993888855,-0.11386799812316895,0.3395676612854004,0.9984626173973083,-0.12926067411899567,0.376065731048584,0.9496978521347046,-0.12914066016674042,0.3973686993122101,0.9067979454994202,-0.12766695022583008
76510.199,0.11525806784629822,1.083350658416748,9.269936072087148e-07,0.1096249371767044,0.9844391942024231,-0.019515186548233032,0.1395505666732788,0.8904735445976257,-0.0457247830927372,0.1910446137189865,0.8316962122917175,-0.062311626970767975,0.2391725778579712,0.7979341149330139,-0.07816489040851593,0.13709253072738647,0.8893488645553589,-0.11648979038000107,0.18898741900920868,0.7655785083770752,-0.16405753791332245,0.23074187338352203,0.6911357641220093,-0.1937556117773056,0.2642662823200226,0.631345272064209,-0.21072441339492798,0.17061464488506317,0.9596830606460571,-0.11802921444177628,0.2798810303211212,0.8580682873725891,-0.15583716332912445,0.3471193313598633,0.7942221164703369,-0.1711239218711853,0.39147982001304626,0.7446438670158386,-0.18215349316596985,0.2085225135087967,1.0197268724441528,-0.11482059955596924,0.32149091362953186,0.9369098544120789,-0.13890914618968964,0.37128493189811707,0.8672818541526794,-0.14514879882335663,0.39661914110183716,0.817359447479248,-0.14859136939048767,0.246466726064682,1.0624058246612549,-0.11064992100000381,0.3379412889480591,1.0020320415496826,-0.12528416514396667,0.3759053945541382,0.9516229033470154,-0.12519070506095886,0.3981945812702179,0.9077782034873962,-0.12334296852350235
76510.234,0.11421648412942886,1.07512629032135,9.06869331629423e-07,0.1103096753358841,0.9769706130027771,-0.020928163081407547,0.1415812075138092,0.8856943249702454,-0.04698655381798744,0.1923913061618805,0.8277245759963989,-0.06310019642114639,0.24029593169689178,0.795349657535553,-0.0784764364361763,0.13994938135147095,0.8884800672531128,-0.11720061302185059,0.192657470703125,0.766049861907959,-0.1635555773973465,0.2331717163324356,0.6917223930358887,-0.19153940677642822,0.2655419409275055,0.6319626569747925,-0.2071993350982666,0.17486003041267395,0.9583527445793152,-0.11707223951816559,0.28217658400535583,0.8574389815330505,-0.15318892896175385,0.34815990924835205,0.7937636375427246,-0.1666967272758484,0.3922404944896698,0.7448278069496155,-0.17665284872055054,0.21259963512420654,1.016714096069336,-0.11232253164052963,0.3223869800567627,0.93605637550354,-0.13459381461143494,0.37027353048324585,0.8676226735115051,-0.13983336091041565,0.39538151025772095,0.8192590475082397,-0.14278607070446014,0.2489064633846283,1.0583289861679077,-0.10685421526432037,0.33905282616615295,1.0002391338348389,-0.12010198831558228,0.37655332684516907,0.9499035477638245,-0.12008903175592422,0.3991481065750122,0.906660795211792,-0.11850625276565552
76510.264,0.11850942671298981,1.0617703199386597,8.585492423662799e-07,0.11221235990524292,0.964759349822998,-0.01985831744968891,0.1406206339597702,0.8719214797019958,-0.044948510825634,0.19035440683364868,0.8131833076477051,-0.059642866253852844,0.23702678084373474,0.7824357748031616,-0.07360779494047165,0.142907977104187,0.8867160081863403,-0.11854284256696701,0.19468380510807037,0.7627132534980774,-0.16369110345840454,0.23486328125,0.6897804737091064,-0.18980664014816284,0.2671785354614258,0.6333179473876953,-0.20377996563911438,0.17846614122390747,0.956383228302002,-0.11795909702777863,0.28551310300827026,0.852708101272583,-0.15298672020435333,0.3497980237007141,0.7903032898902893,-0.16587655246257782,0.3928830921649933,0.743558943271637,-0.17516569793224335,0.21664506196975708,1.0112106800079346,-0.11215920001268387,0.3244466185569763,0.9303987622261047,-0.13398046791553497,0.3715418577194214,0.8640596270561218,-0.14023512601852417,0.39682331681251526,0.8178619742393494,-0.14367930591106415,0.25325605273246765,1.0484590530395508,-0.1051807701587677,0.34195607900619507,0.9922950267791748,-0.11729549616575241,0.37988901138305664,0.9451241493225098,-0.11705443263053894,0.4039230942726135,0.904028058052063,-0.11535630375146866
76510.297,0.12303615361452103,1.0589714050292969,7.856148727114487e-07,0.11550010740756989,0.9644738435745239,-0.018399182707071304,0.14243263006210327,0.8729406595230103,-0.041539568454027176,0.19089551270008087,0.8137373924255371,-0.05454040691256523,0.2359551191329956,0.7802459597587585,-0.06653182953596115,0.14451830089092255,0.887104868888855,-0.11336880177259445,0.19507601857185364,0.7621315717697144,-0.15780358016490936,0.23487000167369843,0.6882529258728027,-0.18356981873512268,0.26635974645614624,0.6314822435379028,-0.197381392121315,0.1808902472257614,0.9556373357772827,-0.1130516305565834,0.28432726860046387,0.8517975211143494,-0.1483915150165558,0.3453247547149658,0.7912206053733826,-0.1612575799226761,0.3859439790248871,0.7441993951797485,-0.1701209843158722,0.21976259350776672,1.008639931678772,-0.10778306424617767,0.3272029459476471,0.9293184876441956,-0.13100549578666687,0.37284719944000244,0.8638166189193726,-0.13728520274162292,0.3968362808227539,0.8159146904945374,-0.14002510905265808,0.2569655179977417,1.0435682535171509,-0.1010705903172493,0.3445902466773987,0.9861275553703308,-0.11400431394577026,0.3817002773284912,0.9402123689651489,-0.11359813809394836,0.40495359897613525,0.8983007073402405,-0.11144784092903137
76510.328,0.12449739128351212,1.0554465055465698,8.063764767030079e-07,0.1162458062171936,0.958619236946106,-0.017644139006733894,0.14455761015415192,0.869454026222229,-0.04094154015183449,0.19700151681900024,0.8147832751274109,-0.05420554429292679,0.24256014823913574,0.7853457927703857,-0.06626296788454056,0.1451537311077118,0.8838051557540894,-0.11175460368394852,0.19613835215568542,0.7593676447868347,-0.15531595051288605,0.23553676903247833,0.6858376264572144,-0.18044692277908325,0.2659350633621216,0.6293220520019531,-0.193777933716774,0.18025171756744385,0.953197181224823,-0.11180316656827927,0.28637340664863586,0.8493261337280273,-0.1463974267244339,0.3469480872154236,0.7891818284988403,-0.15838660299777985,0.38672250509262085,0.7428461313247681,-0.16642214357852936,0.2187197208404541,1.0068058967590332,-0.10683814436197281,0.32834458351135254,0.9271261096000671,-0.12894047796726227,0.3734353184700012,0.8621317148208618,-0.13367559015750885,0.39609494805336,0.8150081634521484,-0.13531512022018433,0.25596392154693604,1.0420982837677002,-0.10051819682121277,0.3456895053386688,0.9829798936843872,-0.11207215487957001,0.38191166520118713,0.9378358125686646,-0.10997769981622696,0.4037044644355774,0.8964530825614929,-0.10655955970287323
76510.362,0.12474005669355392,1.0516022443771362,8.194833185370953e-07,0.11695772409439087,0.9572501182556152,-0.017756426706910133,0.14677220582962036,0.8691937923431396,-0.041355520486831665,0.20021721720695496,0.8153655529022217,-0.05490405857563019,0.24649131298065186,0.7863373160362244,-0.06735039502382278,0.14583539962768555,0.8792023658752441,-0.11309830099344254,0.19780753552913666,0.7548471689224243,-0.1562962532043457,0.2370232194662094,0.681962251663208,-0.18096689879894257,0.2674466371536255,0.6259390115737915,-0.19406187534332275,0.18021054565906525,0.9477834701538086,-0.1133362427353859,0.28656670451164246,0.8436185717582703,-0.14766299724578857,0.3482191264629364,0.7832202911376953,-0.15985709428787231,0.38973820209503174,0.7366778254508972,-0.16816537082195282,0.21792446076869965,1.001861810684204,-0.10841688513755798,0.3274500072002411,0.9223612546920776,-0.13027280569076538,0.3727286159992218,0.8577136993408203,-0.13558131456375122,0.39613792300224304,0.8104628324508667,-0.1379452645778656,0.2547004520893097,1.0379011631011963,-0.10214884579181671,0.34392306208610535,0.9804901480674744,-0.11436086893081665,0.380560964345932,0.934973955154419,-0.11337804794311523,0.4034193456172943,0.8923397064208984,-0.11084578931331635
76510.423,0.12540435791015625,1.0466896295547485,8.186921718333906e-07,0.11742577701807022,0.9514238834381104,-0.013538498431444168,0.14703086018562317,0.8598476052284241,-0.03543199971318245,0.19909901916980743,0.8030783534049988,-0.0478769913315773,0.2440461963415146,0.77093905210495,-0.05965606868267059,0.1479528397321701,0.8679765462875366,-0.10981351137161255,0.19943711161613464,0.7445498108863831,-0.15197987854480743,0.23846137523651123,0.6733345985412598,-0.17636117339134216,0.2680470049381256,0.618178129196167,-0.18929363787174225,0.17973710596561432,0.9379170536994934,-0.1120167076587677,0.28951525688171387,0.8342384696006775,-0.1453636735677719,0.3516623377799988,0.7736412286758423,-0.15764214098453522,0.39273780584335327,0.7257586121559143,-0.16587848961353302,0.21574966609477997,0.9948951005935669,-0.10848753154277802,0.32723867893218994,0.9136818051338196,-0.12900608777999878,0.37213873863220215,0.8485590815544128,-0.1335952877998352,0.39572978019714355,0.8009239435195923,-0.13546548783779144,0.2515507638454437,1.0358396768569946,-0.10322834551334381,0.34034478664398193,0.9729861617088318,-0.11433042585849762,0.3778352737426758,0.9275704026222229,-0.11186448484659195,0.4021769165992737,0.887529730796814,-0.1080542504787445
76510.456,0.126491516828537,1.0457409620285034,8.395936674787663e-07,0.11651391535997391,0.9486884474754333,-0.013465914875268936,0.14748907089233398,0.8591588735580444,-0.03521578386425972,0.20240575075149536,0.8071932792663574,-0.04774503782391548,0.2488967776298523,0.779640793800354,-0.05953170731663704,0.14875172078609467,0.8641742467880249,-0.10800362378358841,0.2013878971338272,0.739271342754364,-0.1480020433664322,0.24112442135810852,0.6683394908905029,-0.16952040791511536,0.2707265019416809,0.6143237352371216,-0.1801367998123169,0.1827632337808609,0.9351296424865723,-0.10995447635650635,0.2903544008731842,0.825409471988678,-0.14305146038532257,0.3525000512599945,0.7653523683547974,-0.15367449820041656,0.39213258028030396,0.7211560606956482,-0.16001620888710022,0.21893371641635895,0.9921830296516418,-0.10632508993148804,0.3268398642539978,0.9053078889846802,-0.1277320384979248,0.3726075291633606,0.8408602476119995,-0.13237889111042023,0.39581161737442017,0.794831395149231,-0.13349546492099762,0.2529769539833069,1.0318137407302856,-0.1007956713438034,0.34040582180023193,0.9657742977142334,-0.1116902157664299,0.37615400552749634,0.9206112027168274,-0.10889165848493576,0.39761197566986084,0.8815007209777832,-0.10463499277830124
76510.488,0.12622150778770447,1.0398800373077393,8.256360501945892e-07,0.11802835017442703,0.9407735466957092,-0.013707526959478855,0.1493678241968155,0.851913571357727,-0.035776473581790924,0.20325282216072083,0.7996407151222229,-0.04877402260899544,0.2491651475429535,0.769910454750061,-0.060895368456840515,0.15019996464252472,0.8588359355926514,-0.1086922287940979,0.20252195000648499,0.7353010177612305,-0.14946848154067993,0.24152930080890656,0.6648997068405151,-0.17157906293869019,0.2712439298629761,0.6097961068153381,-0.18272903561592102,0.18288949131965637,0.929520845413208,-0.11104007810354233,0.29003116488456726,0.8216577768325806,-0.14524197578430176,0.35170286893844604,0.7614110708236694,-0.15654484927654266,0.39115703105926514,0.7165047526359558,-0.1635153442621231,0.21820281445980072,0.9864757061004639,-0.10784818977117538,0.3269176781177521,0.8996859192848206,-0.13023991882801056,0.37269163131713867,0.8366528153419495,-0.13481102883815765,0.3949049711227417,0.7911602854728699,-0.13582442700862885,0.25214120745658875,1.025647521018982,-0.10286590456962585,0.34071582555770874,0.961728572845459,-0.11442815512418747,0.3765910565853119,0.9163898229598999,-0.11197176575660706,0.39727169275283813,0.8763523101806641,-0.10798545181751251
76510.521,0.12665507197380066,1.034858226776123,7.893873430475651e-07,0.11896617710590363,0.9367608428001404,-0.013206417672336102,0.14961981773376465,0.8456974029541016,-0.03366255387663841,0.20074515044689178,0.7895551323890686,-0.045590125024318695,0.2443493753671646,0.756593644618988,-0.05657454580068588,0.15167978405952454,0.8559799194335938,-0.1030113697052002,0.20384415984153748,0.7321367859840393,-0.14192062616348267,0.24216024577617645,0.6622670888900757,-0.1621813029050827,0.27158278226852417,0.6081891059875488,-0.17215567827224731,0.18428219854831696,0.9260109066963196,-0.10587114095687866,0.289631724357605,0.8191627860069275,-0.13875630497932434,0.3486073315143585,0.759777843952179,-0.1498843878507614,0.3862657845020294,0.7148470878601074,-0.15666340291500092,0.21887435019016266,0.9819867610931396,-0.10359001904726028,0.3267345428466797,0.8967878222465515,-0.12608329951763153,0.3724669814109802,0.8341819643974304,-0.13171054422855377,0.39541488885879517,0.7876540422439575,-0.13342225551605225,0.2518177032470703,1.020341157913208,-0.09950016438961029,0.33940765261650085,0.9582287073135376,-0.11221563071012497,0.37629449367523193,0.9135422110557556,-0.11130037903785706,0.39843523502349854,0.8727442026138306,-0.10836794227361679
76510.552,0.1284879744052887,1.0256941318511963,7.567660418317246e-07,0.12115984410047531,0.9278448224067688,-0.014980803243815899,0.1522204428911209,0.8385348320007324,-0.035169366747140884,0.20191453397274017,0.7839459180831909,-0.046279553323984146,0.2444567084312439,0.7514429092407227,-0.05647587776184082,0.15345990657806396,0.851402759552002,-0.1034107357263565,0.20495110750198364,0.7290431261062622,-0.14125697314739227,0.24230416119098663,0.6594167947769165,-0.16092327237129211,0.27097415924072266,0.6052662134170532,-0.17074567079544067,0.18545140326023102,0.922039806842804,-0.10493510961532593,0.28812146186828613,0.8178409337997437,-0.13636569678783417,0.34381312131881714,0.759765625,-0.14674009382724762,0.3785526156425476,0.7159538269042969,-0.15346267819404602,0.21894054114818573,0.9775682091712952,-0.10151860862970352,0.3260371685028076,0.8947509527206421,-0.12329740822315216,0.3717935085296631,0.831977903842926,-0.12909342348575592,0.39483359456062317,0.7849161624908447,-0.13138310611248016,0.2503042221069336,1.0140323638916016,-0.09641576558351517,0.3381879925727844,0.9538036584854126,-0.10935448855161667,0.37578505277633667,0.9102320075035095,-0.10909585654735565,0.39825618267059326,0.8701105713844299,-0.10697265714406967
76510.601,0.1300390660762787,1.0119471549987793,7.255503078340553e-07,0.1230805516242981,0.9153308272361755,-0.01631937175989151,0.15354213118553162,0.8277158737182617,-0.03752002492547035,0.20051658153533936,0.7733602523803711,-0.048227980732917786,0.2414582073688507,0.7390195727348328,-0.058073557913303375,0.15530911087989807,0.8474671244621277,-0.11272476613521576,0.2058211863040924,0.7253038287162781,-0.152329683303833,0.24328865110874176,0.6552410125732422,-0.17310084402561188,0.27127400040626526,0.6011795997619629,-0.18358398973941803,0.18659918010234833,0.9179250001907349,-0.11246886104345322,0.28845179080963135,0.8149805665016174,-0.14505797624588013,0.3412855267524719,0.7585509419441223,-0.15387476980686188,0.3722735345363617,0.7162056565284729,-0.15956614911556244,0.2197958081960678,0.9717965722084045,-0.106803297996521,0.32674920558929443,0.8921777606010437,-0.128520205616951,0.3708074688911438,0.8290235996246338,-0.1322776824235916,0.39232099056243896,0.7812228202819824,-0.13340157270431519,0.25080373883247375,1.006257176399231,-0.0993657112121582,0.3386877477169037,0.9470945596694946,-0.1113046184182167,0.37496137619018555,0.9050184488296509,-0.10922377556562424,0.39588794112205505,0.8669729232788086,-0.10614734143018723
76510.608,0.13104310631752014,1.0126523971557617,7.191878808043839e-07,0.12375214695930481,0.9158218502998352,-0.016169022768735886,0.15393704175949097,0.8277910947799683,-0.03745708242058754,0.2037176489830017,0.7747799158096313,-0.04856784641742706,0.24570292234420776,0.7429463267326355,-0.05882464349269867,0.15658016502857208,0.8463500738143921,-0.11127249151468277,0.20480993390083313,0.7238025069236755,-0.1520662009716034,0.24237386882305145,0.6543490886688232,-0.17373871803283691,0.2709256708621979,0.6010360717773438,-0.18474343419075012,0.18730874359607697,0.9171571731567383,-0.11195547878742218,0.2883499264717102,0.8134937286376953,-0.14595922827720642,0.34258830547332764,0.7573226690292358,-0.15533608198165894,0.3760865330696106,0.7141512632369995,-0.16097842156887054,0.2200220376253128,0.971856415271759,-0.1075059249997139,0.3276289105415344,0.8938292860984802,-0.13122855126857758,0.3712599575519562,0.8310873508453369,-0.13522009551525116,0.39218899607658386,0.7826526165008545,-0.1356486678123474,0.25116610527038574,1.0077720880508423,-0.10127377510070801,0.3404037654399872,0.9475317001342773,-0.11530081182718277,0.37735897302627563,0.9036803841590881,-0.11366821080446243,0.39869970083236694,0.8632419109344482,-0.11019211262464523
76510.633,0.1315525472164154,1.0078706741333008,6.703363624183112e-07,0.12505467236042023,0.9117398262023926,-0.01370901707559824,0.15523295104503632,0.8246160745620728,-0.033438753336668015,0.2038322240114212,0.7711938619613647,-0.0438501350581646,0.24555604159832,0.7397887706756592,-0.05357399210333824,0.1585271656513214,0.8436042070388794,-0.10459994524717331,0.2060515284538269,0.7206954956054688,-0.1431368738412857,0.2426362931728363,0.6520894169807434,-0.1635180562734604,0.2699041962623596,0.5998246669769287,-0.17364196479320526,0.18836545944213867,0.9122613668441772,-0.10628155618906021,0.2881917655467987,0.8119795322418213,-0.13776160776615143,0.33835867047309875,0.7567213773727417,-0.14610718190670013,0.36694639921188354,0.7143025398254395,-0.15125232934951782,0.21994787454605103,0.9662814140319824,-0.10306448489427567,0.32847291231155396,0.8883605599403381,-0.1254902482032776,0.3715941309928894,0.8262927532196045,-0.13002926111221313,0.39089858531951904,0.7787850499153137,-0.1311432123184204,0.25060948729515076,1.002097249031067,-0.09785351157188416,0.3403061032295227,0.9429608583450317,-0.11154747009277344,0.3780597150325775,0.9001298546791077,-0.1105966717004776,0.3991636037826538,0.8601287603378296,-0.10781436413526535
76510.666,0.13221752643585205,1.0063717365264893,6.525218054775905e-07,0.12558364868164062,0.910754382610321,-0.012839232571423054,0.15406139194965363,0.8220066428184509,-0.031756795942783356,0.2004101723432541,0.7658812999725342,-0.04201643541455269,0.24132898449897766,0.7311654090881348,-0.05140041932463646,0.1608324944972992,0.8395735621452332,-0.09811750799417496,0.207508385181427,0.7172070741653442,-0.13509447872638702,0.24327506124973297,0.649085283279419,-0.15449994802474976,0.2698400020599365,0.5977662205696106,-0.1639072149991989,0.1909656673669815,0.906895637512207,-0.10030095279216766,0.2899125814437866,0.8081355094909668,-0.13172034919261932,0.33739128708839417,0.7534199357032776,-0.13960868120193481,0.36408913135528564,0.7119789123535156,-0.14348970353603363,0.22204738855361938,0.960925281047821,-0.09787949919700623,0.32864654064178467,0.8838762044906616,-0.11942312121391296,0.36940184235572815,0.8218023180961609,-0.12199720740318298,0.3873904347419739,0.775409460067749,-0.12113196402788162,0.25200435519218445,0.998336911201477,-0.09369973838329315,0.34067127108573914,0.9381082057952881,-0.1063518226146698,0.37765395641326904,0.8939815759658813,-0.10385110229253769,0.39841851592063904,0.854357898235321,-0.0993635505437851
76510.695,0.13403186202049255,1.0048373937606812,6.502863811874704e-07,0.12647485733032227,0.9086947441101074,-0.010778138414025307,0.15441302955150604,0.8187861442565918,-0.028458166867494583,0.19946780800819397,0.7607220411300659,-0.0379147082567215,0.23881715536117554,0.7227967977523804,-0.04634985327720642,0.16079530119895935,0.8364959955215454,-0.0957929715514183,0.20786432921886444,0.7131921648979187,-0.13205505907535553,0.24469439685344696,0.6453610062599182,-0.15053054690361023,0.27146053314208984,0.5948442220687866,-0.15904821455478668,0.19063210487365723,0.9023693799972534,-0.09882628917694092,0.29075267910957336,0.8018256425857544,-0.1309841424226761,0.3396330773830414,0.7471356391906738,-0.13898882269859314,0.3664308488368988,0.7062680721282959,-0.14236041903495789,0.22245721518993378,0.9556823968887329,-0.09698238223791122,0.3297768235206604,0.8792091012001038,-0.11880214512348175,0.37113940715789795,0.8169648051261902,-0.12115184962749481,0.3884798586368561,0.7703195810317993,-0.11969783902168274,0.253152996301651,0.993280827999115,-0.09320786595344543,0.3420431613922119,0.9328573346138,-0.10489664226770401,0.3783876895904541,0.8889617323875427,-0.1012994721531868,0.3974582850933075,0.8499743342399597,-0.09586591273546219
76510.737,0.13873419165611267,1.0006556510925293,6.564451950907824e-07,0.12972617149353027,0.9034278392791748,-0.010867031291127205,0.1559772938489914,0.8156973719596863,-0.028628213331103325,0.19910606741905212,0.7598960995674133,-0.038283128291368484,0.23575474321842194,0.7218155264854431,-0.047406818717718124,0.1613788902759552,0.8303271532058716,-0.09647899866104126,0.2076273262500763,0.7105576992034912,-0.13302019238471985,0.24496906995773315,0.6429381966590881,-0.1532592624425888,0.2721962332725525,0.5913708209991455,-0.16358685493469238,0.192101389169693,0.8964125514030457,-0.0999838337302208,0.2885172367095947,0.7999811768531799,-0.1319439709186554,0.3377334177494049,0.7448273301124573,-0.14159634709358215,0.36414098739624023,0.7021182775497437,-0.14690111577510834,0.22437186539173126,0.9502171874046326,-0.09853663295507431,0.3284728527069092,0.8759016990661621,-0.1196800246834755,0.37147125601768494,0.8147417902946472,-0.12353423237800598,0.39058011770248413,0.7681871056556702,-0.12421459704637527,0.2543908953666687,0.9873745441436768,-0.09526525437831879,0.3402261435985565,0.9310978055000305,-0.10761789977550507,0.37673652172088623,0.8889442086219788,-0.10555445402860641,0.39828187227249146,0.8500562310218811,-0.10185259580612183
76510.759,0.13879245519638062,0.9939448237419128,6.955215781090374e-07,0.1315111666917801,0.8967421054840088,-0.012025381438434124,0.1606615036725998,0.8120142817497253,-0.0317334309220314,0.20611360669136047,0.7604970932006836,-0.04280828312039375,0.24568825960159302,0.7284059524536133,-0.05339861288666725,0.16160452365875244,0.8237462639808655,-0.10227112472057343,0.20788666605949402,0.7065860033035278,-0.1406036764383316,0.24530676007270813,0.639459490776062,-0.1616320013999939,0.27244114875793457,0.5891160368919373,-0.17219100892543793,0.1918145716190338,0.8912099599838257,-0.10519015043973923,0.28842872381210327,0.794410228729248,-0.13784489035606384,0.33708667755126953,0.7408517003059387,-0.14452342689037323,0.3616602420806885,0.7027978897094727,-0.147431880235672,0.22380943596363068,0.9469112157821655,-0.10321338474750519,0.3300398886203766,0.8686798810958862,-0.12411896139383316,0.37140822410583496,0.811901330947876,-0.12302993983030319,0.3863024115562439,0.7727643251419067,-0.11976253986358643,0.25374120473861694,0.985145092010498,-0.09974975883960724,0.34111928939819336,0.927045464515686,-0.11237996816635132,0.3771967887878418,0.8835239410400391,-0.10848695039749146,0.3964499533176422,0.8449947834014893,-0.10276360809803009
76510.824,0.14237724244594574,0.9907322525978088,7.978736675795517e-07,0.13416972756385803,0.8937641382217407,-0.010953218676149845,0.16443927586078644,0.8104596734046936,-0.032842572778463364,0.2153068333864212,0.7656694650650024,-0.04613156616687775,0.25790444016456604,0.7399344444274902,-0.05868625268340111,0.16131868958473206,0.8178102970123291,-0.10773184150457382,0.20874053239822388,0.7025185823440552,-0.14720304310321808,0.24502107501029968,0.6364654898643494,-0.16809196770191193,0.27204498648643494,0.5865780115127563,-0.17862188816070557,0.18959303200244904,0.8844677209854126,-0.11148633062839508,0.2920459806919098,0.7803760170936584,-0.14644703269004822,0.34930098056793213,0.7250571250915527,-0.15450911223888397,0.38521069288253784,0.6857379078865051,-0.15816368162631989,0.22110918164253235,0.9408301115036011,-0.10937037318944931,0.3280569911003113,0.8662632703781128,-0.1311853975057602,0.36703139543533325,0.8154905438423157,-0.1284039318561554,0.3818247616291046,0.7823359370231628,-0.12338761985301971,0.251093327999115,0.9831722378730774,-0.10564780980348587,0.3391757607460022,0.9234821796417236,-0.11649508029222488,0.3731030821800232,0.8824438452720642,-0.10944368690252304,0.3908689618110657,0.8485392928123474,-0.10137085616588593
76510.856,0.1453205794095993,0.9918646812438965,8.588887112637167e-07,0.13664264976978302,0.8940061330795288,-0.011163189075887203,0.16615255177021027,0.8115941286087036,-0.034025683999061584,0.2164798378944397,0.7690939903259277,-0.04857756197452545,0.25802746415138245,0.7439068555831909,-0.06211259588599205,0.1613849699497223,0.814271092414856,-0.1079205572605133,0.20931905508041382,0.7015197277069092,-0.14772091805934906,0.24485521018505096,0.6354225873947144,-0.17046883702278137,0.27164342999458313,0.5840469598770142,-0.18290971219539642,0.18682748079299927,0.8803514242172241,-0.11153878271579742,0.2889412045478821,0.7811784148216248,-0.14627373218536377,0.34994691610336304,0.7252197861671448,-0.15563049912452698,0.38982954621315,0.6849055290222168,-0.1614943891763687,0.21793970465660095,0.937445342540741,-0.1090846136212349,0.3278921842575073,0.8620569109916687,-0.12921372056007385,0.3636186718940735,0.8123306632041931,-0.12403367459774017,0.372243195772171,0.7834919691085815,-0.11832176148891449,0.2492997944355011,0.9800500273704529,-0.10552139580249786,0.3388570547103882,0.9193782806396484,-0.1147005558013916,0.37019088864326477,0.8796259164810181,-0.10551971197128296,0.3830057382583618,0.85075443983078,-0.09634244441986084
76510.888,0.1434648483991623,0.9975354075431824,8.963726259025862e-07,0.1354125291109085,0.9005816578865051,-0.009484536945819855,0.16825956106185913,0.8194252252578735,-0.032409731298685074,0.22156521677970886,0.779272735118866,-0.04777658358216286,0.264281302690506,0.757415771484375,-0.06257710605859756,0.16068357229232788,0.8150956034660339,-0.10512737929821014,0.20809690654277802,0.7028887271881104,-0.14598523080348969,0.24358686804771423,0.6367193460464478,-0.17169317603111267,0.27036163210868835,0.5838989019393921,-0.1871657520532608,0.18542632460594177,0.879239022731781,-0.10997137427330017,0.28605177998542786,0.7805649638175964,-0.1431267112493515,0.34764108061790466,0.7254832983016968,-0.15330113470554352,0.38798826932907104,0.6848032474517822,-0.16083914041519165,0.21597746014595032,0.9377923011779785,-0.10885348170995712,0.3220711946487427,0.8635309934616089,-0.12586745619773865,0.3577483296394348,0.8147706985473633,-0.11907106637954712,0.3668323755264282,0.786626935005188,-0.11395244300365448,0.2463945746421814,0.9812743663787842,-0.10713224858045578,0.3335198163986206,0.9243441820144653,-0.11685871332883835,0.3667716681957245,0.8858732581138611,-0.10849691182374954,0.38355904817581177,0.8565933704376221,-0.10031044483184814
76510.919,0.1441684365272522,0.999614953994751,8.689469837008801e-07,0.1362503319978714,0.9027441143989563,-0.00812066812068224,0.16813090443611145,0.8205156922340393,-0.029137300327420235,0.221586212515831,0.77969890832901,-0.043491803109645844,0.2659536302089691,0.7597838640213013,-0.057955145835876465,0.16120624542236328,0.8138689398765564,-0.09862963110208511,0.20742930471897125,0.7008911967277527,-0.13754341006278992,0.24395884573459625,0.6355189085006714,-0.16140758991241455,0.27175071835517883,0.5840866565704346,-0.17529511451721191,0.1858159601688385,0.8780019283294678,-0.10472758859395981,0.2858874797821045,0.7803197503089905,-0.13729719817638397,0.3464670479297638,0.7267638444900513,-0.14807628095149994,0.38518601655960083,0.6871413588523865,-0.1555468887090683,0.2159246951341629,0.9365057349205017,-0.10526528209447861,0.3202142119407654,0.8593031167984009,-0.1241515502333641,0.3643767535686493,0.8066604733467102,-0.12270171195268631,0.3830772340297699,0.7717300653457642,-0.1210823580622673,0.24506282806396484,0.9808706045150757,-0.10467185825109482,0.3303261399269104,0.9243754148483276,-0.114683598279953,0.3641620874404907,0.8876894116401672,-0.10809723287820816,0.3818050026893616,0.8581236600875854,-0.10166068375110626
76510.952,0.1435110867023468,0.9990139007568359,8.421759503107751e-07,0.13582868874073029,0.9015232920646667,-0.006411695387214422,0.16788023710250854,0.8191860914230347,-0.026024993509054184,0.2210511714220047,0.7771834135055542,-0.03949855640530586,0.2657907009124756,0.7559391856193542,-0.0534796342253685,0.16150742769241333,0.8126258850097656,-0.09506742656230927,0.208318829536438,0.701324999332428,-0.13152867555618286,0.2448265552520752,0.636660099029541,-0.15289659798145294,0.2724769115447998,0.5854480266571045,-0.16492684185504913,0.18666791915893555,0.8772383332252502,-0.10181157290935516,0.2876231372356415,0.7805489301681519,-0.13264571130275726,0.34726375341415405,0.7270563840866089,-0.142576202750206,0.3843218982219696,0.686994194984436,-0.14949029684066772,0.21673916280269623,0.9348031282424927,-0.10298113524913788,0.3216303288936615,0.8545268774032593,-0.12237641960382462,0.3677646815776825,0.7986183762550354,-0.12351316213607788,0.3887570798397064,0.759215772151947,-0.12370850145816803,0.24532994627952576,0.9777264595031738,-0.10252230614423752,0.33040881156921387,0.92078697681427,-0.11223777383565903,0.363456130027771,0.8851088285446167,-0.10647956281900406,0.37989819049835205,0.8560084700584412,-0.1010698452591896
76510.985,0.14223195612430573,0.997704029083252,7.931641903269337e-07,0.13418743014335632,0.9000000357627869,-0.004163012839853764,0.16790497303009033,0.8186247944831848,-0.02139647863805294,0.2217332273721695,0.7773909568786621,-0.03279542922973633,0.26635274291038513,0.7580428719520569,-0.04485895484685898,0.16407006978988647,0.8113679885864258,-0.09039699286222458,0.20913472771644592,0.7000864744186401,-0.12547077238559723,0.2447386085987091,0.6355372071266174,-0.14602409303188324,0.27149057388305664,0.584115743637085,-0.1574479639530182,0.1897081434726715,0.8750882148742676,-0.09738950431346893,0.2876091003417969,0.7782763838768005,-0.12707702815532684,0.3464043438434601,0.7255087494850159,-0.13709522783756256,0.38328272104263306,0.6847863793373108,-0.14388148486614227,0.2189445048570633,0.932007372379303,-0.098796546459198,0.320448637008667,0.8525921106338501,-0.11875960975885391,0.36726826429367065,0.7963864803314209,-0.12213166058063507,0.39019542932510376,0.755479633808136,-0.12340519577264786,0.24653887748718262,0.974751889705658,-0.09807678312063217,0.33023619651794434,0.9165699481964111,-0.10761755704879761,0.3620624244213104,0.8825169801712036,-0.1022937074303627,0.3774765729904175,0.854893147945404,-0.0972055047750473
76511.034,0.14370891451835632,0.9945414662361145,7.883579655754147e-07,0.13419629633426666,0.8966231346130371,-0.004975492600351572,0.16645167768001556,0.8160205483436584,-0.02202235907316208,0.2198316752910614,0.7758389711380005,-0.03248021751642227,0.2641836702823639,0.7563842535018921,-0.04312153533101082,0.1642986238002777,0.8111480474472046,-0.0922863706946373,0.20997750759124756,0.6977526545524597,-0.1274838149547577,0.24648413062095642,0.6327030658721924,-0.14723314344882965,0.273201048374176,0.5817734003067017,-0.1577337235212326,0.19171440601348877,0.8745214939117432,-0.09769228845834732,0.2903304100036621,0.7735059261322021,-0.1283237487077713,0.3492039740085602,0.7210935354232788,-0.13785311579704285,0.38527023792266846,0.681476354598999,-0.14374801516532898,0.22177548706531525,0.9291749596595764,-0.09741027653217316,0.32266002893447876,0.8506634831428528,-0.11779268831014633,0.36813199520111084,0.7949123978614807,-0.12117816507816315,0.38893967866897583,0.755271315574646,-0.12176752835512161,0.24957866966724396,0.9696980118751526,-0.09489108622074127,0.33247676491737366,0.9113123416900635,-0.10364134609699249,0.3631000518798828,0.8773475885391235,-0.09829547256231308,0.37660545110702515,0.8508452773094177,-0.09297486394643784
76511.039,0.14373266696929932,0.9946432709693909,7.773008405820292e-07,0.13457849621772766,0.8968780040740967,-0.005215027369558811,0.16723474860191345,0.8168036937713623,-0.022143162786960602,0.22002148628234863,0.7765167951583862,-0.03281278535723686,0.26445090770721436,0.7568197846412659,-0.043442048132419586,0.16432082653045654,0.8111832737922668,-0.08975726366043091,0.20964159071445465,0.697943389415741,-0.12482096999883652,0.24604438245296478,0.6331100463867188,-0.14437700808048248,0.27311551570892334,0.5822052359580994,-0.1547025591135025,0.19084960222244263,0.8742039799690247,-0.09563875198364258,0.28891560435295105,0.7737369537353516,-0.12661653757095337,0.348032683134079,0.7214011549949646,-0.1365755796432495,0.38474762439727783,0.6817818284034729,-0.14256615936756134,0.22061403095722198,0.9291415214538574,-0.09612242877483368,0.3220441937446594,0.850867509841919,-0.11728547513484955,0.36803099513053894,0.7954292893409729,-0.1211327388882637,0.3891162872314453,0.7554354667663574,-0.1217164695262909,0.24872498214244843,0.9700273275375366,-0.094455786049366,0.3320310711860657,0.9108981490135193,-0.103765569627285,0.3628056049346924,0.8771078586578369,-0.09857608377933502,0.3759154677391052,0.8504252433776855,-0.093154177069664
76511.065,0.14798790216445923,0.9883847236633301,7.645672326361819e-07,0.1375853419303894,0.8912459015846252,-0.006593549158424139,0.16876041889190674,0.811103105545044,-0.024064872413873672,0.2202235907316208,0.7693445682525635,-0.03457468003034592,0.2627909779548645,0.7485279440879822,-0.04537868872284889,0.16692161560058594,0.8096106052398682,-0.09536266326904297,0.21183757483959198,0.6974300146102905,-0.13191509246826172,0.24777103960514069,0.6319485306739807,-0.15294718742370605,0.2742002606391907,0.5804601907730103,-0.16454853117465973,0.1961178481578827,0.8718265295028687,-0.09962213784456253,0.2922021150588989,0.7719240188598633,-0.13025391101837158,0.34974542260169983,0.7194967269897461,-0.14011064171791077,0.38510841131210327,0.6796857118606567,-0.14687417447566986,0.22745457291603088,0.9246236085891724,-0.09832435101270676,0.32521337270736694,0.8474249243736267,-0.11789625883102417,0.3686351478099823,0.7927588224411011,-0.12125054746866226,0.3882213234901428,0.7550291419029236,-0.12243500351905823,0.2557298541069031,0.9632862210273743,-0.09511051326990128,0.3372296094894409,0.9056304097175598,-0.10526978224515915,0.3686119318008423,0.8678204417228699,-0.10256899148225784,0.3843501806259155,0.8374170660972595,-0.09927430748939514
76511.096,0.14921057224273682,0.9788026809692383,7.392833936137322e-07,0.13993851840496063,0.8849977850914001,-0.007637997157871723,0.170339435338974,0.8065188527107239,-0.02393881417810917,0.21930496394634247,0.7626017928123474,-0.03275500237941742,0.26059845089912415,0.7389060854911804,-0.04159003868699074,0.16886642575263977,0.804397463798523,-0.09427991509437561,0.21453377604484558,0.6932446360588074,-0.12974873185157776,0.24999119341373444,0.6287545561790466,-0.1492955982685089,0.2768246531486511,0.5780853629112244,-0.1597331464290619,0.19790242612361908,0.8661535978317261,-0.09767451137304306,0.29241156578063965,0.7676706314086914,-0.12750855088233948,0.34886181354522705,0.7156581878662109,-0.13677826523780823,0.38477927446365356,0.6762056350708008,-0.1431046426296234,0.22885720431804657,0.9186684489250183,-0.09581872820854187,0.32579293847084045,0.8439298868179321,-0.1159045472741127,0.36933696269989014,0.790070652961731,-0.12016578018665314,0.39084240794181824,0.7516884803771973,-0.12177606672048569,0.257245808839798,0.9571653604507446,-0.09203281253576279,0.33901703357696533,0.9002494215965271,-0.1039695218205452,0.37197309732437134,0.8626593351364136,-0.10298856347799301,0.3903372287750244,0.8310573101043701,-0.1006428450345993
76511.126,0.15161272883415222,0.9736719131469727,7.279505211954529e-07,0.14307275414466858,0.8799785375595093,-0.007463625632226467,0.17304016649723053,0.8013628125190735,-0.023197347298264503,0.22093936800956726,0.7561059594154358,-0.031486786901950836,0.26076748967170715,0.7301809191703796,-0.039478376507759094,0.17169544100761414,0.7986483573913574,-0.09195452183485031,0.21709159016609192,0.6892220377922058,-0.12661807239055634,0.25174403190612793,0.6253340244293213,-0.14565491676330566,0.27754461765289307,0.5743832588195801,-0.15570905804634094,0.2001534253358841,0.8609865307807922,-0.09528020024299622,0.2942589521408081,0.7630404233932495,-0.12426567822694778,0.34961479902267456,0.71102374792099,-0.13322696089744568,0.38533148169517517,0.6707785725593567,-0.13913953304290771,0.23063214123249054,0.9137082695960999,-0.09340786933898926,0.3279610574245453,0.8393133282661438,-0.11298710107803345,0.37026649713516235,0.7852334976196289,-0.11653170734643936,0.39175158739089966,0.7460365295410156,-0.11738171428442001,0.2590235471725464,0.9520866274833679,-0.08964628726243973,0.34061145782470703,0.8947601318359375,-0.10082251578569412,0.3727172911167145,0.8567469716072083,-0.09891791641712189,0.39152249693870544,0.8244303464889526,-0.0956917554140091
76511.16,0.15513572096824646,0.9710718989372253,7.231880658764567e-07,0.1458042412996292,0.8768202662467957,-0.005858618766069412,0.17519941926002502,0.7987682223320007,-0.020782049745321274,0.22320950031280518,0.7554478049278259,-0.028997497633099556,0.2630196511745453,0.7320460081100464,-0.03681717813014984,0.1752796322107315,0.7949328422546387,-0.08667264133691788,0.21949827671051025,0.6845932006835938,-0.11981440335512161,0.2537047266960144,0.6212701797485352,-0.1376667618751526,0.2791227102279663,0.5713281631469727,-0.1468265801668167,0.20320922136306763,0.8553587794303894,-0.09069185703992844,0.29636818170547485,0.7572466731071472,-0.11873643845319748,0.3510676622390747,0.7054722309112549,-0.12698982656002045,0.3858858346939087,0.6661084294319153,-0.13202379643917084,0.23295637965202332,0.9070519208908081,-0.0896717980504036,0.329508900642395,0.8327091336250305,-0.10879085212945938,0.3710958957672119,0.7790190577507019,-0.1119735836982727,0.3914395272731781,0.7397938370704651,-0.11225792020559311,0.2605765163898468,0.9455488920211792,-0.08671540766954422,0.34242093563079834,0.8888649344444275,-0.09722284972667694,0.3735274374485016,0.8514402508735657,-0.09467089176177979,0.390583336353302,0.8189182877540588,-0.09078481048345566
76511.223,0.16199851036071777,0.9716010093688965,7.004128406151722e-07,0.1486211121082306,0.8746402263641357,-0.0006268351571634412,0.17621327936649323,0.7947177886962891,-0.012866196222603321,0.2253970056772232,0.7510223388671875,-0.019211536273360252,0.26463809609413147,0.7283611297607422,-0.02545742504298687,0.1806747019290924,0.7864996194839478,-0.08015406876802444,0.22454240918159485,0.6760067939758301,-0.11099817603826523,0.25828295946121216,0.6127565503120422,-0.1278502494096756,0.2831762731075287,0.5638965368270874,-0.13658754527568817,0.21041907370090485,0.8441591858863831,-0.08553600311279297,0.3017089366912842,0.7439160943031311,-0.11131708323955536,0.35469990968704224,0.6927565336227417,-0.11864865571260452,0.3870115280151367,0.6554560661315918,-0.12298483401536942,0.24114933609962463,0.8938974142074585,-0.08539509028196335,0.33540236949920654,0.8164949417114258,-0.10207853466272354,0.37556564807891846,0.7639705538749695,-0.10397853702306747,0.39354056119918823,0.7267930507659912,-0.10366715490818024,0.2680467367172241,0.9327720403671265,-0.0828997939825058,0.3470778167247772,0.8747227191925049,-0.09150974452495575,0.3764801323413849,0.8378810882568359,-0.08774888515472412,0.392114520072937,0.8061617016792297,-0.08298114687204361
76511.256,0.1618480533361435,0.970334529876709,6.967700301174773e-07,0.14965879917144775,0.8744296431541443,-0.0006153500871732831,0.17848679423332214,0.7936016917228699,-0.01249366719275713,0.227763831615448,0.7492649555206299,-0.019563160836696625,0.26858454942703247,0.7291267514228821,-0.026921961456537247,0.18286758661270142,0.7813067436218262,-0.0743584930896759,0.22742755711078644,0.6702983379364014,-0.1037789136171341,0.2607543170452118,0.6078358888626099,-0.11940228939056396,0.28563520312309265,0.5601575374603271,-0.12728117406368256,0.2114836573600769,0.8371801972389221,-0.08058806508779526,0.30295872688293457,0.7396297454833984,-0.10557028651237488,0.3562695384025574,0.6888702511787415,-0.11333926767110825,0.3883216977119446,0.6526468992233276,-0.11813133209943771,0.24130716919898987,0.8870195150375366,-0.08186189085245132,0.33556801080703735,0.8105147480964661,-0.09882775694131851,0.37615805864334106,0.7608200907707214,-0.10191299766302109,0.39449548721313477,0.7249964475631714,-0.10252196341753006,0.2670782804489136,0.9266225099563599,-0.08096391707658768,0.34656473994255066,0.868597686290741,-0.0901334211230278,0.37694984674453735,0.8328767418861389,-0.08729321509599686,0.3927437961101532,0.8012897968292236,-0.08342571556568146
76511.289,0.1629505604505539,0.967488169670105,6.731600592502218e-07,0.15311864018440247,0.8705102801322937,0.0005839904770255089,0.18123501539230347,0.7875760793685913,-0.01080117467790842,0.2302078902721405,0.7413848042488098,-0.018291302025318146,0.270809143781662,0.7210875749588013,-0.025985965505242348,0.18905049562454224,0.7761582136154175,-0.06838233023881912,0.23191159963607788,0.6673775911331177,-0.0953691229224205,0.2637856900691986,0.6075865626335144,-0.10854155570268631,0.28739917278289795,0.5612553358078003,-0.11491090804338455,0.2163487821817398,0.8299511075019836,-0.0757245346903801,0.3064233958721161,0.7342117428779602,-0.09887827932834625,0.35798394680023193,0.6843276023864746,-0.1047920286655426,0.3891329765319824,0.6491892337799072,-0.10808075219392776,0.24428844451904297,0.8796818852424622,-0.07853617519140244,0.33534568548202515,0.8060334920883179,-0.09455756843090057,0.3759463131427765,0.7570622563362122,-0.09649340808391571,0.3954694867134094,0.7212568521499634,-0.09635047614574432,0.26882073283195496,0.9208526015281677,-0.07929942011833191,0.34568285942077637,0.8654012084007263,-0.08776875585317612,0.37724995613098145,0.8294598460197449,-0.08449488133192062,0.39490655064582825,0.7970049977302551,-0.08044198155403137
76511.32,0.16313546895980835,0.9618115425109863,6.543256176883006e-07,0.15458303689956665,0.8648189306259155,0.00053404550999403,0.18432119488716125,0.7852161526679993,-0.010709474794566631,0.23521599173545837,0.7437723875045776,-0.01801878586411476,0.27670741081237793,0.7274222373962402,-0.02536943182349205,0.18966509401798248,0.7729853987693787,-0.06776457279920578,0.2339840978384018,0.6644964814186096,-0.09487073123455048,0.2665625214576721,0.6046670079231262,-0.107818603515625,0.29085829854011536,0.5587970614433289,-0.11381669342517853,0.21809910237789154,0.8263310790061951,-0.0748232826590538,0.30809444189071655,0.7293435335159302,-0.09792300313711166,0.35960185527801514,0.6803076267242432,-0.10365838557481766,0.39115697145462036,0.646254301071167,-0.10654078423976898,0.24675819277763367,0.875454306602478,-0.07738657295703888,0.33736851811408997,0.8006262183189392,-0.09353256970643997,0.3770253658294678,0.7535576224327087,-0.09522761404514313,0.3961232304573059,0.7193993330001831,-0.09452806413173676,0.2719366252422333,0.9163666367530823,-0.07794419676065445,0.34861165285110474,0.8597848415374756,-0.08623532950878143,0.379139244556427,0.8243708610534668,-0.08273016661405563,0.3958531618118286,0.792236328125,-0.07827939093112946
76511.352,0.16205526888370514,0.9587772488594055,6.325832373477169e-07,0.15339243412017822,0.8620939254760742,0.0016919757472351193,0.18325835466384888,0.7818324565887451,-0.008464672602713108,0.23327499628067017,0.7386423349380493,-0.01466092374175787,0.2735060453414917,0.7203936576843262,-0.020985884591937065,0.19110068678855896,0.7700020670890808,-0.06647397577762604,0.23772679269313812,0.6621524095535278,-0.09242663532495499,0.2703413665294647,0.6021889448165894,-0.1043391227722168,0.2941460609436035,0.5563846826553345,-0.1096445620059967,0.22018210589885712,0.8229823708534241,-0.07343143969774246,0.30953410267829895,0.7272324562072754,-0.09559096395969391,0.3605418801307678,0.6781533360481262,-0.10083962231874466,0.39168229699134827,0.6440620422363281,-0.1033879742026329,0.2489849328994751,0.871448278427124,-0.07574950903654099,0.33926457166671753,0.7970789670944214,-0.09086340665817261,0.37907227873802185,0.7504499554634094,-0.09254978597164154,0.397786408662796,0.7159491181373596,-0.09196043014526367,0.27334919571876526,0.9120546579360962,-0.07591760158538818,0.3496858775615692,0.857138991355896,-0.08358540385961533,0.3803349733352661,0.8215844035148621,-0.08048387616872787,0.3971709609031677,0.7889857888221741,-0.07632075250148773
76511.386,0.16551655530929565,0.9562612771987915,6.028940333635546e-07,0.1567145138978958,0.8595197796821594,0.002656559692695737,0.18604739010334015,0.7797794342041016,-0.007025526370853186,0.23475146293640137,0.7374480962753296,-0.013161822222173214,0.27501556277275085,0.7196629047393799,-0.019393671303987503,0.19427120685577393,0.767369270324707,-0.06329963356256485,0.23913970589637756,0.6601874828338623,-0.08897199481725693,0.271376371383667,0.6004772782325745,-0.10106199979782104,0.29526039958000183,0.5553756952285767,-0.10635318607091904,0.22299668192863464,0.8185500502586365,-0.07087398320436478,0.31069695949554443,0.7228705883026123,-0.09213072061538696,0.3613685965538025,0.6740939617156982,-0.09766934812068939,0.3927939832210541,0.6404968500137329,-0.1005052849650383,0.25124889612197876,0.8652893900871277,-0.07387054711580276,0.3415810465812683,0.790799617767334,-0.08857814222574234,0.37976235151290894,0.7449927926063538,-0.09043282270431519,0.39681944251060486,0.7115790247917175,-0.0899595245718956,0.27522608637809753,0.9048340320587158,-0.07464691251516342,0.350010484457016,0.8507997989654541,-0.08111803233623505,0.3795284628868103,0.8171142935752869,-0.07702856510877609,0.3951154947280884,0.7866853475570679,-0.07229029387235641
76511.417,0.16777881979942322,0.9557008743286133,6.065796469556517e-07,0.15811723470687866,0.8580649495124817,0.0028293528594076633,0.18793122470378876,0.7786897420883179,-0.006610076408833265,0.2364317774772644,0.7362092137336731,-0.012517953291535378,0.2766539752483368,0.7183049917221069,-0.01853598840534687,0.19566583633422852,0.7636816501617432,-0.06276686489582062,0.23990702629089355,0.6579065322875977,-0.08780776709318161,0.27213984727859497,0.5991070866584778,-0.09936634451150894,0.29603826999664307,0.5547065138816833,-0.10432261973619461,0.2238030880689621,0.8154960870742798,-0.07034578174352646,0.3109726011753082,0.7215240597724915,-0.09196879714727402,0.36127322912216187,0.673194408416748,-0.0974830761551857,0.3922150135040283,0.6396248936653137,-0.10009969025850296,0.2518768012523651,0.8625586628913879,-0.07331310957670212,0.34135621786117554,0.7896870970726013,-0.08837491273880005,0.3798319399356842,0.7436999082565308,-0.09022685140371323,0.39734455943107605,0.7100591659545898,-0.08954225480556488,0.2758101224899292,0.9018288254737854,-0.07403784245252609,0.35062065720558167,0.8476991653442383,-0.08039465546607971,0.3804492652416229,0.8141863346099854,-0.07609874755144119,0.3962424397468567,0.7839978337287903,-0.071155846118927
76511.464,0.1681060492992401,0.9521030187606812,6.193907893248252e-07,0.15962503850460052,0.8542397022247314,0.00179649842903018,0.1910024732351303,0.7758946418762207,-0.008694032207131386,0.24020470678806305,0.7358578443527222,-0.01586175709962845,0.2806878387928009,0.7205836772918701,-0.023279666900634766,0.19664382934570312,0.7606827616691589,-0.06417214125394821,0.24029676616191864,0.6561881303787231,-0.09033135324716568,0.2722010612487793,0.5979924201965332,-0.10260245949029922,0.29622164368629456,0.5538493394851685,-0.10796350985765457,0.22438891232013702,0.8122373819351196,-0.071992427110672,0.31133362650871277,0.7184329032897949,-0.09456480294466019,0.3613303601741791,0.6693894267082214,-0.10050053894519806,0.39232194423675537,0.6358113288879395,-0.10343679040670395,0.2523323893547058,0.8596686720848083,-0.07538149505853653,0.3414657413959503,0.7868010997772217,-0.09143479913473129,0.37901991605758667,0.7420401573181152,-0.09340417385101318,0.3959839344024658,0.7099300026893616,-0.09254931658506393,0.27656087279319763,0.8994901776313782,-0.07669584453105927,0.35184985399246216,0.8439391851425171,-0.08372537791728973,0.3815355598926544,0.8093234896659851,-0.07966567575931549,0.39678388833999634,0.7785272002220154,-0.07482259720563889
76511.47,0.16889220476150513,0.9525332450866699,6.072046971894451e-07,0.1594182848930359,0.8548550605773926,0.002663052873685956,0.18998479843139648,0.776396632194519,-0.007074184715747833,0.23822778463363647,0.7352038025856018,-0.013501284644007683,0.2779638171195984,0.7189306616783142,-0.020328084006905556,0.19723865389823914,0.7613889575004578,-0.06367475539445877,0.24059706926345825,0.6562802195549011,-0.08937821537256241,0.27236923575401306,0.5978347659111023,-0.1013045459985733,0.29632923007011414,0.5535095930099487,-0.10645095258951187,0.22531406581401825,0.8126907348632812,-0.0714995414018631,0.31129273772239685,0.7184382677078247,-0.09391290694475174,0.3609094023704529,0.669471263885498,-0.09964875876903534,0.39162182807922363,0.6355273723602295,-0.1023552194237709,0.25311410427093506,0.859756350517273,-0.07474629580974579,0.3407561480998993,0.78681480884552,-0.09074684977531433,0.37824636697769165,0.7416828870773315,-0.09279347956180573,0.39516106247901917,0.7089824676513672,-0.09191317856311798,0.2768104672431946,0.8993855118751526,-0.07576722651720047,0.351643830537796,0.8433984518051147,-0.08274611830711365,0.3810533881187439,0.8089330792427063,-0.07862589508295059,0.39599496126174927,0.7783040404319763,-0.07369010150432587
76511.497,0.16871052980422974,0.9496431946754456,6.141258950265183e-07,0.16007137298583984,0.8517191410064697,0.0026046722196042538,0.19151578843593597,0.774905800819397,-0.00767994811758399,0.24030868709087372,0.7368099093437195,-0.014810517430305481,0.2808210849761963,0.7233765125274658,-0.022356070578098297,0.19739994406700134,0.7582774758338928,-0.0627811923623085,0.24095368385314941,0.6544662714004517,-0.08814836293458939,0.2729525864124298,0.5965962409973145,-0.09978563338518143,0.2972240746021271,0.553126335144043,-0.10481348633766174,0.22505827248096466,0.809148371219635,-0.07099182903766632,0.31092193722724915,0.7157493233680725,-0.09313905984163284,0.36033475399017334,0.667609453201294,-0.09872670471668243,0.39107879996299744,0.6345713138580322,-0.10136910527944565,0.2525036334991455,0.8560280799865723,-0.07475362718105316,0.34057846665382385,0.7825683355331421,-0.09054906666278839,0.37827426195144653,0.737885594367981,-0.09252426773309708,0.39556771516799927,0.7058159112930298,-0.09175631403923035,0.2760562002658844,0.8959864974021912,-0.07634704560041428,0.35075610876083374,0.8396210670471191,-0.08329072594642639,0.38093650341033936,0.8057395219802856,-0.07927161455154419,0.3971141576766968,0.775690495967865,-0.07453441619873047
76511.527,0.16938649117946625,0.946921169757843,6.04072056376026e-07,0.15989434719085693,0.8502100110054016,0.003284193342551589,0.19062498211860657,0.7735021710395813,-0.006109251175075769,0.23994895815849304,0.7352249622344971,-0.012340154498815536,0.2806076109409332,0.7223138809204102,-0.01893184520304203,0.196978360414505,0.7565398812294006,-0.06131717935204506,0.24157223105430603,0.6515316963195801,-0.08510297536849976,0.2733316719532013,0.593935489654541,-0.09523288160562515,0.2968097925186157,0.5507854223251343,-0.09916285425424576,0.22522932291030884,0.8067600727081299,-0.06908098608255386,0.31144818663597107,0.7128770351409912,-0.0895991325378418,0.36018821597099304,0.6649823784828186,-0.09414950013160706,0.3900010585784912,0.6324621438980103,-0.0960092544555664,0.253139466047287,0.8531070947647095,-0.07231125980615616,0.3400372564792633,0.7803430557250977,-0.08683694899082184,0.37700778245925903,0.7357596755027771,-0.08858440071344376,0.3939603567123413,0.7035267949104309,-0.08774911612272263,0.2770276665687561,0.8925343155860901,-0.0732891857624054,0.350626677274704,0.8371353149414062,-0.07946719974279404,0.3802872896194458,0.8037952184677124,-0.0753987580537796,0.39634430408477783,0.7737418413162231,-0.07061949372291565
76511.559,0.1673956662416458,0.9453935027122498,5.872766450920608e-07,0.16039736568927765,0.8491544723510742,0.0036432237830013037,0.1920483261346817,0.7741055488586426,-0.005194404162466526,0.2413915991783142,0.7374759316444397,-0.011360730044543743,0.2824321389198303,0.7252047061920166,-0.017895163968205452,0.19760972261428833,0.7539072036743164,-0.0569189116358757,0.24131613969802856,0.650743842124939,-0.08032815158367157,0.2719304859638214,0.5925882458686829,-0.0910913348197937,0.29489201307296753,0.5481979846954346,-0.0958111435174942,0.22538286447525024,0.8031842708587646,-0.06510867178440094,0.31040284037590027,0.7115778923034668,-0.08476994931697845,0.3586912751197815,0.6651313304901123,-0.09016471356153488,0.38892367482185364,0.6329262256622314,-0.09300685673952103,0.25259193778038025,0.8492871522903442,-0.06910628825426102,0.33776000142097473,0.7771868705749512,-0.0831635519862175,0.3749770224094391,0.7336847186088562,-0.08565186709165573,0.3931659460067749,0.7012972235679626,-0.08573043346405029,0.2760927081108093,0.8891525864601135,-0.07097887247800827,0.3488902747631073,0.8347746133804321,-0.07719607651233673,0.37864750623703003,0.802204430103302,-0.07370948046445847,0.3953951597213745,0.7722103595733643,-0.06961608678102493
76511.623,0.1691635251045227,0.9444174766540527,5.701779741684732e-07,0.1607574224472046,0.8471993803977966,0.004745397716760635,0.19200047850608826,0.772040843963623,-0.0034189592115581036,0.24055196344852448,0.7356774210929871,-0.008994008414447308,0.28146088123321533,0.7237569093704224,-0.014936367981135845,0.19816339015960693,0.750499427318573,-0.05556377023458481,0.24029763042926788,0.6485854387283325,-0.07929511368274689,0.27108848094940186,0.5906568169593811,-0.09067660570144653,0.2943187654018402,0.5468647480010986,-0.09574669599533081,0.2253056764602661,0.7990407943725586,-0.06401916593313217,0.307780385017395,0.7079043984413147,-0.08382914960384369,0.35530370473861694,0.6605465412139893,-0.08944986015558243,0.3851603865623474,0.6279361248016357,-0.09242423623800278,0.2521454989910126,0.8442293405532837,-0.06823237985372543,0.3361346423625946,0.7732124328613281,-0.08244835585355759,0.37217801809310913,0.729495108127594,-0.08485133200883865,0.3898056447505951,0.697506308555603,-0.08478739857673645,0.2752370834350586,0.8830238580703735,-0.07024086266756058,0.34709632396698,0.8296833634376526,-0.0766354575753212,0.37749502062797546,0.7979638576507568,-0.07310350239276886,0.3958223760128021,0.7688078284263611,-0.0688510611653328
76511.656,0.16926340758800507,0.9421074390411377,5.667508276019362e-07,0.16235172748565674,0.8456758260726929,0.00525504257529974,0.19349879026412964,0.7715415358543396,-0.002923380583524704,0.24150483310222626,0.7331566214561462,-0.00859940703958273,0.28210318088531494,0.7192195653915405,-0.014804553240537643,0.19807744026184082,0.7489439249038696,-0.056424956768751144,0.2402360439300537,0.6478022336959839,-0.0803932398557663,0.27063408493995667,0.5899314284324646,-0.09222392737865448,0.2932758331298828,0.5453136563301086,-0.0977400615811348,0.22535093128681183,0.7975586652755737,-0.06492918729782104,0.3087623715400696,0.7067728042602539,-0.08448284864425659,0.35608935356140137,0.6602425575256348,-0.08986946940422058,0.3850353956222534,0.6279711127281189,-0.09287124872207642,0.2525515556335449,0.8431025743484497,-0.0690164715051651,0.3359846770763397,0.7705492377281189,-0.08213622868061066,0.37224483489990234,0.7271700501441956,-0.08350265771150589,0.38967379927635193,0.6956485509872437,-0.0831456333398819,0.27547624707221985,0.8824964761734009,-0.07097646594047546,0.3468616306781769,0.8288686275482178,-0.07611830532550812,0.3764123022556305,0.7968456745147705,-0.07170356810092926,0.3935486674308777,0.7679128050804138,-0.06709328293800354
76511.688,0.16963249444961548,0.9429222345352173,5.562317255680682e-07,0.16226741671562195,0.8456428050994873,0.007132335565984249,0.19300420582294464,0.7717317938804626,2.653308547451161e-05,0.24069146811962128,0.7329423427581787,-0.004787839017808437,0.28091493248939514,0.7182241678237915,-0.010141362436115742,0.19816544651985168,0.7481706142425537,-0.05469859018921852,0.23989403247833252,0.6475649476051331,-0.07825923711061478,0.2702561616897583,0.589663028717041,-0.09015169739723206,0.2930789589881897,0.5450237989425659,-0.09575492143630981,0.2252313494682312,0.796748161315918,-0.06381795555353165,0.308885395526886,0.7057093381881714,-0.08301370590925217,0.3564315438270569,0.6593780517578125,-0.0884716734290123,0.3853834867477417,0.627299964427948,-0.09152206778526306,0.25249314308166504,0.842357337474823,-0.06831412017345428,0.33647748827934265,0.7690391540527344,-0.08113216608762741,0.37291884422302246,0.726230263710022,-0.08232707530260086,0.3900185227394104,0.6952257752418518,-0.08183405548334122,0.2754141390323639,0.8816794753074646,-0.07049790769815445,0.34728115797042847,0.8274160027503967,-0.07535486668348312,0.3766537010669708,0.7959312796592712,-0.07058664411306381,0.39340776205062866,0.7673097848892212,-0.0656658336520195
76511.719,0.17014136910438538,0.9401332139968872,5.732597969654307e-07,0.16345074772834778,0.8444743752479553,0.004418122582137585,0.1944328397512436,0.7702999114990234,-0.003945162519812584,0.24165767431259155,0.7316388487815857,-0.009753266349434853,0.2820453941822052,0.7172721028327942,-0.015955425798892975,0.1980692446231842,0.7481985688209534,-0.05648266524076462,0.23984910547733307,0.6475426554679871,-0.08090941607952118,0.2702822685241699,0.589766800403595,-0.09326756000518799,0.2929627597332001,0.5450173616409302,-0.09920530021190643,0.22523778676986694,0.7965841889381409,-0.06478879600763321,0.30831122398376465,0.7063146829605103,-0.08477179706096649,0.3559710681438446,0.659587562084198,-0.09071577340364456,0.38534727692604065,0.6265472173690796,-0.09421657025814056,0.25234729051589966,0.841589093208313,-0.06882543861865997,0.335263192653656,0.7694541811943054,-0.0825362429022789,0.3718724846839905,0.72627854347229,-0.08437409996986389,0.38978514075279236,0.694540798664093,-0.08434421569108963,0.27526700496673584,0.8798809051513672,-0.07083778083324432,0.34645313024520874,0.8268587589263916,-0.07661394029855728,0.37614524364471436,0.7953602075576782,-0.07265939563512802,0.3935878276824951,0.7666805982589722,-0.06841918081045151
76511.752,0.17112749814987183,0.9394327402114868,5.727335974370362e-07,0.16427385807037354,0.8434116244316101,0.005153331905603409,0.195120170712471,0.7701464295387268,-0.0029763146303594112,0.24196775257587433,0.7317610383033752,-0.008802148513495922,0.2821534276008606,0.716584324836731,-0.014997399412095547,0.19889189302921295,0.7469528317451477,-0.05475163832306862,0.24025081098079681,0.6472024917602539,-0.07887782156467438,0.2703087031841278,0.5899109840393066,-0.09103436022996902,0.2928382158279419,0.545610785484314,-0.09672562032938004,0.22508826851844788,0.7950595617294312,-0.0635281354188919,0.30817124247550964,0.705608606338501,-0.083351269364357,0.3558957874774933,0.6586350202560425,-0.08940932154655457,0.38547685742378235,0.6258204579353333,-0.09282286465167999,0.2517825663089752,0.8405104279518127,-0.06808168441057205,0.3347625732421875,0.7690326571464539,-0.08176640421152115,0.37121647596359253,0.7263679504394531,-0.08374204486608505,0.38903796672821045,0.6952514052391052,-0.08360039442777634,0.2748248875141144,0.8794758319854736,-0.0705430880188942,0.3461421728134155,0.8267771005630493,-0.07623939216136932,0.37589573860168457,0.7953342199325562,-0.07223627716302872,0.3932937979698181,0.7666064500808716,-0.06780238449573517
76511.786,0.17199577391147614,0.9395460486412048,5.799474251944048e-07,0.16457527875900269,0.8436222672462463,0.00467462744563818,0.19545547664165497,0.7700234055519104,-0.003352872561663389,0.24222908914089203,0.7305917739868164,-0.008861455135047436,0.28236714005470276,0.714747965335846,-0.014665419235825539,0.19889438152313232,0.746894121170044,-0.05510857701301575,0.24051259458065033,0.6465173363685608,-0.07883467525243759,0.27058640122413635,0.589077353477478,-0.09068998694419861,0.29308250546455383,0.5446426272392273,-0.09625566005706787,0.2255973368883133,0.7948991060256958,-0.06339164078235626,0.3080160617828369,0.7050290107727051,-0.08284866064786911,0.3556404113769531,0.657783567905426,-0.0887603685259819,0.38521283864974976,0.6244325637817383,-0.09222806990146637,0.2525292634963989,0.8398075699806213,-0.06744920462369919,0.3349117040634155,0.7689954042434692,-0.08071375638246536,0.3719019889831543,0.7256393432617188,-0.08273075520992279,0.39060553908348083,0.6940316557884216,-0.08283540606498718,0.27535367012023926,0.8777680397033691,-0.06946823000907898,0.34576380252838135,0.8256914615631104,-0.0748974159359932,0.37572044134140015,0.7942687273025513,-0.07102714478969574,0.3937278389930725,0.7656517624855042,-0.06681797653436661
76511.816,0.17185354232788086,0.9385074377059937,5.698530003428459e-07,0.1651202142238617,0.8435823321342468,0.0056657507084310055,0.19608420133590698,0.7699136137962341,-0.0018437518738210201,0.24218058586120605,0.7302353978157043,-0.007112298626452684,0.2821296155452728,0.7139058709144592,-0.012804108671844006,0.1995951235294342,0.7454835176467896,-0.05346720293164253,0.24125435948371887,0.6453468799591064,-0.07685373723506927,0.2709766626358032,0.5879302024841309,-0.08866647630929947,0.2930108606815338,0.5431559085845947,-0.09435711801052094,0.2254798263311386,0.7925843596458435,-0.06242833286523819,0.30832526087760925,0.703597903251648,-0.0815151259303093,0.3554944097995758,0.6568723917007446,-0.08746536821126938,0.3849169611930847,0.6231397390365601,-0.0911053940653801,0.2518373727798462,0.8371528387069702,-0.06719041615724564,0.3348497152328491,0.7664968967437744,-0.08006621897220612,0.3726806342601776,0.7236354947090149,-0.08186890929937363,0.39284414052963257,0.6917785406112671,-0.08211284130811691,0.27451422810554504,0.8749970197677612,-0.06991775333881378,0.34528473019599915,0.8228945136070251,-0.07506813853979111,0.376083642244339,0.7925496101379395,-0.07096075266599655,0.3956180214881897,0.7646082639694214,-0.06680318713188171
76511.85,0.17205581068992615,0.9369475841522217,5.5771261031623e-07,0.16583383083343506,0.8414728045463562,0.005992721300572157,0.19699715077877045,0.768071174621582,-0.00158542743884027,0.24308830499649048,0.7288180589675903,-0.00700749596580863,0.28330016136169434,0.7125060558319092,-0.012890060432255268,0.19984450936317444,0.7427685260772705,-0.05357234925031662,0.24163919687271118,0.6431771516799927,-0.07697318494319916,0.2712920606136322,0.5860635638237,-0.0885072574019432,0.2932385206222534,0.542067289352417,-0.09398756176233292,0.2256423830986023,0.790270209312439,-0.06299558281898499,0.3080633580684662,0.7017377018928528,-0.08250461518764496,0.35523179173469543,0.6551181077957153,-0.08866017311811447,0.3847924470901489,0.6216638088226318,-0.09241748601198196,0.25214269757270813,0.8353140950202942,-0.0682186484336853,0.3360316753387451,0.7648334503173828,-0.08157193660736084,0.37504011392593384,0.7218361496925354,-0.08386867493391037,0.3968275189399719,0.6898349523544312,-0.08445407450199127,0.27509817481040955,0.8742124438285828,-0.07133160531520844,0.3463513255119324,0.821230947971344,-0.07698933780193329,0.3777051270008087,0.7905282378196716,-0.07336420565843582,0.3982277512550354,0.7624235153198242,-0.0695519968867302
76511.897,0.1713303029537201,0.9368628263473511,5.642633027491684e-07,0.16528430581092834,0.8417744040489197,0.005894382018595934,0.19627836346626282,0.7680463194847107,-0.0013171115424484015,0.24241513013839722,0.7290993928909302,-0.006599306128919125,0.2827257812023163,0.7138144373893738,-0.01248222030699253,0.1997043639421463,0.7419945597648621,-0.051345426589250565,0.24141710996627808,0.6431003212928772,-0.07449100911617279,0.27139750123023987,0.5860894322395325,-0.08632226288318634,0.29356807470321655,0.541793704032898,-0.09226401150226593,0.22462743520736694,0.788847029209137,-0.06100841984152794,0.30716657638549805,0.7017400860786438,-0.08003117889165878,0.35520535707473755,0.6560869216918945,-0.08676284551620483,0.3861902952194214,0.622251033782959,-0.09123580902814865,0.2501206398010254,0.833684504032135,-0.066731758415699,0.3320164680480957,0.7635643482208252,-0.08073092252016068,0.3724905252456665,0.7203344702720642,-0.08451636135578156,0.3967398405075073,0.6869586706161499,-0.08634372800588608,0.27242881059646606,0.8723739981651306,-0.07034123688936234,0.34330230951309204,0.820483386516571,-0.07751934230327606,0.37626925110816956,0.7924002408981323,-0.07519188523292542,0.39925992488861084,0.7660370469093323,-0.07241504639387131
76511.902,0.17102515697479248,0.9358384609222412,5.639406595037144e-07,0.16491897404193878,0.8399115204811096,0.00564173748716712,0.19605623185634613,0.7658331394195557,-0.0021680225618183613,0.24291738867759705,0.7271747589111328,-0.00788864679634571,0.2831905484199524,0.7121901512145996,-0.014439694583415985,0.19947975873947144,0.7420077323913574,-0.05375072360038757,0.24165023863315582,0.6421926021575928,-0.07708420604467392,0.27152565121650696,0.5850790739059448,-0.0889969915151596,0.2932913899421692,0.5409843921661377,-0.09505074471235275,0.22501328587532043,0.788878321647644,-0.06335242837667465,0.3083220422267914,0.7021448016166687,-0.08244910091161728,0.35594668984413147,0.6563266515731812,-0.08889243751764297,0.3860010504722595,0.6226304769515991,-0.09329888969659805,0.25056976079940796,0.8335463404655457,-0.06887640804052353,0.3331092596054077,0.7635564804077148,-0.08265293389558792,0.3733588755130768,0.7199435234069824,-0.08610478043556213,0.39737245440483093,0.6867347359657288,-0.08798186480998993,0.27278032898902893,0.872144341468811,-0.07227472960948944,0.3435520827770233,0.8206729888916016,-0.07946427166461945,0.37641966342926025,0.7920424342155457,-0.0771353542804718,0.3994455933570862,0.7654196619987488,-0.07452765852212906
76511.927,0.17121154069900513,0.9377942681312561,5.605034516520391e-07,0.16502033174037933,0.8422882556915283,0.006416558753699064,0.19640354812145233,0.7672725319862366,-0.0006413609953597188,0.2431076169013977,0.7270070314407349,-0.005766569171100855,0.28386813402175903,0.7103773951530457,-0.011817402206361294,0.19941222667694092,0.7416824698448181,-0.05237700417637825,0.24100524187088013,0.6427027583122253,-0.07571093738079071,0.2712336480617523,0.5853545069694519,-0.08764004707336426,0.293548583984375,0.5410051345825195,-0.09370037913322449,0.2241305559873581,0.7884636521339417,-0.06225387379527092,0.3072577118873596,0.7014704942703247,-0.08129748702049255,0.35585033893585205,0.6560279726982117,-0.08809208869934082,0.3874058723449707,0.6227189898490906,-0.09273302555084229,0.24954408407211304,0.8334484100341797,-0.068045973777771,0.33127814531326294,0.7614866495132446,-0.0824921578168869,0.37223196029663086,0.7173988819122314,-0.08701608330011368,0.3974037170410156,0.6841341257095337,-0.08953350782394409,0.2719167172908783,0.8720430731773376,-0.07152987271547318,0.34235987067222595,0.8196809887886047,-0.07951677590608597,0.37631869316101074,0.7923345565795898,-0.07796096056699753,0.4010266661643982,0.7674624919891357,-0.07586271315813065
76511.96,0.16995257139205933,0.9406688213348389,5.342635631677695e-07,0.16392257809638977,0.8443511724472046,0.009943711571395397,0.19424381852149963,0.7689950466156006,0.004628632217645645,0.24114584922790527,0.7278746366500854,0.0008268275414593518,0.2818850874900818,0.7109377980232239,-0.004206526558846235,0.19864851236343384,0.7419421076774597,-0.05066820606589317,0.23951837420463562,0.6432020664215088,-0.07446252554655075,0.26983410120010376,0.5852479934692383,-0.08754567801952362,0.2918741703033447,0.5404927730560303,-0.09449408948421478,0.2226238250732422,0.7882105708122253,-0.0616823211312294,0.3070824444293976,0.701371431350708,-0.08031675219535828,0.35565632581710815,0.6562439203262329,-0.0871376022696495,0.3869130313396454,0.6226460337638855,-0.09200821071863174,0.24761651456356049,0.8333026766777039,-0.06830783933401108,0.32997748255729675,0.7602100968360901,-0.08312159776687622,0.3714406490325928,0.715624213218689,-0.08834142237901688,0.3974500000476837,0.6822604537010193,-0.09143837541341782,0.2702327370643616,0.8725210428237915,-0.07212965935468674,0.34197917580604553,0.819912850856781,-0.08160550892353058,0.37721771001815796,0.794097900390625,-0.08090897649526596,0.40389132499694824,0.7707497477531433,-0.07926859706640244
76512.024,0.16910432279109955,0.9412283301353455,5.666442461915722e-07,0.16400107741355896,0.8478694558143616,0.0034104923252016306,0.19524675607681274,0.7726068496704102,-0.005263110157102346,0.24045655131340027,0.7362743616104126,-0.012972213327884674,0.2796524465084076,0.7206519842147827,-0.022376487031579018,0.19559475779533386,0.7476382255554199,-0.04804985970258713,0.23445507884025574,0.6448896527290344,-0.07068935036659241,0.2639738917350769,0.5871754288673401,-0.0809931680560112,0.2880078852176666,0.5439091920852661,-0.08606568723917007,0.22245490550994873,0.7869914174079895,-0.05989104136824608,0.30208101868629456,0.7038508057594299,-0.08041921257972717,0.34895196557044983,0.660879909992218,-0.08800328522920609,0.38410484790802,0.6285350322723389,-0.0923229530453682,0.24597196280956268,0.8317676782608032,-0.06849070638418198,0.32577502727508545,0.7700283527374268,-0.08684884011745453,0.37136727571487427,0.7320914268493652,-0.09361819922924042,0.40330594778060913,0.7027722597122192,-0.09694577008485794,0.2648675739765167,0.8753547668457031,-0.07500387728214264,0.3251592218875885,0.831423282623291,-0.08701068162918091,0.35517916083335876,0.8084163069725037,-0.08631881326436996,0.3776622414588928,0.7875381112098694,-0.0843321904540062
76512.057,0.17024081945419312,0.9438832402229309,5.42470161235542e-07,0.1647932529449463,0.8522323966026306,-0.0013584716944023967,0.1956658661365509,0.7765211462974548,-0.011799623258411884,0.24101775884628296,0.7407134771347046,-0.021010125055909157,0.27629098296165466,0.7237134575843811,-0.03059818036854267,0.1947021335363388,0.7550880908966064,-0.044973574578762054,0.23644481599330902,0.6518003940582275,-0.06579528003931046,0.265967458486557,0.5949693918228149,-0.07468177378177643,0.2888566851615906,0.55283123254776,-0.07889119535684586,0.224578857421875,0.7919663786888123,-0.05391773208975792,0.2966860830783844,0.7075023055076599,-0.07080308347940445,0.3401685357093811,0.6652337312698364,-0.07563644647598267,0.3742329478263855,0.6348738670349121,-0.0784105584025383,0.25011301040649414,0.8332623243331909,-0.06067828834056854,0.3185795545578003,0.7709934115409851,-0.07456615567207336,0.35979071259498596,0.7366933226585388,-0.07762093096971512,0.3894253671169281,0.7129141092300415,-0.0790400579571724,0.2712351679801941,0.8713167905807495,-0.06662143021821976,0.3180921971797943,0.8293277621269226,-0.07586459070444107,0.3424713611602783,0.8031532168388367,-0.07470676302909851,0.3619250953197479,0.7806382179260254,-0.07262599468231201
76512.088,0.17443042993545532,0.9470384120941162,5.020352773499326e-07,0.17153042554855347,0.8579040169715881,-0.002222019713371992,0.19984236359596252,0.7808201909065247,-0.013970236293971539,0.24296501278877258,0.7422344088554382,-0.02562803030014038,0.278692364692688,0.7278255820274353,-0.03746701031923294,0.19538311660289764,0.7573304772377014,-0.041221484541893005,0.23944416642189026,0.6580770015716553,-0.06423360109329224,0.27155569195747375,0.6007843017578125,-0.0762179046869278,0.2956542372703552,0.5585062503814697,-0.08296764642000198,0.21908172965049744,0.7947803139686584,-0.05167378857731819,0.28739482164382935,0.7192089557647705,-0.07154662907123566,0.32831212878227234,0.6814048886299133,-0.0780472531914711,0.35856562852859497,0.6538183689117432,-0.08175330609083176,0.2422841489315033,0.8390903472900391,-0.06052428111433983,0.30698931217193604,0.7802559733390808,-0.07620511949062347,0.3454429507255554,0.7487330436706543,-0.07795508950948715,0.36982280015945435,0.7269884347915649,-0.07800385355949402,0.2643398940563202,0.8812988996505737,-0.06918264925479889,0.31251680850982666,0.8429534435272217,-0.08036024868488312,0.3375312089920044,0.8172021508216858,-0.07940526306629181,0.35485655069351196,0.7952503561973572,-0.07697128504514694
76512.118,0.1706991046667099,0.9460585117340088,4.882916755377664e-07,0.17446789145469666,0.8582398891448975,0.002583648543804884,0.20493139326572418,0.7836641669273376,-0.007770698517560959,0.24657143652439117,0.749424397945404,-0.019935686141252518,0.2832344174385071,0.7376837134361267,-0.03263714537024498,0.20131993293762207,0.7568397521972656,-0.03539517521858215,0.2469058781862259,0.6637723445892334,-0.05807584524154663,0.279488205909729,0.6098746657371521,-0.06998453289270401,0.30368945002555847,0.570478081703186,-0.07742027193307877,0.22201256453990936,0.7928271889686584,-0.048990506678819656,0.2982020676136017,0.7250841856002808,-0.06993071734905243,0.33610302209854126,0.7103858590126038,-0.0749666839838028,0.3596293330192566,0.7005917429924011,-0.07735763490200043,0.24326950311660767,0.8386023640632629,-0.06072511151432991,0.3173738420009613,0.7862346768379211,-0.07782342284917831,0.3447198271751404,0.7869200706481934,-0.07435312867164612,0.355247437953949,0.7898263931274414,-0.0701935663819313,0.26451295614242554,0.884495735168457,-0.07215078175067902,0.321951687335968,0.8571627736091614,-0.08374199271202087,0.3397004008293152,0.8552879691123962,-0.07977878302335739,0.346091628074646,0.8524040579795837,-0.07503078132867813
76512.152,0.17842838168144226,0.9608377814292908,4.2938378896906215e-07,0.1802099645137787,0.8733317255973816,0.0009206121903844178,0.2075730562210083,0.7956528067588806,-0.008174367249011993,0.24492312967777252,0.750137448310852,-0.0181037075817585,0.2799502909183502,0.7296026945114136,-0.02787230908870697,0.20477890968322754,0.7738314867019653,-0.03488967567682266,0.24853824079036713,0.6778222918510437,-0.0595601424574852,0.28281843662261963,0.6197931170463562,-0.0740085020661354,0.3090206980705261,0.5765463709831238,-0.08298084139823914,0.22637009620666504,0.8056489825248718,-0.04583201929926872,0.29519495368003845,0.7346512079238892,-0.06594067066907883,0.33670574426651,0.7093749642372131,-0.07175315171480179,0.3669215142726898,0.69085693359375,-0.0751357302069664,0.25030577182769775,0.846582293510437,-0.055379513651132584,0.3155186176300049,0.7876174449920654,-0.07097837328910828,0.35086992383003235,0.7693914175033569,-0.06959448009729385,0.37319979071617126,0.760170042514801,-0.06754104048013687,0.275065541267395,0.8872925043106079,-0.06485750526189804,0.3255928158760071,0.8543247580528259,-0.07816595584154129,0.3511168956756592,0.8395123481750488,-0.07759972661733627,0.36876100301742554,0.8273779153823853,-0.07506371289491653
76512.184,0.18366141617298126,0.9618064165115356,4.2588530391185486e-07,0.18759939074516296,0.8692173957824707,-0.0002721666533034295,0.21848087012767792,0.7903264164924622,-0.008398552425205708,0.25741827487945557,0.7430266737937927,-0.017368130385875702,0.29240286350250244,0.7183585166931152,-0.025802724063396454,0.21549412608146667,0.7779892086982727,-0.028096769005060196,0.2572600841522217,0.685059666633606,-0.04878613352775574,0.28991955518722534,0.628591001033783,-0.05998043343424797,0.3148088753223419,0.5863473415374756,-0.0670412927865982,0.24068646132946014,0.8102618455886841,-0.03778407722711563,0.3066892623901367,0.7409210205078125,-0.056200962513685226,0.34520676732063293,0.7190507054328918,-0.06128097325563431,0.37262383103370667,0.7050950527191162,-0.06373616307973862,0.26707470417022705,0.851090133190155,-0.04647856950759888,0.32910093665122986,0.792668879032135,-0.0616275817155838,0.3615267276763916,0.7814148664474487,-0.05925581604242325,0.38205575942993164,0.7784387469291687,-0.05572838336229324,0.29276809096336365,0.8915785551071167,-0.055232077836990356,0.3405488431453705,0.8557302951812744,-0.06731357425451279,0.36733484268188477,0.8441424369812012,-0.06595554202795029,0.38572585582733154,0.8369703888893127,-0.0626794695854187
76512.218,0.19866350293159485,0.9651790261268616,4.0190511185755895e-07,0.1985127031803131,0.8746347427368164,0.002732646418735385,0.22647064924240112,0.7946923971176147,-0.0033520457800477743,0.26584550738334656,0.7459678053855896,-0.011609632521867752,0.3026742935180664,0.7229183912277222,-0.01920967921614647,0.2185094952583313,0.7835614085197449,-0.017494630068540573,0.2593589723110199,0.6910943984985352,-0.036753855645656586,0.29523852467536926,0.636245608329773,-0.04786135256290436,0.3216785788536072,0.5977648496627808,-0.05471212416887283,0.2461804300546646,0.8090495467185974,-0.029016710817813873,0.3145938217639923,0.735567569732666,-0.04665430635213852,0.3537638485431671,0.7220051288604736,-0.052599549293518066,0.3771527409553528,0.7192182540893555,-0.05509308725595474,0.2758130431175232,0.8451123237609863,-0.03991251066327095,0.3423852324485779,0.7800135016441345,-0.054574839770793915,0.3734302818775177,0.7743266820907593,-0.051597289741039276,0.38772979378700256,0.7787865996360779,-0.04706236347556114,0.3051353096961975,0.8833248019218445,-0.05063845217227936,0.35530269145965576,0.8339343667030334,-0.06111535802483559,0.3816682994365692,0.8253799676895142,-0.0573732815682888,0.39536431431770325,0.8238917589187622,-0.052284855395555496
76512.25,0.1979387402534485,0.9603893756866455,4.963983428751817e-07,0.1977536827325821,0.8717505931854248,0.0012970438692718744,0.22692006826400757,0.7975484728813171,-0.00822317972779274,0.2666431665420532,0.7548482418060303,-0.018890732899308205,0.30299171805381775,0.7356727123260498,-0.029416078701615334,0.21744103729724884,0.7825567126274109,-0.031374432146549225,0.2517363429069519,0.685867190361023,-0.05735257267951965,0.286898672580719,0.6280390620231628,-0.07349058240652084,0.3148695230484009,0.5880043506622314,-0.08284687995910645,0.23977717757225037,0.8109203577041626,-0.0430365614593029,0.3079768419265747,0.735202431678772,-0.0653168335556984,0.3501134514808655,0.7140108346939087,-0.07324692606925964,0.37737011909484863,0.7041765451431274,-0.07676377147436142,0.2657996714115143,0.8481669425964355,-0.05349427089095116,0.33168548345565796,0.7853408455848694,-0.07142134010791779,0.36719709634780884,0.7735079526901245,-0.07059374451637268,0.3872351348400116,0.7725832462310791,-0.06706321239471436,0.2932032346725464,0.8861071467399597,-0.06361740082502365,0.344123899936676,0.8428311347961426,-0.0761512964963913,0.37212663888931274,0.8303382396697998,-0.07329923659563065,0.38990163803100586,0.8232933878898621,-0.06840989738702774
76512.28,0.20062410831451416,0.961309015750885,5.205081947678991e-07,0.19754701852798462,0.8715953826904297,0.0031889670062810183,0.22361066937446594,0.8003125190734863,-0.006177991628646851,0.26236557960510254,0.759146511554718,-0.016254223883152008,0.29942139983177185,0.7394930124282837,-0.02664804644882679,0.21920065581798553,0.7855991125106812,-0.03575794771313667,0.251188188791275,0.6895022392272949,-0.06213438883423805,0.2854870557785034,0.6310080289840698,-0.0781218484044075,0.31267687678337097,0.5904739499092102,-0.08714085072278976,0.24502424895763397,0.814504861831665,-0.04771621152758598,0.3119797110557556,0.7354129552841187,-0.06984587758779526,0.3546968698501587,0.704469621181488,-0.07753566652536392,0.3830971121788025,0.6882299184799194,-0.08100807666778564,0.27246472239494324,0.8519934415817261,-0.05793600529432297,0.3395240902900696,0.7872419357299805,-0.07631798833608627,0.3767155408859253,0.7657544612884521,-0.07794948667287827,0.3993135094642639,0.7566651105880737,-0.07637779414653778,0.29932093620300293,0.8906294107437134,-0.06712714582681656,0.35311856865882874,0.8541374802589417,-0.08083668351173401,0.3834284543991089,0.8375705480575562,-0.08030276745557785,0.4041781425476074,0.8251726627349854,-0.07711684703826904
76512.327,0.19947871565818787,0.9602845311164856,5.216081149228557e-07,0.19855079054832458,0.8719845414161682,0.001078109722584486,0.2288178652524948,0.8003454804420471,-0.0076068248599767685,0.2712755501270294,0.7603703737258911,-0.01592467725276947,0.3100186586380005,0.7420237064361572,-0.023708555847406387,0.21873657405376434,0.7850762009620667,-0.036382339894771576,0.24828657507896423,0.6885798573493958,-0.0652938112616539,0.2834078371524811,0.6301323175430298,-0.08452016860246658,0.31261757016181946,0.588909924030304,-0.09551472961902618,0.2423299252986908,0.8163117170333862,-0.04706837236881256,0.31043899059295654,0.7391045093536377,-0.06877606362104416,0.3547857999801636,0.7024058699607849,-0.07830953598022461,0.38552406430244446,0.6768976449966431,-0.08357686549425125,0.26907873153686523,0.8546937108039856,-0.05657040700316429,0.3386094570159912,0.7943388819694519,-0.07502561062574387,0.3801477551460266,0.7697166204452515,-0.07849341630935669,0.40692949295043945,0.754991888999939,-0.07792641222476959,0.2968296706676483,0.8926623463630676,-0.06524378061294556,0.3507648706436157,0.8524988293647766,-0.07899710536003113,0.3803669512271881,0.8329020142555237,-0.07866547256708145,0.4014095366001129,0.8152625560760498,-0.07544537633657455
76512.333,0.1986815482378006,0.9595300555229187,5.359196961762791e-07,0.19836950302124023,0.8714665770530701,0.001743026659823954,0.22930045425891876,0.8006426095962524,-0.007567053195089102,0.2726970314979553,0.7613124847412109,-0.01662791520357132,0.3126339614391327,0.7430079579353333,-0.02536514587700367,0.2179241180419922,0.7848296761512756,-0.03897301107645035,0.24745333194732666,0.6874798536300659,-0.06897895038127899,0.2828041613101959,0.6297218799591064,-0.08866340667009354,0.3120155930519104,0.5889434814453125,-0.09997488558292389,0.24023601412773132,0.8158162236213684,-0.050505027174949646,0.3101542592048645,0.7367250323295593,-0.07405337691307068,0.35502728819847107,0.7019150257110596,-0.08406814932823181,0.3852667212486267,0.6787687540054321,-0.08946333825588226,0.2659932076931,0.8545843362808228,-0.06060606986284256,0.3381030261516571,0.7919954061508179,-0.0809878557920456,0.38016563653945923,0.770927369594574,-0.08504806458950043,0.406507670879364,0.7598086595535278,-0.08467115461826324,0.2931644320487976,0.8937917947769165,-0.06962314993143082,0.3496691584587097,0.8547881245613098,-0.08504530042409897,0.38073164224624634,0.8379918336868286,-0.08547437936067581,0.40236496925354004,0.8227970600128174,-0.0827227309346199
76512.36,0.2009359449148178,0.9627918004989624,5.195325343265722e-07,0.19965094327926636,0.8746444582939148,0.0005808048881590366,0.23052363097667694,0.8024740815162659,-0.008411926217377186,0.2738967835903168,0.761798620223999,-0.01694546453654766,0.31419074535369873,0.7424287796020508,-0.025076039135456085,0.21932196617126465,0.7882795333862305,-0.03817510977387428,0.24621763825416565,0.6907791495323181,-0.06820286065340042,0.2804698944091797,0.6311535239219666,-0.08796557039022446,0.30954819917678833,0.5893771648406982,-0.09925969690084457,0.24358093738555908,0.8185417652130127,-0.049035485833883286,0.3104143738746643,0.7390872240066528,-0.07198531180620193,0.35518109798431396,0.7017695903778076,-0.08186565339565277,0.38658618927001953,0.6769667267799377,-0.08722887188196182,0.27040040493011475,0.8564928770065308,-0.05879394710063934,0.3389037251472473,0.7929511070251465,-0.07911856472492218,0.3808474838733673,0.7691653370857239,-0.08385296165943146,0.4083917737007141,0.7559045553207397,-0.08391299098730087,0.298274964094162,0.8948849439620972,-0.06754637509584427,0.3522038161754608,0.8550959229469299,-0.08293969184160233,0.38297340273857117,0.8366720080375671,-0.08375950157642365,0.40484607219696045,0.8208122253417969,-0.08134718984365463
76512.423,0.21282047033309937,0.9686447978019714,5.052604024058382e-07,0.20637080073356628,0.8793258666992188,-0.000955830852035433,0.23422111570835114,0.8051095008850098,-0.008936152793467045,0.27629855275154114,0.7633962035179138,-0.01615329645574093,0.3156443238258362,0.7445058226585388,-0.02240046113729477,0.22187800705432892,0.7928413152694702,-0.0346435084939003,0.24806790053844452,0.6938031315803528,-0.06393800675868988,0.2817296087741852,0.6322978138923645,-0.08274263143539429,0.31124910712242126,0.590506374835968,-0.09303517639636993,0.249998539686203,0.8221679925918579,-0.044194985181093216,0.31189632415771484,0.7416201233863831,-0.06564321368932724,0.35522934794425964,0.7001708745956421,-0.07409839332103729,0.3883928954601288,0.6706379652023315,-0.0786665827035904,0.2796976864337921,0.8576424717903137,-0.05329262092709541,0.3436964154243469,0.7915297746658325,-0.0730200782418251,0.3830811679363251,0.7660888433456421,-0.0761355310678482,0.4104355573654175,0.7503718733787537,-0.07506364583969116,0.30974432826042175,0.8929470181465149,-0.06183899566531181,0.3607288599014282,0.8495830297470093,-0.07754331082105637,0.3921501636505127,0.8300567269325256,-0.07802616059780121,0.41547107696533203,0.8139665722846985,-0.0752015933394432
76512.458,0.20287784934043884,0.9653880596160889,5.649900458593038e-07,0.20333456993103027,0.8789644837379456,-0.00034101525670848787,0.23505017161369324,0.8057816624641418,-0.009843265637755394,0.27691158652305603,0.7637137174606323,-0.01854368858039379,0.31522136926651,0.7409474849700928,-0.026655049994587898,0.22359678149223328,0.792950451374054,-0.039935726672410965,0.2506399154663086,0.6942144632339478,-0.06993483752012253,0.2842212915420532,0.6333438158035278,-0.08963729441165924,0.3122878968715668,0.5908952951431274,-0.10073676705360413,0.24768780171871185,0.8241443634033203,-0.05012819170951843,0.31449615955352783,0.7431026697158813,-0.0711919367313385,0.35938459634780884,0.7055101990699768,-0.07871807366609573,0.39076441526412964,0.680049479007721,-0.08318012207746506,0.27393248677253723,0.8630503416061401,-0.05942460149526596,0.34449660778045654,0.7999579906463623,-0.07788289338350296,0.38625192642211914,0.780730664730072,-0.07932452857494354,0.4127226173877716,0.7713101506233215,-0.07777459919452667,0.30104580521583557,0.9024103283882141,-0.06806833297014236,0.35733762383461,0.863917350769043,-0.08092165738344193,0.38863426446914673,0.8488788604736328,-0.07899898290634155,0.4092785120010376,0.8369407057762146,-0.0752808153629303
76512.49,0.21723681688308716,0.9751725792884827,4.756190037369379e-07,0.21135646104812622,0.8845077157020569,-0.00020011616288684309,0.23855085670948029,0.806027352809906,-0.008485030382871628,0.27960091829299927,0.7600920796394348,-0.01659574545919895,0.31745755672454834,0.7374353408813477,-0.023792408406734467,0.22615137696266174,0.7981549501419067,-0.03178887814283371,0.2513929009437561,0.6996803283691406,-0.058459192514419556,0.2836107313632965,0.6362884640693665,-0.07484504580497742,0.31157568097114563,0.5927814245223999,-0.08414731919765472,0.2547987103462219,0.8266348242759705,-0.04223144054412842,0.31625354290008545,0.7468754053115845,-0.062414512038230896,0.36031925678253174,0.7096120715141296,-0.06923188269138336,0.39409810304641724,0.6844116449356079,-0.07283171266317368,0.28541019558906555,0.862056314945221,-0.052202753722667694,0.3485165536403656,0.7948668003082275,-0.07048210501670837,0.3856348991394043,0.7722416520118713,-0.0711827501654625,0.41059648990631104,0.7594069838523865,-0.06884046643972397,0.31788069009780884,0.8976234197616577,-0.06177724152803421,0.3659573793411255,0.8483719825744629,-0.07646257430315018,0.3948017358779907,0.8297005295753479,-0.07569806277751923,0.4152866005897522,0.815986692905426,-0.07231651991605759
76512.521,0.2114349752664566,0.9681446552276611,5.593304308604274e-07,0.21397462487220764,0.8805666565895081,-0.0014106283197179437,0.24564698338508606,0.8071407079696655,-0.011603049002587795,0.28790614008903503,0.7659388184547424,-0.02107706107199192,0.32567769289016724,0.7444014549255371,-0.029672032222151756,0.22993746399879456,0.7950754761695862,-0.03944198042154312,0.25362542271614075,0.6978998184204102,-0.07015639543533325,0.28565773367881775,0.6372672319412231,-0.09046865254640579,0.3138542175292969,0.5953611135482788,-0.10209682583808899,0.2516285479068756,0.8261763453483582,-0.05005425587296486,0.3142687976360321,0.7466585636138916,-0.07324165850877762,0.3589492738246918,0.7061678767204285,-0.08312998712062836,0.3929770886898041,0.6787026524543762,-0.08906732499599457,0.2759946584701538,0.864294707775116,-0.060004763305187225,0.3421739935874939,0.8003920912742615,-0.08156203478574753,0.38556498289108276,0.7752137184143066,-0.08678572624921799,0.41622474789619446,0.7615760564804077,-0.08759957551956177,0.302546888589859,0.9030137062072754,-0.06925390660762787,0.3559741973876953,0.8667395710945129,-0.08612124621868134,0.38907331228256226,0.8493124842643738,-0.08802191913127899,0.4137444496154785,0.8355458974838257,-0.08684508502483368
76512.553,0.2220408320426941,0.9710870981216431,4.968110260961112e-07,0.21764886379241943,0.8799160122871399,0.0019170159939676523,0.24515633285045624,0.8062644600868225,-0.00604223320260644,0.28477686643600464,0.7644894123077393,-0.013856961391866207,0.3221184015274048,0.7430845499038696,-0.02114773541688919,0.2323446273803711,0.7941373586654663,-0.03345612809062004,0.2542881965637207,0.6985169053077698,-0.06245134770870209,0.2867753505706787,0.6376553177833557,-0.08097837120294571,0.3157050609588623,0.5966129302978516,-0.09127648919820786,0.25911688804626465,0.8239168524742126,-0.04528794810175896,0.3215629756450653,0.747082531452179,-0.06678080558776855,0.3665919601917267,0.7105154991149902,-0.0748216062784195,0.4005414545536041,0.6864978075027466,-0.0790865421295166,0.28713399171829224,0.8623716235160828,-0.05644078552722931,0.35248351097106934,0.7982177138328552,-0.07707877457141876,0.3940381109714508,0.7753404974937439,-0.08070118725299835,0.4224187731742859,0.7618021368980408,-0.08011173456907272,0.31670594215393066,0.9021115899085999,-0.06661069393157959,0.3663269281387329,0.8619868755340576,-0.08351505547761917,0.3976181447505951,0.8440711498260498,-0.08449247479438782,0.4200595021247864,0.8299546241760254,-0.08223473280668259
76512.585,0.21205344796180725,0.9636038541793823,5.644233738166804e-07,0.21666169166564941,0.8768854141235352,0.00174224516376853,0.2491520792245865,0.8043338060379028,-0.00866100937128067,0.289915531873703,0.7650228142738342,-0.019711503759026527,0.32807573676109314,0.7443047761917114,-0.030669141560792923,0.23457524180412292,0.7893940210342407,-0.03743210807442665,0.2573184370994568,0.6980206370353699,-0.06707536429166794,0.28943389654159546,0.6407217979431152,-0.08621987700462341,0.3176998198032379,0.6010521650314331,-0.09758035093545914,0.2540230453014374,0.8199452757835388,-0.05093533173203468,0.31970760226249695,0.7466421127319336,-0.07493464648723602,0.3664373755455017,0.7171521782875061,-0.08430320024490356,0.4007089138031006,0.6994757056236267,-0.08961760252714157,0.27714502811431885,0.8613870143890381,-0.063362255692482,0.3463497757911682,0.8008040189743042,-0.08494829386472702,0.39087486267089844,0.7872046828269958,-0.08744074404239655,0.4205286204814911,0.7831419706344604,-0.08642230182886124,0.30249977111816406,0.9053231477737427,-0.07500603049993515,0.3581448495388031,0.8702066540718079,-0.09058362990617752,0.3927914500236511,0.858688235282898,-0.08993597328662872,0.41724422574043274,0.8506515622138977,-0.08712535351514816
76512.618,0.21932800114154816,0.9671697616577148,4.999782277081977e-07,0.21976864337921143,0.8772746324539185,0.0027487596962600946,0.24956975877285004,0.8049322366714478,-0.006178130395710468,0.2893649935722351,0.7658495306968689,-0.015827974304556847,0.32639914751052856,0.745583176612854,-0.025543080642819405,0.2362290918827057,0.7904786467552185,-0.03318389877676964,0.25861304998397827,0.6997590065002441,-0.06125880032777786,0.28894898295402527,0.6413052082061768,-0.07966028898954391,0.31561657786369324,0.6001576781272888,-0.09095074236392975,0.2581788897514343,0.820835530757904,-0.04652319476008415,0.32138141989707947,0.7497011423110962,-0.06825970858335495,0.3671088218688965,0.7217642068862915,-0.07671935111284256,0.4011140763759613,0.7053776979446411,-0.08177782595157623,0.28281739354133606,0.8625379204750061,-0.05893036350607872,0.3490433990955353,0.8020943999290466,-0.07943279296159744,0.3904074430465698,0.7878834009170532,-0.08210925757884979,0.41719329357147217,0.7827824354171753,-0.08150631934404373,0.31020694971084595,0.9060991406440735,-0.07045674324035645,0.3592132031917572,0.8691635727882385,-0.08739160001277924,0.38851770758628845,0.8580432534217834,-0.08784393966197968,0.4086453914642334,0.8510152101516724,-0.08562060445547104
76512.648,0.21978843212127686,0.9656403660774231,5.33163586169394e-07,0.2212122082710266,0.8801149725914001,0.00302427657879889,0.2506396472454071,0.8071438074111938,-0.006988916080445051,0.28979310393333435,0.7654942274093628,-0.017719151452183723,0.32816553115844727,0.7429509162902832,-0.028588011860847473,0.23651689291000366,0.7922390103340149,-0.03680512309074402,0.25765538215637207,0.6997398734092712,-0.06461957842111588,0.2891753911972046,0.6428256034851074,-0.08187513798475266,0.3164171576499939,0.6035850048065186,-0.09208543598651886,0.256137490272522,0.8215621709823608,-0.05039738118648529,0.32106855511665344,0.7486394047737122,-0.07210617512464523,0.36889123916625977,0.722359299659729,-0.07923880219459534,0.40327656269073486,0.7087398767471313,-0.08337847143411636,0.2793014347553253,0.8638492822647095,-0.0627058893442154,0.34903526306152344,0.8020612001419067,-0.08252774178981781,0.3942444920539856,0.7883277535438538,-0.08348999172449112,0.42289772629737854,0.7848675847053528,-0.0820266455411911,0.30495399236679077,0.9085215330123901,-0.07404884696006775,0.35869061946868896,0.8716831207275391,-0.08928415924310684,0.39294108748435974,0.8595430254936218,-0.08821668475866318,0.4161096215248108,0.8519135117530823,-0.08527730405330658
76512.679,0.22322414815425873,0.9655990600585938,5.495373898156686e-07,0.22393915057182312,0.8810117244720459,0.001319553004577756,0.2525599002838135,0.8083550930023193,-0.010334087535738945,0.2928445041179657,0.7677820920944214,-0.022502603009343147,0.33221060037612915,0.746304452419281,-0.03469223529100418,0.2373666763305664,0.7936030626296997,-0.04244518652558327,0.256973534822464,0.6995357275009155,-0.07220134139060974,0.2891792953014374,0.6438474655151367,-0.09046349674463272,0.31758126616477966,0.6055092811584473,-0.10128284990787506,0.25510820746421814,0.8243198394775391,-0.05595214292407036,0.31589260697364807,0.7516237497329712,-0.08006724715232849,0.36393028497695923,0.7243189811706543,-0.08754456043243408,0.3987121880054474,0.7100037336349487,-0.0917573943734169,0.27758416533470154,0.8681177496910095,-0.06816317141056061,0.34611451625823975,0.8077379465103149,-0.08897975087165833,0.3906545341014862,0.7906541228294373,-0.08964284509420395,0.41813528537750244,0.7842307686805725,-0.08798791468143463,0.3031993806362152,0.9142885804176331,-0.0796392634510994,0.35855787992477417,0.878876805305481,-0.09481770545244217,0.3926929831504822,0.8652088046073914,-0.09356492757797241,0.415129691362381,0.8555591106414795,-0.09056712687015533
76512.713,0.2329527586698532,0.9618452787399292,5.588633484876482e-07,0.22985932230949402,0.8781629204750061,-0.0006472537643276155,0.26000863313674927,0.8026726841926575,-0.013505015522241592,0.30433884263038635,0.7583315968513489,-0.02639458328485489,0.34572646021842957,0.7348092794418335,-0.03906937316060066,0.23986317217350006,0.7944161891937256,-0.04623973369598389,0.2555409371852875,0.6983073949813843,-0.07516350597143173,0.28744620084762573,0.6430248022079468,-0.09181170165538788,0.3156832158565521,0.6063345670700073,-0.10130563378334045,0.2594205141067505,0.822562038898468,-0.058304302394390106,0.3165337145328522,0.7407629489898682,-0.08143895864486694,0.36413341760635376,0.7131949067115784,-0.08694043010473251,0.3972560465335846,0.7015079259872437,-0.08997023850679398,0.28494858741760254,0.8624040484428406,-0.06899584084749222,0.35248181223869324,0.79664546251297,-0.0878215953707695,0.3938709497451782,0.7859582901000977,-0.08513672649860382,0.41633015871047974,0.7888578176498413,-0.08114969730377197,0.31457147002220154,0.9046165943145752,-0.07926975935697556,0.3690880537033081,0.8580623865127563,-0.09141705930233002,0.40035146474838257,0.8466764092445374,-0.0875827893614769,0.4175252318382263,0.8434256315231323,-0.08298276364803314
76512.761,0.23565325140953064,0.9689361453056335,5.16431384767202e-07,0.23300039768218994,0.8833320140838623,-0.0022023837082087994,0.2649151384830475,0.8051502108573914,-0.01588505506515503,0.3096843957901001,0.7597079873085022,-0.029370149597525597,0.3522983193397522,0.7367415428161621,-0.04207563400268555,0.24280427396297455,0.7942845821380615,-0.047978807240724564,0.2571314871311188,0.7012495994567871,-0.07828548550605774,0.28573256731033325,0.6448632478713989,-0.09672456979751587,0.3114687502384186,0.6079950928688049,-0.10713116824626923,0.260524719953537,0.8251301646232605,-0.05878520384430885,0.31343764066696167,0.7472231388092041,-0.08257151395082474,0.3575373888015747,0.7267428636550903,-0.08816221356391907,0.38639312982559204,0.7243826985359192,-0.09093306213617325,0.2864985466003418,0.8663011789321899,-0.0681711882352829,0.3523434102535248,0.8038795590400696,-0.08518624305725098,0.3825274407863617,0.7998011708259583,-0.07922575622797012,0.39264219999313354,0.809004008769989,-0.07255498319864273,0.31814685463905334,0.9088221192359924,-0.07774898409843445,0.37444597482681274,0.8581088185310364,-0.08540812879800797,0.39563053846359253,0.8489465713500977,-0.07781948894262314,0.4007681608200073,0.8486359715461731,-0.07038569450378418
76512.767,0.2354966402053833,0.9648293256759644,5.410452672549582e-07,0.23546665906906128,0.8771359324455261,-0.0016090072458609939,0.27075064182281494,0.7991570234298706,-0.015175135806202888,0.31733477115631104,0.7545682787895203,-0.028187641873955727,0.36047524213790894,0.7332255244255066,-0.040565043687820435,0.24285583198070526,0.7930160760879517,-0.05178527906537056,0.25592041015625,0.6993162035942078,-0.08242160826921463,0.2880050539970398,0.6441664099693298,-0.101209856569767,0.3169608414173126,0.6091985702514648,-0.11196361482143402,0.2597856819629669,0.8280526399612427,-0.06325038522481918,0.3181346356868744,0.7518925666809082,-0.08668596297502518,0.36346307396888733,0.7345991134643555,-0.09113340824842453,0.3901577293872833,0.7349470257759094,-0.09377438575029373,0.2841948866844177,0.8724610209465027,-0.07310064882040024,0.35485729575157166,0.8121647834777832,-0.09104069322347641,0.38678649067878723,0.8137733936309814,-0.08549042046070099,0.3958023190498352,0.8286182880401611,-0.07938691228628159,0.31332334876060486,0.9178078174591064,-0.08281322568655014,0.37168794870376587,0.8718799948692322,-0.09130358695983887,0.39435452222824097,0.8693076372146606,-0.08387552946805954,0.3992135524749756,0.8768793940544128,-0.07694027572870255
76512.825,0.23575285077095032,0.9653398990631104,5.678965067090758e-07,0.2378482073545456,0.8802996277809143,-0.0017323428764939308,0.26743054389953613,0.8046045303344727,-0.01752098649740219,0.3072100281715393,0.7605926990509033,-0.03343482315540314,0.3446815311908722,0.7364044189453125,-0.04863663390278816,0.24156984686851501,0.7952790856361389,-0.052688390016555786,0.24571123719215393,0.7011793255805969,-0.0843202993273735,0.2732631266117096,0.6446623206138611,-0.10298340022563934,0.3002009391784668,0.609089732170105,-0.11369886994361877,0.25113537907600403,0.8294891119003296,-0.06616473942995071,0.2974426746368408,0.7511560320854187,-0.09535883367061615,0.34549370408058167,0.7246466875076294,-0.10445038974285126,0.381308376789093,0.7212526798248291,-0.10895152390003204,0.27417808771133423,0.87354576587677,-0.07786180824041367,0.3330298662185669,0.805713951587677,-0.10003997385501862,0.3769621253013611,0.7876445055007935,-0.10008709132671356,0.4030715525150299,0.7880403995513916,-0.09751054644584656,0.306736558675766,0.9182483553886414,-0.08927077800035477,0.35817521810531616,0.8690763711929321,-0.10161774605512619,0.3906395137310028,0.8509927988052368,-0.09860620647668839,0.41052061319351196,0.8420918583869934,-0.09466268867254257
76512.856,0.22431397438049316,0.9685129523277283,6.302226438492653e-07,0.24233415722846985,0.8794694542884827,-0.004883620422333479,0.27152538299560547,0.804187536239624,-0.021885361522436142,0.3092974126338959,0.762678861618042,-0.03889186680316925,0.3421053886413574,0.7376872301101685,-0.054919879883527756,0.2414848655462265,0.787575900554657,-0.057435065507888794,0.24524809420108795,0.704680323600769,-0.0928850919008255,0.27126508951187134,0.6515673398971558,-0.11576727032661438,0.2980738580226898,0.6148481369018555,-0.1297069489955902,0.2389996498823166,0.8352158069610596,-0.07092908769845963,0.2724853456020355,0.7736302018165588,-0.10679792612791061,0.32350999116897583,0.7391408085823059,-0.12040328979492188,0.36716514825820923,0.7252140045166016,-0.12783914804458618,0.2503766417503357,0.8908369541168213,-0.08303431421518326,0.3013695180416107,0.8434398770332336,-0.11295261234045029,0.3481343388557434,0.8220407962799072,-0.11803723126649857,0.38160502910614014,0.8152441382408142,-0.11817806959152222,0.2717827558517456,0.9449862837791443,-0.09507489204406738,0.3268861472606659,0.9207309484481812,-0.11508835107088089,0.3635481894016266,0.9018622636795044,-0.1179165169596672,0.3912115693092346,0.8857537508010864,-0.11759034544229507
76512.888,0.2174580693244934,0.9656211137771606,6.442888889068854e-07,0.24995550513267517,0.8748221397399902,-0.00505546061322093,0.2887443006038666,0.8019775748252869,-0.02664847858250141,0.3274059295654297,0.7591376304626465,-0.04818310961127281,0.36000746488571167,0.7254645228385925,-0.06918815523386002,0.24114245176315308,0.7783002257347107,-0.07229824364185333,0.23756521940231323,0.6983808279037476,-0.11576493829488754,0.2621432840824127,0.6466590166091919,-0.1437269002199173,0.2898571491241455,0.6106786727905273,-0.1613212376832962,0.2320222705602646,0.8274227976799011,-0.08981272578239441,0.25578945875167847,0.7631533741950989,-0.13643589615821838,0.3050957918167114,0.7266343235969543,-0.1555114984512329,0.34857186675071716,0.7133928537368774,-0.16661430895328522,0.24016016721725464,0.8872516751289368,-0.10516494512557983,0.29334864020347595,0.8414083123207092,-0.14641056954860687,0.3480947017669678,0.8225467205047607,-0.1550292670726776,0.39022698998451233,0.8175667524337769,-0.15676645934581757,0.2600758671760559,0.9486252069473267,-0.11963898688554764,0.3179217576980591,0.9241205453872681,-0.15050986409187317,0.36083149909973145,0.9077342748641968,-0.15636004507541656,0.3946060538291931,0.8926280736923218,-0.15742821991443634
76512.92,0.2109375,0.9821755886077881,6.669636718470429e-07,0.24902597069740295,0.9000697731971741,-0.008952990174293518,0.284465491771698,0.8396653532981873,-0.027675405144691467,0.3303452432155609,0.8182523250579834,-0.04632312059402466,0.36513906717300415,0.8026458621025085,-0.06351859867572784,0.23317760229110718,0.7897787690162659,-0.05864053592085838,0.2367287576198578,0.7038730978965759,-0.09203062206506729,0.2587381601333618,0.6512337923049927,-0.11561333388090134,0.2832149565219879,0.6129434704780579,-0.1323642134666443,0.22606414556503296,0.8356063961982727,-0.07260464876890182,0.23527847230434418,0.76590496301651,-0.11271702498197556,0.2845861315727234,0.7303727865219116,-0.13406072556972504,0.3328695297241211,0.7179057002067566,-0.14757491648197174,0.2337469607591629,0.8951808214187622,-0.08482399582862854,0.2717561721801758,0.8561720252037048,-0.12056226283311844,0.3249373733997345,0.8351287841796875,-0.13501983880996704,0.36439624428749084,0.82985520362854,-0.14204885065555573,0.2546274662017822,0.9595652222633362,-0.0967773050069809,0.3116229772567749,0.938663899898529,-0.125450000166893,0.35439664125442505,0.9249321818351746,-0.13529060781002045,0.3835669755935669,0.9133037328720093,-0.14018389582633972
76512.952,0.23179873824119568,0.9758437871932983,6.121420028648572e-07,0.2710913419723511,0.9725618958473206,-0.03377952054142952,0.30763572454452515,0.9509507417678833,-0.057517409324645996,0.3567679524421692,0.9360859394073486,-0.07802726328372955,0.3897722363471985,0.9132034182548523,-0.0964832678437233,0.2503899335861206,0.8371741771697998,-0.05011310055851936,0.2607026994228363,0.7595703601837158,-0.07460647076368332,0.2825480103492737,0.704951286315918,-0.09051597863435745,0.3042404353618622,0.668154239654541,-0.10139775276184082,0.22744503617286682,0.8177964091300964,-0.04869813099503517,0.22748081386089325,0.7522993683815002,-0.08074859529733658,0.2662201523780823,0.7207672595977783,-0.09832713007926941,0.3066225051879883,0.710930585861206,-0.10748841613531113,0.22072765231132507,0.8198214769363403,-0.04939696937799454,0.22550341486930847,0.7524190545082092,-0.0810052901506424,0.2635863721370697,0.7090943455696106,-0.10063955932855606,0.30035293102264404,0.686776340007782,-0.11077576875686646,0.22781604528427124,0.8314400315284729,-0.052042506635189056,0.26355576515197754,0.7946364879608154,-0.07613687962293625,0.30142807960510254,0.7852308750152588,-0.08791465312242508,0.33468255400657654,0.7877240777015686,-0.09386732429265976
76512.985,0.2499779909849167,0.9524126052856445,1.148816068052838e-06,0.29774990677833557,0.9109980463981628,-0.05964823067188263,0.3217945694923401,0.8702476024627686,-0.1118488609790802,0.3472496569156647,0.8513329029083252,-0.15445245802402496,0.3525775969028473,0.830167293548584,-0.19850659370422363,0.23597657680511475,0.7941891551017761,-0.1479174941778183,0.2400280386209488,0.7319420576095581,-0.2134021669626236,0.25760114192962646,0.6778081059455872,-0.25829821825027466,0.2840002179145813,0.6352471113204956,-0.2918546795845032,0.22311797738075256,0.8269877433776855,-0.15163740515708923,0.2154959738254547,0.7838538289070129,-0.24245548248291016,0.2521161437034607,0.7494727373123169,-0.29899856448173523,0.30174487829208374,0.7222359776496887,-0.33665359020233154,0.22808626294136047,0.8708811402320862,-0.15375465154647827,0.24255123734474182,0.8553488850593567,-0.23480728268623352,0.2777336537837982,0.8286274075508118,-0.2784475088119507,0.3150545656681061,0.8062731623649597,-0.30512478947639465,0.2456526756286621,0.9165185689926147,-0.15739291906356812,0.27441415190696716,0.9182543754577637,-0.22308990359306335,0.3068542778491974,0.9175910353660583,-0.25752460956573486,0.33812278509140015,0.90447998046875,-0.28128477931022644
76513.016,0.25592726469039917,0.9362643957138062,1.0475441740709357e-06,0.2991211414337158,0.8583390712738037,-0.04180396720767021,0.31141093373298645,0.8020718693733215,-0.09082017093896866,0.32644814252853394,0.7706595659255981,-0.132021963596344,0.33375608921051025,0.7533898949623108,-0.1781545728445053,0.23925605416297913,0.7747142314910889,-0.16382955014705658,0.24240362644195557,0.7195591330528259,-0.2383270561695099,0.2635636627674103,0.6698128581047058,-0.28816521167755127,0.29321175813674927,0.6282199025154114,-0.32515162229537964,0.2260463386774063,0.8285468816757202,-0.1790696233510971,0.21495157480239868,0.8101645708084106,-0.2751674950122833,0.2549489140510559,0.7894481420516968,-0.32752561569213867,0.3064576983451843,0.7694981098175049,-0.3652854263782501,0.22852641344070435,0.8936313390731812,-0.1911875605583191,0.23178786039352417,0.8989502191543579,-0.27913734316825867,0.26557543873786926,0.8724814653396606,-0.325529545545578,0.30485913157463074,0.8561817407608032,-0.3557630479335785,0.2440951019525528,0.9593112468719482,-0.20252442359924316,0.2612675130367279,0.9776390194892883,-0.2765386402606964,0.29604998230934143,0.9788246154785156,-0.31764379143714905,0.32838642597198486,0.9722572565078735,-0.34818166494369507
76513.049,0.2584473490715027,0.9675197005271912,8.406402116634126e-07,0.30521124601364136,0.8886356353759766,-0.029730482026934624,0.33056172728538513,0.8214462399482727,-0.06818584352731705,0.361654669046402,0.776469886302948,-0.1043054610490799,0.3839901387691498,0.7275521755218506,-0.14468856155872345,0.2542453706264496,0.7861089110374451,-0.1209036186337471,0.2626662850379944,0.7203970551490784,-0.18077628314495087,0.2692841589450836,0.6742587089538574,-0.2181459665298462,0.2805367708206177,0.6335502862930298,-0.24555011093616486,0.2254558801651001,0.8273895978927612,-0.1385057419538498,0.22743889689445496,0.7751405835151672,-0.21370276808738708,0.260896772146225,0.7421970367431641,-0.25723204016685486,0.2983250617980957,0.7149383425712585,-0.28780049085617065,0.21626585721969604,0.8848544359207153,-0.15373796224594116,0.23976904153823853,0.8572201728820801,-0.22845841944217682,0.2877117693424225,0.8422846794128418,-0.2667114734649658,0.33227673172950745,0.8385000824928284,-0.28947216272354126,0.2253679633140564,0.9504885673522949,-0.16813400387763977,0.26900243759155273,0.9534991979598999,-0.23397976160049438,0.3156389594078064,0.9513522982597351,-0.2688370645046234,0.3544542193412781,0.9503262639045715,-0.2922997772693634
76513.08,0.2486521601676941,0.9728143215179443,8.116412573144771e-07,0.2897101044654846,0.8961179852485657,-0.016100026667118073,0.3162805438041687,0.8248885273933411,-0.04058230295777321,0.34398049116134644,0.773101270198822,-0.06490424275398254,0.3603821098804474,0.7238632440567017,-0.09290140122175217,0.24133075773715973,0.7988072037696838,-0.07762184739112854,0.25085076689720154,0.7324005961418152,-0.12116587907075882,0.2627265155315399,0.6860846877098083,-0.14788790047168732,0.27565979957580566,0.6490980982780457,-0.16670605540275574,0.21853557229042053,0.8355058431625366,-0.09486950188875198,0.2217816561460495,0.7740194797515869,-0.14346832036972046,0.2613646984100342,0.7342721223831177,-0.16877369582653046,0.30303746461868286,0.7132647633552551,-0.18617114424705505,0.21262715756893158,0.8922503590583801,-0.11134462803602219,0.22737690806388855,0.851725697517395,-0.16461902856826782,0.2691115140914917,0.8270459175109863,-0.18949589133262634,0.3077671229839325,0.8169772028923035,-0.20409713685512543,0.222234308719635,0.9577268362045288,-0.12681998312473297,0.2628463804721832,0.9574363827705383,-0.17574705183506012,0.30605176091194153,0.9505974650382996,-0.19822366535663605,0.3436982333660126,0.9484192728996277,-0.21239447593688965
76513.113,0.22191646695137024,0.9529367685317993,6.310400522124837e-07,0.2683287262916565,0.894172728061676,-0.016244102269411087,0.29829907417297363,0.8411137461662292,-0.04440775886178017,0.31848418712615967,0.7994398474693298,-0.07274226099252701,0.325859010219574,0.7520729303359985,-0.10624906420707703,0.2365274727344513,0.7802907824516296,-0.08545336872339249,0.24513599276542664,0.7148421406745911,-0.132132425904274,0.2550969123840332,0.6738244295120239,-0.16320869326591492,0.2664767801761627,0.6435848474502563,-0.18536491692066193,0.21214783191680908,0.8083463311195374,-0.1037379577755928,0.22233618795871735,0.7537652254104614,-0.15240316092967987,0.24985764920711517,0.7272788882255554,-0.18223421275615692,0.27743375301361084,0.7144941091537476,-0.20495276153087616,0.2008078694343567,0.8577158451080322,-0.12072823941707611,0.2168084681034088,0.8225539326667786,-0.17126281559467316,0.2561543881893158,0.8017804026603699,-0.19984814524650574,0.29411444067955017,0.7944042086601257,-0.21911455690860748,0.20316436886787415,0.9201749563217163,-0.13647256791591644,0.22874495387077332,0.9162474274635315,-0.18296360969543457,0.2622044086456299,0.9079338312149048,-0.20736542344093323,0.2955355942249298,0.9077001810073853,-0.22443118691444397
76513.192,0.17291785776615143,0.8962388038635254,2.3137131321959714e-08,0.21662186086177826,0.8116384744644165,-0.007529599592089653,0.2423364222049713,0.7284504771232605,-0.01796894147992134,0.26485008001327515,0.6868518590927124,-0.02996256947517395,0.2741245925426483,0.6864964365959167,-0.04402772709727287,0.19571919739246368,0.6779431104660034,-0.025442635640501976,0.19540774822235107,0.6094838976860046,-0.05006590113043785,0.19351017475128174,0.5680485367774963,-0.07158590853214264,0.18917463719844818,0.5346548557281494,-0.08777201920747757,0.1813938170671463,0.7080036401748657,-0.03724014386534691,0.16896288096904755,0.6418914198875427,-0.060530565679073334,0.17332352697849274,0.6053277254104614,-0.07848504185676575,0.17830945551395416,0.5729939341545105,-0.0933382585644722,0.17054758965969086,0.7520383596420288,-0.049746084958314896,0.15625900030136108,0.7021392583847046,-0.07215984910726547,0.15531636774539948,0.6712324619293213,-0.08213295787572861,0.15180295705795288,0.6438735723495483,-0.08975093066692352,0.16261227428913116,0.8019405603408813,-0.06311361491680145,0.14687538146972656,0.7662625312805176,-0.08136364817619324,0.14428794384002686,0.7455455660820007,-0.08591368049383163,0.14077067375183105,0.728513777256012,-0.08952434360980988
76513.224,0.1697186976671219,0.8889855742454529,3.2568618735240307e-07,0.2060943990945816,0.8088525533676147,-0.0041254423558712006,0.2115585058927536,0.7143125534057617,-0.008993584662675858,0.22148427367210388,0.6590229272842407,-0.015524138696491718,0.2401214838027954,0.6528668403625488,-0.025790764018893242,0.1686953604221344,0.6754780411720276,-0.023992223665118217,0.15256954729557037,0.6008391380310059,-0.04955287277698517,0.1505754590034485,0.5478004217147827,-0.06974965333938599,0.15546420216560364,0.5049644708633423,-0.08460143953561783,0.154462531208992,0.6955820918083191,-0.03735784441232681,0.1405937373638153,0.6194188594818115,-0.06488838791847229,0.141787588596344,0.5621958374977112,-0.08582986146211624,0.1486864537000656,0.5120809078216553,-0.10049162060022354,0.14282751083374023,0.7320932745933533,-0.05122040584683418,0.13018947839736938,0.6585831642150879,-0.07970847189426422,0.13020098209381104,0.6044759154319763,-0.09814087301492691,0.1334042251110077,0.557634711265564,-0.10959775745868683,0.13345108926296234,0.7791176438331604,-0.06468503177165985,0.12487820535898209,0.7203480005264282,-0.09127452224493027,0.12544704973697662,0.6769418120384216,-0.10521777719259262,0.1304183006286621,0.639126718044281,-0.11452734470367432
76513.256,0.14777050912380219,0.8684273958206177,6.207820320014434e-07,0.19055438041687012,0.7957791090011597,-0.012781954370439053,0.19582805037498474,0.7113128304481506,-0.030017748475074768,0.20187237858772278,0.6574710607528687,-0.048397764563560486,0.19412200152873993,0.618096113204956,-0.07239437848329544,0.13210473954677582,0.6411689519882202,-0.05632747709751129,0.11408752202987671,0.5656672120094299,-0.10049401968717575,0.10687340050935745,0.5027040839195251,-0.13534943759441376,0.10460932552814484,0.44764572381973267,-0.1610804945230484,0.11550171673297882,0.6646651029586792,-0.07698537409305573,0.09430203586816788,0.5814458131790161,-0.12615486979484558,0.09279995411634445,0.5114047527313232,-0.16620208323001862,0.09570454061031342,0.44680777192115784,-0.195107102394104,0.1042013093829155,0.7100816965103149,-0.09689662605524063,0.07809571176767349,0.631327211856842,-0.14761216938495636,0.08340372145175934,0.5723874568939209,-0.17964500188827515,0.09278203547000885,0.5206756591796875,-0.19991159439086914,0.09786227345466614,0.7699204683303833,-0.115712471306324,0.07290764153003693,0.7213435769081116,-0.16294904053211212,0.07446568459272385,0.6820551753044128,-0.1852361112833023,0.084468774497509,0.6456868052482605,-0.1993219256401062
76513.287,0.12496571987867355,0.8657299876213074,5.205361617299786e-07,0.16948378086090088,0.8068211078643799,-0.01970021426677704,0.18321505188941956,0.7068188786506653,-0.02798088826239109,0.18951500952243805,0.6390589475631714,-0.03617537394165993,0.17224445939064026,0.6060048341751099,-0.04619654640555382,0.11416725814342499,0.6155755519866943,-0.018018269911408424,0.0962422788143158,0.5326541662216187,-0.03935791179537773,0.08928801864385605,0.47382959723472595,-0.05951392278075218,0.08534830808639526,0.42444974184036255,-0.07441124320030212,0.08348206430673599,0.6338182091712952,-0.02417752705514431,0.059491194784641266,0.5491535067558289,-0.04228202998638153,0.0575520321726799,0.49516570568084717,-0.05949251726269722,0.062321923673152924,0.45096057653427124,-0.07255799323320389,0.05791237950325012,0.6707396507263184,-0.033506810665130615,0.03459607809782028,0.5904409289360046,-0.05319000035524368,0.03861468285322189,0.5458278656005859,-0.06444647908210754,0.04927264153957367,0.5128691792488098,-0.07200964540243149,0.03648023307323456,0.7245112061500549,-0.04511774703860283,0.01110076904296875,0.6626401543617249,-0.06578035652637482,0.010466411709785461,0.6243141293525696,-0.07373002171516418,0.016720600426197052,0.5959233641624451,-0.07815197855234146
76513.32,0.1073794960975647,0.8698242902755737,5.78913727622421e-07,0.15703526139259338,0.80682373046875,-0.033147964626550674,0.1760197877883911,0.7076094150543213,-0.04989320784807205,0.18324929475784302,0.631108820438385,-0.06449523568153381,0.15426123142242432,0.6075491309165955,-0.08135930448770523,0.08916620910167694,0.6058477759361267,-0.03771603852510452,0.07055991888046265,0.5168128609657288,-0.06679035723209381,0.06301257014274597,0.4591582417488098,-0.09253286570310593,0.059129681438207626,0.40694788098335266,-0.11145009100437164,0.04720383509993553,0.6298757791519165,-0.04130489379167557,0.015911631286144257,0.5409597158432007,-0.06545480340719223,0.00040662288665771484,0.4847915768623352,-0.08778350800275803,-0.00801510363817215,0.43572449684143066,-0.10524098575115204,0.017254449427127838,0.6766055226325989,-0.048881590366363525,-0.018795251846313477,0.6013221144676208,-0.07201417535543442,-0.037955209612846375,0.5498659610748291,-0.08988822251558304,-0.048570066690444946,0.50507652759552,-0.10312534868717194,-0.0032289400696754456,0.7407654523849487,-0.05984413996338844,-0.037863731384277344,0.6875099539756775,-0.08224158734083176,-0.058014482259750366,0.6481644511222839,-0.09502582997083664,-0.07305379211902618,0.6098543405532837,-0.10409822314977646
76513.353,0.08775583654642105,0.875298023223877,5.731043302148464e-07,0.1446506232023239,0.8142081499099731,-0.03139055147767067,0.17287304997444153,0.7103650569915771,-0.044199954718351364,0.17475169897079468,0.6242232322692871,-0.05485843867063522,0.13514035940170288,0.6154860258102417,-0.06670048087835312,0.08043154329061508,0.5974474549293518,-0.024750133976340294,0.060875147581100464,0.5041965246200562,-0.047927334904670715,0.04866274446249008,0.44255220890045166,-0.06983449310064316,0.04124072194099426,0.38845929503440857,-0.08621513843536377,0.032537221908569336,0.6173292398452759,-0.026069004088640213,0.0005860552191734314,0.527332067489624,-0.04516058415174484,-0.018859542906284332,0.46910834312438965,-0.06530775129795074,-0.03167014569044113,0.42003223299980164,-0.08094114810228348,-0.00393243134021759,0.6569758653640747,-0.03155078738927841,-0.040777064859867096,0.5782457590103149,-0.04997165501117706,-0.06061939150094986,0.5221960544586182,-0.06520435959100723,-0.07118222862482071,0.47591298818588257,-0.07624134421348572,-0.03256898373365402,0.7130293250083923,-0.04060353338718414,-0.0652063712477684,0.6481207013130188,-0.05787721276283264,-0.08163467794656754,0.6011027097702026,-0.067539744079113,-0.09020445495843887,0.5572818517684937,-0.07417567819356918
76513.385,0.07562100887298584,0.8888243436813354,5.489424097504525e-07,0.13477447628974915,0.8409673571586609,-0.0374770313501358,0.17060017585754395,0.7391586899757385,-0.051695819944143295,0.1772831827402115,0.6484861373901367,-0.062092822045087814,0.13357573747634888,0.6347341537475586,-0.0725516676902771,0.0822339579463005,0.5989317893981934,-0.026447057723999023,0.06242985650897026,0.495475709438324,-0.047100480645895004,0.04763771593570709,0.4300900101661682,-0.06783603876829147,0.035672154277563095,0.3731653392314911,-0.08386480063199997,0.029293229803442955,0.6114924550056458,-0.023308170959353447,-0.00822446495294571,0.5169720649719238,-0.040621377527713776,-0.03380826860666275,0.4600221514701843,-0.06037154048681259,-0.05254444479942322,0.41385316848754883,-0.07582520693540573,-0.01358073204755783,0.6437103748321533,-0.02451194077730179,-0.05240515619516373,0.5614763498306274,-0.040701474994421005,-0.07168135792016983,0.5083432197570801,-0.05417025461792946,-0.08348841220140457,0.46801304817199707,-0.06405962258577347,-0.04829859733581543,0.6921288967132568,-0.029988981783390045,-0.07749126106500626,0.6225874423980713,-0.04440724849700928,-0.09179972857236862,0.5775986313819885,-0.05175097659230232,-0.09912719577550888,0.5373484492301941,-0.056671787053346634
76513.416,0.06532302498817444,0.9202905893325806,5.802211830996384e-07,0.12774677574634552,0.8775471448898315,-0.039234708994627,0.1719798445701599,0.7765041589736938,-0.055973995476961136,0.18294945359230042,0.6836389899253845,-0.06881977617740631,0.13664336502552032,0.6648139953613281,-0.08120080828666687,0.09219400584697723,0.6131460666656494,-0.02665288746356964,0.07690424472093582,0.5011743903160095,-0.04874403402209282,0.06279967725276947,0.4277600646018982,-0.07023880630731583,0.05007275938987732,0.3650538921356201,-0.08663278073072433,0.03712141141295433,0.6177680492401123,-0.02415665052831173,0.006410427391529083,0.5090059041976929,-0.04150690138339996,-0.014387909322977066,0.44466090202331543,-0.05979130417108536,-0.029803071171045303,0.39169061183929443,-0.07402084022760391,-0.011040862649679184,0.6449794769287109,-0.026533208787441254,-0.04507230594754219,0.5488431453704834,-0.042651351541280746,-0.06108474358916283,0.48799267411231995,-0.054836779832839966,-0.07117238640785217,0.4413301646709442,-0.06388320028781891,-0.05323570594191551,0.6906948089599609,-0.03356809914112091,-0.07986603677272797,0.61229407787323,-0.04766126722097397,-0.09141074120998383,0.5621688365936279,-0.05390312150120735,-0.09665888547897339,0.5175662636756897,-0.058026451617479324
76513.447,0.053845372051000595,0.9532067775726318,6.178665330480726e-07,0.12146691977977753,0.9144895076751709,-0.04642356187105179,0.17522075772285461,0.8206110000610352,-0.06787083297967911,0.19274018704891205,0.7283204793930054,-0.08447013050317764,0.14552456140518188,0.6945840120315552,-0.1008652001619339,0.09925596415996552,0.6317018866539001,-0.04079291597008705,0.09335139393806458,0.5103806257247925,-0.07033059746026993,0.08278128504753113,0.4304320812225342,-0.09788129478693008,0.07188957929611206,0.35947418212890625,-0.11829542368650436,0.04020899534225464,0.6282899975776672,-0.037500616163015366,0.014825552701950073,0.5062626600265503,-0.06002756208181381,-0.0021534040570259094,0.4325786530971527,-0.08275928348302841,-0.014115318655967712,0.37447744607925415,-0.10026919096708298,-0.011077381670475006,0.6553554534912109,-0.03916504979133606,-0.043844208121299744,0.5507166981697083,-0.0583091601729393,-0.059128545224666595,0.48164403438568115,-0.07372625172138214,-0.067860446870327,0.42828887701034546,-0.08538490533828735,-0.05554118752479553,0.7059599757194519,-0.046075187623500824,-0.08360090851783752,0.6250210404396057,-0.06307952105998993,-0.09751982986927032,0.571596086025238,-0.07135602831840515,-0.10455860197544098,0.5248233079910278,-0.07675439864397049
76513.48,0.046895336359739304,0.9899451732635498,6.898700917190581e-07,0.12275446951389313,0.9566003680229187,-0.04982050135731697,0.1800195276737213,0.8642279505729675,-0.07146766781806946,0.19935189187526703,0.7709908485412598,-0.0878121554851532,0.15653173625469208,0.7243515253067017,-0.10385020077228546,0.11058235913515091,0.6564999222755432,-0.0450136624276638,0.1099369078874588,0.5240272879600525,-0.07566887140274048,0.10454054176807404,0.43743425607681274,-0.10363420844078064,0.09838691353797913,0.35951370000839233,-0.12418961524963379,0.048215121030807495,0.6447243690490723,-0.04204779490828514,0.026109101250767708,0.49999696016311646,-0.06800954788923264,0.011229351162910461,0.40712234377861023,-0.09472613036632538,0.0006314888596534729,0.3320290744304657,-0.11427612602710724,-0.007078036665916443,0.668736457824707,-0.04392329975962639,-0.03428783640265465,0.5375123620033264,-0.06736679375171661,-0.04458009824156761,0.4486440420150757,-0.08835344016551971,-0.0497896783053875,0.3764919340610504,-0.10285092890262604,-0.056288447231054306,0.7182757258415222,-0.0508231520652771,-0.08039209246635437,0.6143898963928223,-0.07156871259212494,-0.0924457460641861,0.546623170375824,-0.08237235993146896,-0.09757333993911743,0.48750925064086914,-0.0889541283249855
76513.513,0.06157857924699783,1.0168553590774536,7.564954103145283e-07,0.13283374905586243,0.97890305519104,-0.060176365077495575,0.18935295939445496,0.897644579410553,-0.0937623530626297,0.2153002917766571,0.8166350722312927,-0.12118462473154068,0.1803143322467804,0.7669095993041992,-0.14963991940021515,0.1150793731212616,0.6825540661811829,-0.07805074006319046,0.12126439809799194,0.5443792343139648,-0.12144846469163895,0.1199234277009964,0.45387259125709534,-0.15713275969028473,0.11641672253608704,0.36814597249031067,-0.1829318404197693,0.049545831978321075,0.6676266193389893,-0.07663989067077637,0.028468940407037735,0.5079466104507446,-0.1159055233001709,0.014503136277198792,0.40395820140838623,-0.15015585720539093,0.00367819145321846,0.3164466917514801,-0.1751682460308075,-0.006993591785430908,0.6933450102806091,-0.07937784492969513,-0.03370968997478485,0.5485299825668335,-0.11268544942140579,-0.03947686403989792,0.44732069969177246,-0.13914749026298523,-0.04007615149021149,0.3632681667804718,-0.1576661914587021,-0.05528032034635544,0.7462634444236755,-0.08758228272199631,-0.08346318453550339,0.6334669589996338,-0.11548420786857605,-0.09585652500391006,0.5579400658607483,-0.12973318994045258,-0.09871350973844528,0.4915091395378113,-0.13926748931407928
76513.543,0.03971654921770096,1.0442473888397217,7.962193535604456e-07,0.1207464337348938,1.014508843421936,-0.06668153405189514,0.18881511688232422,0.9391146898269653,-0.10564078390598297,0.22635796666145325,0.858317494392395,-0.13746941089630127,0.20858441293239594,0.7916024923324585,-0.17062145471572876,0.12057510018348694,0.7150668501853943,-0.0909150242805481,0.1290358603000641,0.5669068098068237,-0.14114852249622345,0.12814581394195557,0.4698904752731323,-0.1804230809211731,0.1239679753780365,0.37961244583129883,-0.20790888369083405,0.052483707666397095,0.6934080719947815,-0.08864831924438477,0.03933776170015335,0.5242645740509033,-0.1341979205608368,0.025832604616880417,0.4141014516353607,-0.17305441200733185,0.013056207448244095,0.31931716203689575,-0.2012779712677002,-0.0077018216252326965,0.7124781608581543,-0.09086229652166367,-0.026749059557914734,0.5569033622741699,-0.12936536967754364,-0.0326513946056366,0.44968080520629883,-0.1598726212978363,-0.034447647631168365,0.36021775007247925,-0.1809144914150238,-0.0610986202955246,0.759486734867096,-0.09872203320264816,-0.08277928829193115,0.638047456741333,-0.13071171939373016,-0.09226629137992859,0.5542892813682556,-0.14809595048427582,-0.0922747552394867,0.4798826575279236,-0.1595907062292099
76513.576,0.0508614256978035,1.0728741884231567,9.057632723852294e-07,0.12989863753318787,1.043619155883789,-0.07278943061828613,0.1956254541873932,0.9694045782089233,-0.11334025114774704,0.23656772077083588,0.8898365497589111,-0.1454358845949173,0.2254808396100998,0.8097796440124512,-0.17828403413295746,0.12425757199525833,0.7371546030044556,-0.09908214956521988,0.14045174419879913,0.5848376750946045,-0.150933638215065,0.14356856048107147,0.4812060594558716,-0.19060708582401276,0.14194616675376892,0.3870479464530945,-0.2180171012878418,0.05246347188949585,0.7100886106491089,-0.093844473361969,0.04447811096906662,0.5367296934127808,-0.13977140188217163,0.03301049768924713,0.4183065593242645,-0.17719270288944244,0.021300196647644043,0.3214901387691498,-0.204108327627182,-0.013153493404388428,0.7290488481521606,-0.0934872254729271,-0.0343119278550148,0.5707899332046509,-0.13295961916446686,-0.04217362403869629,0.4632917642593384,-0.16242019832134247,-0.04597296565771103,0.3755307197570801,-0.18263985216617584,-0.07152242958545685,0.7815795540809631,-0.09917541593313217,-0.10191687941551208,0.663803219795227,-0.134518563747406,-0.11912253499031067,0.5823239088058472,-0.1525086909532547,-0.1280052810907364,0.511833906173706,-0.16336233913898468
76513.625,0.029083862900733948,1.079850435256958,1.089446413971018e-06,0.12274384498596191,1.0682096481323242,-0.10048152506351471,0.1950799524784088,0.997109055519104,-0.15456634759902954,0.2399795651435852,0.9178821444511414,-0.19428926706314087,0.2511011064052582,0.8308075666427612,-0.23556925356388092,0.1282528042793274,0.7508240938186646,-0.13799135386943817,0.14715418219566345,0.5883808732032776,-0.19749611616134644,0.15191538631916046,0.4798610508441925,-0.24324466288089752,0.15121454000473022,0.3816509246826172,-0.2755187451839447,0.05340438708662987,0.722319483757019,-0.12023564428091049,0.053498804569244385,0.5393764972686768,-0.17219436168670654,0.04780259355902672,0.41998186707496643,-0.21717588603496552,0.039098069071769714,0.31833603978157043,-0.25125688314437866,-0.014666728675365448,0.7392784953117371,-0.10823705047369003,-0.02615424245595932,0.5707743763923645,-0.15322251617908478,-0.029200613498687744,0.4618869125843048,-0.1935865581035614,-0.03052927553653717,0.3752326965332031,-0.22293904423713684,-0.07498840987682343,0.7869536280632019,-0.10375237464904785,-0.09888759255409241,0.6598123908042908,-0.14360575377941132,-0.1124081015586853,0.5810091495513916,-0.16928067803382874,-0.11755098402500153,0.5152019262313843,-0.1879189908504486
76513.656,0.03431893140077591,1.115394115447998,1.128077656176174e-06,0.12909860908985138,1.0902783870697021,-0.08800119906663895,0.20489594340324402,1.0146163702011108,-0.13611957430839539,0.25168684124946594,0.93310546875,-0.1723606437444687,0.2716130018234253,0.8418835401535034,-0.20885202288627625,0.13230416178703308,0.7634927034378052,-0.11612458527088165,0.15596605837345123,0.5995818376541138,-0.1732642948627472,0.16387252509593964,0.48783427476882935,-0.2162601798772812,0.16506700217723846,0.38619282841682434,-0.2455410212278366,0.054517388343811035,0.7364176511764526,-0.1028679758310318,0.0591217465698719,0.5521970391273499,-0.15229268372058868,0.055244289338588715,0.42486077547073364,-0.190621480345726,0.04640548676252365,0.32049494981765747,-0.2181832492351532,-0.017008326947689056,0.7542256116867065,-0.09554938226938248,-0.031223326921463013,0.5941977500915527,-0.13737614452838898,-0.04044637084007263,0.492147296667099,-0.16620533168315887,-0.0477389320731163,0.4073611795902252,-0.18581531941890717,-0.07975760847330093,0.8035439252853394,-0.0955452248454094,-0.10432123392820358,0.6800382137298584,-0.13209272921085358,-0.1193525567650795,0.6022897958755493,-0.14972689747810364,-0.12687692046165466,0.5329862236976624,-0.16026291251182556
76513.689,0.022664319723844528,1.143227458000183,1.1361480574123561e-06,0.12681668996810913,1.116170883178711,-0.08540625125169754,0.20361024141311646,1.0328174829483032,-0.13222695887088776,0.25089383125305176,0.9415186643600464,-0.16761815547943115,0.2873513996601105,0.8427267670631409,-0.20333150029182434,0.130742147564888,0.7778934240341187,-0.11079294979572296,0.15867237746715546,0.6085612773895264,-0.1673630326986313,0.16744869947433472,0.4924052357673645,-0.20995557308197021,0.16953453421592712,0.38758984208106995,-0.23958560824394226,0.05203532427549362,0.7468911409378052,-0.09947564452886581,0.06047314032912254,0.5579749345779419,-0.14977245032787323,0.05889834836125374,0.42891639471054077,-0.18941238522529602,0.05237804725766182,0.3205909729003906,-0.21774575114250183,-0.020940877497196198,0.7635816931724548,-0.09417020529508591,-0.035280756652355194,0.5965269207954407,-0.13820278644561768,-0.04146163910627365,0.4897487461566925,-0.16952818632125854,-0.04542246460914612,0.3998408317565918,-0.1904490888118744,-0.08567161113023758,0.8142604827880859,-0.09571917355060577,-0.11186898499727249,0.6839248538017273,-0.134765625,-0.1259366273880005,0.6004242300987244,-0.15451011061668396,-0.13231325149536133,0.5268791317939758,-0.16624680161476135
76513.721,0.021581195294857025,1.1674003601074219,1.1991069186478853e-06,0.13283967971801758,1.1288788318634033,-0.074538454413414,0.20741435885429382,1.0394748449325562,-0.11258907616138458,0.25609642267227173,0.9454240798950195,-0.14111103117465973,0.2990342080593109,0.8457756042480469,-0.16952583193778992,0.12735852599143982,0.7854446172714233,-0.08400615304708481,0.15862993896007538,0.6071898937225342,-0.1292104572057724,0.16755786538124084,0.48767197132110596,-0.16500912606716156,0.16872993111610413,0.3819495141506195,-0.19038522243499756,0.04677683860063553,0.7537134289741516,-0.07355792075395584,0.0579955019056797,0.5559936761856079,-0.1151358112692833,0.057847633957862854,0.423271507024765,-0.1510981172323227,0.05213487148284912,0.31437286734580994,-0.17713946104049683,-0.029346071183681488,0.767859160900116,-0.06887746602296829,-0.03849431127309799,0.5948805809020996,-0.10411500185728073,-0.04027862101793289,0.4836795926094055,-0.1318199187517166,-0.04056296497583389,0.3908056616783142,-0.15114697813987732,-0.09949717670679092,0.8145590424537659,-0.07045672088861465,-0.12109541147947311,0.6820340752601624,-0.10014230012893677,-0.13088425993919373,0.597715437412262,-0.11489909887313843,-0.1333172619342804,0.5223029851913452,-0.12417498975992203
76513.752,0.0378592424094677,1.1954970359802246,1.2352691101114033e-06,0.14220762252807617,1.147484540939331,-0.07238607108592987,0.21170902252197266,1.0463608503341675,-0.112151138484478,0.25963476300239563,0.9454106092453003,-0.1433318555355072,0.30683889985084534,0.847684919834137,-0.1741323322057724,0.12080664932727814,0.792649507522583,-0.09224992990493774,0.15437760949134827,0.6113272309303284,-0.14407894015312195,0.16260141134262085,0.4904658794403076,-0.18222682178020477,0.16296495497226715,0.38295090198516846,-0.20871996879577637,0.036836471408605576,0.7643287777900696,-0.08591055870056152,0.04771426320075989,0.5608023405075073,-0.1351063996553421,0.04661943018436432,0.4242419898509979,-0.17258858680725098,0.03947998583316803,0.3111838698387146,-0.19854949414730072,-0.0399935320019722,0.7858603000640869,-0.08473438024520874,-0.06681542098522186,0.6202787160873413,-0.12697461247444153,-0.08140736818313599,0.5218151807785034,-0.15285608172416687,-0.09338012337684631,0.4414616823196411,-0.1693592220544815,-0.10795405507087708,0.8465814590454102,-0.08958572894334793,-0.1456039845943451,0.7176558971405029,-0.12445112317800522,-0.16581560671329498,0.637298583984375,-0.13879980146884918,-0.18071505427360535,0.5646151304244995,-0.1465541571378708
76513.784,0.0017771385610103607,1.1567153930664062,1.5641735444660299e-06,0.12491989135742188,1.128007173538208,-0.11800019443035126,0.20849528908729553,1.040864109992981,-0.18220533430576324,0.26504161953926086,0.9497551918029785,-0.22768844664096832,0.3224066495895386,0.8419268131256104,-0.273823082447052,0.1252778321504593,0.7936915755271912,-0.16260632872581482,0.16203105449676514,0.6008242964744568,-0.22397664189338684,0.16818037629127502,0.4764789640903473,-0.267596572637558,0.16559696197509766,0.3668113946914673,-0.2986105680465698,0.04107457026839256,0.7641156911849976,-0.13520874083042145,0.049904607236385345,0.5511530637741089,-0.19806209206581116,0.04788430035114288,0.4106619656085968,-0.24996957182884216,0.034109845757484436,0.29653191566467285,-0.2881629168987274,-0.03310580179095268,0.7852699756622314,-0.11249903589487076,-0.0640224814414978,0.6231064796447754,-0.164925217628479,-0.0811816155910492,0.534124493598938,-0.20502950251102448,-0.09859667718410492,0.4574654996395111,-0.2335188090801239,-0.09837941825389862,0.8305008411407471,-0.09808950871229172,-0.13639764487743378,0.7064949870109558,-0.14260797202587128,-0.15889495611190796,0.6439870595932007,-0.16794903576374054,-0.17907407879829407,0.5841773748397827,-0.18652477860450745
76513.815,0.03694537281990051,1.2130314111709595,1.316504494752735e-06,0.1453903615474701,1.1568353176116943,-0.07632514089345932,0.22047027945518494,1.0475126504898071,-0.11836178600788116,0.2766074240207672,0.9440864324569702,-0.15126940608024597,0.33474528789520264,0.8489022850990295,-0.18339259922504425,0.12146627902984619,0.8042356967926025,-0.09734704345464706,0.15407982468605042,0.612856388092041,-0.15082454681396484,0.1633087694644928,0.48568418622016907,-0.18937353789806366,0.16682231426239014,0.3741433620452881,-0.21596747636795044,0.03373325616121292,0.777518093585968,-0.08913630247116089,0.036911189556121826,0.5652066469192505,-0.13980869948863983,0.037814799696207047,0.42126622796058655,-0.17774824798107147,0.03364381194114685,0.3071715533733368,-0.20390763878822327,-0.04463515430688858,0.8021285533905029,-0.08600172400474548,-0.07708626240491867,0.6359425187110901,-0.12881770730018616,-0.09482365101575851,0.5431591272354126,-0.1528680920600891,-0.10977471619844437,0.4693152606487274,-0.16754111647605896,-0.11181285232305527,0.8640746474266052,-0.08930575102567673,-0.15599429607391357,0.7399398684501648,-0.126287579536438,-0.18098652362823486,0.6692972183227539,-0.14009642601013184,-0.20171040296554565,0.6039825677871704,-0.14632344245910645
76513.848,0.004637774080038071,1.1747719049453735,1.5137013633648166e-06,0.12880705296993256,1.1409482955932617,-0.1080981194972992,0.21823237836360931,1.0477715730667114,-0.16842864453792572,0.2834380567073822,0.9531663656234741,-0.2132982462644577,0.3510895371437073,0.8592225313186646,-0.2594948709011078,0.13069991767406464,0.7984057068824768,-0.14730550348758698,0.1680811047554016,0.6080743670463562,-0.20941844582557678,0.1762227863073349,0.4850366711616516,-0.2538389563560486,0.17679227888584137,0.37476906180381775,-0.2855624556541443,0.04150623828172684,0.7668281197547913,-0.12790453433990479,0.0521685928106308,0.5550546050071716,-0.19018550217151642,0.050864387303590775,0.4131373167037964,-0.2418694794178009,0.04002003371715546,0.2921794652938843,-0.27936631441116333,-0.03881142660975456,0.790594220161438,-0.11351951211690903,-0.07087664306163788,0.6203490495681763,-0.16787408292293549,-0.08585755527019501,0.5153648853302002,-0.20953188836574554,-0.09859858453273773,0.4278971254825592,-0.23814566433429718,-0.10851289331912994,0.846020519733429,-0.1067696213722229,-0.15094909071922302,0.721956193447113,-0.15201643109321594,-0.17375485599040985,0.6507354974746704,-0.1767292320728302,-0.19155842065811157,0.5840488076210022,-0.1938873827457428
76513.88,0.03377612307667732,1.212792158126831,1.267569700758031e-06,0.14437270164489746,1.164881944656372,-0.08438406139612198,0.22824007272720337,1.0510787963867188,-0.13032881915569305,0.29303425550460815,0.9428253769874573,-0.1644875407218933,0.3582250773906708,0.8542434573173523,-0.1995203047990799,0.13813304901123047,0.8108879327774048,-0.11159882694482803,0.17332279682159424,0.6160058975219727,-0.16695795953273773,0.18412217497825623,0.48751598596572876,-0.20755232870578766,0.1865384876728058,0.37466147541999817,-0.23580263555049896,0.04666393995285034,0.7770622968673706,-0.09914159029722214,0.059850677847862244,0.5625766515731812,-0.14921313524246216,0.06010448932647705,0.4186217784881592,-0.1879298985004425,0.05395778641104698,0.30071204900741577,-0.21519936621189117,-0.037579119205474854,0.7905074954032898,-0.09200063347816467,-0.048485882580280304,0.5972434282302856,-0.1347557008266449,-0.050969064235687256,0.47233641147613525,-0.16471460461616516,-0.05246376246213913,0.3728868067264557,-0.18471652269363403,-0.1113700196146965,0.8409897685050964,-0.09121987968683243,-0.13895326852798462,0.6924694776535034,-0.12815512716770172,-0.1538873016834259,0.5973212122917175,-0.14500367641448975,-0.16194650530815125,0.5160101652145386,-0.15438935160636902
76513.912,0.0247446708381176,1.2064801454544067,1.1945513733735424e-06,0.15009453892707825,1.158864974975586,-0.07361073046922684,0.24530735611915588,1.0461832284927368,-0.11419493705034256,0.31976431608200073,0.9428381323814392,-0.1469724178314209,0.39420047402381897,0.8618396520614624,-0.181509330868721,0.16046038269996643,0.8048282861709595,-0.09183847159147263,0.19486483931541443,0.6163523197174072,-0.14624735713005066,0.20477065443992615,0.49094024300575256,-0.1866454780101776,0.20936128497123718,0.3792428970336914,-0.21519288420677185,0.07203581929206848,0.7688459753990173,-0.08868905156850815,0.08392292261123657,0.5569347143173218,-0.13856524229049683,0.0850575640797615,0.4138915240764618,-0.17859935760498047,0.08150741457939148,0.2926912307739258,-0.2064892053604126,-0.011170990765094757,0.7826350927352905,-0.09165988117456436,-0.025276780128479004,0.5857784748077393,-0.13741502165794373,-0.0267462357878685,0.45645996928215027,-0.1712137758731842,-0.025975532829761505,0.3473101854324341,-0.193064883351326,-0.08744638413190842,0.8320517539978027,-0.10058793425559998,-0.11486291140317917,0.6827938556671143,-0.13979756832122803,-0.12254320830106735,0.5831573009490967,-0.1591956913471222,-0.12151285260915756,0.4925410747528076,-0.17062491178512573
76513.944,0.05741986259818077,1.2215871810913086,1.2419520771800308e-06,0.17151710391044617,1.1554828882217407,-0.07083285599946976,0.2606850564479828,1.0318143367767334,-0.10837304592132568,0.33757156133651733,0.926742434501648,-0.13810907304286957,0.41281604766845703,0.8495182394981384,-0.16895321011543274,0.18013277649879456,0.7954249382019043,-0.08134675025939941,0.21596693992614746,0.6078241467475891,-0.13191069662570953,0.23182722926139832,0.4803078770637512,-0.17160971462726593,0.24195528030395508,0.36805301904678345,-0.19981256127357483,0.08906865864992142,0.7609788179397583,-0.0773305743932724,0.10326998680830002,0.5509988069534302,-0.12284789979457855,0.10721392929553986,0.4078919291496277,-0.160447359085083,0.10755180567502975,0.28933846950531006,-0.18683117628097534,0.0032085999846458435,0.7760332822799683,-0.07980372756719589,-0.0021900907158851624,0.5756779909133911,-0.12140273302793503,0.0021289363503456116,0.442763090133667,-0.15236449241638184,0.00906350463628769,0.33177098631858826,-0.17261889576911926,-0.07435696572065353,0.8282108306884766,-0.08831634372472763,-0.09639324992895126,0.6706622838973999,-0.12451126426458359,-0.10145530849695206,0.5639097690582275,-0.14266757667064667,-0.09653491526842117,0.4661979377269745,-0.15312151610851288
76513.975,0.08937886357307434,1.2106267213821411,1.1005896567439777e-06,0.20225200057029724,1.1411832571029663,-0.06515061855316162,0.28850311040878296,1.0158493518829346,-0.09946306049823761,0.3639100193977356,0.9103942513465881,-0.12826327979564667,0.4413563013076782,0.8369942903518677,-0.15844301879405975,0.20690388977527618,0.7751715779304504,-0.07044562697410583,0.24520061910152435,0.5955322980880737,-0.11806175857782364,0.25910457968711853,0.473617285490036,-0.1570579558610916,0.26716989278793335,0.3647221326828003,-0.1860242635011673,0.12119568139314651,0.7454233765602112,-0.07002731412649155,0.13101322948932648,0.5424748659133911,-0.11008521169424057,0.13202258944511414,0.40638694167137146,-0.14518681168556213,0.12969616055488586,0.2889161705970764,-0.17178232967853546,0.04070603847503662,0.7670286893844604,-0.07646854221820831,0.02816466987133026,0.5776972770690918,-0.11328459531068802,0.02590911090373993,0.4521637558937073,-0.14396809041500092,0.025592289865016937,0.3434399664402008,-0.16660895943641663,-0.03378632664680481,0.8283656239509583,-0.08924966305494308,-0.06820297241210938,0.6964017152786255,-0.12283594906330109,-0.084969162940979,0.6057223677635193,-0.1411430537700653,-0.0950048565864563,0.519193172454834,-0.1535138189792633
76514.007,0.08409455418586731,1.1780922412872314,1.057226768352848e-06,0.20068137347698212,1.11775803565979,-0.07291452586650848,0.2973062992095947,0.9984443187713623,-0.11345263570547104,0.3695780336856842,0.8951869606971741,-0.14687374234199524,0.4478468894958496,0.8171343207359314,-0.18119953572750092,0.22631233930587769,0.7584089040756226,-0.08646651357412338,0.2619972229003906,0.5830354690551758,-0.13885287940502167,0.27561134099960327,0.4638510048389435,-0.1798720508813858,0.28474631905555725,0.3565887212753296,-0.2096620500087738,0.14035865664482117,0.7305632829666138,-0.08444779366254807,0.15499995648860931,0.5323615074157715,-0.12699341773986816,0.15493710339069366,0.4005984663963318,-0.1616586446762085,0.15278379619121552,0.28763020038604736,-0.18799078464508057,0.05848386138677597,0.7533027529716492,-0.08950290083885193,0.05576183646917343,0.5608930587768555,-0.12963436543941498,0.05215829610824585,0.43622124195098877,-0.1591317355632782,0.05163683742284775,0.328978955745697,-0.18065917491912842,-0.021048888564109802,0.8157827258110046,-0.10134144127368927,-0.06124168634414673,0.6862906217575073,-0.14020571112632751,-0.08795878291130066,0.5964019298553467,-0.1596514880657196,-0.10752549767494202,0.5103264451026917,-0.1718086302280426
76514.056,0.12390520423650742,1.1433497667312622,9.456710472477425e-07,0.22894248366355896,1.0820014476776123,-0.06187346577644348,0.3152202069759369,0.9598808288574219,-0.09774332493543625,0.3888956308364868,0.8578269481658936,-0.12926000356674194,0.47025150060653687,0.7843351364135742,-0.1619688868522644,0.2525448799133301,0.7352212071418762,-0.07459485530853271,0.2817293405532837,0.5647519826889038,-0.12455368041992188,0.2973402142524719,0.4508061110973358,-0.1626594066619873,0.30756133794784546,0.3485221266746521,-0.19046030938625336,0.17212052643299103,0.7071477174758911,-0.07791262865066528,0.1845390647649765,0.5123432874679565,-0.1195652037858963,0.18689866364002228,0.3847768306732178,-0.1527806520462036,0.1859320104122162,0.2753279209136963,-0.1779964119195938,0.09319789707660675,0.727023720741272,-0.08791275322437286,0.08836990594863892,0.5409271121025085,-0.12750473618507385,0.08521068841218948,0.4204567074775696,-0.1560840755701065,0.08480919152498245,0.31625133752822876,-0.17677776515483856,0.01553758978843689,0.7840248346328735,-0.10381042957305908,-0.019528061151504517,0.6504734754562378,-0.14109234511852264,-0.04082144796848297,0.561689019203186,-0.15994049608707428,-0.05607806146144867,0.47804713249206543,-0.17203855514526367
76514.089,0.15099604427814484,1.0972877740859985,9.572553381076432e-07,0.24994218349456787,1.0353662967681885,-0.05813178792595863,0.3345327377319336,0.9282644391059875,-0.09416744858026505,0.4009658992290497,0.8324294090270996,-0.12672564387321472,0.47069603204727173,0.7599769234657288,-0.16018050909042358,0.2732539176940918,0.7069779634475708,-0.06956138461828232,0.3031211793422699,0.5441813468933105,-0.11849398165941238,0.3184340000152588,0.4336230158805847,-0.1565851867198944,0.32904747128486633,0.3333708941936493,-0.1840314120054245,0.194838285446167,0.6806529760360718,-0.074530228972435,0.2072160243988037,0.4915756285190582,-0.11629905551671982,0.21101114153862,0.36752331256866455,-0.15029369294643402,0.2121833860874176,0.25770509243011475,-0.17596355080604553,0.11926054209470749,0.698470950126648,-0.0858522430062294,0.11283952742815018,0.5192767381668091,-0.12463202327489853,0.11210805922746658,0.3988319933414459,-0.15191861987113953,0.11534141004085541,0.2931027114391327,-0.17158767580986023,0.043237268924713135,0.7503553032875061,-0.10288814455270767,0.013686731457710266,0.6107186675071716,-0.13853546977043152,-0.0004243701696395874,0.5146018266677856,-0.15576504170894623,-0.0065064579248428345,0.42137449979782104,-0.16711299121379852
76514.119,0.1635132133960724,1.0377172231674194,9.184143436868908e-07,0.26501789689064026,0.9854133129119873,-0.053901053965091705,0.35380876064300537,0.8859466314315796,-0.08671126514673233,0.4152567386627197,0.7980501651763916,-0.11660999804735184,0.4789924621582031,0.7322530746459961,-0.14835168421268463,0.2885388731956482,0.6761577725410461,-0.0682745948433876,0.31985199451446533,0.5214551687240601,-0.11677869409322739,0.33633744716644287,0.4162429869174957,-0.15399330854415894,0.3486851453781128,0.3204366862773895,-0.18046483397483826,0.21078206598758698,0.6544952392578125,-0.07438458502292633,0.22361263632774353,0.47248533368110657,-0.11619722843170166,0.23011347651481628,0.3532593846321106,-0.14995767176151276,0.23423635959625244,0.24688681960105896,-0.17552432417869568,0.1382232904434204,0.6748563051223755,-0.08601301908493042,0.13232621550559998,0.5039328932762146,-0.12472877651453018,0.13347536325454712,0.3912205100059509,-0.15084142982959747,0.13904377818107605,0.29117175936698914,-0.16964317858219147,0.0659387856721878,0.7272495627403259,-0.1028827577829361,0.0415998250246048,0.5954738855361938,-0.1384817212820053,0.03208598494529724,0.5058996677398682,-0.154823437333107,0.030703797936439514,0.41784703731536865,-0.16563324630260468
76514.152,0.18055862188339233,1.0040419101715088,9.005699439512682e-07,0.2773483693599701,0.9531379342079163,-0.05262256786227226,0.3602430820465088,0.850425124168396,-0.08371572941541672,0.42492973804473877,0.7650576233863831,-0.11166039109230042,0.4904162287712097,0.7100825905799866,-0.14137330651283264,0.30038928985595703,0.6498264074325562,-0.06790754944086075,0.33267417550086975,0.501217246055603,-0.1150563433766365,0.3505462110042572,0.39844927191734314,-0.1507963091135025,0.36456698179244995,0.30682817101478577,-0.1762389987707138,0.2267579883337021,0.6281437873840332,-0.07361287623643875,0.24010534584522247,0.45149073004722595,-0.11549270898103714,0.24735835194587708,0.33375072479248047,-0.14798212051391602,0.252348393201828,0.23203694820404053,-0.1718083769083023,0.15691006183624268,0.6479687690734863,-0.08455629646778107,0.15418194234371185,0.4790274202823639,-0.12359724938869476,0.15667852759361267,0.36742642521858215,-0.1492234170436859,0.16362221539020538,0.2700258195400238,-0.16686052083969116,0.08653552830219269,0.6994744539260864,-0.10049063712358475,0.06407171487808228,0.5688600540161133,-0.13716982305049896,0.05567723512649536,0.4798275828361511,-0.15427391231060028,0.055720970034599304,0.3946324288845062,-0.1648796945810318
76514.184,0.18243259191513062,0.9806184768676758,8.59726583257725e-07,0.28192809224128723,0.936432421207428,-0.05108528211712837,0.36905598640441895,0.8272742033004761,-0.07771511375904083,0.43424010276794434,0.7360515594482422,-0.1011883020401001,0.4991908371448517,0.6830690503120422,-0.1261334866285324,0.3121715784072876,0.6275153160095215,-0.05824046954512596,0.3444909453392029,0.4811502695083618,-0.10078193247318268,0.3630458414554596,0.38108906149864197,-0.13401974737644196,0.3778894543647766,0.2935492694377899,-0.15791243314743042,0.24090078473091125,0.6068374514579773,-0.06275100260972977,0.25596779584884644,0.43446671962738037,-0.1004929393529892,0.26404011249542236,0.3183530271053314,-0.13144901394844055,0.2697423994541168,0.21854615211486816,-0.15422974526882172,0.17302915453910828,0.6254252791404724,-0.0728553757071495,0.17478610575199127,0.4600415825843811,-0.10889933258295059,0.1779457926750183,0.3515057861804962,-0.13446466624736786,0.1848013699054718,0.25595623254776,-0.15211869776248932,0.10360246896743774,0.6749025583267212,-0.08795049041509628,0.08521439135074615,0.5483635663986206,-0.12300045788288116,0.07699781656265259,0.4628307819366455,-0.14033769071102142,0.0763581395149231,0.3799441456794739,-0.15114882588386536
76514.216,0.19017411768436432,0.9564423561096191,7.863593509682687e-07,0.28994545340538025,0.9141272306442261,-0.04721200093626976,0.3775855004787445,0.8040636777877808,-0.07102180272340775,0.4395688772201538,0.7110528349876404,-0.09211176633834839,0.5008400082588196,0.657975435256958,-0.11469981074333191,0.3205412030220032,0.6075453162193298,-0.054970916360616684,0.35131409764289856,0.4608166217803955,-0.09512904286384583,0.3701476454734802,0.36251798272132874,-0.12601852416992188,0.3862403631210327,0.27677565813064575,-0.1486407369375229,0.2506033480167389,0.5871407389640808,-0.060857079923152924,0.265688955783844,0.4173364043235779,-0.097810760140419,0.2755289673805237,0.30416151881217957,-0.12829312682151794,0.28312650322914124,0.2055705487728119,-0.15107280015945435,0.18435749411582947,0.6052674055099487,-0.07199867814779282,0.18561860918998718,0.447068989276886,-0.10816991329193115,0.19064947962760925,0.33912140130996704,-0.13447734713554382,0.198665589094162,0.2426910698413849,-0.15289394557476044,0.11547742784023285,0.6524646878242493,-0.08761248737573624,0.09851394593715668,0.5269659161567688,-0.12255211174488068,0.09169584512710571,0.4426157474517822,-0.14056900143623352,0.09207426011562347,0.36026397347450256,-0.15241685509681702
76514.248,0.19087174534797668,0.9326738119125366,7.721163228779915e-07,0.2905186712741852,0.8917214870452881,-0.04906267672777176,0.3781707286834717,0.7861257791519165,-0.07451233267784119,0.44023823738098145,0.694087028503418,-0.09692421555519104,0.502485990524292,0.6368487477302551,-0.12070125341415405,0.3253079056739807,0.5896064043045044,-0.056405726820230484,0.35792598128318787,0.447048544883728,-0.09737332165241241,0.3768756687641144,0.3505704402923584,-0.12900640070438385,0.39278644323349,0.2652894854545593,-0.1523149162530899,0.2568167448043823,0.5698494911193848,-0.061961498111486435,0.2744426131248474,0.4048643708229065,-0.09991749376058578,0.2850784361362457,0.2935430109500885,-0.13116823136806488,0.29267871379852295,0.1956515908241272,-0.154678612947464,0.19098897278308868,0.5885991454124451,-0.07302872836589813,0.1940857470035553,0.4333310127258301,-0.11047273129224777,0.1999790370464325,0.3262292444705963,-0.1373574584722519,0.20826280117034912,0.22961002588272095,-0.15628018975257874,0.12252867221832275,0.6357285976409912,-0.08869513869285583,0.10698501765727997,0.5126175880432129,-0.12527239322662354,0.10103300213813782,0.42782625555992126,-0.1445987969636917,0.10166217386722565,0.3435113728046417,-0.1574411243200302
76514.279,0.19541090726852417,0.9167876243591309,7.425844614772359e-07,0.2932286262512207,0.8769309520721436,-0.04863927885890007,0.37824746966362,0.77226722240448,-0.0725647583603859,0.44035428762435913,0.6801846027374268,-0.09337354451417923,0.5009105205535889,0.6198721528053284,-0.11504841595888138,0.32704484462738037,0.5777340531349182,-0.0515320710837841,0.36049675941467285,0.4353214502334595,-0.08927369117736816,0.3792561888694763,0.3411836326122284,-0.1184747964143753,0.39426782727241516,0.25951066613197327,-0.14018285274505615,0.2601200342178345,0.5569764971733093,-0.05629853904247284,0.2777840495109558,0.3910107910633087,-0.0915028303861618,0.28906622529029846,0.2822248637676239,-0.12136667966842651,0.29674234986305237,0.1889800727367401,-0.1437235027551651,0.1958114057779312,0.5741629600524902,-0.06671968102455139,0.20018865168094635,0.42009711265563965,-0.1021919921040535,0.20566344261169434,0.31388619542121887,-0.12881597876548767,0.2132316529750824,0.21916678547859192,-0.1475820690393448,0.1294807344675064,0.6193640232086182,-0.08164513856172562,0.11318957805633545,0.49969130754470825,-0.11722764372825623,0.10623931884765625,0.4159321188926697,-0.13647286593914032,0.10564801096916199,0.3328964412212372,-0.1491130143404007
76514.315,0.20138007402420044,0.9052015542984009,7.154743570936262e-07,0.2968953847885132,0.8646856546401978,-0.04810366779565811,0.3790869116783142,0.7640655040740967,-0.07228576391935349,0.43930843472480774,0.6759132146835327,-0.0935729518532753,0.49792003631591797,0.6170663833618164,-0.11569375544786453,0.3300769627094269,0.5679419040679932,-0.05094608664512634,0.36358776688575745,0.4281688928604126,-0.08893504738807678,0.3822585940361023,0.33556586503982544,-0.1186094656586647,0.3965439796447754,0.2541113793849945,-0.1407085508108139,0.26366570591926575,0.5473378896713257,-0.05604446679353714,0.2808576822280884,0.38481301069259644,-0.09144312143325806,0.29189494252204895,0.2775171399116516,-0.12141916900873184,0.2990593910217285,0.18406489491462708,-0.1437949538230896,0.20020607113838196,0.5648019909858704,-0.06677237898111343,0.20362775027751923,0.41357436776161194,-0.10195378959178925,0.20877721905708313,0.30812492966651917,-0.1280059665441513,0.21595917642116547,0.21300455927848816,-0.1464207023382187,0.13531260192394257,0.6101340055465698,-0.08205989748239517,0.11857342720031738,0.49295422434806824,-0.11692017316818237,0.11256527900695801,0.40956324338912964,-0.13550958037376404,0.113334521651268,0.32707229256629944,-0.14774060249328613
76514.344,0.20620572566986084,0.897384524345398,7.156824608500756e-07,0.30130112171173096,0.8571616411209106,-0.04851320758461952,0.3815564513206482,0.7577717304229736,-0.07313128560781479,0.4393974542617798,0.6701046228408813,-0.09479188174009323,0.4978492856025696,0.6131091713905334,-0.11733119189739227,0.33125126361846924,0.564143180847168,-0.052164193242788315,0.36515897512435913,0.42645591497421265,-0.09078939259052277,0.38483646512031555,0.33496665954589844,-0.12110033631324768,0.3996568024158478,0.25342226028442383,-0.1436629593372345,0.2659217417240143,0.54341059923172,-0.05706220492720604,0.28351035714149475,0.3830692768096924,-0.09285189211368561,0.2947736084461212,0.27712592482566833,-0.12300281971693039,0.3018749952316284,0.1839228868484497,-0.1454727053642273,0.20331516861915588,0.5607023239135742,-0.06754568964242935,0.2065466344356537,0.4110530614852905,-0.10295413434505463,0.2118827998638153,0.30674660205841064,-0.12892062962055206,0.21900692582130432,0.21202602982521057,-0.14720141887664795,0.1393180936574936,0.6055247187614441,-0.08262661099433899,0.12225431203842163,0.4891393482685089,-0.11754193156957626,0.11632180213928223,0.40624308586120605,-0.13602419197559357,0.11709658801555634,0.32438981533050537,-0.14814670383930206
76514.376,0.21138235926628113,0.895214319229126,6.864971737741143e-07,0.305666983127594,0.8567349910736084,-0.04780755564570427,0.38435930013656616,0.7590134739875793,-0.07151728868484497,0.4423635005950928,0.6720163822174072,-0.09243577718734741,0.4988308250904083,0.6131485104560852,-0.11396195739507675,0.33470872044563293,0.5635902285575867,-0.04889281839132309,0.3673662841320038,0.4268440902233124,-0.08621983230113983,0.38589537143707275,0.336757093667984,-0.11573877930641174,0.399594247341156,0.2568417489528656,-0.13776996731758118,0.2705751657485962,0.5424328446388245,-0.05336034670472145,0.2871454656124115,0.3846966326236725,-0.08809591084718704,0.2975092828273773,0.28012409806251526,-0.11765826493501663,0.30357956886291504,0.18841442465782166,-0.13951903581619263,0.20921552181243896,0.5590941905975342,-0.06350132822990417,0.21090012788772583,0.4113878607749939,-0.09812522679567337,0.21522024273872375,0.30974915623664856,-0.1234312653541565,0.22141635417938232,0.21729499101638794,-0.14108580350875854,0.1470576822757721,0.6031721234321594,-0.07820522040128708,0.12881335616111755,0.48992377519607544,-0.11255814135074615,0.1225544810295105,0.408696711063385,-0.130660742521286,0.12306296825408936,0.32880833745002747,-0.14230667054653168
76514.409,0.2195987105369568,0.8979721665382385,6.553081561833096e-07,0.3134186565876007,0.8588900566101074,-0.04351171478629112,0.3905891180038452,0.761883020401001,-0.06509660184383392,0.4481760561466217,0.6761850714683533,-0.0845416784286499,0.503454327583313,0.6190371513366699,-0.10453451424837112,0.3397320806980133,0.5723704695701599,-0.04454261064529419,0.3727090656757355,0.43635129928588867,-0.07988431304693222,0.39154934883117676,0.34802117943763733,-0.10761585086584091,0.4056764841079712,0.26964062452316284,-0.12808173894882202,0.27714255452156067,0.5510795712471008,-0.050084974616765976,0.29328545928001404,0.39113470911979675,-0.08199816942214966,0.303486704826355,0.2884514629840851,-0.10873501002788544,0.309021532535553,0.1985534429550171,-0.12832629680633545,0.21738851070404053,0.5665926933288574,-0.06088543310761452,0.21818962693214417,0.41759172081947327,-0.09225339442491531,0.22275522351264954,0.3188304901123047,-0.11411451548337936,0.22873568534851074,0.22953036427497864,-0.12927913665771484,0.1568700671195984,0.609322190284729,-0.07602847367525101,0.13858406245708466,0.49579811096191406,-0.10668167471885681,0.13262906670570374,0.41590145230293274,-0.12144547700881958,0.132478728890419,0.3381871283054352,-0.13067832589149475
76514.44,0.22192011773586273,0.8997255563735962,6.361681244015926e-07,0.3151789605617523,0.8628040552139282,-0.04208730161190033,0.39382848143577576,0.7676170468330383,-0.0630115494132042,0.45165228843688965,0.6825236082077026,-0.08188510686159134,0.507296621799469,0.6271880865097046,-0.1012062206864357,0.3457218408584595,0.5812360048294067,-0.042379043996334076,0.3796769976615906,0.4478340148925781,-0.07601862400770187,0.3989168703556061,0.3632892966270447,-0.10223078727722168,0.4139404594898224,0.28961002826690674,-0.12129870802164078,0.2842259407043457,0.5598592162132263,-0.04773847758769989,0.30275771021842957,0.4012526869773865,-0.07754665613174438,0.31392595171928406,0.30068549513816833,-0.10261178016662598,0.3202468454837799,0.21358829736709595,-0.12090897560119629,0.22542288899421692,0.5743477940559387,-0.05831083282828331,0.228644460439682,0.42604249715805054,-0.08752695471048355,0.23362690210342407,0.3295586407184601,-0.10850508511066437,0.23979055881500244,0.2423681914806366,-0.12312809377908707,0.16581881046295166,0.6152940988540649,-0.0730869248509407,0.15010225772857666,0.5030396580696106,-0.10164979100227356,0.14430028200149536,0.42497551441192627,-0.1155218631029129,0.1434091329574585,0.3490637242794037,-0.12422903627157211
76514.488,0.22278815507888794,0.9030559062957764,6.195008950271585e-07,0.3150436580181122,0.8687118291854858,-0.043397802859544754,0.3932514786720276,0.775760293006897,-0.06474700570106506,0.4520326554775238,0.691844642162323,-0.08373096585273743,0.5051130056381226,0.6336117386817932,-0.1030801311135292,0.3480024039745331,0.5901696085929871,-0.04486469179391861,0.3831590414047241,0.45804518461227417,-0.07967683672904968,0.40416592359542847,0.37437528371810913,-0.10672030597925186,0.42099136114120483,0.3004685044288635,-0.12648305296897888,0.2876913547515869,0.5684723258018494,-0.049644701182842255,0.30691659450531006,0.4137973189353943,-0.08064872026443481,0.31898218393325806,0.3151010572910309,-0.10653084516525269,0.3263714611530304,0.2283702790737152,-0.12567126750946045,0.22990237176418304,0.5827155709266663,-0.059729352593421936,0.23385381698608398,0.43855971097946167,-0.09013762325048447,0.23993664979934692,0.3435009717941284,-0.11170051991939545,0.2468673586845398,0.25600317120552063,-0.12689226865768433,0.17138469219207764,0.6229598522186279,-0.07412857562303543,0.15668262541294098,0.5125934481620789,-0.10409409552812576,0.15174683928489685,0.4355669617652893,-0.11900732666254044,0.1515520066022873,0.3598354756832123,-0.12856973707675934
76514.52,0.2224670648574829,0.9045923948287964,6.291712679740158e-07,0.31391146779060364,0.872041642665863,-0.044880110770463943,0.3933289647102356,0.78022301197052,-0.0657421350479126,0.44924819469451904,0.6960521936416626,-0.08384271711111069,0.501437783241272,0.6408707499504089,-0.1020388975739479,0.3483947515487671,0.5959428548812866,-0.04348952695727348,0.38393792510032654,0.4652695655822754,-0.07678521424531937,0.40411558747291565,0.3814418315887451,-0.1030682846903801,0.4198957085609436,0.3077443242073059,-0.12253974378108978,0.28803789615631104,0.5744695663452148,-0.046864673495292664,0.3077605068683624,0.42294925451278687,-0.07652830332517624,0.319687157869339,0.32581549882888794,-0.10201629251241684,0.3275607228279114,0.2419358491897583,-0.12099913507699966,0.23086538910865784,0.587746798992157,-0.05569856986403465,0.23672235012054443,0.446225643157959,-0.08494606614112854,0.2437332272529602,0.35309702157974243,-0.1062992736697197,0.25195592641830444,0.267781138420105,-0.12156538665294647,0.17253543436527252,0.6268191337585449,-0.06907769292593002,0.15947629511356354,0.5189278721809387,-0.09840016067028046,0.1555085927248001,0.44400709867477417,-0.11330106109380722,0.1570066213607788,0.36998414993286133,-0.12294609844684601
76514.551,0.2199096977710724,0.9023331999778748,6.375933025992708e-07,0.31022900342941284,0.8703901171684265,-0.044143423438072205,0.3883405327796936,0.7785701155662537,-0.06493384391069412,0.4437239468097687,0.6941481828689575,-0.08299308270215988,0.49778538942337036,0.641017496585846,-0.10134507715702057,0.34578895568847656,0.599267303943634,-0.043909795582294464,0.38082486391067505,0.4705466032028198,-0.07717100530862808,0.40158283710479736,0.3885204792022705,-0.1032896339893341,0.41861799359321594,0.3166607618331909,-0.1226155012845993,0.28630197048187256,0.5774085521697998,-0.04734208062291145,0.30627480149269104,0.4279383420944214,-0.07648555189371109,0.3188973367214203,0.332518994808197,-0.10133504867553711,0.3279750943183899,0.25085458159446716,-0.11997334659099579,0.22937360405921936,0.5901448726654053,-0.056136514991521835,0.23520101606845856,0.4510142207145691,-0.08480889350175858,0.24196243286132812,0.35814169049263,-0.10588998347520828,0.25044894218444824,0.2734997272491455,-0.1212061271071434,0.17113302648067474,0.6293313503265381,-0.06939113140106201,0.15820537507534027,0.5248967409133911,-0.09814329445362091,0.15375791490077972,0.45182937383651733,-0.1128217875957489,0.15484967827796936,0.379416823387146,-0.12250775843858719
76514.583,0.21648269891738892,0.8999713063240051,6.242958647817431e-07,0.30527135729789734,0.8693763017654419,-0.043925121426582336,0.3813272714614868,0.7786774635314941,-0.06440242379903793,0.4370364546775818,0.6948872804641724,-0.08211600035429001,0.490456223487854,0.6410205364227295,-0.10024703294038773,0.3401021957397461,0.5983919501304626,-0.04390151426196098,0.3738552927970886,0.4716103672981262,-0.07654553651809692,0.39431676268577576,0.39063161611557007,-0.10241508483886719,0.41112279891967773,0.3191102147102356,-0.12182726711034775,0.28183355927467346,0.5776205658912659,-0.04712069779634476,0.3010757565498352,0.4317123591899872,-0.07599226385354996,0.3137982189655304,0.3376687467098236,-0.1009041965007782,0.32333895564079285,0.25624439120292664,-0.11981771141290665,0.22556275129318237,0.5912556052207947,-0.0556645505130291,0.23110847175121307,0.45523351430892944,-0.08457814902067184,0.23852360248565674,0.36355656385421753,-0.10613583773374557,0.24779483675956726,0.27952948212623596,-0.12183735519647598,0.16786418855190277,0.631267786026001,-0.06860547512769699,0.15461969375610352,0.5284591317176819,-0.09797009080648422,0.14972105622291565,0.4563949406147003,-0.11337053775787354,0.15037091076374054,0.3843817114830017,-0.12364456802606583
76514.617,0.2154030203819275,0.8981434106826782,6.388987685568281e-07,0.3035539984703064,0.8645226955413818,-0.046156276017427444,0.3774605095386505,0.7759733200073242,-0.06856487691402435,0.43334609270095825,0.6938291788101196,-0.08788716048002243,0.48587483167648315,0.6345782279968262,-0.10748782008886337,0.33450847864151,0.5989299416542053,-0.04619423672556877,0.36667948961257935,0.4731038808822632,-0.08014275133609772,0.3866157531738281,0.39319249987602234,-0.10697489976882935,0.40333291888237,0.32179132103919983,-0.12692014873027802,0.2769586741924286,0.578722357749939,-0.04876455292105675,0.29439714550971985,0.4342540502548218,-0.07851003855466843,0.3065892457962036,0.34053853154182434,-0.10417379438877106,0.3160569369792938,0.2592373490333557,-0.12373701483011246,0.22104156017303467,0.5930864810943604,-0.05690523609519005,0.22564221918582916,0.4583529829978943,-0.08661773800849915,0.2325303554534912,0.3670788109302521,-0.10869276523590088,0.24183771014213562,0.28263428807258606,-0.12478209286928177,0.16441413760185242,0.6337106227874756,-0.0695774182677269,0.15033072233200073,0.5318997502326965,-0.09961120784282684,0.1450931429862976,0.46016135811805725,-0.1154501661658287,0.14543674886226654,0.388387531042099,-0.12603402137756348
76514.648,0.21539756655693054,0.8969008922576904,6.312240543593362e-07,0.30380794405937195,0.862055778503418,-0.04599623754620552,0.37702643871307373,0.7721375226974487,-0.0677163228392601,0.4318351745605469,0.690385639667511,-0.08630426228046417,0.48462456464767456,0.6331279873847961,-0.10517743229866028,0.33259665966033936,0.5970430970191956,-0.04442013055086136,0.3619931936264038,0.4731113612651825,-0.07766140252351761,0.380673885345459,0.3938431143760681,-0.10410468280315399,0.39665794372558594,0.3234542906284332,-0.1239265650510788,0.27492669224739075,0.5773952007293701,-0.04669205844402313,0.2892701029777527,0.43546000123023987,-0.07628533244132996,0.3003973364830017,0.34334784746170044,-0.10200313478708267,0.30956602096557617,0.26342761516571045,-0.12159423530101776,0.21916703879833221,0.5922151207923889,-0.05463848263025284,0.221551775932312,0.4606083035469055,-0.08454956114292145,0.22749507427215576,0.3700433671474457,-0.10708530247211456,0.23627205193042755,0.2859545648097992,-0.1234646737575531,0.1631598323583603,0.6330467462539673,-0.06710046529769897,0.147963747382164,0.5336119532585144,-0.09713855385780334,0.1422864943742752,0.4626029133796692,-0.11339494585990906,0.1427077203989029,0.3908567428588867,-0.12442746013402939
76514.68,0.21686942875385284,0.8942169547080994,6.096965989854652e-07,0.3040124177932739,0.8585808873176575,-0.0433305948972702,0.37665247917175293,0.7699503898620605,-0.06372525542974472,0.43006864190101624,0.6898677945137024,-0.08122710883617401,0.4805815815925598,0.6341944932937622,-0.0990692526102066,0.3320644497871399,0.5968936085700989,-0.042297907173633575,0.361050546169281,0.47541213035583496,-0.0739595890045166,0.3780461251735687,0.3968014419078827,-0.09936515986919403,0.3920153081417084,0.32673072814941406,-0.11843948811292648,0.27424347400665283,0.5774370431900024,-0.04520414024591446,0.28862184286117554,0.43704837560653687,-0.07312237471342087,0.29936930537223816,0.34596678614616394,-0.09757032990455627,0.30765074491500854,0.2669539153575897,-0.1162961944937706,0.2186640202999115,0.591776430606842,-0.053443487733602524,0.22023196518421173,0.46161383390426636,-0.08154289424419403,0.22557413578033447,0.37286990880966187,-0.10291409492492676,0.23325777053833008,0.2909125089645386,-0.11857110261917114,0.1632055640220642,0.6316288709640503,-0.06600146740674973,0.14773324131965637,0.5325355529785156,-0.09439744055271149,0.1421949565410614,0.46228355169296265,-0.10963395237922668,0.14275908470153809,0.3916572630405426,-0.1199786365032196
76514.712,0.22018784284591675,0.8904397487640381,6.251258355405298e-07,0.30550873279571533,0.8547325134277344,-0.04327831044793129,0.3776465356349945,0.7670350670814514,-0.06375960260629654,0.43099361658096313,0.6875366568565369,-0.08124656975269318,0.4806101322174072,0.6305609345436096,-0.09899409860372543,0.33280983567237854,0.5972390174865723,-0.04235777631402016,0.3632016181945801,0.4780158996582031,-0.07397150993347168,0.3806816339492798,0.4000483751296997,-0.09920138865709305,0.39462703466415405,0.33023586869239807,-0.11799969524145126,0.27576518058776855,0.5773667693138123,-0.04492083191871643,0.2913995087146759,0.43947654962539673,-0.07290572673082352,0.3026816248893738,0.34917399287223816,-0.09704356640577316,0.3107324242591858,0.26906129717826843,-0.11535491794347763,0.2207334041595459,0.5911213159561157,-0.05273399129509926,0.2215597927570343,0.4629395008087158,-0.080708809196949,0.22626444697380066,0.37531808018684387,-0.10129766911268234,0.2331969439983368,0.2933179438114166,-0.1162615492939949,0.1656436026096344,0.6296545267105103,-0.06484866142272949,0.1513405591249466,0.5315541625022888,-0.09275142103433609,0.14686435461044312,0.4625653326511383,-0.10717680305242538,0.14825817942619324,0.39308100938796997,-0.1168522760272026
76514.744,0.22308635711669922,0.8850874900817871,6.211486152096768e-07,0.30641430616378784,0.85068678855896,-0.042306892573833466,0.37838852405548096,0.7640265226364136,-0.06272291392087936,0.434101939201355,0.6866761445999146,-0.08038156479597092,0.48480913043022156,0.6323161125183105,-0.09847918152809143,0.3353850245475769,0.5964788794517517,-0.04256367310881615,0.36622822284698486,0.4789649248123169,-0.07442742586135864,0.3831709623336792,0.4015084505081177,-0.09975191205739975,0.3959813714027405,0.3325625956058502,-0.11860872060060501,0.2790888249874115,0.5765967965126038,-0.04567983001470566,0.29554271697998047,0.44063901901245117,-0.07440099865198135,0.3068748116493225,0.3507660925388336,-0.09893685579299927,0.3144362270832062,0.27110669016838074,-0.11744166165590286,0.22448600828647614,0.5900803208351135,-0.05389684438705444,0.22592933475971222,0.4635850489139557,-0.08241713792085648,0.2311883270740509,0.3769960403442383,-0.10330282896757126,0.23828253149986267,0.296609491109848,-0.11837488412857056,0.16957134008407593,0.627705991268158,-0.066280297935009,0.15620623528957367,0.5306258201599121,-0.0945184975862503,0.15230242908000946,0.4621136784553528,-0.10917754471302032,0.1542462557554245,0.39372718334198,-0.11899539828300476
76514.775,0.2249663770198822,0.8788186311721802,6.213048777681252e-07,0.3074730336666107,0.8456070423126221,-0.04129335284233093,0.37886881828308105,0.7616289854049683,-0.061863817274570465,0.43464720249176025,0.6879466772079468,-0.07999905943870544,0.48470890522003174,0.6366177201271057,-0.09870358556509018,0.3378104865550995,0.5933423638343811,-0.04246525466442108,0.3675626814365387,0.4766174554824829,-0.07450608909130096,0.38489827513694763,0.4005446434020996,-0.10005852580070496,0.3989076018333435,0.33229321241378784,-0.11906840652227402,0.2828732430934906,0.5740001201629639,-0.046084530651569366,0.29869547486305237,0.4404761791229248,-0.07497981190681458,0.3103052079677582,0.35159385204315186,-0.09985662996768951,0.31901246309280396,0.27226966619491577,-0.11867167055606842,0.22915850579738617,0.5876298546791077,-0.054670438170433044,0.23085573315620422,0.46273818612098694,-0.08322938531637192,0.23603320121765137,0.37678226828575134,-0.1045251414179802,0.24341386556625366,0.2967153489589691,-0.11988930404186249,0.17503763735294342,0.6254997253417969,-0.06733263283967972,0.16194267570972443,0.529573380947113,-0.09562388062477112,0.15747679769992828,0.4615544080734253,-0.11058060824871063,0.1588594913482666,0.3933231830596924,-0.12062756717205048
76514.809,0.22832348942756653,0.8745565414428711,6.141576136542426e-07,0.31142905354499817,0.8426933884620667,-0.04100152850151062,0.3818114995956421,0.7592341899871826,-0.06122557446360588,0.43631160259246826,0.6862710118293762,-0.0789438933134079,0.4855087697505951,0.635067880153656,-0.09719769656658173,0.34085074067115784,0.5913312435150146,-0.04217525199055672,0.3701711893081665,0.4755129814147949,-0.07375610619783401,0.3878687918186188,0.4000338912010193,-0.0988759845495224,0.4022449553012848,0.3323897123336792,-0.11756429821252823,0.2867911458015442,0.5723693370819092,-0.04557918757200241,0.3023536503314972,0.43942558765411377,-0.07413697987794876,0.3141637444496155,0.351296067237854,-0.09865165501832962,0.32303348183631897,0.2727040648460388,-0.11709143221378326,0.23385581374168396,0.5861091613769531,-0.053878553211688995,0.23562172055244446,0.4618268609046936,-0.0823173001408577,0.2404734343290329,0.37611067295074463,-0.10336551815271378,0.24723418056964874,0.29650089144706726,-0.11840860545635223,0.18058237433433533,0.6238452792167664,-0.06616512686014175,0.16727785766124725,0.5283147692680359,-0.09433645009994507,0.1623077690601349,0.460506409406662,-0.10911167412996292,0.16293856501579285,0.39265382289886475,-0.11891922354698181
76514.841,0.2327612042427063,0.869698703289032,6.129105258878553e-07,0.3167659342288971,0.8382309079170227,-0.04187406972050667,0.38728779554367065,0.7552149295806885,-0.062404029071331024,0.44068068265914917,0.6824417114257812,-0.08022750914096832,0.4896578788757324,0.6305623054504395,-0.0986795499920845,0.3446279764175415,0.5890663862228394,-0.04368383809924126,0.3736206889152527,0.47439777851104736,-0.0759238675236702,0.391197144985199,0.39951255917549133,-0.10150140523910522,0.40560030937194824,0.3320249915122986,-0.12049100548028946,0.29080864787101746,0.5702729821205139,-0.046594731509685516,0.30623796582221985,0.43905550241470337,-0.07591823488473892,0.3185233175754547,0.3514366149902344,-0.10090827196836472,0.3278874456882477,0.27306684851646423,-0.11973588168621063,0.23818069696426392,0.5840312242507935,-0.05446058139204979,0.2397141307592392,0.4612824320793152,-0.08375029265880585,0.24541716277599335,0.37641045451164246,-0.10525617003440857,0.25301337242126465,0.29769766330718994,-0.1205420196056366,0.18544182181358337,0.620952308177948,-0.06634122133255005,0.17297524213790894,0.5255558490753174,-0.09528902918100357,0.16888223588466644,0.45800119638442993,-0.11064396798610687,0.17027948796749115,0.39070600271224976,-0.12085213512182236
76514.873,0.23748472332954407,0.867459237575531,6.120014859334333e-07,0.32161712646484375,0.8355374932289124,-0.04051864147186279,0.39136606454849243,0.7524046301841736,-0.0603950172662735,0.4450915455818176,0.6792972683906555,-0.07774569094181061,0.4936346411705017,0.626478374004364,-0.09573520720005035,0.3492986857891083,0.5883112549781799,-0.041963208466768265,0.37827250361442566,0.47397932410240173,-0.07355313003063202,0.39599674940109253,0.3995553255081177,-0.0986761599779129,0.41049444675445557,0.3327774107456207,-0.11724449694156647,0.295752614736557,0.5695828199386597,-0.04510876536369324,0.3115446865558624,0.4389047622680664,-0.07369466871023178,0.32451722025871277,0.35223230719566345,-0.09815490990877151,0.33437874913215637,0.27479732036590576,-0.11650952696800232,0.24328184127807617,0.5827503204345703,-0.053093068301677704,0.2451813966035843,0.46042561531066895,-0.08160122483968735,0.25121867656707764,0.3760793209075928,-0.10245301574468613,0.25909221172332764,0.2983841300010681,-0.117218978703022,0.19067662954330444,0.618850588798523,-0.06497331708669662,0.17880073189735413,0.5234660506248474,-0.09318122267723083,0.1751648336648941,0.45620959997177124,-0.10791086405515671,0.17682887613773346,0.3898245096206665,-0.11757050454616547
76514.92,0.24347591400146484,0.8661523461341858,6.120740181358997e-07,0.3276444375514984,0.8348453640937805,-0.04017070308327675,0.39649081230163574,0.7516360282897949,-0.05968454107642174,0.44959163665771484,0.6785064935684204,-0.07683514803647995,0.4980981945991516,0.6260383725166321,-0.09458164125680923,0.35473328828811646,0.5871459245681763,-0.0404466949403286,0.3831520974636078,0.47309038043022156,-0.07172711938619614,0.4010319709777832,0.3992098569869995,-0.09670723974704742,0.41608014702796936,0.3328714072704315,-0.11525813490152359,0.30137136578559875,0.5685474276542664,-0.04364921897649765,0.31672415137290955,0.43871766328811646,-0.07215939462184906,0.32964417338371277,0.35216936469078064,-0.09675800800323486,0.3397126793861389,0.2746090888977051,-0.11522341519594193,0.2490309476852417,0.581905722618103,-0.051760703325271606,0.25062888860702515,0.46001100540161133,-0.08047536015510559,0.25684529542922974,0.3764006495475769,-0.10150978714227676,0.26496535539627075,0.29952409863471985,-0.11631812155246735,0.19671572744846344,0.6180229187011719,-0.06375142186880112,0.18500524759292603,0.5232513546943665,-0.09223499894142151,0.18129804730415344,0.4558814764022827,-0.10729783773422241,0.18271464109420776,0.38943374156951904,-0.11716605722904205
76514.953,0.24853986501693726,0.8659019470214844,6.104185672484164e-07,0.3323551416397095,0.8355877995491028,-0.040378812700510025,0.40019065141677856,0.7533293962478638,-0.05990223586559296,0.45240354537963867,0.6793540120124817,-0.07698144018650055,0.5018231272697449,0.6281959414482117,-0.09458285570144653,0.3593880534172058,0.5870044231414795,-0.03973953798413277,0.3875906467437744,0.4726158380508423,-0.07028789818286896,0.40544596314430237,0.39913374185562134,-0.09493942558765411,0.42049145698547363,0.33297958970069885,-0.11329790949821472,0.30596500635147095,0.5684582591056824,-0.04266493022441864,0.321216344833374,0.4379744827747345,-0.07017490267753601,0.33423471450805664,0.35175472497940063,-0.0942591056227684,0.34437310695648193,0.27446508407592773,-0.11236131191253662,0.25398826599121094,0.581638753414154,-0.05050947144627571,0.25591933727264404,0.45990169048309326,-0.07826372236013412,0.26250192523002625,0.3765850067138672,-0.0989040955901146,0.2708742320537567,0.2996803820133209,-0.11342865228652954,0.20218811929225922,0.6176595091819763,-0.062293633818626404,0.19013333320617676,0.5225090980529785,-0.09001445025205612,0.18633456528186798,0.4555560350418091,-0.10458800941705704,0.18750092387199402,0.3894078731536865,-0.11405733972787857
76514.984,0.2507861256599426,0.8659474849700928,6.001738483973895e-07,0.33496201038360596,0.8363093137741089,-0.03974829614162445,0.4032485783100128,0.7548617124557495,-0.05885080620646477,0.4558260142803192,0.6809163689613342,-0.07572659850120544,0.5051935911178589,0.6300973892211914,-0.09309782087802887,0.362586110830307,0.5884363651275635,-0.038310591131448746,0.3917642831802368,0.4741613268852234,-0.0684877336025238,0.4095309376716614,0.40077513456344604,-0.092903733253479,0.4244120717048645,0.3345237970352173,-0.11113540828227997,0.30986353754997253,0.5697189569473267,-0.04148004576563835,0.32605689764022827,0.43942540884017944,-0.06874244660139084,0.33899036049842834,0.3531225919723511,-0.09278510510921478,0.3487906754016876,0.27556487917900085,-0.11087094992399216,0.25836843252182007,0.5825223326683044,-0.04955156520009041,0.2611251473426819,0.4607104957103729,-0.07711458951234818,0.26801976561546326,0.37800848484039307,-0.09762710332870483,0.27634063363075256,0.3014233708381653,-0.11202791333198547,0.20696744322776794,0.6179882287979126,-0.06153656169772148,0.19556960463523865,0.5227679014205933,-0.08914505690336227,0.19214187562465668,0.4556122124195099,-0.10365445911884308,0.19325947761535645,0.3894329071044922,-0.11304323375225067
76515.016,0.25422707200050354,0.8660823702812195,5.817992700940522e-07,0.33814436197280884,0.8366426229476929,-0.03856990113854408,0.4058259129524231,0.7554466724395752,-0.057224031537771225,0.45809274911880493,0.6825810670852661,-0.07378612458705902,0.5071132183074951,0.6331979036331177,-0.09087926894426346,0.36604902148246765,0.5880156755447388,-0.0374404639005661,0.39457786083221436,0.4747112989425659,-0.06701018661260605,0.4122123718261719,0.4023057818412781,-0.09110834449529648,0.4270499348640442,0.3367276191711426,-0.10924997180700302,0.3134914040565491,0.5700842142105103,-0.041111212223768234,0.3292368948459625,0.4402182102203369,-0.06787965446710587,0.3423087000846863,0.3547869920730591,-0.09157232195138931,0.35247352719306946,0.27770769596099854,-0.10946764796972275,0.2624512314796448,0.5834221243858337,-0.0495598278939724,0.26501259207725525,0.4621613621711731,-0.07664663344621658,0.2722417712211609,0.37938034534454346,-0.09693856537342072,0.2810015082359314,0.30222922563552856,-0.11127810180187225,0.21161463856697083,0.619464099407196,-0.06183437630534172,0.2000192254781723,0.5241958498954773,-0.08899904787540436,0.19659501314163208,0.45732468366622925,-0.10326668620109558,0.19783294200897217,0.391107439994812,-0.112584687769413
76515.047,0.25650474429130554,0.865594208240509,5.843376129632816e-07,0.34048646688461304,0.8362977504730225,-0.03840300068259239,0.4082457721233368,0.7556440234184265,-0.05671468377113342,0.46068668365478516,0.6832664012908936,-0.07297845184803009,0.5092341303825378,0.6334664821624756,-0.08972439169883728,0.3687264025211334,0.5886061787605286,-0.03630200773477554,0.3979896605014801,0.47582197189331055,-0.06536099314689636,0.4161489009857178,0.4040396809577942,-0.08928132057189941,0.43148136138916016,0.3387691378593445,-0.10728106647729874,0.3161897659301758,0.5709390640258789,-0.03991527482867241,0.3320820927619934,0.4416828751564026,-0.06597449630498886,0.3450284004211426,0.3564368784427643,-0.08943770080804825,0.35511788725852966,0.2789890766143799,-0.10726767778396606,0.2652604281902313,0.5840575098991394,-0.04835604131221771,0.26842039823532104,0.4636741280555725,-0.07480376213788986,0.2759978175163269,0.3815469741821289,-0.09466840326786041,0.2850372791290283,0.3044557571411133,-0.10878611356019974,0.21435873210430145,0.6195493936538696,-0.060673389583826065,0.20313356816768646,0.5248451828956604,-0.08717512339353561,0.19989033043384552,0.4587567448616028,-0.10081039369106293,0.20128586888313293,0.3930627703666687,-0.10973236709833145
76515.079,0.25869691371917725,0.8664405345916748,5.814211476717901e-07,0.3417764902114868,0.8379762172698975,-0.03831814229488373,0.40918466448783875,0.7568425536155701,-0.0563475675880909,0.46144455671310425,0.6850431561470032,-0.07229690998792648,0.5094954371452332,0.6362221837043762,-0.08872102946043015,0.37134939432144165,0.5894415974617004,-0.036219485104084015,0.39949896931648254,0.4767146408557892,-0.0650087371468544,0.417301207780838,0.4049549102783203,-0.08878657221794128,0.4325419068336487,0.3395079970359802,-0.10676122456789017,0.31899768114089966,0.5715859532356262,-0.0397966243326664,0.3349106013774872,0.4423796534538269,-0.06563011556863785,0.34780919551849365,0.35698026418685913,-0.08898156136274338,0.35803231596946716,0.27983415126800537,-0.10674967616796494,0.26800718903541565,0.5845679640769958,-0.04819028079509735,0.27118489146232605,0.46432697772979736,-0.07450762391090393,0.2783774137496948,0.3815543055534363,-0.09461691975593567,0.28711259365081787,0.3041423261165619,-0.10894746333360672,0.21679919958114624,0.6202283501625061,-0.06044985353946686,0.20592786371707916,0.5256875157356262,-0.08681070059537888,0.20242096483707428,0.45981866121292114,-0.10058458149433136,0.20371460914611816,0.3940802812576294,-0.1097012311220169
76515.113,0.259451687335968,0.8665037155151367,5.812648851133417e-07,0.34227848052978516,0.8385140299797058,-0.03903334215283394,0.41017866134643555,0.7567999958992004,-0.057125695049762726,0.46305203437805176,0.6844503283500671,-0.07296325266361237,0.5115718841552734,0.6355038285255432,-0.0891927033662796,0.3728111982345581,0.5903700590133667,-0.03654474392533302,0.4008621573448181,0.47698938846588135,-0.06515789777040482,0.41879841685295105,0.40533843636512756,-0.08869413286447525,0.4342445135116577,0.3405076265335083,-0.10647107660770416,0.32010284066200256,0.572449266910553,-0.03961317613720894,0.3359433710575104,0.4427341818809509,-0.06513418257236481,0.3487009108066559,0.35744553804397583,-0.08825797587633133,0.3587949275970459,0.2814265191555023,-0.10590207576751709,0.268979549407959,0.5853365063667297,-0.04761476069688797,0.27237311005592346,0.4651618003845215,-0.0736832320690155,0.2795266807079315,0.38273584842681885,-0.09384288638830185,0.2883400619029999,0.3058012127876282,-0.10830952227115631,0.21776384115219116,0.6209800839424133,-0.0595637746155262,0.20710346102714539,0.5271660685539246,-0.08577767014503479,0.20344200730323792,0.46186119318008423,-0.09975557774305344,0.20481741428375244,0.39636826515197754,-0.10912265628576279
76515.145,0.25936585664749146,0.8670101761817932,5.692167519555369e-07,0.34206080436706543,0.8393524289131165,-0.038290075957775116,0.41031262278556824,0.7568855285644531,-0.05545599386096001,0.4629816710948944,0.6843159198760986,-0.07046884298324585,0.5106708407402039,0.6355587244033813,-0.08579932898283005,0.37356436252593994,0.5912931561470032,-0.03481987118721008,0.401883065700531,0.47771358489990234,-0.0626058280467987,0.41987869143486023,0.4060695171356201,-0.08562281727790833,0.4353378415107727,0.34133920073509216,-0.10310909897089005,0.3210010230541229,0.5728722810745239,-0.03787456452846527,0.33671116828918457,0.4434177279472351,-0.06259211152791977,0.3490447402000427,0.35847043991088867,-0.08525830507278442,0.3587454855442047,0.28320950269699097,-0.10262317210435867,0.2699963450431824,0.5850494503974915,-0.04586188122630119,0.27360770106315613,0.46513867378234863,-0.07116147875785828,0.2806529700756073,0.3829761743545532,-0.09090530127286911,0.2892564535140991,0.3062790632247925,-0.10519679635763168,0.2186950296163559,0.6200625896453857,-0.05778765305876732,0.20838773250579834,0.5266913175582886,-0.08333795517683029,0.2049187421798706,0.46181708574295044,-0.09697019308805466,0.20653779804706573,0.39660799503326416,-0.10617035627365112
76515.177,0.2604915499687195,0.8690540194511414,5.643398708343739e-07,0.3425677418708801,0.840172290802002,-0.03743184357881546,0.41035258769989014,0.7565755844116211,-0.0541212297976017,0.46268534660339355,0.6839958429336548,-0.06881097704172134,0.5103873014450073,0.6362106204032898,-0.08384653180837631,0.37406831979751587,0.592165470123291,-0.033969294279813766,0.4027877449989319,0.47831904888153076,-0.06149585545063019,0.42098715901374817,0.40633636713027954,-0.08432534337043762,0.4365861415863037,0.34146589040756226,-0.10172338038682938,0.3214128911495209,0.5739488005638123,-0.0374603234231472,0.3370513916015625,0.4439932405948639,-0.06193641200661659,0.34936562180519104,0.35910120606422424,-0.08434557914733887,0.3590907156467438,0.28410184383392334,-0.10151021182537079,0.2703855037689209,0.5862554311752319,-0.04581980034708977,0.2741367220878601,0.46580636501312256,-0.07095618546009064,0.28147074580192566,0.3835272490978241,-0.09042879939079285,0.29033470153808594,0.3068941533565521,-0.1045495793223381,0.21899276971817017,0.621498703956604,-0.05806313082575798,0.2087492048740387,0.5277127027511597,-0.08356712013483047,0.20544232428073883,0.46265557408332825,-0.09701062738895416,0.20728866755962372,0.39738738536834717,-0.10605979710817337
76515.209,0.2601923942565918,0.8705889582633972,5.691678666153166e-07,0.34252384305000305,0.8415498733520508,-0.03780268505215645,0.41027048230171204,0.7576430439949036,-0.054976437240839005,0.46281325817108154,0.6846983432769775,-0.07011941075325012,0.5106254816055298,0.6357428431510925,-0.08557135611772537,0.3742830157279968,0.592649519443512,-0.03458823263645172,0.40273982286453247,0.47904765605926514,-0.06251655519008636,0.42067986726760864,0.40749412775039673,-0.08563274145126343,0.43599405884742737,0.342756062746048,-0.10321349650621414,0.3214245140552521,0.5746110677719116,-0.03811148926615715,0.33737149834632874,0.4445243179798126,-0.06295011937618256,0.3497903048992157,0.3594938814640045,-0.08562381565570831,0.35953885316848755,0.28427353501319885,-0.10297418385744095,0.27005428075790405,0.587319016456604,-0.046548809856176376,0.27390551567077637,0.4663318395614624,-0.0720924437046051,0.2811523377895355,0.38414832949638367,-0.09182705730199814,0.28991255164146423,0.3076191544532776,-0.10607412457466125,0.2184472680091858,0.6229960322380066,-0.058863840997219086,0.20861756801605225,0.5288564562797546,-0.08470739424228668,0.20526990294456482,0.4636307954788208,-0.09837396442890167,0.20692038536071777,0.3982243537902832,-0.1075558215379715
76515.241,0.25987789034843445,0.8725605010986328,5.752157790084311e-07,0.3422248065471649,0.8434688448905945,-0.038317061960697174,0.410144567489624,0.7592800855636597,-0.05577841028571129,0.46328070759773254,0.6862298846244812,-0.07117319107055664,0.5110558271408081,0.6365346908569336,-0.08678597211837769,0.37382370233535767,0.5941876769065857,-0.034838251769542694,0.4026227593421936,0.4805716574192047,-0.06319271773099899,0.4210992455482483,0.409270703792572,-0.08661691844463348,0.4370219111442566,0.344709575176239,-0.10437092185020447,0.3211057484149933,0.5758239030838013,-0.03827972337603569,0.3375858664512634,0.4459194540977478,-0.0634726956486702,0.35036516189575195,0.36077407002449036,-0.08641602098941803,0.3604313135147095,0.2853165864944458,-0.10394805669784546,0.2697349190711975,0.5883533358573914,-0.04674527794122696,0.27355247735977173,0.46719658374786377,-0.07257246226072311,0.2807386517524719,0.3849402666091919,-0.09242233633995056,0.28954869508743286,0.3082292377948761,-0.10673808306455612,0.21810318529605865,0.6240436434745789,-0.05915597826242447,0.20795424282550812,0.529948353767395,-0.08519358932971954,0.20449204742908478,0.46453505754470825,-0.09897324442863464,0.2061198651790619,0.39890748262405396,-0.10824690014123917
76515.273,0.26066017150878906,0.8755595088005066,5.739682933381118e-07,0.34314894676208496,0.846572995185852,-0.03824033588171005,0.4106866121292114,0.7608433961868286,-0.05545640364289284,0.4635717272758484,0.6866524815559387,-0.07054705172777176,0.5115254521369934,0.6371792554855347,-0.08585168421268463,0.37426260113716125,0.5957708358764648,-0.03487902507185936,0.40246158838272095,0.48157602548599243,-0.06312455981969833,0.420861154794693,0.4099210500717163,-0.0864093005657196,0.4367016851902008,0.3453642427921295,-0.10402374714612961,0.32111436128616333,0.5776962041854858,-0.038254085928201675,0.3373697102069855,0.4471229910850525,-0.06326613575220108,0.3501301407814026,0.36177244782447815,-0.08599710464477539,0.3601444661617279,0.28647974133491516,-0.10334307700395584,0.26955342292785645,0.590428352355957,-0.046639587730169296,0.27357155084609985,0.4691278338432312,-0.07229319959878922,0.280700147151947,0.38639014959335327,-0.09209147840738297,0.289421945810318,0.30953601002693176,-0.10635978728532791,0.21780329942703247,0.6263248920440674,-0.05896097421646118,0.20770563185214996,0.5318354368209839,-0.08476893603801727,0.2041703164577484,0.4664245843887329,-0.0984136164188385,0.20575658977031708,0.40101954340934753,-0.10760431736707687
76515.304,0.2591441869735718,0.8789654970169067,5.844206043548184e-07,0.34176164865493774,0.8499292731285095,-0.03941928967833519,0.4104294180870056,0.764251172542572,-0.05739859864115715,0.4639197289943695,0.6896044015884399,-0.07300747185945511,0.5119568109512329,0.6378982067108154,-0.08873108774423599,0.3739008605480194,0.598457932472229,-0.03644239902496338,0.4027854800224304,0.48383042216300964,-0.06552792340517044,0.42139163613319397,0.4113818407058716,-0.08932460844516754,0.4371074438095093,0.34625935554504395,-0.10719258338212967,0.3206845819950104,0.5801642537117004,-0.03960485756397247,0.3376736640930176,0.4490070939064026,-0.06532220542430878,0.3510919213294983,0.36337390542030334,-0.08833428472280502,0.3615078926086426,0.2878848612308502,-0.10580781102180481,0.26894640922546387,0.5930677056312561,-0.047890618443489075,0.27332785725593567,0.4714975655078888,-0.07413621991872787,0.2810169458389282,0.3889915347099304,-0.09396973997354507,0.2902323603630066,0.31205371022224426,-0.10819133371114731,0.21690508723258972,0.6292665600776672,-0.06019333750009537,0.20746295154094696,0.5344663858413696,-0.08641859889030457,0.20425036549568176,0.4690803289413452,-0.10004706680774689,0.20604872703552246,0.40358930826187134,-0.10915818065404892
76515.353,0.25806450843811035,0.882541298866272,5.764923685092072e-07,0.34050536155700684,0.8541513681411743,-0.03905915468931198,0.4088432490825653,0.7660894989967346,-0.05652814731001854,0.4631611108779907,0.6902384757995605,-0.07169710099697113,0.51179039478302,0.6392828822135925,-0.08700501918792725,0.37389886379241943,0.601911187171936,-0.03631702437996864,0.4032208323478699,0.4865284562110901,-0.0652778372168541,0.42211246490478516,0.4137171506881714,-0.08887293189764023,0.43808069825172424,0.3488176167011261,-0.10662331432104111,0.3207758069038391,0.5832323431968689,-0.039492033421993256,0.33832409977912903,0.4518083930015564,-0.06514986604452133,0.3519912660121918,0.36580437421798706,-0.08797579258680344,0.36244627833366394,0.2906855642795563,-0.10534630715847015,0.26894164085388184,0.5958048701286316,-0.04779142886400223,0.2737182080745697,0.4731419086456299,-0.07397991418838501,0.2816929221153259,0.390389621257782,-0.09385503083467484,0.2909734547138214,0.3139520585536957,-0.10816610604524612,0.21678441762924194,0.6316322684288025,-0.060093894600868225,0.20739763975143433,0.5364695191383362,-0.0863722413778305,0.20409448444843292,0.47041434049606323,-0.10033298283815384,0.20572884380817413,0.4047524333000183,-0.10975904017686844
76515.384,0.2597353458404541,0.8862450122833252,5.793589821223577e-07,0.342214971780777,0.8550171256065369,-0.03916189447045326,0.40873706340789795,0.7684399485588074,-0.0567949153482914,0.45781612396240234,0.6904709339141846,-0.07220771163702011,0.5017297863960266,0.6342723965644836,-0.087786965072155,0.37424153089523315,0.6059306263923645,-0.03631932660937309,0.4046432077884674,0.49102866649627686,-0.06606848537921906,0.4238350987434387,0.4177020192146301,-0.09016742557287216,0.43982627987861633,0.3516594469547272,-0.10812709480524063,0.3213690221309662,0.5865999460220337,-0.0398862399160862,0.3394402861595154,0.45501402020454407,-0.06628936529159546,0.3527768552303314,0.3684690594673157,-0.08972124755382538,0.36294496059417725,0.2916199266910553,-0.1073463186621666,0.26946789026260376,0.5989004969596863,-0.0485442578792572,0.2746756672859192,0.4763824939727783,-0.07540876418352127,0.28335919976234436,0.39384767413139343,-0.09534474462270737,0.2936456501483917,0.31643691658973694,-0.10952126234769821,0.21710845828056335,0.6345996856689453,-0.061175137758255005,0.2077977955341339,0.5389299392700195,-0.08808356523513794,0.2054784595966339,0.47242042422294617,-0.10195452719926834,0.2084551304578781,0.4064100384712219,-0.11108852922916412
76515.415,0.2600007653236389,0.8886218070983887,5.773921429863549e-07,0.34393349289894104,0.8556954860687256,-0.0386275053024292,0.40995824337005615,0.7698262929916382,-0.055579304695129395,0.45524781942367554,0.6898800730705261,-0.07042567431926727,0.49534958600997925,0.6278815269470215,-0.0852770209312439,0.3740217089653015,0.60862797498703,-0.03306399658322334,0.404345840215683,0.4937402307987213,-0.062298428267240524,0.42366304993629456,0.4207526743412018,-0.08614390343427658,0.4397253394126892,0.35571345686912537,-0.10360481590032578,0.32133185863494873,0.589842677116394,-0.0362185537815094,0.34047558903694153,0.45931023359298706,-0.06209152564406395,0.35494914650917053,0.37357044219970703,-0.08541885763406754,0.36599183082580566,0.29802438616752625,-0.10280431061983109,0.2694925367832184,0.6016649007797241,-0.044620972126722336,0.27550238370895386,0.48022904992103577,-0.07083053141832352,0.2850615084171295,0.3982994258403778,-0.09052534401416779,0.29626449942588806,0.32265225052833557,-0.10437900573015213,0.2170265167951584,0.6360430717468262,-0.056946221739053726,0.2076336294412613,0.5403890013694763,-0.08341026306152344,0.2060173749923706,0.47345536947250366,-0.09711863100528717,0.2092961221933365,0.4078611731529236,-0.10590746998786926
76515.448,0.2594645023345947,0.8899503946304321,6.014003020027303e-07,0.3434847891330719,0.859178364276886,-0.040789101272821426,0.4099474847316742,0.7729480862617493,-0.05806411802768707,0.4544447660446167,0.6910423040390015,-0.07267387956380844,0.49276262521743774,0.6260543465614319,-0.087176613509655,0.373334676027298,0.6121363043785095,-0.03497250750660896,0.40600642561912537,0.4988372325897217,-0.06428945064544678,0.4254721403121948,0.4251304864883423,-0.08802630752325058,0.4409026801586151,0.35935309529304504,-0.10540445894002914,0.32051223516464233,0.592080295085907,-0.036883387714624405,0.3417339622974396,0.4620736241340637,-0.06281089037656784,0.3569468855857849,0.3753975033760071,-0.08585086464881897,0.36825472116470337,0.2990514934062958,-0.10288269817829132,0.26844799518585205,0.6032554507255554,-0.04414326697587967,0.27504023909568787,0.48121708631515503,-0.07044090330600739,0.2847587764263153,0.39941975474357605,-0.0898817926645279,0.29624268412590027,0.32372209429740906,-0.1034582182765007,0.2160392701625824,0.6376017332077026,-0.05549543350934982,0.2065705806016922,0.5427497029304504,-0.08228302747011185,0.20479333400726318,0.4762474298477173,-0.0960383489727974,0.20821556448936462,0.4109269976615906,-0.10471930354833603
76515.482,0.25715839862823486,0.8923137187957764,6.109913215368579e-07,0.3426588177680969,0.8608996868133545,-0.04190978407859802,0.40962567925453186,0.7755862474441528,-0.060108378529548645,0.45211613178253174,0.6934851408004761,-0.07545538991689682,0.4887789487838745,0.6249803900718689,-0.09071757644414902,0.3726534843444824,0.6139532923698425,-0.03672477602958679,0.40544283390045166,0.5005196332931519,-0.0670955702662468,0.42513319849967957,0.42633888125419617,-0.09143403172492981,0.4409482777118683,0.36009567975997925,-0.10924866050481796,0.31992819905281067,0.5939009189605713,-0.03858224302530289,0.3407350182533264,0.46391263604164124,-0.06589670479297638,0.3560695946216583,0.3764893412590027,-0.08998502790927887,0.36780714988708496,0.2991490364074707,-0.10776276141405106,0.26761049032211304,0.6054648160934448,-0.04588824883103371,0.27399295568466187,0.48294907808303833,-0.07392673939466476,0.283458411693573,0.3999261260032654,-0.09476350247859955,0.29489263892173767,0.3231092095375061,-0.10916495323181152,0.2149326503276825,0.6403994560241699,-0.057216327637434006,0.20482194423675537,0.5453281998634338,-0.08582618087530136,0.2023598700761795,0.47778138518333435,-0.10099166631698608,0.20505760610103607,0.41124624013900757,-0.11058000475168228
76515.513,0.25721579790115356,0.8943712711334229,6.236655281099956e-07,0.34219565987586975,0.8624618053436279,-0.0430469885468483,0.40867018699645996,0.7776256799697876,-0.06209354102611542,0.4503697454929352,0.6952551603317261,-0.07825077325105667,0.4853919744491577,0.6241054534912109,-0.09432543814182281,0.37185826897621155,0.6149464845657349,-0.03735187649726868,0.404766708612442,0.5010303258895874,-0.06849385797977448,0.42457860708236694,0.4267421364784241,-0.0936821699142456,0.44055551290512085,0.35984304547309875,-0.11215120553970337,0.3190213441848755,0.5945616364479065,-0.03908549249172211,0.3391138017177582,0.4640697240829468,-0.06713836640119553,0.3537958264350891,0.3761293590068817,-0.09239096939563751,0.36508071422576904,0.2979518473148346,-0.11116254329681396,0.26640215516090393,0.6062120199203491,-0.04638170823454857,0.2717660665512085,0.48428481817245483,-0.07487732917070389,0.2804730236530304,0.40038222074508667,-0.09646014869213104,0.2912098467350006,0.3227632939815521,-0.11155125498771667,0.21334049105644226,0.6414241194725037,-0.057814620435237885,0.20365643501281738,0.5464035868644714,-0.08665920048952103,0.20147490501403809,0.4783511459827423,-0.102257139980793,0.20432472229003906,0.41142192482948303,-0.11229908466339111
76515.545,0.2551189661026001,0.8942825794219971,6.33620516055089e-07,0.3411303162574768,0.8616394400596619,-0.043647248297929764,0.40862223505973816,0.7768889665603638,-0.06287656724452972,0.4502909183502197,0.6953151226043701,-0.07912726700305939,0.48186618089675903,0.6229411363601685,-0.09534741938114166,0.3705703318119049,0.6148322224617004,-0.03892023116350174,0.40358617901802063,0.5006232261657715,-0.07065049558877945,0.4234541654586792,0.42609620094299316,-0.09633901715278625,0.4394148588180542,0.359059602022171,-0.11498399823904037,0.3175366520881653,0.594931960105896,-0.0404374822974205,0.33776888251304626,0.4645085632801056,-0.06876590102910995,0.3525776267051697,0.37587112188339233,-0.09442126005887985,0.3639734089374542,0.29715585708618164,-0.11356023699045181,0.26464715600013733,0.6067339777946472,-0.04750637710094452,0.2702137231826782,0.48445746302604675,-0.0760568380355835,0.27916595339775085,0.40070033073425293,-0.09803777933120728,0.2901585102081299,0.3236098885536194,-0.11343644559383392,0.2113306224346161,0.6419004201889038,-0.05878901481628418,0.20202811062335968,0.5461819767951965,-0.08776780217885971,0.19996076822280884,0.47780996561050415,-0.10368014872074127,0.20287810266017914,0.4110742509365082,-0.11395705491304398
76515.576,0.25213462114334106,0.8959447741508484,6.398788059414073e-07,0.3386935591697693,0.8639581203460693,-0.04472031816840172,0.4067031741142273,0.7793646454811096,-0.06462407112121582,0.4491051733493805,0.6988738775253296,-0.08139283955097198,0.4808834493160248,0.6259397864341736,-0.09816204011440277,0.36952027678489685,0.6148498058319092,-0.039857447147369385,0.4021473526954651,0.50055330991745,-0.07212519645690918,0.42184945940971375,0.42597144842147827,-0.09836366772651672,0.4376124441623688,0.3587666451931,-0.11747007071971893,0.3159295320510864,0.5946069359779358,-0.041305188089609146,0.3356549143791199,0.4631922245025635,-0.07022248953580856,0.35042452812194824,0.3747541308403015,-0.09653838723897934,0.3616975247859955,0.29663366079330444,-0.11615758389234543,0.26259225606918335,0.6066214442253113,-0.048438094556331635,0.267852783203125,0.48393404483795166,-0.07767554372549057,0.2766239643096924,0.39935749769210815,-0.1003580391407013,0.28720998764038086,0.32176142930984497,-0.1162441223859787,0.2090705782175064,0.6425692439079285,-0.05983463302254677,0.19979439675807953,0.5464809536933899,-0.0893736407160759,0.19753651320934296,0.47780823707580566,-0.10568273067474365,0.200284942984581,0.4106403589248657,-0.11628995090723038
76515.608,0.25095099210739136,0.8987120985984802,6.237359002625453e-07,0.3379257023334503,0.8666321039199829,-0.043740466237068176,0.40612223744392395,0.7821255922317505,-0.06295347958803177,0.44953104853630066,0.7011774182319641,-0.07916226238012314,0.48495543003082275,0.6312615275382996,-0.09516070783138275,0.3681808114051819,0.6150139570236206,-0.037930093705654144,0.40017688274383545,0.49986809492111206,-0.0692395269870758,0.42017853260040283,0.42531025409698486,-0.09470324963331223,0.4363507330417633,0.35839083790779114,-0.1131666824221611,0.3146055340766907,0.5949417948722839,-0.03923393040895462,0.33399292826652527,0.4633101522922516,-0.06693043559789658,0.34863972663879395,0.3754269480705261,-0.09186700731515884,0.3596307337284088,0.2979770600795746,-0.11030486971139908,0.26156550645828247,0.6068668365478516,-0.04619733989238739,0.266720712184906,0.4838675260543823,-0.07422993332147598,0.2752675712108612,0.3994928300380707,-0.09567070752382278,0.2856512665748596,0.3218473792076111,-0.11056356132030487,0.20839688181877136,0.6425043344497681,-0.057436753064394,0.19853588938713074,0.5462267398834229,-0.08577887713909149,0.1962788701057434,0.4780445694923401,-0.10107798874378204,0.19907322525978088,0.4115007817745209,-0.11079791933298111
76515.64,0.2514088749885559,0.9027920961380005,5.999069117024192e-07,0.3372460901737213,0.8706638813018799,-0.04098206013441086,0.40492165088653564,0.7842761278152466,-0.058570124208927155,0.4504702091217041,0.7026993036270142,-0.07367278635501862,0.48820433020591736,0.6363312005996704,-0.08855976909399033,0.3685765266418457,0.6173123717308044,-0.03437856584787369,0.4007224440574646,0.5026964545249939,-0.06419141590595245,0.42049458622932434,0.4282752275466919,-0.08881674706935883,0.4361477494239807,0.3614296019077301,-0.1067776009440422,0.314744234085083,0.5968400239944458,-0.03651275485754013,0.33477938175201416,0.4653414189815521,-0.06251771748065948,0.3497806191444397,0.3779623508453369,-0.0860704556107521,0.3609558045864105,0.3003394305706024,-0.10352404415607452,0.26177090406417847,0.608181357383728,-0.04410829022526741,0.26769357919692993,0.48502296209335327,-0.07027571648359299,0.2767743468284607,0.40247252583503723,-0.090056873857975,0.2875407934188843,0.32611149549484253,-0.10388217866420746,0.20877622067928314,0.6433784365653992,-0.055915798991918564,0.1984969526529312,0.5471487641334534,-0.08252900093793869,0.19576048851013184,0.4798293709754944,-0.09638479351997375,0.19789862632751465,0.41419345140457153,-0.10506211966276169
76515.671,0.2500932812690735,0.9050794839859009,5.856082339050772e-07,0.3359905481338501,0.8715288043022156,-0.037832196801900864,0.40433377027511597,0.7846116423606873,-0.05452098324894905,0.4513956606388092,0.704777181148529,-0.06936701387166977,0.4912046790122986,0.6422029733657837,-0.08436916768550873,0.36866888403892517,0.6189263463020325,-0.032925721257925034,0.4010756313800812,0.5054194331169128,-0.06275391578674316,0.4211899936199188,0.4315340518951416,-0.08756011724472046,0.4372706413269043,0.36500418186187744,-0.10576813668012619,0.3154757618904114,0.5991817116737366,-0.037018708884716034,0.33713802695274353,0.46846139430999756,-0.06331826001405716,0.3530600965023041,0.380874902009964,-0.08717820048332214,0.36488306522369385,0.3027676045894623,-0.10493215918540955,0.26271161437034607,0.6107944250106812,-0.04628730192780495,0.27020400762557983,0.4867725968360901,-0.07291379570960999,0.2804705500602722,0.4034351110458374,-0.09317576140165329,0.2922786474227905,0.3262794315814972,-0.10736541450023651,0.20946338772773743,0.6459971070289612,-0.05944278463721275,0.20008784532546997,0.5489921569824219,-0.08656273037195206,0.19807690382003784,0.48062965273857117,-0.10071013867855072,0.20095929503440857,0.41383159160614014,-0.10966893285512924
76515.704,0.2505635917186737,0.906328558921814,5.782086986982904e-07,0.3356342017650604,0.8704937100410461,-0.037037815898656845,0.4035879969596863,0.783611536026001,-0.05363079160451889,0.45058673620224,0.7048274874687195,-0.06852223724126816,0.49093905091285706,0.6416159868240356,-0.08355717360973358,0.36804261803627014,0.6189388632774353,-0.031327638775110245,0.399878591299057,0.5056466460227966,-0.06060671806335449,0.42000359296798706,0.432972252368927,-0.08532905578613281,0.4368721544742584,0.367229163646698,-0.10345758497714996,0.31624943017959595,0.600060760974884,-0.035649992525577545,0.3378138244152069,0.46979647874832153,-0.061193037778139114,0.3541021943092346,0.3824789524078369,-0.0847836285829544,0.36664849519729614,0.3047744035720825,-0.1024242416024208,0.26452621817588806,0.6118078231811523,-0.045176394283771515,0.2732129991054535,0.4883202314376831,-0.07114000618457794,0.28474828600883484,0.40552645921707153,-0.09110493957996368,0.29779642820358276,0.3285774290561676,-0.1051151305437088,0.2120298147201538,0.6467079520225525,-0.05854883790016174,0.20334938168525696,0.5498229265213013,-0.08529262244701385,0.20186567306518555,0.48094797134399414,-0.09920008480548859,0.2048165500164032,0.4132968783378601,-0.10795849561691284
76515.736,0.2504907250404358,0.9051500558853149,5.319705564943433e-07,0.3331392705440521,0.863877534866333,-0.03362124040722847,0.3981105089187622,0.7733622789382935,-0.048889610916376114,0.4464607238769531,0.6957442164421082,-0.06337393075227737,0.48724716901779175,0.632411003112793,-0.0781363770365715,0.3658639192581177,0.6158835887908936,-0.02664109878242016,0.3962082862854004,0.5042234659194946,-0.05530925095081329,0.4159248173236847,0.433528870344162,-0.08015311509370804,0.4332118332386017,0.36895880103111267,-0.09852633625268936,0.31659382581710815,0.5989967584609985,-0.0326622910797596,0.33741438388824463,0.47203558683395386,-0.05746522173285484,0.353807657957077,0.3860306143760681,-0.0809437483549118,0.3670811653137207,0.3092407286167145,-0.09873850643634796,0.2668860852718353,0.612201988697052,-0.043928444385528564,0.2767154276371002,0.4910309314727783,-0.06930599361658096,0.2899213433265686,0.40904802083969116,-0.08916884660720825,0.304601788520813,0.3330404758453369,-0.10329663008451462,0.21645519137382507,0.6482687592506409,-0.058882832527160645,0.20689398050308228,0.5533534288406372,-0.08526230603456497,0.20434799790382385,0.48438841104507446,-0.09916133433580399,0.20554226636886597,0.41671276092529297,-0.10810230672359467
76515.783,0.2551889419555664,0.9061394929885864,4.5542566340373014e-07,0.33604544401168823,0.853670597076416,-0.027366893365979195,0.3931695520877838,0.7528781890869141,-0.03836026415228844,0.4330082833766937,0.6702989339828491,-0.04999188333749771,0.464651882648468,0.6013463139533997,-0.06208771467208862,0.3589237332344055,0.6161319613456726,-0.018663639202713966,0.38644900918006897,0.5038961172103882,-0.04602016881108284,0.406463086605072,0.4371072053909302,-0.07003296166658401,0.42613935470581055,0.37542542815208435,-0.08771266788244247,0.31333962082862854,0.6020529270172119,-0.026466794312000275,0.3286803662776947,0.47805774211883545,-0.05009676516056061,0.3445948362350464,0.39401108026504517,-0.07289587706327438,0.35958850383758545,0.31741800904273987,-0.09042299538850784,0.26777055859565735,0.6167104244232178,-0.03939671441912651,0.27502959966659546,0.4980123043060303,-0.06325484812259674,0.2877950072288513,0.41677719354629517,-0.08289097249507904,0.30247679352760315,0.3411931097507477,-0.09726279973983765,0.2222829908132553,0.6538066267967224,-0.05565689876675606,0.20947808027267456,0.5621125102043152,-0.08102592080831528,0.2052145004272461,0.4937964081764221,-0.09526481479406357,0.2034473419189453,0.4277755618095398,-0.10481961816549301
76515.817,0.27029240131378174,0.9114903211593628,3.609499970025354e-07,0.3480680286884308,0.8457026481628418,-0.01832101121544838,0.39073261618614197,0.7340514063835144,-0.024996625259518623,0.41432082653045654,0.6512095928192139,-0.03378455340862274,0.4329487085342407,0.5817894339561462,-0.043751295655965805,0.3468005657196045,0.6103500127792358,-0.015288972295820713,0.36169782280921936,0.4989469647407532,-0.04339137300848961,0.38060352206230164,0.43673157691955566,-0.06675249338150024,0.4018203020095825,0.37840476632118225,-0.08377503603696823,0.3084345757961273,0.6083244681358337,-0.026931898668408394,0.31449609994888306,0.4869951009750366,-0.05177232623100281,0.33047229051589966,0.4061160087585449,-0.07370524108409882,0.34748613834381104,0.3298840820789337,-0.0907319113612175,0.2698710858821869,0.6329843997955322,-0.043183114379644394,0.2671854496002197,0.5154073238372803,-0.06889279931783676,0.27704212069511414,0.43557193875312805,-0.08898210525512695,0.2901236414909363,0.3610202372074127,-0.10346169024705887,0.23186266422271729,0.6788066625595093,-0.06178504601120949,0.21375170350074768,0.5880275964736938,-0.08920848369598389,0.20705324411392212,0.5194008946418762,-0.10540465265512466,0.20199106633663177,0.45319288969039917,-0.11664518713951111
76515.847,0.2806919515132904,0.9127193689346313,2.7996841822641727e-07,0.351352334022522,0.8354946374893188,-0.010809548199176788,0.37706416845321655,0.7171293497085571,-0.01529770065099001,0.3876621127128601,0.6333209276199341,-0.023297656327486038,0.40351906418800354,0.5640512108802795,-0.03244766592979431,0.32867470383644104,0.6118711829185486,-0.010454935021698475,0.33982276916503906,0.5044077038764954,-0.038650378584861755,0.35825613141059875,0.4459962844848633,-0.06067277118563652,0.3792062997817993,0.3933659493923187,-0.07681097090244293,0.2979283034801483,0.6181004047393799,-0.025008179247379303,0.29895612597465515,0.5019501447677612,-0.050761252641677856,0.3136745095252991,0.42595893144607544,-0.07107581943273544,0.3289370536804199,0.3553721606731415,-0.08651314675807953,0.2695496678352356,0.6506581902503967,-0.04371031001210213,0.2612854242324829,0.5354692935943604,-0.07188873738050461,0.26866915822029114,0.46472805738449097,-0.09004893898963928,0.2784899175167084,0.3969736397266388,-0.10264605283737183,0.24540019035339355,0.70344078540802,-0.06380829960107803,0.22468392550945282,0.6242715120315552,-0.09424152225255966,0.2154424786567688,0.5615066289901733,-0.11091849207878113,0.20696060359477997,0.4995543360710144,-0.12205918878316879
76515.881,0.2890293598175049,0.9202850461006165,1.7826860698733071e-07,0.35386425256729126,0.8337515592575073,-0.005621759686619043,0.36852478981018066,0.7170157432556152,-0.00917172059416771,0.37298324704170227,0.6379873156547546,-0.01640617661178112,0.3839122951030731,0.5718970894813538,-0.025223424658179283,0.3268735706806183,0.62970370054245,-0.012559291906654835,0.3295919895172119,0.5302156209945679,-0.03972470387816429,0.34282150864601135,0.47201383113861084,-0.06048789247870445,0.3589024245738983,0.41964372992515564,-0.07633363455533981,0.30075839161872864,0.6442147493362427,-0.028583364561200142,0.2931201159954071,0.5358622074127197,-0.055075503885746,0.306378573179245,0.46848028898239136,-0.0754195973277092,0.3204852342605591,0.4046269953250885,-0.09073864668607712,0.2783167064189911,0.6833271980285645,-0.047511402517557144,0.2641974687576294,0.5838077664375305,-0.07705971598625183,0.27377238869667053,0.5218282341957092,-0.09531334787607193,0.2846081554889679,0.46042880415916443,-0.10775367170572281,0.2623952329158783,0.7402015924453735,-0.06702133268117905,0.24464401602745056,0.673380434513092,-0.09692859649658203,0.23741355538368225,0.620318591594696,-0.11322663724422455,0.23105499148368835,0.567018985748291,-0.12444349378347397
76515.912,0.2961118817329407,0.942050039768219,1.991121507671778e-07,0.35484862327575684,0.838952898979187,-0.002137628383934498,0.3610509932041168,0.7298222780227661,-0.005712373182177544,0.36188894510269165,0.6559468507766724,-0.014185221865773201,0.3721294403076172,0.591888427734375,-0.023789096623659134,0.3119037449359894,0.6585553288459778,0.0005411693127825856,0.305254727602005,0.5680618286132812,-0.025834957137703896,0.3213489055633545,0.5139448642730713,-0.04773939400911331,0.34114718437194824,0.46818026900291443,-0.06305339932441711,0.2919378876686096,0.675126314163208,-0.014801153913140297,0.28311604261398315,0.5802085399627686,-0.03882458806037903,0.3057875633239746,0.5256207585334778,-0.05737921968102455,0.3303682506084442,0.48038461804389954,-0.07058641314506531,0.2761785387992859,0.7099096775054932,-0.0334395132958889,0.26036515831947327,0.6234838962554932,-0.05789440870285034,0.28078919649124146,0.5731024742126465,-0.06967093050479889,0.304452508687973,0.5316189527511597,-0.07701950520277023,0.2647228240966797,0.7572041153907776,-0.05301111564040184,0.24414828419685364,0.6966768503189087,-0.07392396777868271,0.2507071793079376,0.6532508730888367,-0.08258523046970367,0.2636944353580475,0.6162186861038208,-0.08817283809185028
76515.945,0.2978304922580719,0.9648674130439758,3.455428156939888e-07,0.35603129863739014,0.8580854535102844,0.0012705127010121942,0.3608798384666443,0.757502555847168,-0.0074530793353915215,0.360634446144104,0.6891425251960754,-0.020979681983590126,0.3658287525177002,0.6327598094940186,-0.036863166838884354,0.29314136505126953,0.6953593492507935,-0.022670822218060493,0.29385778307914734,0.6008766293525696,-0.057539235800504684,0.32169580459594727,0.5519059300422668,-0.08412690460681915,0.35361242294311523,0.5194262862205505,-0.10193843394517899,0.2770741283893585,0.726274311542511,-0.043435074388980865,0.2805362045764923,0.6214631199836731,-0.07470172643661499,0.313595712184906,0.5706872344017029,-0.09642939269542694,0.346443772315979,0.5357707142829895,-0.11226506531238556,0.271833211183548,0.7755630016326904,-0.06509590148925781,0.271030992269516,0.6798996329307556,-0.09604054689407349,0.29979875683784485,0.6346601247787476,-0.1097424104809761,0.3286551535129547,0.6019729375839233,-0.118911013007164,0.27622857689857483,0.8346942067146301,-0.08645119518041611,0.27192991971969604,0.7751542329788208,-0.11234121769666672,0.2883969247341156,0.7336875200271606,-0.12093812972307205,0.3079262971878052,0.7031537294387817,-0.1266193389892578
76515.976,0.3138675093650818,0.9894189834594727,3.4797508874362393e-07,0.3540318012237549,0.8770883083343506,0.0016600049566477537,0.3559693694114685,0.7774936556816101,-0.007421731948852539,0.35181164741516113,0.7078332901000977,-0.021404456347227097,0.3614320158958435,0.6559837460517883,-0.03780326992273331,0.28620854020118713,0.7204273343086243,-0.027532951906323433,0.28921160101890564,0.6358853578567505,-0.06295929104089737,0.32238098978996277,0.5990387201309204,-0.09008573740720749,0.361101359128952,0.5851278305053711,-0.1075575202703476,0.2730320394039154,0.7588272094726562,-0.047577034682035446,0.27749624848365784,0.6742072105407715,-0.08018127083778381,0.3164042532444,0.6363860368728638,-0.10143179446458817,0.3561144173145294,0.6213149428367615,-0.11618629097938538,0.2723616361618042,0.8186009526252747,-0.06791679561138153,0.2780553698539734,0.7485361099243164,-0.10117613524198532,0.31766200065612793,0.7177693843841553,-0.1154400184750557,0.35523924231529236,0.7051461935043335,-0.12366427481174469,0.2822114825248718,0.8903810381889343,-0.08767750859260559,0.2922719120979309,0.8479686975479126,-0.1158396303653717,0.31961125135421753,0.8220700025558472,-0.12439299374818802,0.34792226552963257,0.8109273314476013,-0.12854446470737457
76516.104,0.3395404815673828,0.9954528212547302,1.6292882776269835e-07,0.34485286474227905,0.9181637763977051,-0.013693375512957573,0.35742446780204773,0.8514987826347351,-0.018453333526849747,0.36849066615104675,0.796999990940094,-0.024581532925367355,0.38056427240371704,0.7493618726730347,-0.030051739886403084,0.40625137090682983,0.8626599311828613,0.023253990337252617,0.4362393021583557,0.839854896068573,0.027381861582398415,0.45140233635902405,0.8411102294921875,0.02460900880396366,0.45783403515815735,0.8487791419029236,0.022302784025669098,0.4133986532688141,0.9004250764846802,0.02751883678138256,0.4426683187484741,0.8831164836883545,0.03922722488641739,0.45571938157081604,0.8893113136291504,0.03667854145169258,0.4667487144470215,0.893252432346344,0.03157051280140877,0.4170111119747162,0.9353877305984497,0.02790565975010395,0.44894295930862427,0.9259564280509949,0.034994613379240036,0.46300172805786133,0.9323709607124329,0.03352166339755058,0.47152647376060486,0.9354861378669739,0.029788870364427567,0.4167380630970001,0.9678162336349487,0.026636559516191483,0.4478357136249542,0.963560938835144,0.03007921203970909,0.4668269455432892,0.9689958691596985,0.031987641006708145,0.4802802801132202,0.9741806387901306,0.032642193138599396
76516.136,0.3457472622394562,0.9504413604736328,7.345155239590895e-08,0.3498755991458893,0.9019694924354553,-0.015914825722575188,0.3601943850517273,0.8521361351013184,-0.028355548158288002,0.36486512422561646,0.8136382102966309,-0.04014749079942703,0.3783605098724365,0.7837817668914795,-0.0523623526096344,0.3796354830265045,0.8973019123077393,-0.029491478577256203,0.3982226848602295,0.8862994909286499,-0.047329630702733994,0.408798485994339,0.8748605847358704,-0.06009893864393234,0.41628900170326233,0.8702267408370972,-0.0682675763964653,0.3877260088920593,0.9372255802154541,-0.03175007179379463,0.4178881049156189,0.9372034668922424,-0.04641607776284218,0.43653324246406555,0.937043309211731,-0.057058174163103104,0.45256713032722473,0.9375590085983276,-0.06670477986335754,0.3931690752506256,0.9673405885696411,-0.03507544845342636,0.4247199594974518,0.9798004031181335,-0.05400167033076286,0.4473382532596588,0.9854304194450378,-0.06249699369072914,0.4644583761692047,0.988930344581604,-0.06796037405729294,0.39294999837875366,0.9907380938529968,-0.038706496357917786,0.4222278594970703,1.0043184757232666,-0.05455058440566063,0.44330766797065735,1.014100432395935,-0.05867285281419754,0.4589386582374573,1.0204603672027588,-0.06174847111105919
76516.168,0.357320636510849,0.9579132199287415,9.369681208681868e-08,0.3606979250907898,0.9087369441986084,-0.019857600331306458,0.36606109142303467,0.8636170625686646,-0.03865949064493179,0.37215545773506165,0.828707218170166,-0.055624134838581085,0.38331812620162964,0.796683669090271,-0.07357534021139145,0.3837197721004486,0.915640652179718,-0.04076463356614113,0.3930284082889557,0.9191433787345886,-0.05991286784410477,0.4047584533691406,0.9165050387382507,-0.07551798969507217,0.413613498210907,0.917688250541687,-0.08682353049516678,0.37594595551490784,0.9578593373298645,-0.04301726818084717,0.3900354206562042,0.9609474539756775,-0.056762732565402985,0.40554583072662354,0.9624361991882324,-0.06490644812583923,0.41726183891296387,0.9640611410140991,-0.0742446556687355,0.3674769699573517,0.9896221160888672,-0.04613586142659187,0.3807675242424011,1.0024675130844116,-0.06163160502910614,0.3963579833507538,1.0083166360855103,-0.062016818672418594,0.4086836874485016,1.0116453170776367,-0.06373494118452072,0.3564426600933075,1.0151479244232178,-0.050640057772397995,0.36749303340911865,1.0368876457214355,-0.06389464437961578,0.37872639298439026,1.0486912727355957,-0.06190957874059677,0.3877210319042206,1.0530524253845215,-0.06137688830494881
76516.217,0.35139593482017517,0.9616848826408386,1.7573982802332466e-07,0.3630099892616272,0.9139068126678467,-0.020057056099176407,0.37444162368774414,0.8726372122764587,-0.03797765076160431,0.3799532353878021,0.8432245254516602,-0.05369195714592934,0.38700416684150696,0.8137879371643066,-0.06991905719041824,0.3736761510372162,0.9312862753868103,-0.04056963697075844,0.3950824439525604,0.9396668672561646,-0.05665756016969681,0.4125935733318329,0.9428923726081848,-0.0688103586435318,0.4259198307991028,0.9472621083259583,-0.0778234675526619,0.36409375071525574,0.9747335910797119,-0.041016075760126114,0.3839960992336273,0.9838095903396606,-0.05353705957531929,0.4016803205013275,0.9902855157852173,-0.059817396104335785,0.41512879729270935,0.9950568675994873,-0.06730592250823975,0.3558047115802765,1.0045479536056519,-0.042082443833351135,0.37098759412765503,1.0177040100097656,-0.05498135834932327,0.388381689786911,1.0251659154891968,-0.05395793914794922,0.40219318866729736,1.0307652950286865,-0.0544886440038681,0.3466585576534271,1.024285912513733,-0.044546231627464294,0.35787519812583923,1.0434321165084839,-0.05367739126086235,0.371235191822052,1.0541735887527466,-0.05039670318365097,0.38239479064941406,1.0598812103271484,-0.049284469336271286
76516.248,0.3446195423603058,0.9884973764419556,1.7399391083472437e-07,0.3491535782814026,0.9363329410552979,-0.042183876037597656,0.3641629219055176,0.8900328278541565,-0.07711274921894073,0.3785335123538971,0.8607155680656433,-0.10396808385848999,0.39900141954421997,0.8355562686920166,-0.1319596916437149,0.3622404634952545,0.9437537789344788,-0.09856848418712616,0.3906720280647278,0.9553268551826477,-0.13222253322601318,0.4134116768836975,0.9632692337036133,-0.15174606442451477,0.4320465326309204,0.9703215956687927,-0.16374647617340088,0.3556108772754669,0.9956792593002319,-0.0902157723903656,0.39052996039390564,1.0128631591796875,-0.11619308590888977,0.414836585521698,1.0199453830718994,-0.12650106847286224,0.43212977051734924,1.0256763696670532,-0.1365772932767868,0.3517606258392334,1.034713625907898,-0.08155742287635803,0.38157880306243896,1.0535094738006592,-0.10561792552471161,0.4044746458530426,1.0600861310958862,-0.11196959763765335,0.42062950134277344,1.0648905038833618,-0.11741171777248383,0.34906455874443054,1.0591193437576294,-0.07468073815107346,0.37234747409820557,1.0741662979125977,-0.09366562217473984,0.3869594931602478,1.0798039436340332,-0.09824024140834808,0.39747557044029236,1.0842103958129883,-0.1025887057185173
76516.279,0.3514685034751892,1.0042684078216553,1.6968036220532667e-07,0.3560572862625122,0.9505771398544312,-0.032394710928201675,0.3728976845741272,0.9011544585227966,-0.060080744326114655,0.38628894090652466,0.8716283440589905,-0.08205573260784149,0.405219703912735,0.8434774875640869,-0.10538210719823837,0.3687126636505127,0.9517953991889954,-0.07954870164394379,0.39743295311927795,0.9584490656852722,-0.10669754445552826,0.4205615520477295,0.9684062600135803,-0.1233290582895279,0.4404550790786743,0.9810062646865845,-0.13477274775505066,0.3626978397369385,1.004162073135376,-0.0766286849975586,0.39688605070114136,1.0152531862258911,-0.09786886721849442,0.4219608008861542,1.0257604122161865,-0.10741817951202393,0.44286617636680603,1.0397186279296875,-0.1180853620171547,0.3583500385284424,1.0458340644836426,-0.07339205592870712,0.38766226172447205,1.058241605758667,-0.0935940369963646,0.41119223833084106,1.0694249868392944,-0.09863455593585968,0.4296410381793976,1.0816047191619873,-0.10420925170183182,0.35313934087753296,1.0772857666015625,-0.0717347040772438,0.3762052059173584,1.0891382694244385,-0.08834689110517502,0.3951014280319214,1.0997029542922974,-0.09212271124124527,0.4113043248653412,1.1099458932876587,-0.09675037115812302
76518.6,0.6064211130142212,1.0068284273147583,2.3413782912484749e-07,0.5502402782440186,0.9329870343208313,-0.029919706284999847,0.5105341672897339,0.8344617486000061,-0.05388291925191879,0.48206067085266113,0.7611950635910034,-0.07704581320285797,0.45172351598739624,0.7066215872764587,-0.1009325161576271,0.5750782489776611,0.718886137008667,-0.045263826847076416,0.5845444798469543,0.5960034132003784,-0.07368094474077225,0.5960526466369629,0.5314973592758179,-0.09340652078390121,0.6100196838378906,0.4752994179725647,-0.10781002044677734,0.6221880316734314,0.7334356307983398,-0.051433105021715164,0.6416562795639038,0.6116395592689514,-0.07584705203771591,0.6522117257118225,0.5418134331703186,-0.09193973243236542,0.6635057330131531,0.4840434193611145,-0.10478512942790985,0.6645288467407227,0.7766416072845459,-0.061264555901288986,0.6892194747924805,0.6580003499984741,-0.08705168962478638,0.6971285939216614,0.5814058780670166,-0.10304118692874908,0.7045525312423706,0.5180764198303223,-0.11435331404209137,0.7024824023246765,0.8395429849624634,-0.0736808031797409,0.7521569728851318,0.7667526602745056,-0.09605226665735245,0.7803866863250732,0.7143107652664185,-0.10799592733383179,0.804989755153656,0.663417398929596,-0.11683548241853714
76518.632,0.6580798029899597,0.9638795256614685,5.875211286365811e-07,0.5862970948219299,0.9043252468109131,-0.03240392729640007,0.5375975966453552,0.7975019812583923,-0.05155934765934944,0.5133126378059387,0.7124773263931274,-0.06787711381912231,0.4997885227203369,0.6433741450309753,-0.08413032442331314,0.6063843965530396,0.6614028811454773,-0.0434289425611496,0.5930687785148621,0.5407924652099609,-0.0761113166809082,0.5784986615180969,0.46882376074790955,-0.1002640351653099,0.5615531206130981,0.40545573830604553,-0.11678539216518402,0.6593098640441895,0.6665304899215698,-0.05134221911430359,0.6663230657577515,0.5310709476470947,-0.08126828074455261,0.6631201505661011,0.4444176256656647,-0.10477135330438614,0.6576902866363525,0.3705046474933624,-0.12002663314342499,0.7066704034805298,0.7025403380393982,-0.06330208480358124,0.7251039147377014,0.5712910294532776,-0.09828977286815643,0.7267265319824219,0.48578235507011414,-0.12262751907110214,0.7263294458389282,0.40760406851768494,-0.13764676451683044,0.7477898597717285,0.763385534286499,-0.07685619592666626,0.7960923314094543,0.6738229990005493,-0.11086238920688629,0.8255846500396729,0.6096210479736328,-0.12717501819133759,0.8503503203392029,0.5471923351287842,-0.13630002737045288
76518.663,0.7025851607322693,0.9093513488769531,6.388462452378008e-07,0.6234220266342163,0.8514153361320496,-0.0345873087644577,0.5683479309082031,0.7444730997085571,-0.05275484547019005,0.5404735803604126,0.6537238955497742,-0.06850902736186981,0.5232758522033691,0.575023353099823,-0.08369434624910355,0.6336069703102112,0.6003506183624268,-0.03454412519931793,0.6128955483436584,0.478495329618454,-0.06585951149463654,0.5972799062728882,0.40130582451820374,-0.09037722647190094,0.582782506942749,0.3330240547657013,-0.10791628807783127,0.6886997222900391,0.5967220067977905,-0.04117213189601898,0.6903820037841797,0.45977699756622314,-0.06898832321166992,0.6889206171035767,0.3708586096763611,-0.09258772432804108,0.6868284940719604,0.29521143436431885,-0.10877393931150436,0.7396022081375122,0.6239264607429504,-0.053029000759124756,0.7516281604766846,0.49138426780700684,-0.08682475239038467,0.7521478533744812,0.40665969252586365,-0.1106010302901268,0.7508893013000488,0.32902035117149353,-0.12573078274726868,0.7864276766777039,0.6779655814170837,-0.0672660619020462,0.8311178684234619,0.5872222781181335,-0.10075443983078003,0.8593927621841431,0.5221744179725647,-0.1173648089170456,0.8827013969421387,0.459464967250824,-0.12705419957637787
76518.696,0.7380954027175903,0.8504288196563721,6.813961590523832e-07,0.6546662449836731,0.7934343218803406,-0.034960538148880005,0.5940430164337158,0.6945514678955078,-0.05401322990655899,0.5617599487304688,0.6063660979270935,-0.07059316337108612,0.541571855545044,0.5282891392707825,-0.0862429141998291,0.6510606408119202,0.5433939099311829,-0.033332981169223785,0.6289929747581482,0.41906100511550903,-0.06336203962564468,0.6141738295555115,0.3411405086517334,-0.08695734292268753,0.6024560332298279,0.27227774262428284,-0.10415824502706528,0.7081859707832336,0.5353249311447144,-0.03918521851301193,0.7087863683700562,0.39680391550064087,-0.0653851181268692,0.7100403308868408,0.30921825766563416,-0.08790842443704605,0.7110086679458618,0.23362815380096436,-0.10391039401292801,0.762157142162323,0.5579000115394592,-0.050348516553640366,0.7719255089759827,0.4257357120513916,-0.08301118016242981,0.7717277407646179,0.3428157866001129,-0.10582156479358673,0.7697776556015015,0.26527974009513855,-0.12078765034675598,0.8145933747291565,0.6068932414054871,-0.0639684647321701,0.8565887212753296,0.5148205161094666,-0.09717444330453873,0.8827769160270691,0.4516937732696533,-0.11332301795482635,0.9038388729095459,0.39030903577804565,-0.12269080430269241
76518.727,0.7650122046470642,0.7954158782958984,7.077132977428846e-07,0.677908182144165,0.742841362953186,-0.036589231342077255,0.6130724549293518,0.6455173492431641,-0.05661051347851753,0.5775160193443298,0.5547927021980286,-0.07391618937253952,0.5483236312866211,0.4767904281616211,-0.09039710462093353,0.6693183183670044,0.49758410453796387,-0.03732096031308174,0.6436952352523804,0.373992919921875,-0.06869132071733475,0.6279866099357605,0.2949883043766022,-0.09276459366083145,0.6161532402038574,0.22391214966773987,-0.11064673215150833,0.7267143726348877,0.48452287912368774,-0.0433959998190403,0.7233459949493408,0.3424989581108093,-0.07179249823093414,0.7241686582565308,0.2519221901893616,-0.09493730962276459,0.7254868149757385,0.17273485660552979,-0.11146951466798782,0.7822468280792236,0.503653883934021,-0.054664209485054016,0.7877501249313354,0.3682323694229126,-0.08985628187656403,0.7869317531585693,0.2841476500034332,-0.11216353625059128,0.7845078706741333,0.20591729879379272,-0.12654097378253937,0.8382063508033752,0.5495547652244568,-0.0684356763958931,0.8764514923095703,0.4522551894187927,-0.10359246283769608,0.900697648525238,0.3880276679992676,-0.11926695704460144,0.918980062007904,0.32660096883773804,-0.12820756435394287
76518.762,0.7818682789802551,0.7631951570510864,7.056158324303397e-07,0.6921015381813049,0.7167877554893494,-0.03538651391863823,0.624599814414978,0.6133235096931458,-0.053318023681640625,0.585758626461029,0.519263744354248,-0.06856585294008255,0.547824501991272,0.4452647566795349,-0.08316577970981598,0.6820605397224426,0.4597755968570709,-0.03342708572745323,0.6539251208305359,0.33348509669303894,-0.062189359217882156,0.6362159848213196,0.25332024693489075,-0.08508610725402832,0.6227652430534363,0.18259379267692566,-0.10254593193531036,0.7388737201690674,0.44547346234321594,-0.03960828855633736,0.7316589951515198,0.2994743585586548,-0.06558635085821152,0.7299981713294983,0.2061488926410675,-0.08841405063867569,0.7292832732200623,0.1258554756641388,-0.105046346783638,0.7948399186134338,0.463199257850647,-0.05085005238652229,0.7972681522369385,0.32333624362945557,-0.08431866765022278,0.7959778904914856,0.23652049899101257,-0.10693200677633286,0.7931772470474243,0.1570143699645996,-0.12193561345338821,0.8524183034896851,0.5072201490402222,-0.06445911526679993,0.8896807432174683,0.4063068628311157,-0.09870367497205734,0.9143770933151245,0.3393186330795288,-0.11425752937793732,0.9331489205360413,0.2755832374095917,-0.12336825579404831
76518.809,0.7962096333503723,0.737816572189331,7.246900963764347e-07,0.704876720905304,0.694668173789978,-0.0378265455365181,0.6349450349807739,0.590175986289978,-0.055723074823617935,0.5944277048110962,0.493163526058197,-0.07044786959886551,0.5522695183753967,0.4204472303390503,-0.08443430066108704,0.6912264823913574,0.43105289340019226,-0.03423166275024414,0.6628038287162781,0.30180326104164124,-0.06216379255056381,0.6450596451759338,0.22051411867141724,-0.08443526178598404,0.631566047668457,0.14889472723007202,-0.101735919713974,0.7501040697097778,0.41576606035232544,-0.03944839537143707,0.7424153089523315,0.26504966616630554,-0.06443639099597931,0.7407624125480652,0.1692836582660675,-0.08667721599340439,0.7395657896995544,0.08761247992515564,-0.10333847254514694,0.8072581887245178,0.43278053402900696,-0.05011525750160217,0.8090263605117798,0.2900788486003876,-0.08310052007436752,0.8070446252822876,0.20254084467887878,-0.10574936866760254,0.803071916103363,0.12234508991241455,-0.12114492058753967,0.8657212853431702,0.47542789578437805,-0.06342426687479019,0.9029502868652344,0.37392282485961914,-0.09716146439313889,0.9276107549667358,0.30703675746917725,-0.11278936266899109,0.945971667766571,0.24313361942768097,-0.12242066860198975
76518.842,0.8079345226287842,0.7233948111534119,7.633214522684284e-07,0.7171756625175476,0.6835270524024963,-0.04212219640612602,0.645634651184082,0.5765349864959717,-0.059648334980010986,0.6018921732902527,0.47725287079811096,-0.07317078858613968,0.5560217499732971,0.4057465195655823,-0.08566554635763168,0.6977114081382751,0.41097742319107056,-0.03395358473062515,0.669812023639679,0.27934837341308594,-0.060508813709020615,0.6526058912277222,0.1952492594718933,-0.08172687143087387,0.6399219036102295,0.12219402194023132,-0.09866110980510712,0.758446216583252,0.3926096260547638,-0.03665952757000923,0.7518644332885742,0.2408991903066635,-0.060174454003572464,0.7513495683670044,0.14319932460784912,-0.08129686862230301,0.7508856058120728,0.061228275299072266,-0.09751869738101959,0.8169276118278503,0.40816688537597656,-0.045565515756607056,0.8175773024559021,0.2662121653556824,-0.07792963087558746,0.8147175312042236,0.17822879552841187,-0.10098788887262344,0.8099486827850342,0.09816130995750427,-0.117018923163414,0.8762385845184326,0.44948717951774597,-0.05765204131603241,0.9132906198501587,0.3503737449645996,-0.09123239666223526,0.9377462863922119,0.2833876311779022,-0.10820546746253967,0.9560340046882629,0.21900396049022675,-0.11927782744169235
76518.872,0.8123300671577454,0.7160685062408447,7.485807032026059e-07,0.7212220430374146,0.677929162979126,-0.04582509398460388,0.6489267945289612,0.5699983835220337,-0.06468836963176727,0.6053310632705688,0.4704252779483795,-0.07896146923303604,0.5577869415283203,0.4004659652709961,-0.09247701615095139,0.7033965587615967,0.39929741621017456,-0.03781598061323166,0.6748714447021484,0.2677510976791382,-0.06663089990615845,0.6569979786872864,0.1824617087841034,-0.08947345614433289,0.6440726518630981,0.1076105535030365,-0.10770759731531143,0.7644302845001221,0.380281537771225,-0.03980156406760216,0.7563652992248535,0.22812138497829437,-0.06584347039461136,0.754679262638092,0.12825444340705872,-0.08849836885929108,0.7533493638038635,0.042881131172180176,-0.10599800944328308,0.8219219446182251,0.3956221044063568,-0.04837572202086449,0.8220192790031433,0.25273990631103516,-0.08314276486635208,0.8194996118545532,0.16242259740829468,-0.10717112571001053,0.8148802518844604,0.07952570915222168,-0.12396734207868576,0.879985511302948,0.4369560778141022,-0.06057563051581383,0.9166607856750488,0.33732670545578003,-0.09608890861272812,0.9410572052001953,0.26901310682296753,-0.11428654938936234,0.9589478969573975,0.2028045356273651,-0.1264944225549698
76518.904,0.8139033913612366,0.7154130935668945,7.249769282680063e-07,0.7231672406196594,0.6753370761871338,-0.04381368309259415,0.6497628688812256,0.5645183324813843,-0.06148608401417732,0.6058149337768555,0.4653278589248657,-0.0748908743262291,0.5568302869796753,0.39896178245544434,-0.0879693329334259,0.7033467888832092,0.3958701193332672,-0.03647588565945625,0.6748708486557007,0.263421893119812,-0.06511934846639633,0.6569373607635498,0.1766272783279419,-0.08809228986501694,0.6439787745475769,0.10052013397216797,-0.10648541897535324,0.7648810148239136,0.37671223282814026,-0.03932822868227959,0.7573085427284241,0.22339926660060883,-0.06464940309524536,0.7557714581489563,0.12253731489181519,-0.08714809268712997,0.7547333240509033,0.03601965308189392,-0.10472890734672546,0.8229336738586426,0.3919762969017029,-0.04853503033518791,0.8230932354927063,0.24786899983882904,-0.08215032517910004,0.8206431269645691,0.15603676438331604,-0.10577265918254852,0.8163236975669861,0.07164064049720764,-0.12264613062143326,0.8812134861946106,0.43307337164878845,-0.061276163905858994,0.917321503162384,0.3331218361854553,-0.09531532973051071,0.9422116279602051,0.26446348428726196,-0.11263005435466766,0.960863471031189,0.1979396939277649,-0.12456890940666199
76518.936,0.8130825757980347,0.7150219678878784,7.300894253603474e-07,0.7236388921737671,0.6753791570663452,-0.047482576221227646,0.649364709854126,0.5685290694236755,-0.0674452856183052,0.6045343279838562,0.47027096152305603,-0.08241355419158936,0.5561666488647461,0.40074360370635986,-0.09686898440122604,0.7012925744056702,0.3957417607307434,-0.04028256982564926,0.672252357006073,0.26396775245666504,-0.07047030329704285,0.6542022228240967,0.17716290056705475,-0.09465666860342026,0.6419468522071838,0.10036984086036682,-0.11375827342271805,0.762765109539032,0.37520647048950195,-0.04155910015106201,0.755092978477478,0.2226485311985016,-0.06753715127706528,0.7535038590431213,0.122717946767807,-0.09019758552312851,0.7526983618736267,0.03635469079017639,-0.10802096873521805,0.8207399845123291,0.38936832547187805,-0.049524854868650436,0.8218645453453064,0.24560683965682983,-0.0831305980682373,0.8200830221176147,0.15352320671081543,-0.10623952746391296,0.8161710500717163,0.06841152906417847,-0.12298326939344406,0.8790566921234131,0.42970651388168335,-0.0614435151219368,0.9150149822235107,0.3293125033378601,-0.09523867815732956,0.940026581287384,0.2608105540275574,-0.1120985895395279,0.9584668874740601,0.19474169611930847,-0.12382041662931442
76518.968,0.8099943399429321,0.7169523239135742,7.238559760480712e-07,0.7199730277061462,0.6769355535507202,-0.04618578776717186,0.6450524926185608,0.5699412822723389,-0.06564199179410934,0.5994902849197388,0.4709763824939728,-0.0804504007101059,0.5495911836624146,0.403313010931015,-0.09495492279529572,0.6977270841598511,0.3983815312385559,-0.03887660428881645,0.6685530543327332,0.26814204454421997,-0.06859113276004791,0.6501089334487915,0.1814882904291153,-0.09256801754236221,0.6373475790023804,0.10422715544700623,-0.11173991858959198,0.7592493891716003,0.3772611618041992,-0.04072435572743416,0.7517910599708557,0.22450560331344604,-0.06610047817230225,0.7496045827865601,0.12416034936904907,-0.0885997861623764,0.7480410933494568,0.0374913215637207,-0.10654248297214508,0.8173347115516663,0.391065388917923,-0.04915645718574524,0.8183313012123108,0.2482479065656662,-0.0818018689751625,0.8158791661262512,0.1560327410697937,-0.10469941049814224,0.8111879825592041,0.0715964138507843,-0.12162626534700394,0.8754025101661682,0.43111294507980347,-0.061487674713134766,0.9116495847702026,0.3313293159008026,-0.0941346064209938,0.9367535710334778,0.26202017068862915,-0.11077461391687393,0.9551870226860046,0.19558192789554596,-0.12269847095012665
76519.0,0.8048617243766785,0.7199170589447021,7.147044129851565e-07,0.7144659161567688,0.6800574064254761,-0.04580508917570114,0.6393746137619019,0.5712913274765015,-0.06437955051660538,0.5939311981201172,0.47198188304901123,-0.07828764617443085,0.5439649820327759,0.40568244457244873,-0.0918632373213768,0.6933029294013977,0.40174543857574463,-0.03748534992337227,0.6643184423446655,0.2715097963809967,-0.06616057455539703,0.6461993455886841,0.1855275183916092,-0.0893508568406105,0.633603572845459,0.10919749736785889,-0.10803033411502838,0.7545287609100342,0.38062769174575806,-0.03915753588080406,0.7477526068687439,0.22796578705310822,-0.06355878710746765,0.7458405494689941,0.12778058648109436,-0.08545198291540146,0.7446495294570923,0.04137784242630005,-0.1030031070113182,0.8122010827064514,0.39434337615966797,-0.047444235533475876,0.813614010810852,0.251112699508667,-0.07938141375780106,0.8118295669555664,0.15934395790100098,-0.10209353268146515,0.8078679442405701,0.07512539625167847,-0.11896783113479614,0.8697986602783203,0.4345166087150574,-0.05960715934634209,0.9063453674316406,0.3358444273471832,-0.0921362042427063,0.9318316578865051,0.26718682050704956,-0.10885369777679443,0.950774073600769,0.20113126933574677,-0.12083330005407333
76519.034,0.7998627424240112,0.7204749584197998,7.108439490366436e-07,0.7098487615585327,0.6796587705612183,-0.045764271169900894,0.6353301405906677,0.5723100304603577,-0.06443308293819427,0.5896660685539246,0.474383682012558,-0.07854478806257248,0.5395922064781189,0.40887898206710815,-0.09230960160493851,0.6888043284416199,0.40410515666007996,-0.03697119653224945,0.66033536195755,0.27463310956954956,-0.06553923338651657,0.6422550082206726,0.1894502341747284,-0.08872973173856735,0.6294455528259277,0.11342272162437439,-0.1074654683470726,0.7495157122612,0.3833277225494385,-0.03853067755699158,0.7424024939537048,0.23200543224811554,-0.06289703398942947,0.7400673627853394,0.1331290304660797,-0.08473838120698929,0.7385276556015015,0.04719787836074829,-0.10231878608465195,0.8067678809165955,0.3969237208366394,-0.04676063731312752,0.8073662519454956,0.25497931241989136,-0.07845383137464523,0.8049715757369995,0.16389727592468262,-0.10100474208593369,0.8008100390434265,0.08015227317810059,-0.11787477135658264,0.864036500453949,0.4362768828868866,-0.05891616642475128,0.9001051187515259,0.3388890326023102,-0.09110349416732788,0.925446093082428,0.27047228813171387,-0.1077921986579895,0.9446244239807129,0.2045493721961975,-0.11986885219812393
76519.066,0.7944300174713135,0.7206563353538513,7.054922548377363e-07,0.7053002119064331,0.680587887763977,-0.04559728875756264,0.6314979791641235,0.5734401941299438,-0.06429702788591385,0.5847554206848145,0.47616496682167053,-0.07849813997745514,0.5340759754180908,0.41130027174949646,-0.09236736595630646,0.6843414902687073,0.40443119406700134,-0.03592826426029205,0.655411422252655,0.2760428786277771,-0.06420011073350906,0.6368650197982788,0.19186894595623016,-0.08738645911216736,0.6237494945526123,0.11704668402671814,-0.10608138889074326,0.7445608377456665,0.3845967948436737,-0.037452612072229385,0.736555278301239,0.23454174399375916,-0.06162479892373085,0.733332097530365,0.13648095726966858,-0.08371511846780777,0.7311813235282898,0.051345378160476685,-0.10140211135149002,0.801357090473175,0.39864084124565125,-0.045643407851457596,0.8017719388008118,0.2582325339317322,-0.07720477879047394,0.7989329695701599,0.1674104928970337,-0.10009384155273438,0.7943583130836487,0.0839487612247467,-0.11715779453516006,0.85800701379776,0.438156396150589,-0.057712163776159286,0.8936965465545654,0.341609388589859,-0.08970474451780319,0.9188831448554993,0.27424925565719604,-0.10636930912733078,0.9380691647529602,0.209368035197258,-0.1183905377984047
76519.097,0.789429247379303,0.7197827100753784,7.147477845137473e-07,0.699758768081665,0.6795647144317627,-0.04588910937309265,0.6263009309768677,0.5721449851989746,-0.0644594132900238,0.5798734426498413,0.47545909881591797,-0.07838288694620132,0.5304792523384094,0.40953290462493896,-0.09185510128736496,0.6798338890075684,0.40459680557250977,-0.03621502220630646,0.6516909599304199,0.2762535810470581,-0.06427984684705734,0.6338262557983398,0.19233259558677673,-0.08710569143295288,0.6211921572685242,0.1178584098815918,-0.1054643988609314,0.7402960062026978,0.38549351692199707,-0.037547457963228226,0.7339692115783691,0.23645316064357758,-0.06211342290043831,0.7314389944076538,0.1380399465560913,-0.084495410323143,0.7293382883071899,0.052305668592453,-0.10223657637834549,0.7968286275863647,0.3999912142753601,-0.0455482080578804,0.7987423539161682,0.2605195641517639,-0.0779736265540123,0.796338677406311,0.17034903168678284,-0.10140635818243027,0.7916703224182129,0.08702850341796875,-0.11852758377790451,0.8529956340789795,0.43958961963653564,-0.057354576885700226,0.8897090554237366,0.3438504934310913,-0.09005214273929596,0.9151120185852051,0.277321457862854,-0.10700313746929169,0.9341310262680054,0.21286512911319733,-0.11903385072946548
76519.129,0.7839360237121582,0.7197924852371216,7.141260880416667e-07,0.6945720911026001,0.6794614791870117,-0.043878283351659775,0.6208024024963379,0.5706374049186707,-0.061240874230861664,0.5748260021209717,0.4741899371147156,-0.07433114945888519,0.5269656777381897,0.40836092829704285,-0.08691620826721191,0.6758801341056824,0.4035278260707855,-0.03365110605955124,0.6479452848434448,0.274976909160614,-0.06065821275115013,0.6300301551818848,0.19159333407878876,-0.08279088884592056,0.6171447038650513,0.11821791529655457,-0.10061798244714737,0.735731840133667,0.38545697927474976,-0.03565609082579613,0.7293169498443604,0.23627109825611115,-0.05961468815803528,0.726939857006073,0.13779935240745544,-0.0815984457731247,0.725136399269104,0.05278104543685913,-0.09885411709547043,0.7919282913208008,0.4003165364265442,-0.04419330507516861,0.7933117747306824,0.26062196493148804,-0.07607113569974899,0.7913631200790405,0.17072609066963196,-0.09917183220386505,0.7873595356941223,0.08825051784515381,-0.1158846765756607,0.847791850566864,0.4398181140422821,-0.05637647211551666,0.8839827179908752,0.34319815039634705,-0.088494673371315,0.9094913005828857,0.27655288577079773,-0.10500214248895645,0.9290175437927246,0.21236874163150787,-0.11657925695180893
76519.162,0.778628408908844,0.719712495803833,7.102784707058163e-07,0.6887680292129517,0.6794108152389526,-0.044550053775310516,0.6149449348449707,0.5718655586242676,-0.0623352937400341,0.568756103515625,0.4762665629386902,-0.07575875520706177,0.5203194618225098,0.4111785292625427,-0.08871818333864212,0.6702497601509094,0.4039849638938904,-0.03381134569644928,0.642359733581543,0.2760171592235565,-0.060860760509967804,0.6245586276054382,0.1928269863128662,-0.08327820897102356,0.6121349334716797,0.11949092149734497,-0.10136615484952927,0.7299882769584656,0.3858940899372101,-0.035413727164268494,0.7229757905006409,0.23731781542301178,-0.05894571542739868,0.7203750610351562,0.1396603286266327,-0.08082552999258041,0.718827486038208,0.05513191223144531,-0.0982104018330574,0.7861121296882629,0.4007149338722229,-0.04364309459924698,0.7873492240905762,0.2614594101905823,-0.07479967176914215,0.785003125667572,0.17194128036499023,-0.09772604703903198,0.7809684872627258,0.08965837955474854,-0.11459986120462418,0.842024564743042,0.4403136670589447,-0.05564799904823303,0.8780667185783386,0.3443257212638855,-0.08722937107086182,0.9033633470535278,0.2776062488555908,-0.1037469357252121,0.9227691888809204,0.21300843358039856,-0.11552182585000992
76519.242,0.7694788575172424,0.7226317524909973,7.037474460958038e-07,0.6800779104232788,0.6817508935928345,-0.04453617334365845,0.6061440706253052,0.5767307281494141,-0.06334029138088226,0.5594429969787598,0.4821895658969879,-0.0779239609837532,0.5100111961364746,0.4180603623390198,-0.09211082011461258,0.6617547273635864,0.407784640789032,-0.03534543886780739,0.6326236128807068,0.2803182005882263,-0.06349268555641174,0.6131474375724792,0.19700613617897034,-0.08665781468153,0.5987023115158081,0.12331807613372803,-0.10528247803449631,0.7201862931251526,0.38908571004867554,-0.037206243723630905,0.7116472125053406,0.24069756269454956,-0.06148397549986839,0.7077122926712036,0.1444808840751648,-0.08346068859100342,0.7048981189727783,0.061252325773239136,-0.10081704705953598,0.7759420871734619,0.4030389189720154,-0.04562138020992279,0.7758660316467285,0.26401594281196594,-0.07675828039646149,0.7726262807846069,0.17313677072525024,-0.09958658367395401,0.7676868438720703,0.08997738361358643,-0.11658664047718048,0.8321123123168945,0.4424097537994385,-0.057901687920093536,0.8696006536483765,0.3470933139324188,-0.08927006274461746,0.8958449363708496,0.2797181308269501,-0.10601876676082611,0.9161755442619324,0.21544885635375977,-0.11809148639440536
76519.247,0.7700848579406738,0.7205322980880737,6.759435677849979e-07,0.6797953248023987,0.6818172931671143,-0.04150189086794853,0.6052730083465576,0.57327800989151,-0.05806858837604523,0.5593864321708679,0.47729429602622986,-0.07096711546182632,0.5088160037994385,0.41563427448272705,-0.08374010771512985,0.6614338755607605,0.40759533643722534,-0.032404787838459015,0.6317476630210876,0.2808605432510376,-0.059342991560697556,0.6126930117607117,0.19804717600345612,-0.08132629096508026,0.5985680222511292,0.12516173720359802,-0.09924164414405823,0.7202442288398743,0.38948237895965576,-0.03579748794436455,0.7129039764404297,0.2420395165681839,-0.06029798462986946,0.7094188332557678,0.14392897486686707,-0.08273310959339142,0.7064239978790283,0.05935737490653992,-0.10039626806974411,0.775846540927887,0.4042142629623413,-0.04554501920938492,0.7765470743179321,0.2658795714378357,-0.07860157638788223,0.7731170654296875,0.17625346779823303,-0.10293053090572357,0.7678242921829224,0.09394210577011108,-0.12038600444793701,0.8314605355262756,0.4436246454715729,-0.05863139405846596,0.8691255450248718,0.3483055830001831,-0.09207569807767868,0.8951766490936279,0.2816198170185089,-0.1100393533706665,0.9152494668960571,0.21693231165409088,-0.12273109704256058
76519.273,0.7662515044212341,0.7221133708953857,7.047660801617894e-07,0.6767296195030212,0.6828457117080688,-0.04379256069660187,0.6031683087348938,0.5762857794761658,-0.06154758855700493,0.557488203048706,0.4812126159667969,-0.0751262754201889,0.5092364549636841,0.4156493544578552,-0.08829286694526672,0.6579883694648743,0.40902963280677795,-0.03389113396406174,0.6293438673019409,0.2830616235733032,-0.061374060809612274,0.6106089949607849,0.20050771534442902,-0.08387602865695953,0.5965025424957275,0.12783345580101013,-0.10205370932817459,0.7172722220420837,0.3904942274093628,-0.03624683991074562,0.7110325694084167,0.24417056143283844,-0.06100640445947647,0.7072708606719971,0.14641383290290833,-0.08365736901760101,0.7038105726242065,0.06161123514175415,-0.1013486236333847,0.7729764580726624,0.4051649570465088,-0.04515988007187843,0.774582028388977,0.2673805356025696,-0.07827556133270264,0.7710013389587402,0.17829525470733643,-0.10251811146736145,0.7655410766601562,0.09582903981208801,-0.11990242451429367,0.8280413150787354,0.4452809691429138,-0.05762765184044838,0.8663467764854431,0.35162535309791565,-0.09132486581802368,0.8927043676376343,0.2856052815914154,-0.10930129140615463,0.912916362285614,0.22137591242790222,-0.12184088677167892
76519.304,0.7635291814804077,0.7242072224617004,7.02738248037349e-07,0.6740031838417053,0.6852971911430359,-0.04512239992618561,0.6012149453163147,0.5787541270256042,-0.06356057524681091,0.5546039342880249,0.48404884338378906,-0.07764318585395813,0.5056656002998352,0.41788437962532043,-0.09123580902814865,0.6557371616363525,0.41212618350982666,-0.03407583013176918,0.6270897388458252,0.2873358130455017,-0.06179014593362808,0.6082195043563843,0.20485246181488037,-0.08455362170934677,0.5941066145896912,0.13229438662528992,-0.10292237251996994,0.7148774266242981,0.39300253987312317,-0.03588837757706642,0.7090359926223755,0.24750344455242157,-0.06063097342848778,0.7051145434379578,0.14995938539505005,-0.08334159851074219,0.7015872001647949,0.065217524766922,-0.10112877935171127,0.7701798677444458,0.4073348045349121,-0.044460833072662354,0.7722277641296387,0.2702445089817047,-0.07791443914175034,0.7690005898475647,0.18122300505638123,-0.10242553055286407,0.7638630867004395,0.09847879409790039,-0.11994107067584991,0.824658215045929,0.44761189818382263,-0.05669701471924782,0.8636391758918762,0.3542190194129944,-0.09105107933282852,0.8910459280014038,0.2888302206993103,-0.1094372346997261,0.9120524525642395,0.22514091432094574,-0.1221814826130867
76519.335,0.7625382542610168,0.7262550592422485,7.049463874864159e-07,0.6730372905731201,0.6869736313819885,-0.04411894455552101,0.6000204086303711,0.5803932547569275,-0.06198422610759735,0.5534946918487549,0.48561203479766846,-0.0756489634513855,0.5047307014465332,0.4194798469543457,-0.0888286605477333,0.6539463996887207,0.4147759974002838,-0.03311336413025856,0.6248871088027954,0.28980880975723267,-0.06006290391087532,0.6061460971832275,0.20750226080417633,-0.0822349488735199,0.5920502543449402,0.1353350281715393,-0.1002490296959877,0.7126457691192627,0.39566826820373535,-0.035114943981170654,0.7065300941467285,0.25005674362182617,-0.05930451676249504,0.7025842666625977,0.15267178416252136,-0.0816584900021553,0.6990505456924438,0.06831777095794678,-0.09918033331632614,0.7678141593933105,0.41015100479125977,-0.04376549273729324,0.7694797515869141,0.2724307179450989,-0.07705903798341751,0.7661612033843994,0.18368619680404663,-0.10192151367664337,0.7610176801681519,0.10143724083900452,-0.11966310441493988,0.822403073310852,0.4505831301212311,-0.05593100190162659,0.8623154163360596,0.3579908013343811,-0.09078405797481537,0.8903548717498779,0.2931758761405945,-0.10986635088920593,0.9121012687683105,0.23004250228405,-0.12299814820289612
76519.367,0.760743260383606,0.7279969453811646,6.949002226974699e-07,0.670703113079071,0.6899816989898682,-0.0444093681871891,0.5974924564361572,0.5822492241859436,-0.06205325946211815,0.5518134832382202,0.48694753646850586,-0.07542728632688522,0.5031796097755432,0.42188650369644165,-0.08848688006401062,0.6530289649963379,0.417588472366333,-0.03428438678383827,0.6238166093826294,0.2936345934867859,-0.061826396733522415,0.6047699451446533,0.21189552545547485,-0.08431514352560043,0.590199887752533,0.13991758227348328,-0.10260747373104095,0.7113149762153625,0.398575097322464,-0.03624919056892395,0.7048966288566589,0.2535899877548218,-0.06126214191317558,0.7007250785827637,0.15614014863967896,-0.08410423994064331,0.6972264051437378,0.07157650589942932,-0.10198529064655304,0.7658898234367371,0.4128776788711548,-0.04488247260451317,0.7676107287406921,0.275867223739624,-0.07915159314870834,0.7640080451965332,0.18678584694862366,-0.10487683117389679,0.7590121030807495,0.10435184836387634,-0.1231851726770401,0.8201032876968384,0.4530889391899109,-0.05701562017202377,0.8605529069900513,0.3610725402832031,-0.09290426969528198,0.8885730504989624,0.29616686701774597,-0.1129968985915184,0.9103893041610718,0.23281070590019226,-0.1268976479768753
76519.4,0.7592493891716003,0.729230523109436,6.752278522981214e-07,0.6697492003440857,0.6902312636375427,-0.04195033386349678,0.5964599251747131,0.5824042558670044,-0.05841215327382088,0.5505326390266418,0.4879387617111206,-0.07105980068445206,0.50187748670578,0.4236047565937042,-0.08348231017589569,0.6525582671165466,0.41924911737442017,-0.03199167177081108,0.6233086585998535,0.29542407393455505,-0.05849181488156319,0.6040080785751343,0.2142726331949234,-0.08021105080842972,0.5887048244476318,0.1431477665901184,-0.09796497970819473,0.7104795575141907,0.40107107162475586,-0.034916505217552185,0.7038280963897705,0.25635865330696106,-0.058987751603126526,0.6993669271469116,0.159300297498703,-0.08132527768611908,0.695192277431488,0.07544896006584167,-0.09888137131929398,0.764833390712738,0.4158196449279785,-0.044284019619226456,0.7663344144821167,0.27901288866996765,-0.0776938870549202,0.7627034783363342,0.19019067287445068,-0.10309593379497528,0.7572481036186218,0.10810732841491699,-0.12122713774442673,0.8189196586608887,0.4561004340648651,-0.05692678317427635,0.859329104423523,0.36381059885025024,-0.09199826419353485,0.8873447179794312,0.2985340356826782,-0.1116773709654808,0.9090480804443359,0.23515205085277557,-0.12535186111927032
76519.432,0.7584121227264404,0.7296099066734314,6.756700940968585e-07,0.6693830490112305,0.6907389163970947,-0.042866289615631104,0.5969337821006775,0.5838750004768372,-0.060116399079561234,0.5509145259857178,0.4902727007865906,-0.07350467145442963,0.502205491065979,0.4260837435722351,-0.08664201945066452,0.6533471345901489,0.4213017225265503,-0.03316722437739372,0.6242901086807251,0.29836684465408325,-0.06055362522602081,0.604608952999115,0.21756523847579956,-0.08293196558952332,0.58885657787323,0.14656305313110352,-0.10112771391868591,0.7104243040084839,0.403142511844635,-0.03586428239941597,0.7035831212997437,0.2590397000312805,-0.06087068095803261,0.6987830400466919,0.1621667742729187,-0.08360366523265839,0.6943871378898621,0.07803496718406677,-0.10135307163000107,0.7642194628715515,0.41783270239830017,-0.04510952904820442,0.7659002542495728,0.2819390594959259,-0.07925304025411606,0.7622885704040527,0.19326812028884888,-0.10493585467338562,0.7570350170135498,0.110944002866745,-0.12316630780696869,0.8177685141563416,0.4581138789653778,-0.057740528136491776,0.8589246273040771,0.3668477535247803,-0.09348801523447037,0.8873558044433594,0.3020521402359009,-0.1136414036154747,0.9095275402069092,0.23886890709400177,-0.12758269906044006
76519.464,0.7587257623672485,0.7320902347564697,6.770166010028333e-07,0.6696901321411133,0.692886471748352,-0.04197925329208374,0.5974118709564209,0.5848492383956909,-0.058499690145254135,0.5514438152313232,0.49115195870399475,-0.0713595300912857,0.503040075302124,0.42755594849586487,-0.08398742228746414,0.6537825465202332,0.4231828451156616,-0.031798411160707474,0.6243053674697876,0.30041539669036865,-0.05869438126683235,0.6046603918075562,0.2195795178413391,-0.08089414983987808,0.588782548904419,0.14841046929359436,-0.09901904314756393,0.7106059193611145,0.4048880934715271,-0.03474574536085129,0.7039521336555481,0.26124003529548645,-0.059289272874593735,0.6994057893753052,0.16416916251182556,-0.08185315132141113,0.6952964663505554,0.07991206645965576,-0.09951247274875641,0.7641425132751465,0.4193849563598633,-0.04420611262321472,0.7655877470970154,0.28380995988845825,-0.07807698845863342,0.761682391166687,0.19522157311439514,-0.10396657139062881,0.7565352916717529,0.11335864663124084,-0.12237540632486343,0.8172817230224609,0.45964735746383667,-0.05701729655265808,0.8589824438095093,0.36884820461273193,-0.0929906889796257,0.8883665800094604,0.30441439151763916,-0.1135793998837471,0.9117354154586792,0.2417910099029541,-0.12776704132556915
76519.495,0.7585554718971252,0.7322139739990234,6.770403615519172e-07,0.6702109575271606,0.6931780576705933,-0.04228323698043823,0.598660409450531,0.5861547589302063,-0.05929475650191307,0.5528771877288818,0.49358272552490234,-0.0726005882024765,0.5047332048416138,0.4296073913574219,-0.08568871021270752,0.6541082262992859,0.42439860105514526,-0.03250656649470329,0.6247687935829163,0.30187612771987915,-0.059795428067445755,0.605276882648468,0.22164063155651093,-0.08222426474094391,0.5897416472434998,0.15078291296958923,-0.10047858208417892,0.7106170654296875,0.4062184691429138,-0.03533602133393288,0.703227162361145,0.2632163166999817,-0.0601167269051075,0.6981620192527771,0.1670721173286438,-0.08282043784856796,0.6935998201370239,0.0832674503326416,-0.1006278470158577,0.7638370394706726,0.42065227031707764,-0.04468708857893944,0.7652817368507385,0.28600603342056274,-0.0785478949546814,0.7609476447105408,0.19770503044128418,-0.10442761331796646,0.7552734017372131,0.11585167050361633,-0.12295424193143845,0.816739022731781,0.46067172288894653,-0.057420749217271805,0.8583517670631409,0.3704177439212799,-0.09322304278612137,0.8873345255851746,0.3061848282814026,-0.11380434781312943,0.9102758765220642,0.24358387291431427,-0.12811891734600067
76519.529,0.7585703730583191,0.7324876189231873,6.741869924553612e-07,0.670730710029602,0.6941055655479431,-0.042737413197755814,0.5992145538330078,0.5874263048171997,-0.059840474277734756,0.5537230372428894,0.4946225583553314,-0.07317495346069336,0.506058931350708,0.4303623139858246,-0.08624178916215897,0.6551367044448853,0.42573681473731995,-0.032980553805828094,0.6252540349960327,0.3035532832145691,-0.060318369418382645,0.6054334044456482,0.22333094477653503,-0.0826767235994339,0.589688777923584,0.15288469195365906,-0.10078171640634537,0.7115699052810669,0.40749526023864746,-0.035456039011478424,0.7039609551429749,0.2654379904270172,-0.06018759310245514,0.6987625956535339,0.16943636536598206,-0.08275473117828369,0.6941690444946289,0.08577218651771545,-0.1004464328289032,0.7647244334220886,0.421496719121933,-0.044517356902360916,0.7660722136497498,0.2878323793411255,-0.07843384146690369,0.7614802122116089,0.19982227683067322,-0.10454730689525604,0.7556355595588684,0.11836963891983032,-0.12316982448101044,0.8174157738685608,0.4611448645591736,-0.056993789970874786,0.8595312833786011,0.3714352250099182,-0.09293191134929657,0.8887530565261841,0.3073071837425232,-0.11387541890144348,0.9119663238525391,0.24484680593013763,-0.12840832769870758
76519.559,0.7592381238937378,0.7325093746185303,6.734970270372287e-07,0.6712127923965454,0.6936972141265869,-0.042332619428634644,0.5998601317405701,0.5869647860527039,-0.059311848133802414,0.5546079874038696,0.49420952796936035,-0.07268468290567398,0.5072304010391235,0.42999574542045593,-0.08580426126718521,0.6561596393585205,0.42649123072624207,-0.03257220610976219,0.6269139647483826,0.30478739738464355,-0.059941697865724564,0.6074514985084534,0.22464579343795776,-0.08233829587697983,0.5919750928878784,0.15439945459365845,-0.1005311980843544,0.7126263380050659,0.408608615398407,-0.035410571843385696,0.7051734328269958,0.26702454686164856,-0.060254309326410294,0.7000756859779358,0.17144900560379028,-0.08283103257417679,0.6955165863037109,0.08821222186088562,-0.10054337978363037,0.7657848000526428,0.4228169322013855,-0.04484471678733826,0.7674131989479065,0.28907233476638794,-0.07900034636259079,0.7630125284194946,0.20152196288108826,-0.1051052138209343,0.7573125958442688,0.12034699320793152,-0.12371036410331726,0.81840580701828,0.4625426232814789,-0.05767298489809036,0.860827624797821,0.3730706572532654,-0.09405957907438278,0.8904266953468323,0.30924975872039795,-0.11520281434059143,0.9140329957008362,0.2471172958612442,-0.12983042001724243
76519.624,0.760138988494873,0.7315503358840942,6.636628313572146e-07,0.6729460954666138,0.691938579082489,-0.039959877729415894,0.6022164821624756,0.5839692950248718,-0.05572172626852989,0.557105302810669,0.49112340807914734,-0.06830020993947983,0.5099716186523438,0.4287804663181305,-0.08067992329597473,0.6604229211807251,0.42550626397132874,-0.03130743280053139,0.6316759586334229,0.3029279112815857,-0.05768701434135437,0.6122744083404541,0.22322921454906464,-0.0792006403207779,0.5963040590286255,0.1535276174545288,-0.09679681062698364,0.7164196968078613,0.40847715735435486,-0.03498692810535431,0.7099517583847046,0.26603585481643677,-0.05941309779882431,0.7056030631065369,0.1701200306415558,-0.08169180154800415,0.7013695240020752,0.08719539642333984,-0.09910207986831665,0.7693859934806824,0.4231463074684143,-0.04489265754818916,0.7714353203773499,0.28872039914131165,-0.07870196551084518,0.7675395011901855,0.20145124197006226,-0.1047358587384224,0.7623948454856873,0.12093839049339294,-0.12317667156457901,0.8216151595115662,0.46341487765312195,-0.057947106659412384,0.8652300238609314,0.3744801878929138,-0.09405127912759781,0.8954609036445618,0.3110423684120178,-0.11506456881761551,0.9198398590087891,0.24958005547523499,-0.12946705520153046
76519.671,0.762909471988678,0.7311911582946777,6.446677502935927e-07,0.6755942106246948,0.6915795207023621,-0.03974892571568489,0.6035948991775513,0.5830808877944946,-0.05516847223043442,0.5600876808166504,0.48944926261901855,-0.06725408136844635,0.5146404504776001,0.42627859115600586,-0.07924722135066986,0.6615453958511353,0.4252220392227173,-0.03202012926340103,0.633787989616394,0.3034861087799072,-0.05851129814982414,0.6149675846099854,0.22383055090904236,-0.0802156999707222,0.5991788506507874,0.15403708815574646,-0.09798628836870193,0.7186803817749023,0.4080830514431,-0.03574461489915848,0.712619960308075,0.26714199781417847,-0.06032085418701172,0.7080385088920593,0.17206254601478577,-0.08280620723962784,0.7031704783439636,0.08960232138633728,-0.10038792341947556,0.7722126841545105,0.42311111092567444,-0.04561455175280571,0.7751975655555725,0.2903067469596863,-0.07968620210886002,0.7712442278862,0.2026607096195221,-0.10613510012626648,0.7656069993972778,0.1215955913066864,-0.12491060048341751,0.8244273066520691,0.4639502465724945,-0.05852814018726349,0.8683289885520935,0.375777006149292,-0.09501325339078903,0.8986920118331909,0.3130071759223938,-0.11626432836055756,0.9229245185852051,0.25189322233200073,-0.1308460384607315
76519.677,0.7621378898620605,0.7321869134902954,6.748585974492016e-07,0.6746124029159546,0.6920109391212463,-0.041536733508110046,0.6039475202560425,0.5855463147163391,-0.05846944451332092,0.5612497925758362,0.49211347103118896,-0.07183517515659332,0.5171389579772949,0.4252684712409973,-0.08497422933578491,0.6619982123374939,0.4245859980583191,-0.03315478935837746,0.6343240737915039,0.30320340394973755,-0.060748390853405,0.615296483039856,0.22318631410598755,-0.08325216174125671,0.5998908877372742,0.1532553732395172,-0.10137856006622314,0.7189698219299316,0.40778201818466187,-0.0364212840795517,0.712195098400116,0.26670223474502563,-0.06168201193213463,0.7068624496459961,0.17138364911079407,-0.0846925675868988,0.7019931077957153,0.0883621871471405,-0.10253888368606567,0.7722715735435486,0.4232007563114166,-0.046044591814279556,0.7751221060752869,0.2908899188041687,-0.08035621792078018,0.7702481150627136,0.2026994228363037,-0.10681013762950897,0.7641143202781677,0.12116405367851257,-0.12559914588928223,0.824496865272522,0.4646303057670593,-0.05891677737236023,0.868179202079773,0.37637484073638916,-0.09516841918230057,0.8979403376579285,0.31291890144348145,-0.11617305874824524,0.921718418598175,0.2512156367301941,-0.13059009611606598
76519.704,0.7640138268470764,0.7330458164215088,6.468645210588875e-07,0.6759738922119141,0.6934168338775635,-0.039663802832365036,0.604438841342926,0.5838574171066284,-0.054686736315488815,0.5619537830352783,0.4893795847892761,-0.06644532084465027,0.5178525447845459,0.42427176237106323,-0.07804770767688751,0.663988471031189,0.42498359084129333,-0.03065790794789791,0.6369054317474365,0.3035823106765747,-0.05663463845849037,0.6183906197547913,0.2237229198217392,-0.07815426588058472,0.6028797626495361,0.1540272831916809,-0.09583097696304321,0.721531093120575,0.40846097469329834,-0.034399017691612244,0.7159815430641174,0.26757973432540894,-0.05837465450167656,0.7115259170532227,0.17278653383255005,-0.08062279969453812,0.7067878246307373,0.09074729681015015,-0.09805788099765778,0.7752090096473694,0.42388981580734253,-0.04439369589090347,0.7787088751792908,0.29069191217422485,-0.07801718264818192,0.7751060128211975,0.2030235230922699,-0.10426965355873108,0.7697421312332153,0.12200173735618591,-0.12293647229671478,0.8272196650505066,0.4652104675769806,-0.057483408600091934,0.8715806007385254,0.3761473298072815,-0.09370012581348419,0.9026916027069092,0.31364861130714417,-0.11475120484828949,0.927561342716217,0.2530704736709595,-0.1291668564081192
76519.736,0.76606684923172,0.7324205636978149,6.456378400798712e-07,0.6779439449310303,0.6925086975097656,-0.03935853764414787,0.6063714027404785,0.5841827392578125,-0.054541584104299545,0.5641281604766846,0.48993349075317383,-0.06650379300117493,0.5206286907196045,0.42429623007774353,-0.07833637297153473,0.6658568978309631,0.4261665344238281,-0.03137052059173584,0.6388907432556152,0.3050752878189087,-0.05759803205728531,0.6207316517829895,0.22549386322498322,-0.07915494590997696,0.6057829856872559,0.15575140714645386,-0.09683328121900558,0.7235944867134094,0.4096285402774811,-0.03524457663297653,0.7180100679397583,0.26910537481307983,-0.05946734920144081,0.7139496803283691,0.17432689666748047,-0.0817481279373169,0.7097561359405518,0.09218114614486694,-0.09924332052469254,0.777504563331604,0.4249941110610962,-0.04528748616576195,0.7808803915977478,0.2919778823852539,-0.07921287417411804,0.7772316336631775,0.20431840419769287,-0.10568995028734207,0.7718316316604614,0.1235474944114685,-0.12450355291366577,0.8298740386962891,0.4662312865257263,-0.05833979696035385,0.874786913394928,0.3779573440551758,-0.09483994543552399,0.9060540199279785,0.3156024217605591,-0.11618302762508392,0.931074321269989,0.25529494881629944,-0.13079477846622467
76519.769,0.7686699628829956,0.732866644859314,6.602083999496244e-07,0.6808758974075317,0.694252610206604,-0.041510481387376785,0.6095906496047974,0.5878477096557617,-0.058254413306713104,0.5676730275154114,0.49409806728363037,-0.07140717655420303,0.5249873399734497,0.4261217415332794,-0.08430366218090057,0.6681622266769409,0.42750272154808044,-0.03408360853791237,0.640860915184021,0.30658280849456787,-0.061595216393470764,0.6225162744522095,0.22695796191692352,-0.08401116728782654,0.6077463030815125,0.1572045385837555,-0.1021997407078743,0.725824773311615,0.41076627373695374,-0.0373358428478241,0.7196869850158691,0.27065935730934143,-0.06238582730293274,0.715559720993042,0.17658519744873047,-0.08489810675382614,0.7115543484687805,0.09479960799217224,-0.10254690051078796,0.7796071171760559,0.42634347081184387,-0.04698116332292557,0.78303462266922,0.29372894763946533,-0.08174336701631546,0.7794580459594727,0.20631635189056396,-0.1084255576133728,0.7742553353309631,0.1254602074623108,-0.1273392140865326,0.8320277333259583,0.4681185781955719,-0.05981624126434326,0.8772794008255005,0.3791886866092682,-0.09742199629545212,0.9087271690368652,0.3169754445552826,-0.11931362748146057,0.9336715936660767,0.25670522451400757,-0.1342042237520218
76519.801,0.7706213593482971,0.7340010404586792,6.695296974612575e-07,0.6831778883934021,0.6964770555496216,-0.042648859322071075,0.6123135089874268,0.5921427011489868,-0.06000269949436188,0.571111261844635,0.49840226769447327,-0.07348904013633728,0.5292883515357971,0.42836230993270874,-0.08651895076036453,0.6701474189758301,0.4284156858921051,-0.03460002318024635,0.643205463886261,0.30774664878845215,-0.06198236718773842,0.6251058578491211,0.22836123406887054,-0.0844080001115799,0.6105141043663025,0.15861833095550537,-0.10258583724498749,0.7280786633491516,0.4114598333835602,-0.037263210862874985,0.7222723364830017,0.27182114124298096,-0.06220652163028717,0.7181180119514465,0.17773619294166565,-0.08486421406269073,0.7138433456420898,0.09584441781044006,-0.10262726247310638,0.7819598913192749,0.4268757700920105,-0.046399787068367004,0.785711944103241,0.294808566570282,-0.08122826367616653,0.7822330594062805,0.20764195919036865,-0.10804644227027893,0.7768626809120178,0.12673521041870117,-0.12699288129806519,0.8342817425727844,0.4686068892478943,-0.05879978463053703,0.8796310424804688,0.37970229983329773,-0.09658414870500565,0.9110925793647766,0.3174818158149719,-0.11857268959283829,0.9358371496200562,0.2570984363555908,-0.1334267407655716
76519.833,0.7719117999076843,0.7360093593597412,6.722403327330539e-07,0.6858465671539307,0.6970195770263672,-0.042310357093811035,0.6150692701339722,0.59344482421875,-0.059907011687755585,0.5729588270187378,0.500455379486084,-0.07372736185789108,0.5319784283638,0.428387850522995,-0.08705001324415207,0.6721858978271484,0.4296336770057678,-0.034265559166669846,0.6450186371803284,0.3091386556625366,-0.06199146434664726,0.6268699169158936,0.2297743409872055,-0.0846404880285263,0.6126222014427185,0.15971079468727112,-0.10282665491104126,0.7301169633865356,0.4125906229019165,-0.037036895751953125,0.724257230758667,0.2730078101158142,-0.06219930574297905,0.7199363708496094,0.1786637008190155,-0.08513587713241577,0.7157537937164307,0.09623929858207703,-0.10297316312789917,0.7842668890953064,0.4277976453304291,-0.04620510712265968,0.7876706123352051,0.2963642477989197,-0.08100084215402603,0.7837711572647095,0.20892739295959473,-0.10775721818208694,0.7781160473823547,0.12794947624206543,-0.1265530288219452,0.8368687033653259,0.46951693296432495,-0.058578215539455414,0.8818095922470093,0.3808731436729431,-0.09574787318706512,0.9130725860595703,0.3187698721885681,-0.11716142296791077,0.9378200173377991,0.25872087478637695,-0.1315687745809555
76519.864,0.7732048034667969,0.736703634262085,6.806268970649398e-07,0.6872729063034058,0.6971926689147949,-0.04213530570268631,0.6158559322357178,0.593695878982544,-0.05954807996749878,0.5730416774749756,0.5004895329475403,-0.07322034984827042,0.5318971276283264,0.428875207901001,-0.08642683178186417,0.6722001433372498,0.4302990436553955,-0.03379508852958679,0.6449950933456421,0.3093639612197876,-0.060985300689935684,0.6269980669021606,0.22979937493801117,-0.08304502815008163,0.6130972504615784,0.15978968143463135,-0.1008482351899147,0.7307567596435547,0.4127872586250305,-0.036626845598220825,0.7252445816993713,0.2722107768058777,-0.06120389327406883,0.7210001349449158,0.17743539810180664,-0.08378146588802338,0.7167556285858154,0.09453320503234863,-0.10144025087356567,0.7852730751037598,0.4275376498699188,-0.04586169123649597,0.7886542081832886,0.2963375151157379,-0.08008919656276703,0.7841698527336121,0.20870757102966309,-0.10675737261772156,0.7779697775840759,0.1274263560771942,-0.1256544589996338,0.838096022605896,0.46866026520729065,-0.05830270051956177,0.8825231194496155,0.3804003596305847,-0.09477929770946503,0.9134975075721741,0.31783777475357056,-0.11598383635282516,0.9381377696990967,0.257252037525177,-0.13045606017112732
76519.898,0.7731717824935913,0.7363489270210266,6.749643262082827e-07,0.6876864433288574,0.6965140104293823,-0.041670143604278564,0.6160232424736023,0.592883288860321,-0.058948319405317307,0.5727906227111816,0.49976858496665955,-0.07245997339487076,0.530824601650238,0.4293070137500763,-0.08551876991987228,0.6715990304946899,0.42940935492515564,-0.03346844017505646,0.6444748640060425,0.3081650137901306,-0.06023221090435982,0.6263047456741333,0.22883544862270355,-0.0821806788444519,0.6119639277458191,0.15875300765037537,-0.09999121725559235,0.73008793592453,0.4119844436645508,-0.03633132576942444,0.7246420383453369,0.271001935005188,-0.06041724979877472,0.7206284999847412,0.1765623688697815,-0.08278071880340576,0.7164522409439087,0.09381204843521118,-0.10043318569660187,0.7845168709754944,0.42679327726364136,-0.045468978583812714,0.7882447242736816,0.2951905131340027,-0.07892905920743942,0.7842381000518799,0.20766007900238037,-0.10497911274433136,0.778166651725769,0.12654319405555725,-0.12365425378084183,0.8375790119171143,0.4678627848625183,-0.05779850110411644,0.88182532787323,0.37880954146385193,-0.09340833872556686,0.9125807285308838,0.31598925590515137,-0.11390449851751328,0.9367249608039856,0.25516563653945923,-0.12802331149578094
76519.93,0.7744431495666504,0.7364805936813354,6.786577841921826e-07,0.6878736019134521,0.6964111328125,-0.04280385002493858,0.6154163479804993,0.5934435129165649,-0.06052229180932045,0.5714698433876038,0.5006693601608276,-0.07436604797840118,0.5296750664710999,0.4298723638057709,-0.08765542507171631,0.6713624596595764,0.4288906455039978,-0.033004213124513626,0.6431639790534973,0.30853453278541565,-0.05981237441301346,0.6243830919265747,0.2293982207775116,-0.08203824609518051,0.6098349094390869,0.1596691608428955,-0.10003340244293213,0.7293506264686584,0.41071200370788574,-0.03532305732369423,0.7225763201713562,0.269787073135376,-0.05912359803915024,0.717778205871582,0.17562109231948853,-0.08126997947692871,0.7133612632751465,0.09316915273666382,-0.09875136613845825,0.7838457822799683,0.42509958148002625,-0.04418572783470154,0.7866078615188599,0.2926897406578064,-0.07728462666273117,0.7819521427154541,0.20499974489212036,-0.10316529870033264,0.7756325006484985,0.12381210923194885,-0.12174894660711288,0.8372513055801392,0.465909868478775,-0.05644143372774124,0.8808130025863647,0.3759617209434509,-0.09190487116575241,0.9114188551902771,0.3125661611557007,-0.11243081837892532,0.9357078075408936,0.2512549161911011,-0.12655974924564362
76519.961,0.7755656242370605,0.7355732321739197,6.846905762358801e-07,0.6881005764007568,0.6970694065093994,-0.043774306774139404,0.6151219606399536,0.5935527086257935,-0.0617465041577816,0.5706980228424072,0.5000632405281067,-0.07555821537971497,0.5271367430686951,0.4305448830127716,-0.08882052451372147,0.6704720258712769,0.4287492632865906,-0.034255560487508774,0.6412879228591919,0.307412326335907,-0.06130239740014076,0.6221609115600586,0.22825931012630463,-0.08348943293094635,0.607406735420227,0.15818697214126587,-0.10147775709629059,0.728265106678009,0.4101272523403168,-0.03613271191716194,0.7204380631446838,0.26820069551467896,-0.060133762657642365,0.7151932120323181,0.17384257912635803,-0.08233287185430527,0.7104939222335815,0.0910787284374237,-0.09992736577987671,0.7824507355690002,0.4242839217185974,-0.04460249841213226,0.7845798134803772,0.29185566306114197,-0.07782821357250214,0.7795842885971069,0.20418831706047058,-0.10377742350101471,0.7729707360267639,0.12284490466117859,-0.12252824753522873,0.8359032869338989,0.464449942111969,-0.05655563622713089,0.8788785934448242,0.37460121512413025,-0.09208230674266815,0.9088146090507507,0.3111113905906677,-0.11279162764549255,0.9323636293411255,0.24920909106731415,-0.12718915939331055
76520.025,0.7750284671783447,0.7306662797927856,6.910266279192001e-07,0.6879333257675171,0.6937707662582397,-0.04426957666873932,0.6147558689117432,0.5930123329162598,-0.06318891048431396,0.5701491236686707,0.5004665851593018,-0.07784052193164825,0.5257921814918518,0.4314855933189392,-0.09198010712862015,0.6687116026878357,0.42646679282188416,-0.03643253818154335,0.6393098831176758,0.3046390414237976,-0.06426314264535904,0.6199744343757629,0.22578798234462738,-0.08680059760808945,0.6050496697425842,0.15598315000534058,-0.1050020307302475,0.7262817621231079,0.4075845777988434,-0.03826266527175903,0.717763364315033,0.2653103470802307,-0.06296001374721527,0.7122482657432556,0.17173603177070618,-0.08527763187885284,0.7073236703872681,0.08947551250457764,-0.1030287966132164,0.7804651260375977,0.42130959033966064,-0.046626076102256775,0.7813931703567505,0.28797224164009094,-0.08034537732601166,0.7760632038116455,0.20103001594543457,-0.10605181753635406,0.7692511081695557,0.12002548575401306,-0.12471051514148712,0.8343727588653564,0.46093159914016724,-0.05849027633666992,0.8764955997467041,0.3703112006187439,-0.09451005607843399,0.9062234163284302,0.3064786195755005,-0.11527039110660553,0.9296479821205139,0.2441081702709198,-0.12971337139606476
76520.056,0.7757989764213562,0.7313319444656372,6.707336410727294e-07,0.6876966953277588,0.6946857571601868,-0.042597170919179916,0.6144207715988159,0.5912028551101685,-0.0597974956035614,0.5699028372764587,0.49815380573272705,-0.07318573445081711,0.5254485607147217,0.4301559627056122,-0.08603786677122116,0.6694821715354919,0.42650705575942993,-0.03237370029091835,0.6400675773620605,0.30606818199157715,-0.05899203568696976,0.6206946969032288,0.22680707275867462,-0.08078145980834961,0.6053740382194519,0.1574115753173828,-0.09841787815093994,0.7267900109291077,0.4071243405342102,-0.034682463854551315,0.718956470489502,0.26622968912124634,-0.05836089700460434,0.7132671475410461,0.1724371612071991,-0.08005625754594803,0.7079607844352722,0.09077060222625732,-0.09710569679737091,0.7809699773788452,0.42013677954673767,-0.04358170926570892,0.7815746068954468,0.28765869140625,-0.07680922746658325,0.7760403752326965,0.20068767666816711,-0.10237947106361389,0.7689653635025024,0.1203790009021759,-0.12060090899467468,0.8344789743423462,0.45918527245521545,-0.05589265376329422,0.8763277530670166,0.369279682636261,-0.09154920279979706,0.905897855758667,0.306326687335968,-0.11206957697868347,0.9292754530906677,0.24558278918266296,-0.12609024345874786
76520.105,0.7768436670303345,0.7304826974868774,6.711617288601701e-07,0.6894528865814209,0.6929508447647095,-0.04145481064915657,0.6166319847106934,0.5890158414840698,-0.05810562148690224,0.5713768601417542,0.4972299039363861,-0.07125736773014069,0.5268174409866333,0.43034058809280396,-0.08390948176383972,0.6716189980506897,0.425157368183136,-0.03133103623986244,0.6424035429954529,0.30460941791534424,-0.05789924040436745,0.6229406595230103,0.2259378731250763,-0.0797213539481163,0.6071415543556213,0.15719372034072876,-0.0973799005150795,0.7284641861915588,0.40667542815208435,-0.034130506217479706,0.7202814817428589,0.2658393979072571,-0.05809580534696579,0.714767336845398,0.17170512676239014,-0.07983815670013428,0.7097359895706177,0.0905061662197113,-0.09683742374181747,0.7824195027351379,0.41992107033729553,-0.04350259155035019,0.7823917865753174,0.28759798407554626,-0.07706788927316666,0.776927649974823,0.2004384696483612,-0.10292448848485947,0.7704454660415649,0.1203664243221283,-0.12125689536333084,0.8357833623886108,0.45874252915382385,-0.05619195103645325,0.8776200413703918,0.3689883053302765,-0.09230675548315048,0.9077035784721375,0.30626460909843445,-0.11326799541711807,0.9320334196090698,0.24587441980838776,-0.12753626704216003
76520.11,0.7769004702568054,0.7306150197982788,6.803580845371471e-07,0.6892224550247192,0.6932840943336487,-0.04240135848522186,0.6159668564796448,0.5896619558334351,-0.0593426451086998,0.5713201761245728,0.49678918719291687,-0.07249266654253006,0.5272508859634399,0.42855897545814514,-0.08510603755712509,0.6707960367202759,0.42559581995010376,-0.03197726234793663,0.6416617631912231,0.30477625131607056,-0.05844944342970848,0.622653067111969,0.22561170160770416,-0.08026622980833054,0.6076407432556152,0.1560373604297638,-0.09795360267162323,0.7281445264816284,0.4067627191543579,-0.034288190305233,0.7203245759010315,0.2658841013908386,-0.05803253874182701,0.7148371338844299,0.17178970575332642,-0.07999701797962189,0.7098852396011353,0.08994784951210022,-0.09725984930992126,0.782322108745575,0.42015549540519714,-0.0431671068072319,0.7830551266670227,0.2879045307636261,-0.0765218660235405,0.7775837182998657,0.2009388506412506,-0.10239015519618988,0.7707926630973816,0.12070202827453613,-0.12079785019159317,0.8359012603759766,0.4592188596725464,-0.05541200563311577,0.8778584003448486,0.36915895342826843,-0.09121865034103394,0.9078459739685059,0.30659180879592896,-0.1118493303656578,0.931771993637085,0.2462296336889267,-0.12592925131320953
76520.136,0.778944730758667,0.7310081720352173,6.575134534614335e-07,0.6912615299224854,0.6932402849197388,-0.039734847843647,0.6182126402854919,0.5868209600448608,-0.05475297570228577,0.573055624961853,0.49442535638809204,-0.06657299399375916,0.5285392999649048,0.4287263751029968,-0.07789483666419983,0.6740002632141113,0.42486315965652466,-0.028490737080574036,0.6447997093200684,0.3046017289161682,-0.053583335131406784,0.6258020401000977,0.22618356347084045,-0.07443875819444656,0.6103013753890991,0.1576302945613861,-0.09167983382940292,0.730911374092102,0.40625396370887756,-0.03191293403506279,0.7229253649711609,0.2656606435775757,-0.05490730702877045,0.7178802490234375,0.17103353142738342,-0.07628224790096283,0.7129166722297668,0.08965831995010376,-0.09308966249227524,0.7847906351089478,0.4196568727493286,-0.041832152754068375,0.7848829627037048,0.28671741485595703,-0.07494617998600006,0.7800112366676331,0.199435293674469,-0.10088414698839188,0.7736955285072327,0.11923336982727051,-0.11931078135967255,0.8378922939300537,0.4588110148906708,-0.054917123168706894,0.8805533051490784,0.3698388636112213,-0.0909101814031601,0.9106615781784058,0.30676132440567017,-0.11212518066167831,0.9347286224365234,0.24581517279148102,-0.12666203081607819
76520.169,0.781082808971405,0.7312971353530884,6.49675996555743e-07,0.6937777400016785,0.6941428780555725,-0.03867680951952934,0.6204720139503479,0.5871068239212036,-0.05294855311512947,0.5761922597885132,0.49375587701797485,-0.06411486864089966,0.5324316024780273,0.4282030463218689,-0.07486879825592041,0.675267219543457,0.4250507056713104,-0.028210066258907318,0.6466460824012756,0.3038272261619568,-0.053020454943180084,0.6280954480171204,0.22504445910453796,-0.07363591343164444,0.6128218173980713,0.15628552436828613,-0.0906933918595314,0.7329141497612,0.4068509638309479,-0.03193856030702591,0.7252102494239807,0.2652474343776703,-0.05459217727184296,0.7205756902694702,0.17065057158470154,-0.07585010677576065,0.7158749103546143,0.08957892656326294,-0.0925913155078888,0.7874096035957336,0.42046403884887695,-0.04196113348007202,0.7875910401344299,0.2869417071342468,-0.07461882382631302,0.7827824950218201,0.19947999715805054,-0.1002887710928917,0.7764424681663513,0.11947458982467651,-0.11855189502239227,0.8411870002746582,0.45969948172569275,-0.05503606051206589,0.88383549451828,0.37015852332115173,-0.09043809026479721,0.9137605428695679,0.30695635080337524,-0.11119508743286133,0.9376651644706726,0.2461891770362854,-0.12541086971759796
76520.2,0.7837560176849365,0.7329132556915283,6.506700742647809e-07,0.6960782408714294,0.6943269968032837,-0.039050329476594925,0.6227231025695801,0.5883699655532837,-0.05369260534644127,0.5788007974624634,0.4955117106437683,-0.06515893340110779,0.5362548828125,0.4280337691307068,-0.07616383582353592,0.677261233329773,0.42752909660339355,-0.028858253732323647,0.6482852697372437,0.30636125802993774,-0.05399124696850777,0.6297414898872375,0.22673644125461578,-0.07471343874931335,0.6148943901062012,0.15738585591316223,-0.091707244515419,0.7354606986045837,0.4085308313369751,-0.0323747918009758,0.7279631495475769,0.2670576870441437,-0.05509776994585991,0.7231080532073975,0.17205408215522766,-0.07634896785020828,0.7183704972267151,0.09071347117424011,-0.0930410698056221,0.790256917476654,0.42158618569374084,-0.042197734117507935,0.7909833788871765,0.2882733941078186,-0.07495686411857605,0.7862095832824707,0.2001200020313263,-0.1008060947060585,0.7799379825592041,0.11980041861534119,-0.11912401765584946,0.8439883589744568,0.4606589674949646,-0.055066391825675964,0.8873166441917419,0.3708326816558838,-0.09069058299064636,0.9176468849182129,0.3077826499938965,-0.1115308478474617,0.9417733550071716,0.24782432615756989,-0.12568947672843933
76520.235,0.7854623794555664,0.7335622310638428,6.611958269786555e-07,0.6989102959632874,0.6954342126846313,-0.04044670611619949,0.6261824369430542,0.591668963432312,-0.05641961470246315,0.582115650177002,0.5000059008598328,-0.06903894245624542,0.5402202606201172,0.4303792715072632,-0.08105818182229996,0.6803268194198608,0.4279293119907379,-0.030449483543634415,0.6512956023216248,0.3069026470184326,-0.056638989597558975,0.6324171423912048,0.22718575596809387,-0.07808319479227066,0.6174303293228149,0.15789157152175903,-0.09540881216526031,0.7384470105171204,0.40966200828552246,-0.033575236797332764,0.7310250401496887,0.26857709884643555,-0.056963011622428894,0.7260735630989075,0.17404216527938843,-0.07842274755239487,0.7213166952133179,0.09297102689743042,-0.09518313407897949,0.7931573987007141,0.4230063855648041,-0.04316183179616928,0.7940987348556519,0.29012206196784973,-0.07633385062217712,0.7894916534423828,0.2020857334136963,-0.10195408016443253,0.7833532691001892,0.12160837650299072,-0.12004722654819489,0.8468826413154602,0.4623441994190216,-0.055946096777915955,0.8904293775558472,0.37250471115112305,-0.0917910486459732,0.9208798408508301,0.3094683289527893,-0.11247975379228592,0.9449517130851746,0.24938495457172394,-0.1264440417289734
76520.265,0.7861796617507935,0.7347023487091064,6.744467668795551e-07,0.7002391219139099,0.6958823204040527,-0.04250182956457138,0.6283670663833618,0.5951349139213562,-0.060170285403728485,0.5846766829490662,0.5038220882415771,-0.07414304465055466,0.5438152551651001,0.43159767985343933,-0.08749756962060928,0.6816185116767883,0.4309108555316925,-0.03362031653523445,0.6529005765914917,0.3104352355003357,-0.0615200512111187,0.6343048214912415,0.2303868681192398,-0.08420920372009277,0.6202676296234131,0.15982511639595032,-0.10232973843812943,0.7401152849197388,0.41156959533691406,-0.03605307266116142,0.7332748174667358,0.2714654803276062,-0.060722824186086655,0.728607714176178,0.1772799789905548,-0.0830201581120491,0.7240570783615112,0.09555786848068237,-0.10043259710073471,0.7952805161476135,0.42422163486480713,-0.04502936452627182,0.7967545986175537,0.2924930453300476,-0.07904242724180222,0.7920064926147461,0.20496338605880737,-0.1050013080239296,0.7856454849243164,0.12456870079040527,-0.1233406737446785,0.8491470217704773,0.46343839168548584,-0.05735611915588379,0.8926029205322266,0.37418508529663086,-0.09373840689659119,0.9232069253921509,0.3117961883544922,-0.11458650231361389,0.9473632574081421,0.25245243310928345,-0.12864373624324799
76520.297,0.7874182462692261,0.736640214920044,6.842145126029209e-07,0.7018205523490906,0.6984152793884277,-0.04255112260580063,0.6295331120491028,0.596518874168396,-0.05999347195029259,0.585835337638855,0.5047587156295776,-0.0736805722117424,0.5446916818618774,0.43327102065086365,-0.08677393198013306,0.6831310987472534,0.43295004963874817,-0.03406340256333351,0.6541195511817932,0.31197184324264526,-0.061503294855356216,0.635556161403656,0.23166519403457642,-0.083722785115242,0.621475338935852,0.16137972474098206,-0.1014954000711441,0.7415162920951843,0.41347676515579224,-0.036285191774368286,0.7344214916229248,0.2725888788700104,-0.06047239899635315,0.7300298810005188,0.17803388833999634,-0.08231385052204132,0.7262508869171143,0.09649664163589478,-0.0994231328368187,0.7966032028198242,0.42590489983558655,-0.045019183307886124,0.7979547381401062,0.293832927942276,-0.07872644811868668,0.7929344177246094,0.20624062418937683,-0.10486602038145065,0.78670334815979,0.1264345645904541,-0.12339932471513748,0.8505357503890991,0.46483975648880005,-0.05708268657326698,0.8946131467819214,0.37541642785072327,-0.09346062690019608,0.9258405566215515,0.3130285143852234,-0.11464928090572357,0.9506990909576416,0.25391697883605957,-0.1289859414100647
76520.329,0.7881932854652405,0.7382233738899231,6.827102652096073e-07,0.7029107809066772,0.6999846696853638,-0.04268340393900871,0.6306910514831543,0.598143994808197,-0.06036275625228882,0.5868826508522034,0.5065018534660339,-0.07422389835119247,0.5458821058273315,0.43486109375953674,-0.08749350160360336,0.6835564970970154,0.4336665868759155,-0.03429890051484108,0.6542422771453857,0.312995970249176,-0.06202172860503197,0.6353775262832642,0.23277004063129425,-0.0845722183585167,0.6212629079818726,0.1624273657798767,-0.10261351615190506,0.7420172095298767,0.41411271691322327,-0.036462076008319855,0.7348514199256897,0.2738034129142761,-0.06069187819957733,0.7306726574897766,0.17945373058319092,-0.08257420361042023,0.7271568775177002,0.09778043627738953,-0.09978572279214859,0.7971623539924622,0.4267888069152832,-0.04516462981700897,0.7987350821495056,0.29510000348091125,-0.0786178708076477,0.7939502596855164,0.2076946496963501,-0.10457684099674225,0.7878754138946533,0.1277391016483307,-0.1231309249997139,0.8511085510253906,0.4661918580532074,-0.057233892381191254,0.8952124118804932,0.3773224651813507,-0.09336896985769272,0.9262498021125793,0.3149976134300232,-0.11445014178752899,0.9509713053703308,0.25547337532043457,-0.12879809737205505
76520.361,0.7888182401657104,0.7406489849090576,6.741719289493631e-07,0.703565239906311,0.7020592093467712,-0.04191185534000397,0.6312983632087708,0.5998523831367493,-0.05908222123980522,0.5875803232192993,0.5079394578933716,-0.07255592197179794,0.5463454723358154,0.43660736083984375,-0.0854966789484024,0.6839938163757324,0.4349518418312073,-0.0332048200070858,0.6548109650611877,0.31414031982421875,-0.06031334027647972,0.6359466910362244,0.23389549553394318,-0.08253960311412811,0.6217133402824402,0.16338682174682617,-0.10052845627069473,0.7425410747528076,0.4155624508857727,-0.035718951374292374,0.7351670861244202,0.2751355767250061,-0.05943784862756729,0.7307973504066467,0.18141990900039673,-0.08133330941200256,0.726900041103363,0.10012072324752808,-0.09872382134199142,0.7978293895721436,0.4282938539981842,-0.04468313604593277,0.7991858720779419,0.29605644941329956,-0.07774834334850311,0.7943429946899414,0.20887801051139832,-0.10365786403417587,0.7880364060401917,0.1288931965827942,-0.12235545367002487,0.8519259095191956,0.46773600578308105,-0.0569530613720417,0.8956140279769897,0.3786860704421997,-0.09284763783216476,0.9266637563705444,0.3163425326347351,-0.11390051990747452,0.95139080286026,0.2568877339363098,-0.12835383415222168
76520.424,0.7898651957511902,0.7422537207603455,6.700893209199421e-07,0.7049627900123596,0.7038782835006714,-0.042264483869075775,0.6322788000106812,0.6020275354385376,-0.05960594862699509,0.5880599021911621,0.5102559328079224,-0.07313521951436996,0.5469748973846436,0.43836259841918945,-0.0860331654548645,0.6846354007720947,0.43630272150039673,-0.03348800539970398,0.6557262539863586,0.3159977197647095,-0.06076110154390335,0.6370041966438293,0.23629805445671082,-0.08310376852750778,0.6227115392684937,0.1659817099571228,-0.10114952176809311,0.7429160475730896,0.4167049527168274,-0.03571045771241188,0.7356608510017395,0.27662646770477295,-0.05934467166662216,0.7312818765640259,0.1834408938884735,-0.08091674745082855,0.7271917462348938,0.10223841667175293,-0.09807100147008896,0.7978060841560364,0.4295969307422638,-0.04445788264274597,0.7998237013816833,0.29794543981552124,-0.07733148336410522,0.7953425645828247,0.21097296476364136,-0.10295623540878296,0.7890360951423645,0.13108167052268982,-0.12149648368358612,0.8514806032180786,0.46922263503074646,-0.05657075345516205,0.89592045545578,0.3806639015674591,-0.09244703501462936,0.9272444844245911,0.3181591033935547,-0.11352793872356415,0.9520392417907715,0.2583111524581909,-0.1279979944229126
76520.457,0.7894887328147888,0.7416181564331055,6.76925253628724e-07,0.70475172996521,0.7029892206192017,-0.04178990423679352,0.6323034167289734,0.6019470691680908,-0.05921940878033638,0.58847975730896,0.5109238624572754,-0.07298460602760315,0.5473759174346924,0.4392060339450836,-0.08619123697280884,0.6852344870567322,0.43722543120384216,-0.03400802239775658,0.6570661664009094,0.3164199888706207,-0.061468761414289474,0.6387870907783508,0.23700553178787231,-0.08361583948135376,0.6248136162757874,0.16692331433296204,-0.10143754631280899,0.7434859871864319,0.41843321919441223,-0.03675907477736473,0.7368730306625366,0.2779260277748108,-0.061160940676927567,0.7325688004493713,0.18441328406333923,-0.08324780315160751,0.7284513115882874,0.10283070802688599,-0.10067030042409897,0.7982370853424072,0.4314219653606415,-0.04591558501124382,0.8004298210144043,0.2997645139694214,-0.07984059303998947,0.795906126499176,0.2125532329082489,-0.10610850155353546,0.7896534204483032,0.13222143054008484,-0.12489213049411774,0.851894736289978,0.4707717001438141,-0.05828633904457092,0.8964110612869263,0.3819322884082794,-0.0948268249630928,0.9279046654701233,0.31960347294807434,-0.11610735207796097,0.9527699947357178,0.25998055934906006,-0.13064324855804443
76520.489,0.7894973754882812,0.7410536408424377,6.877301075292053e-07,0.704741358757019,0.7021921277046204,-0.04176531359553337,0.6329713463783264,0.6009694337844849,-0.05918228626251221,0.589458167552948,0.5101333260536194,-0.07299833744764328,0.5486079454421997,0.43907514214515686,-0.08629191666841507,0.6856094002723694,0.43728700280189514,-0.033707816153764725,0.6574982404708862,0.31705358624458313,-0.06122981756925583,0.6393672823905945,0.23763304948806763,-0.0835007056593895,0.6257413625717163,0.16768160462379456,-0.10132597386837006,0.743899405002594,0.41847825050354004,-0.03638700023293495,0.7375775575637817,0.2781921923160553,-0.0606931708753109,0.7336479425430298,0.18421712517738342,-0.08267923444509506,0.7301548719406128,0.10226553678512573,-0.09993166476488113,0.7987650632858276,0.4314887523651123,-0.04549418389797211,0.8008077144622803,0.30006301403045654,-0.07928808033466339,0.7961083054542542,0.21276956796646118,-0.10554049164056778,0.7900103330612183,0.13265150785446167,-0.12421872466802597,0.8524428606033325,0.4708978235721588,-0.05783061683177948,0.8968561291694641,0.3824274241924286,-0.09423746913671494,0.9284050464630127,0.32033514976501465,-0.11539909243583679,0.9535666704177856,0.26108479499816895,-0.12976796925067902
76520.537,0.7902735471725464,0.7408963441848755,6.895934916428814e-07,0.7059641480445862,0.7026822566986084,-0.04186529666185379,0.633798360824585,0.6012598276138306,-0.05928783863782883,0.5898486375808716,0.5096014142036438,-0.07299420982599258,0.5486966967582703,0.4385102689266205,-0.08612186461687088,0.6860532760620117,0.436917781829834,-0.03411081060767174,0.6584043502807617,0.3161362409591675,-0.06140850484371185,0.6404571533203125,0.2367635816335678,-0.08335670083761215,0.6267276406288147,0.16695749759674072,-0.10098963230848312,0.7442743182182312,0.4180733561515808,-0.0367596410214901,0.7379207015037537,0.2774612605571747,-0.0610918290913105,0.7339955568313599,0.18322572112083435,-0.08307557553052902,0.7303218245506287,0.10130828619003296,-0.10031669586896896,0.7991013526916504,0.43116459250450134,-0.045793041586875916,0.8013875484466553,0.299852192401886,-0.07973655313253403,0.7969186902046204,0.2123216688632965,-0.10630463063716888,0.7908288836479187,0.13191986083984375,-0.12520244717597961,0.8527508974075317,0.47078385949134827,-0.05801250413060188,0.8973744511604309,0.3825973868370056,-0.09455665946006775,0.9290213584899902,0.32038968801498413,-0.11604993790388107,0.9542456269264221,0.2608237862586975,-0.13068467378616333
76520.542,0.7901372313499451,0.7413956522941589,6.827903007433633e-07,0.7059073448181152,0.7030727863311768,-0.04170611873269081,0.633847177028656,0.6011971235275269,-0.05891996994614601,0.5900120139122009,0.5093527436256409,-0.07243993878364563,0.5487514138221741,0.438477098941803,-0.08539099246263504,0.6863240599632263,0.4368289113044739,-0.03350644186139107,0.6584106683731079,0.3162234425544739,-0.06057219207286835,0.6402660608291626,0.23672494292259216,-0.08248821645975113,0.6265031695365906,0.16679877042770386,-0.1001783087849617,0.7444441914558411,0.4178119897842407,-0.03612485155463219,0.7379513382911682,0.2773129343986511,-0.0601021982729435,0.7338374853134155,0.18346771597862244,-0.08194977790117264,0.7300273180007935,0.1021018922328949,-0.09917052835226059,0.7992845177650452,0.43070369958877563,-0.04513220861554146,0.8015924692153931,0.29919129610061646,-0.07863299548625946,0.7971369624137878,0.21181783080101013,-0.10489238798618317,0.7911130785942078,0.13169321417808533,-0.12368173897266388,0.8529718518257141,0.4701939523220062,-0.05735621973872185,0.8974906206130981,0.3819272816181183,-0.09357956796884537,0.929057240486145,0.31970250606536865,-0.11488639563322067,0.9542494416236877,0.2603139877319336,-0.12944169342517853
76520.568,0.78984534740448,0.7413437366485596,6.800764253966918e-07,0.7055702209472656,0.702302873134613,-0.04167626425623894,0.6338979005813599,0.6006777286529541,-0.05901726335287094,0.5900601148605347,0.5095683932304382,-0.07269641011953354,0.5490762591362,0.43825918436050415,-0.08580081909894943,0.6864791512489319,0.43619510531425476,-0.033197466284036636,0.6584791541099548,0.31602469086647034,-0.06040693074464798,0.6401970386505127,0.23657968640327454,-0.08251503109931946,0.6264219284057617,0.16676649451255798,-0.10028338432312012,0.7448562979698181,0.41740673780441284,-0.03583737090229988,0.7388009428977966,0.27730047702789307,-0.05976139008998871,0.7348524332046509,0.18360066413879395,-0.08157162368297577,0.7311847805976868,0.10215112566947937,-0.09874342381954193,0.7997000217437744,0.4306572675704956,-0.044901371002197266,0.8026120662689209,0.29940086603164673,-0.07820826023817062,0.7982986569404602,0.21225783228874207,-0.10411612689495087,0.7922875881195068,0.132163405418396,-0.12265520542860031,0.8532121181488037,0.47048765420913696,-0.057213880121707916,0.8977319002151489,0.38236552476882935,-0.09312833100557327,0.9289751648902893,0.3201902210712433,-0.11402413994073868,0.9537731409072876,0.26063549518585205,-0.12827403843402863
76520.6,0.790884792804718,0.7407888174057007,6.817012376814091e-07,0.7060818672180176,0.7023590207099915,-0.04166724905371666,0.6337748765945435,0.6005902886390686,-0.05886935070157051,0.5903375744819641,0.5086471438407898,-0.07233073562383652,0.5494195818901062,0.437544047832489,-0.08524516224861145,0.6865005493164062,0.4367619752883911,-0.0337706133723259,0.6586027145385742,0.31594908237457275,-0.06067400053143501,0.640512228012085,0.2363445907831192,-0.08247889578342438,0.6268095970153809,0.16615605354309082,-0.10011884570121765,0.7448930144309998,0.4176173806190491,-0.03631504252552986,0.7387934327125549,0.27666035294532776,-0.060003142803907394,0.7351759672164917,0.1829645037651062,-0.08161450922489166,0.731721043586731,0.1014743447303772,-0.09871667623519897,0.7997360825538635,0.4307667315006256,-0.045197296887636185,0.802625834941864,0.29898351430892944,-0.07833016663789749,0.7985836267471313,0.2117113471031189,-0.10419104248285294,0.7927334308624268,0.13158372044563293,-0.12277422845363617,0.8534382581710815,0.47060248255729675,-0.05729960650205612,0.898137629032135,0.38216447830200195,-0.09312111884355545,0.9294877648353577,0.3198855519294739,-0.11404823511838913,0.9542705416679382,0.260175883769989,-0.12839151918888092
76520.632,0.7909208536148071,0.7417787313461304,6.773216227884404e-07,0.7061965465545654,0.7033915519714355,-0.04166857898235321,0.6338658332824707,0.6006853580474854,-0.0585196278989315,0.5904229283332825,0.5087504982948303,-0.07166073471307755,0.549785852432251,0.4374453127384186,-0.08418916165828705,0.6869297623634338,0.43597692251205444,-0.03265572711825371,0.6592548489570618,0.31547653675079346,-0.05951216071844101,0.6413041353225708,0.2360515594482422,-0.0814342051744461,0.6273974180221558,0.16660046577453613,-0.09906663745641708,0.7453827857971191,0.41734400391578674,-0.03513430804014206,0.7392188310623169,0.27722418308258057,-0.05870640650391579,0.7351565361022949,0.18365821242332458,-0.08030188828706741,0.7312794327735901,0.10265547037124634,-0.0972914770245552,0.8003327250480652,0.4306912422180176,-0.04407124221324921,0.8029375076293945,0.2991396188735962,-0.07718441635370255,0.7984166741371155,0.21216392517089844,-0.10301690548658371,0.7922775149345398,0.13229379057884216,-0.12145346403121948,0.8539846539497375,0.4706740379333496,-0.05626961961388588,0.8983256220817566,0.38233405351638794,-0.09220033884048462,0.9294426441192627,0.3202705681324005,-0.11313993483781815,0.954223096370697,0.2607981860637665,-0.12735259532928467
76520.665,0.7909183502197266,0.7409869432449341,6.768575531168608e-07,0.7060353755950928,0.7023769617080688,-0.04160653427243233,0.6335946321487427,0.5998950004577637,-0.05851411819458008,0.5902210474014282,0.5074788928031921,-0.07164018601179123,0.5494766235351562,0.43614092469215393,-0.08416564762592316,0.686985969543457,0.4356335997581482,-0.033142462372779846,0.6594399809837341,0.3146834969520569,-0.05962764471769333,0.6414423584938049,0.23553386330604553,-0.0811653584241867,0.6274707317352295,0.16602399945259094,-0.09864543378353119,0.7453826665878296,0.41702160239219666,-0.03557905554771423,0.7391409277915955,0.2764424979686737,-0.05878407135605812,0.7352665662765503,0.18351316452026367,-0.08010523021221161,0.7314043045043945,0.10291671752929688,-0.09707072377204895,0.8001347184181213,0.4305221140384674,-0.04439906030893326,0.8029467463493347,0.2987658977508545,-0.07716787606477737,0.7986425161361694,0.2120378017425537,-0.1028718650341034,0.792518675327301,0.13239037990570068,-0.12143438309431076,0.8536062240600586,0.47054794430732727,-0.056459154933691025,0.8981655836105347,0.3824366629123688,-0.09218230843544006,0.9294565320014954,0.32034391164779663,-0.11315186321735382,0.9542762637138367,0.2607519328594208,-0.12754425406455994
76520.697,0.7904884815216064,0.7411573529243469,6.728604375894065e-07,0.705811619758606,0.7023137807846069,-0.041282255202531815,0.6334620118141174,0.5999822020530701,-0.05813848599791527,0.590316116809845,0.5076810121536255,-0.07132943719625473,0.5496029853820801,0.43635478615760803,-0.08398371189832687,0.6866437196731567,0.4358766973018646,-0.03299693018198013,0.6592838764190674,0.315096914768219,-0.05978963151574135,0.6415467858314514,0.2358662486076355,-0.08161255717277527,0.6279312968254089,0.1662045419216156,-0.09923622757196426,0.7450499534606934,0.4173320531845093,-0.03561840578913689,0.7390329241752625,0.27709972858428955,-0.05917060002684593,0.7348585724830627,0.18400388956069946,-0.08077630400657654,0.7307247519493103,0.10312187671661377,-0.09789198637008667,0.7998344302177429,0.4306657612323761,-0.0445820614695549,0.802798867225647,0.2991332709789276,-0.07744236290454865,0.798503041267395,0.2125508189201355,-0.10305876284837723,0.7923914790153503,0.1331104040145874,-0.12150546163320541,0.8532219529151917,0.47052377462387085,-0.056777145713567734,0.8978070020675659,0.3824833929538727,-0.09244237840175629,0.9289326667785645,0.32047849893569946,-0.1132388561964035,0.9536186456680298,0.2611052989959717,-0.1274646520614624
76520.729,0.7901092171669006,0.7409069538116455,6.779969794479257e-07,0.7059203386306763,0.7018009424209595,-0.04190065711736679,0.63386070728302,0.600623369216919,-0.05939674749970436,0.5906252861022949,0.5089014768600464,-0.0730692595243454,0.5500490665435791,0.43681931495666504,-0.08615297079086304,0.6864153146743774,0.43578213453292847,-0.03398878499865532,0.658811092376709,0.315032958984375,-0.06095634028315544,0.640882670879364,0.23598608374595642,-0.08282458037137985,0.627018928527832,0.16638758778572083,-0.10044265538454056,0.744859516620636,0.41727766394615173,-0.03637167066335678,0.7389043569564819,0.27691128849983215,-0.06003127992153168,0.7350451946258545,0.1840701401233673,-0.08162150532007217,0.731252908706665,0.10325965285301208,-0.09871676564216614,0.7995085120201111,0.4307533800601959,-0.045118629932403564,0.8024213314056396,0.2993375062942505,-0.078147292137146,0.7982083559036255,0.21256402134895325,-0.10395950078964233,0.7921265363693237,0.13282468914985657,-0.12255380302667618,0.8527729511260986,0.47069239616394043,-0.057108715176582336,0.8973796963691711,0.38272997736930847,-0.0929260328412056,0.9286662340164185,0.320903480052948,-0.11385700106620789,0.9534339904785156,0.26169317960739136,-0.12818005681037903
76520.76,0.7917736172676086,0.7417845726013184,6.692494594062737e-07,0.7066850662231445,0.7038071155548096,-0.04136091098189354,0.6338831782341003,0.600846529006958,-0.05778954550623894,0.590733528137207,0.507748544216156,-0.0705224871635437,0.5499324798583984,0.4366351366043091,-0.08270293474197388,0.6870014667510986,0.4373980462551117,-0.03245088458061218,0.659260630607605,0.3166801631450653,-0.058933090418577194,0.6417847871780396,0.23728545010089874,-0.08054178953170776,0.6285313367843628,0.16748836636543274,-0.09804756939411163,0.7454832792282104,0.4182090759277344,-0.03488108143210411,0.7389777302742004,0.27794843912124634,-0.05800511687994003,0.735177755355835,0.1848175823688507,-0.07925053685903549,0.7315798401832581,0.10390087962150574,-0.09612845629453659,0.8003180623054504,0.4311370253562927,-0.04373292624950409,0.8025950789451599,0.3000507354736328,-0.07637573033571243,0.798376739025116,0.21344926953315735,-0.102012500166893,0.792511522769928,0.13400328159332275,-0.12048227339982986,0.8538102507591248,0.47063523530960083,-0.055845167487859726,0.8979105949401855,0.38281792402267456,-0.09152989089488983,0.9290391206741333,0.3213092088699341,-0.11248750239610672,0.9537428617477417,0.26222431659698486,-0.1268334686756134
76520.825,0.7919384837150574,0.7423264980316162,6.716539360240859e-07,0.7070207595825195,0.7043282985687256,-0.04192599281668663,0.6339983940124512,0.601698637008667,-0.05862244591116905,0.5901944041252136,0.5091411471366882,-0.07147178053855896,0.5493915677070618,0.4381016790866852,-0.0836758017539978,0.6874059438705444,0.4377078711986542,-0.032582297921180725,0.6594246029853821,0.3168299198150635,-0.05890053138136864,0.6414988040924072,0.23749257624149323,-0.08033739775419235,0.627556324005127,0.168115496635437,-0.09769680351018906,0.7457377314567566,0.4188169836997986,-0.034614935517311096,0.7393238544464111,0.2787131369113922,-0.05757564678788185,0.7352806329727173,0.18582919239997864,-0.07863205671310425,0.7313251495361328,0.1053706705570221,-0.09532339125871658,0.800319492816925,0.4317588806152344,-0.0431249663233757,0.8027268052101135,0.300598680973053,-0.07559678703546524,0.7983481287956238,0.21393966674804688,-0.10101970285177231,0.7922298908233643,0.13438794016838074,-0.11933602392673492,0.853592038154602,0.47117048501968384,-0.05495447665452957,0.8974816203117371,0.38384655117988586,-0.09051772952079773,0.9282671213150024,0.3222736120223999,-0.1113555058836937,0.952666163444519,0.26308923959732056,-0.1255938559770584
76520.856,0.7926007509231567,0.7419979572296143,6.81541621361248e-07,0.7072803378105164,0.7034753561019897,-0.042034126818180084,0.6347122192382812,0.6019988059997559,-0.059160903096199036,0.5906178951263428,0.5104639530181885,-0.07249333709478378,0.5498849749565125,0.43856358528137207,-0.085195392370224,0.6870284080505371,0.43880143761634827,-0.0333874449133873,0.6595273613929749,0.31789547204971313,-0.06052173674106598,0.641934335231781,0.2386447936296463,-0.08249015361070633,0.6282706260681152,0.16879859566688538,-0.10010239481925964,0.7455663681030273,0.41988036036491394,-0.03557410463690758,0.7397008538246155,0.27970364689826965,-0.05949558690190315,0.7359991073608398,0.18656757473945618,-0.08114119619131088,0.732205867767334,0.10530224442481995,-0.09814085811376572,0.8003966212272644,0.4327596127986908,-0.044221095740795135,0.8025206327438354,0.301586389541626,-0.077781543135643,0.7982946634292603,0.21494579315185547,-0.10367514938116074,0.7923336029052734,0.1349780559539795,-0.12205073237419128,0.8537920713424683,0.47185733914375305,-0.056115660816431046,0.8975896239280701,0.3835340738296509,-0.09247153252363205,0.9288359880447388,0.32201501727104187,-0.11344899982213974,0.9536275863647461,0.2628123462200165,-0.12760868668556213
76520.888,0.7931615114212036,0.7418753504753113,6.901859705976676e-07,0.7078459858894348,0.7045869827270508,-0.042502112686634064,0.6349554061889648,0.6028310060501099,-0.05961824208498001,0.5911765694618225,0.5105220079421997,-0.07283400744199753,0.5503025650978088,0.43875399231910706,-0.0852593332529068,0.6875072717666626,0.4388183057308197,-0.03328732028603554,0.6601049900054932,0.3181164860725403,-0.0603044368326664,0.64252108335495,0.23932409286499023,-0.08217433094978333,0.6286333203315735,0.1700921356678009,-0.09967710077762604,0.7456506490707397,0.4199313223361969,-0.035204313695430756,0.7394482493400574,0.27965062856674194,-0.058945849537849426,0.735790491104126,0.18617084622383118,-0.08028525114059448,0.7322452664375305,0.10502874851226807,-0.09702379256486893,0.8003499507904053,0.4328218698501587,-0.0437154695391655,0.8019441366195679,0.3014349937438965,-0.07730211317539215,0.7974655628204346,0.21498611569404602,-0.10319667309522629,0.7915966510772705,0.1356068253517151,-0.12147143483161926,0.8540008068084717,0.47181805968284607,-0.05554654821753502,0.8975650072097778,0.38307061791419983,-0.09210643917322159,0.9287775158882141,0.32122060656547546,-0.11337688565254211,0.9537873864173889,0.2619509994983673,-0.12767207622528076
76520.92,0.7928870320320129,0.7416468858718872,6.879366196699266e-07,0.7076942920684814,0.7048527598381042,-0.042368870228528976,0.634924590587616,0.6027382612228394,-0.0593763031065464,0.5910326242446899,0.5103483200073242,-0.07245936244726181,0.5501005053520203,0.43891701102256775,-0.08483478426933289,0.6871789693832397,0.43893900513648987,-0.03363139182329178,0.6598494052886963,0.3176881968975067,-0.060674045234918594,0.6420896053314209,0.2386542558670044,-0.08245643973350525,0.6281179189682007,0.1695982813835144,-0.09985776990652084,0.7451065182685852,0.4199545383453369,-0.0355721116065979,0.7386391162872314,0.2789296507835388,-0.059409480541944504,0.7349380850791931,0.18521714210510254,-0.08075886964797974,0.7312670946121216,0.10422930121421814,-0.09744914621114731,0.7996333837509155,0.4325961470603943,-0.04401916265487671,0.8011096119880676,0.3006378412246704,-0.07733692228794098,0.797031044960022,0.21373629570007324,-0.10299564152956009,0.7912939190864563,0.1339956521987915,-0.12120304256677628,0.8531749248504639,0.47134849429130554,-0.055779825896024704,0.8962060213088989,0.38269802927970886,-0.09181608259677887,0.9268248081207275,0.32054007053375244,-0.11270027607679367,0.9511981010437012,0.2609020173549652,-0.12681128084659576
76520.968,0.7931970357894897,0.7417734861373901,6.81066637753247e-07,0.7073577046394348,0.7056397795677185,-0.04233630374073982,0.6336253881454468,0.6030139923095703,-0.05874328315258026,0.5895071625709534,0.5098724961280823,-0.07118567824363708,0.5487476587295532,0.4384443163871765,-0.08286314457654953,0.6860749125480652,0.4392378330230713,-0.032452184706926346,0.657983660697937,0.31793394684791565,-0.058794278651475906,0.6401549577713013,0.23878948390483856,-0.08017794787883759,0.6263272762298584,0.16973546147346497,-0.0973518118262291,0.7440422177314758,0.4194629192352295,-0.034008413553237915,0.737240731716156,0.27833300828933716,-0.056714266538619995,0.7335309386253357,0.18518152832984924,-0.07725544273853302,0.7301565408706665,0.10510489344596863,-0.09347683936357498,0.7986727952957153,0.4316486418247223,-0.04215617477893829,0.8000795841217041,0.299565851688385,-0.07437609881162643,0.7960622310638428,0.2132033109664917,-0.09928955137729645,0.7904027700424194,0.1343006193637848,-0.1171146035194397,0.8525267243385315,0.4700655937194824,-0.053705327212810516,0.8952217102050781,0.3812119662761688,-0.08889000117778778,0.9255001544952393,0.31939324736595154,-0.10929428786039352,0.9495616555213928,0.260288804769516,-0.12315162271261215
76520.974,0.7931995391845703,0.7417956590652466,6.781976935599232e-07,0.7072097063064575,0.7052162885665894,-0.041837312281131744,0.6339074969291687,0.6030263900756836,-0.05806226655840874,0.589591383934021,0.5107423067092896,-0.0705006793141365,0.5489171147346497,0.4395032823085785,-0.08209691196680069,0.6867162585258484,0.44027912616729736,-0.03146683797240257,0.6585966348648071,0.31881701946258545,-0.057464614510536194,0.6408648490905762,0.2395561933517456,-0.07840059697628021,0.6271157264709473,0.17071667313575745,-0.0951918512582779,0.7443631291389465,0.42045649886131287,-0.03321962058544159,0.7374584674835205,0.27881383895874023,-0.055825889110565186,0.7336254119873047,0.18504127860069275,-0.0761202722787857,0.7301024794578552,0.10460227727890015,-0.09202144294977188,0.7988766431808472,0.4321317970752716,-0.04157624766230583,0.7995002865791321,0.29942822456359863,-0.07394608855247498,0.7954312562942505,0.21262973546981812,-0.09889008104801178,0.7899089455604553,0.13334780931472778,-0.11654890328645706,0.8528044819831848,0.4697950780391693,-0.05328742042183876,0.8954514265060425,0.38116690516471863,-0.08869987726211548,0.9257769584655762,0.3192542493343353,-0.10924659669399261,0.9500407576560974,0.2601223587989807,-0.1230592355132103
76520.999,0.7915449738502502,0.7426660060882568,6.841070216978551e-07,0.7053433656692505,0.706192672252655,-0.0430779829621315,0.6312958598136902,0.6042175889015198,-0.06001504883170128,0.5877145528793335,0.5112602710723877,-0.07278887182474136,0.5476511120796204,0.43919625878334045,-0.08474088460206985,0.6848000884056091,0.4400947391986847,-0.033985283225774765,0.6555714011192322,0.3186984062194824,-0.06108732149004936,0.6369993686676025,0.239289328455925,-0.08289245516061783,0.6226350665092468,0.16982132196426392,-0.10022041201591492,0.7428704500198364,0.42026838660240173,-0.035333819687366486,0.7361204624176025,0.2786213755607605,-0.058808833360672,0.7323638200759888,0.18489813804626465,-0.07970540970563889,0.728927731513977,0.10411995649337769,-0.09601972997188568,0.7974806427955627,0.4323493540287018,-0.043254319578409195,0.7987673282623291,0.30001527070999146,-0.07596608996391296,0.7947548627853394,0.21345528960227966,-0.10068552941083908,0.7892366647720337,0.13429054617881775,-0.11820368468761444,0.8512942790985107,0.47069886326789856,-0.05462878569960594,0.8933213353157043,0.38152676820755005,-0.0899694561958313,0.9232831597328186,0.3193168342113495,-0.10999984294176102,0.9469899535179138,0.2597604990005493,-0.12344912439584732
76521.033,0.790272057056427,0.7446267604827881,6.771123821636138e-07,0.7033835053443909,0.7077138423919678,-0.04395272582769394,0.629612147808075,0.6066246628761292,-0.06138566508889198,0.5856958627700806,0.5141710638999939,-0.07441308349370956,0.5446790456771851,0.44210952520370483,-0.08652336895465851,0.6825715899467468,0.4413396418094635,-0.03370090574026108,0.6525057554244995,0.32033681869506836,-0.06057710945606232,0.6334132552146912,0.24055249989032745,-0.08251552283763885,0.6189798712730408,0.17091795802116394,-0.09994908422231674,0.7403156757354736,0.420939564704895,-0.03435204550623894,0.7325911521911621,0.2791394591331482,-0.056888554245233536,0.7286725640296936,0.1860693097114563,-0.07727140933275223,0.7255584597587585,0.10659250617027283,-0.09333517402410507,0.7952292561531067,0.4327930808067322,-0.04168611392378807,0.7956233024597168,0.3006606698036194,-0.07286446541547775,0.7921086549758911,0.21388313174247742,-0.09659822285175323,0.7872841954231262,0.13504895567893982,-0.11373399943113327,0.8498280048370361,0.4708459973335266,-0.05267685651779175,0.8902572989463806,0.38161176443099976,-0.08626411855220795,0.9191707372665405,0.3197011649608612,-0.10519242286682129,0.942105770111084,0.26080501079559326,-0.11808712780475616
76521.064,0.7879703640937805,0.7473506927490234,6.765659463781049e-07,0.7009919881820679,0.7090892791748047,-0.04373237118124962,0.627230167388916,0.608827531337738,-0.06133343279361725,0.5823504328727722,0.5166994333267212,-0.07466975599527359,0.5396508574485779,0.44582125544548035,-0.08718983083963394,0.6790910959243774,0.4441855847835541,-0.032702863216400146,0.6485056281089783,0.32317686080932617,-0.05969659984111786,0.629060685634613,0.24293775856494904,-0.08189914375543594,0.6146610975265503,0.1724889576435089,-0.0995093509554863,0.7370110154151917,0.4231906831264496,-0.033406294882297516,0.7286580204963684,0.28140467405319214,-0.05573466420173645,0.7246111631393433,0.18848171830177307,-0.07629098743200302,0.7217218279838562,0.10934343934059143,-0.09248778969049454,0.7924075126647949,0.4344148635864258,-0.04076788201928139,0.7914872765541077,0.30253666639328003,-0.07134831696748734,0.7873883247375488,0.21560117602348328,-0.09465152025222778,0.7824061512947083,0.1370769739151001,-0.11154856532812119,0.8477674722671509,0.47155046463012695,-0.051810842007398605,0.8864376544952393,0.3826274275779724,-0.08434148132801056,0.9147112369537354,0.3213353753089905,-0.10238354653120041,0.9373629093170166,0.26375818252563477,-0.11471109837293625
76521.096,0.7848300933837891,0.749805212020874,6.814451580794412e-07,0.6976140141487122,0.712846040725708,-0.04428987577557564,0.6233673691749573,0.6128268241882324,-0.06214131414890289,0.5778518319129944,0.5209852457046509,-0.07560648024082184,0.5338578224182129,0.4504050016403198,-0.08831872791051865,0.674928605556488,0.4468291997909546,-0.03330844268202782,0.643802285194397,0.3251609802246094,-0.05984888970851898,0.624006986618042,0.24430392682552338,-0.0817788690328598,0.6092002987861633,0.17360591888427734,-0.09933967888355255,0.7325963377952576,0.4259563088417053,-0.03376680612564087,0.7240989804267883,0.2838534712791443,-0.05568862706422806,0.7199532389640808,0.1910913586616516,-0.07617764919996262,0.7169467806816101,0.11265620589256287,-0.09246575087308884,0.7878454923629761,0.43723610043525696,-0.04085063934326172,0.7866255640983582,0.30448073148727417,-0.07114982604980469,0.7827962040901184,0.21741420030593872,-0.09454948455095291,0.7779294848442078,0.13878819346427917,-0.11171910911798477,0.8432425856590271,0.47430822253227234,-0.05164211243391037,0.8818926811218262,0.3855402171611786,-0.08435093611478806,0.910579264163971,0.3244197368621826,-0.10260987281799316,0.9335504770278931,0.2671733498573303,-0.11516176909208298
76521.128,0.7836306095123291,0.7528003454208374,6.809273713770381e-07,0.6962178349494934,0.7171820402145386,-0.044194336980581284,0.6214388012886047,0.6180905103683472,-0.0622892789542675,0.5752832889556885,0.5270981788635254,-0.0759921595454216,0.5302748680114746,0.4576593041419983,-0.08899391442537308,0.6715633869171143,0.45073115825653076,-0.03416149318218231,0.6391940712928772,0.3299582004547119,-0.06128460913896561,0.618789553642273,0.24914444983005524,-0.08363990485668182,0.6036233901977539,0.17809003591537476,-0.10145945101976395,0.7290241122245789,0.4287761449813843,-0.03497499227523804,0.72025465965271,0.28640276193618774,-0.05749620869755745,0.7156656384468079,0.19325986504554749,-0.07820894569158554,0.7122544050216675,0.11417803168296814,-0.09454980492591858,0.7841848134994507,0.4398028552532196,-0.042363837361335754,0.7833334803581238,0.30728334188461304,-0.07310506701469421,0.7793208956718445,0.22025620937347412,-0.09652129560709,0.7741398811340332,0.14144039154052734,-0.11358799040317535,0.839489221572876,0.47714537382125854,-0.05343637615442276,0.8785358667373657,0.38744205236434937,-0.08630241453647614,0.9068731665611267,0.32566037774086,-0.1044420599937439,0.9291158318519592,0.26737505197525024,-0.11685945093631744
76521.16,0.7811741232872009,0.7547953724861145,7.006561872913153e-07,0.6930729746818542,0.7205969095230103,-0.04509098827838898,0.6179723739624023,0.62251216173172,-0.0639253482222557,0.571874737739563,0.5316029787063599,-0.078153096139431,0.5263113975524902,0.4631211459636688,-0.09171071648597717,0.6670549511909485,0.45519375801086426,-0.0370558425784111,0.6339220404624939,0.3337351083755493,-0.06468190252780914,0.6134032607078552,0.2526013255119324,-0.08693002909421921,0.5982716083526611,0.18134865164756775,-0.10460114479064941,0.724749743938446,0.4325522780418396,-0.0376347079873085,0.7158799767494202,0.28886160254478455,-0.06081010401248932,0.7112895250320435,0.1948801875114441,-0.08157320320606232,0.7080258131027222,0.11491107940673828,-0.09789447486400604,0.7801090478897095,0.4431729316711426,-0.0446806401014328,0.7791268825531006,0.30896055698394775,-0.07637660205364227,0.7753031849861145,0.22129714488983154,-0.10024715214967728,0.7704449892044067,0.1420438587665558,-0.11751248687505722,0.835570752620697,0.4804351031780243,-0.05536618083715439,0.8753201961517334,0.38979411125183105,-0.08957947790622711,0.9045877456665039,0.3272765576839447,-0.10839735716581345,0.9275832772254944,0.26848578453063965,-0.12109039723873138
76521.224,0.7739148736000061,0.7613630890846252,7.231736844914849e-07,0.6849386692047119,0.7282700538635254,-0.048068784177303314,0.6105064153671265,0.6327077746391296,-0.06858927756547928,0.5644094944000244,0.5418753027915955,-0.0838099792599678,0.5181349515914917,0.47126656770706177,-0.09831319749355316,0.6570176482200623,0.46182844042778015,-0.040559157729148865,0.6224573850631714,0.3412020802497864,-0.06956815719604492,0.6005396842956543,0.2595641314983368,-0.09309032559394836,0.5840151309967041,0.18718966841697693,-0.11165013164281845,0.7159447073936462,0.43797120451927185,-0.03997637331485748,0.7067463994026184,0.29438164830207825,-0.06318186223506927,0.7022005915641785,0.20108136534690857,-0.08404037356376648,0.6987273693084717,0.12122583389282227,-0.10058170557022095,0.7719297409057617,0.44861212372779846,-0.04609987139701843,0.770753026008606,0.3141228258609772,-0.07768429815769196,0.7669075131416321,0.2259155511856079,-0.10160789638757706,0.7616125345230103,0.14541387557983398,-0.11917217820882797,0.8275852799415588,0.4865216016769409,-0.0561496764421463,0.8675509691238403,0.3961274027824402,-0.09108532965183258,0.897093653678894,0.33325740694999695,-0.11037887632846832,0.9199866056442261,0.2738812565803528,-0.12336451560258865
76521.256,0.7722197771072388,0.7652087211608887,7.20138530141412e-07,0.6828248500823975,0.733771562576294,-0.04921846091747284,0.6060278415679932,0.6364347338676453,-0.07023607939481735,0.5574350953102112,0.5438061356544495,-0.08573846518993378,0.5097281336784363,0.47252631187438965,-0.10048447549343109,0.6536243557929993,0.4672263562679291,-0.04290725290775299,0.6185255646705627,0.34542080760002136,-0.07306121289730072,0.5963129997253418,0.2634349465370178,-0.09709613770246506,0.5794379711151123,0.19089341163635254,-0.11594739556312561,0.7126086950302124,0.44266563653945923,-0.042173948138952255,0.7026048898696899,0.29833415150642395,-0.0668887048959732,0.6965582966804504,0.20358270406723022,-0.08846217393875122,0.6916178464889526,0.12166720628738403,-0.10543978959321976,0.7687909603118896,0.45263785123825073,-0.04822176694869995,0.767294704914093,0.31721681356430054,-0.08173218369483948,0.7624896168708801,0.2290167212486267,-0.10644882917404175,0.7562530040740967,0.14823246002197266,-0.12418688833713531,0.8249353170394897,0.4898386597633362,-0.05816347151994705,0.864624559879303,0.3976703882217407,-0.0947001650929451,0.8936105966567993,0.33472326397895813,-0.11470096558332443,0.9160075187683105,0.2751249670982361,-0.12801513075828552
76521.291,0.769474983215332,0.7692856788635254,7.273437176991138e-07,0.680002748966217,0.7382684350013733,-0.047048356384038925,0.6029183864593506,0.6401642560958862,-0.06686537712812424,0.5549657344818115,0.5485585927963257,-0.08163391053676605,0.5082667469978333,0.4774155914783478,-0.0957714170217514,0.6491843461990356,0.4704965054988861,-0.04133158549666405,0.6133546829223633,0.3482668995857239,-0.07094341516494751,0.590778648853302,0.2664288282394409,-0.09457726776599884,0.5732749104499817,0.19383034110069275,-0.11311960965394974,0.7084206342697144,0.4459123909473419,-0.041629333049058914,0.6982104778289795,0.3008028268814087,-0.06619727611541748,0.6916608810424805,0.2047407031059265,-0.08802328258752823,0.6861013174057007,0.12224432826042175,-0.1051061749458313,0.7651692032814026,0.45544829964637756,-0.0485040508210659,0.7625477313995361,0.3198641538619995,-0.0821106880903244,0.7568516731262207,0.23133596777915955,-0.10753770917654037,0.7499396800994873,0.15066349506378174,-0.12564362585544586,0.8219015598297119,0.4920204281806946,-0.05903761461377144,0.8616884350776672,0.39890164136886597,-0.09556583315134048,0.8911495208740234,0.33574771881103516,-0.11581255495548248,0.9141063690185547,0.2764023542404175,-0.1292554885149002
76521.321,0.7669826745986938,0.7732912302017212,7.416612675115175e-07,0.6767144799232483,0.7415753602981567,-0.048012204468250275,0.5991058945655823,0.6436522006988525,-0.06845325976610184,0.5503032803535461,0.55201256275177,-0.08366205543279648,0.5036007165908813,0.4794727563858032,-0.09809791296720505,0.644347608089447,0.4738198518753052,-0.04214324429631233,0.6071337461471558,0.35067445039749146,-0.0724630057811737,0.5840616226196289,0.26811036467552185,-0.09656711667776108,0.5664968490600586,0.19488617777824402,-0.11533965915441513,0.7042416334152222,0.4481468200683594,-0.04218314215540886,0.6933763027191162,0.30255502462387085,-0.06709744781255722,0.6865904331207275,0.20615801215171814,-0.08900944143533707,0.6809875965118408,0.12316957116127014,-0.10609796643257141,0.7617188692092896,0.45726561546325684,-0.04893346130847931,0.7589738368988037,0.3213517665863037,-0.08275070786476135,0.7533464431762695,0.23286831378936768,-0.10794515907764435,0.7464730739593506,0.15207311511039734,-0.12583491206169128,0.8192756772041321,0.4940195381641388,-0.05945584923028946,0.858942985534668,0.40065234899520874,-0.09610126912593842,0.8880268931388855,0.33685070276260376,-0.1161901131272316,0.9106490612030029,0.276753306388855,-0.12945649027824402
76521.352,0.7636668086051941,0.7775110006332397,7.533649863944447e-07,0.671954333782196,0.7468150854110718,-0.04806676134467125,0.5940958261489868,0.6485717296600342,-0.0681723803281784,0.5466444492340088,0.5555301904678345,-0.08304691314697266,0.5007853507995605,0.48155567049980164,-0.09715519100427628,0.6392775774002075,0.47658771276474,-0.04243241623044014,0.6020942330360413,0.3519304394721985,-0.0723552256822586,0.5789600610733032,0.26872768998146057,-0.09598752111196518,0.5610552430152893,0.195378839969635,-0.11445891112089157,0.6999785900115967,0.4512338638305664,-0.04259764775633812,0.6891419887542725,0.3044198751449585,-0.0675906240940094,0.6824378371238708,0.20682460069656372,-0.0897589847445488,0.6768206357955933,0.12279164791107178,-0.1069994792342186,0.7580758333206177,0.46042731404304504,-0.04947131872177124,0.7552973031997681,0.3229161202907562,-0.0839700996875763,0.7493303418159485,0.23317590355873108,-0.11033469438552856,0.7419553399085999,0.1509285271167755,-0.1289658099412918,0.81619793176651,0.4971059262752533,-0.060008417814970016,0.8566776514053345,0.40220528841018677,-0.09771846234798431,0.8863842487335205,0.3376242518424988,-0.11878402531147003,0.9095064401626587,0.2767811417579651,-0.1326526254415512
76521.401,0.7616177797317505,0.7845259308815002,7.647577149327844e-07,0.6688598394393921,0.7533098459243774,-0.04641982167959213,0.5901129245758057,0.6543846130371094,-0.06563545763492584,0.5424959659576416,0.5615970492362976,-0.07994555681943893,0.49642473459243774,0.48886850476264954,-0.0936020165681839,0.6347925662994385,0.4794697165489197,-0.039959024637937546,0.5972087979316711,0.3538327217102051,-0.06879584491252899,0.5736913681030273,0.2698381543159485,-0.09201829135417938,0.555310845375061,0.1962551474571228,-0.11036430299282074,0.6960502862930298,0.4537646174430847,-0.04089656099677086,0.6853578090667725,0.30511051416397095,-0.06486175954341888,0.6786007285118103,0.20625638961791992,-0.08684015274047852,0.6728320717811584,0.12223833799362183,-0.10406871885061264,0.7548405528068542,0.4628125727176666,-0.04845968261361122,0.7520532011985779,0.32352644205093384,-0.08219301700592041,0.7456892132759094,0.23287227749824524,-0.1088971272110939,0.7379775047302246,0.15065300464630127,-0.12795007228851318,0.8134499192237854,0.5000874996185303,-0.05955873429775238,0.8548234701156616,0.4041651487350464,-0.09713243693113327,0.8851070404052734,0.3387579917907715,-0.11856216937303543,0.9087451100349426,0.2774786949157715,-0.13273458182811737
76521.407,0.7630410194396973,0.7855116724967957,7.582999046462646e-07,0.6699608564376831,0.753700852394104,-0.047035519033670425,0.5906899571418762,0.6542322635650635,-0.06644387543201447,0.5421322584152222,0.5609821081161499,-0.08107896149158478,0.4969422519207001,0.486037015914917,-0.09477191418409348,0.6353920698165894,0.48141196370124817,-0.03980174660682678,0.5971856713294983,0.35562849044799805,-0.06929754465818405,0.5743827819824219,0.2725834846496582,-0.09247133880853653,0.5573114156723022,0.19895347952842712,-0.11056355386972427,0.6966855525970459,0.4550893306732178,-0.04035723954439163,0.6860174536705017,0.3061446249485016,-0.06486405432224274,0.6796859502792358,0.20696458220481873,-0.08649562299251556,0.6745303273200989,0.1212182343006134,-0.10337721556425095,0.7555780410766602,0.4635865092277527,-0.04778112471103668,0.7520024180412292,0.3229789137840271,-0.08236358314752579,0.7457249164581299,0.2338312864303589,-0.10843750834465027,0.7386565208435059,0.15249890089035034,-0.12664885818958282,0.8144963383674622,0.49997377395629883,-0.058859627693891525,0.8552873134613037,0.40381288528442383,-0.09740523248910904,0.8854712843894958,0.33817097544670105,-0.11894223093986511,0.9095408916473389,0.27658960223197937,-0.13282351195812225
76521.434,0.7596492767333984,0.7932830452919006,7.732865583420789e-07,0.6657662391662598,0.761516273021698,-0.04547639936208725,0.5861057043075562,0.6610509753227234,-0.06399612128734589,0.5384986400604248,0.5668115019798279,-0.07782924175262451,0.4922863245010376,0.49332404136657715,-0.09105799347162247,0.6303002834320068,0.48464643955230713,-0.03901588171720505,0.5917487740516663,0.357215940952301,-0.06797760725021362,0.5681107044219971,0.27187517285346985,-0.09138934314250946,0.5498064160346985,0.19686344265937805,-0.10985526442527771,0.6923703551292419,0.4578818380832672,-0.0405120886862278,0.6813252568244934,0.30703192949295044,-0.06425650417804718,0.6742996573448181,0.2064909040927887,-0.08627372235059738,0.6684765219688416,0.1212603747844696,-0.10357040166854858,0.752183735370636,0.4666016697883606,-0.04859872907400131,0.7487562894821167,0.32580894231796265,-0.08214837312698364,0.7421759366989136,0.23401197791099548,-0.10891079157590866,0.734553337097168,0.1510063111782074,-0.1280716359615326,0.811861515045166,0.5042547583580017,-0.060173388570547104,0.8534914255142212,0.40716031193733215,-0.09786038845777512,0.8840799927711487,0.34087175130844116,-0.11933843046426773,0.9081993103027344,0.2788091003894806,-0.13351401686668396
76521.464,0.7588692903518677,0.8020889163017273,7.870663694120594e-07,0.6620581746101379,0.7695451974868774,-0.0460011288523674,0.5810087323188782,0.6686236262321472,-0.06496482342481613,0.5329082012176514,0.5741360187530518,-0.07928581535816193,0.48566532135009766,0.5009559392929077,-0.09301848709583282,0.6268879175186157,0.4894634485244751,-0.03917448967695236,0.5869410037994385,0.36022549867630005,-0.06872835010290146,0.5624992847442627,0.2736247181892395,-0.09288619458675385,0.5432471036911011,0.1972857117652893,-0.11208542436361313,0.6899898052215576,0.4625720679759979,-0.04114392399787903,0.6789838075637817,0.30932849645614624,-0.0656512901186943,0.6718116402626038,0.20728078484535217,-0.08840387314558029,0.6654230356216431,0.12038373947143555,-0.10625337064266205,0.7505085468292236,0.4718207120895386,-0.04984326288104057,0.7469421625137329,0.3284396529197693,-0.08443785458803177,0.7400802969932556,0.23520135879516602,-0.11172113567590714,0.7321123480796814,0.15065523982048035,-0.13120296597480774,0.8109056949615479,0.510475754737854,-0.06206797808408737,0.8537509441375732,0.4123508930206299,-0.1009334921836853,0.8846784830093384,0.34499591588974,-0.12295490503311157,0.9087347388267517,0.28133726119995117,-0.13747401535511017
76521.496,0.7583158016204834,0.8157287836074829,8.0466736562812e-07,0.6594553589820862,0.7826308608055115,-0.04738086462020874,0.5773912668228149,0.6778564453125,-0.06684635579586029,0.5274015665054321,0.5809838771820068,-0.08175404369831085,0.47804155945777893,0.5076876878738403,-0.09593874961137772,0.6262285709381104,0.4975315034389496,-0.03846384584903717,0.5840434432029724,0.3661835193634033,-0.06875335425138474,0.558607280254364,0.2776736915111542,-0.09357768297195435,0.5387592315673828,0.19975310564041138,-0.11331905424594879,0.689500093460083,0.470041424036026,-0.040524084120988846,0.6774989366531372,0.3144603371620178,-0.06589849293231964,0.6695970892906189,0.2096455693244934,-0.0893235057592392,0.662940502166748,0.12084206938743591,-0.1075265184044838,0.7505539655685425,0.47919711470603943,-0.049664683640003204,0.7461803555488586,0.33257362246513367,-0.08540029078722,0.7386747002601624,0.23765328526496887,-0.11320188641548157,0.7307521104812622,0.152152419090271,-0.1327984631061554,0.8117392063140869,0.5188702344894409,-0.06251943111419678,0.8561505675315857,0.41998547315597534,-0.10277194529771805,0.8873664736747742,0.35029929876327515,-0.1256158947944641,0.9119423031806946,0.2847632169723511,-0.14051207900047302
76521.528,0.755765438079834,0.8297841548919678,8.113543117360678e-07,0.6556405425071716,0.7946730852127075,-0.046796251088380814,0.5743530988693237,0.6893078088760376,-0.06648831814527512,0.5245503187179565,0.5923056602478027,-0.08190057426691055,0.4745567739009857,0.5187141299247742,-0.09671227633953094,0.6232557892799377,0.5044839978218079,-0.0377330407500267,0.5811240673065186,0.3714462220668793,-0.06802915781736374,0.5548430681228638,0.28158652782440186,-0.09312329441308975,0.5339935421943665,0.20278355479240417,-0.11309248208999634,0.687580406665802,0.4769103527069092,-0.04061807319521904,0.6755167841911316,0.3182479739189148,-0.06574451178312302,0.667399525642395,0.21188884973526,-0.08944343775510788,0.6602894067764282,0.1221158504486084,-0.10789718478918076,0.7496218681335449,0.4866790175437927,-0.050540752708911896,0.7458151578903198,0.3370080590248108,-0.08612742274999619,0.7380794286727905,0.23963898420333862,-0.11439691483974457,0.7294614315032959,0.1521947681903839,-0.1344604641199112,0.8114796280860901,0.5277310609817505,-0.06412182003259659,0.8572319746017456,0.4265633523464203,-0.10406792908906937,0.8892720937728882,0.3558880090713501,-0.1267196238040924,0.9143696427345276,0.28989437222480774,-0.1415616273880005
76521.56,0.7551085948944092,0.8462982177734375,8.070209673860518e-07,0.6520436406135559,0.8095662593841553,-0.04650145024061203,0.5690433979034424,0.701282262802124,-0.06519895046949387,0.5194230675697327,0.6021076440811157,-0.07974884659051895,0.4700648784637451,0.5269988775253296,-0.09375406056642532,0.6208958625793457,0.5135324597358704,-0.036031514406204224,0.5788010954856873,0.3777998685836792,-0.06597314774990082,0.5521873235702515,0.2854328155517578,-0.09092453122138977,0.5308094024658203,0.20484429597854614,-0.11095652729272842,0.6866535544395447,0.4852929711341858,-0.03927893936634064,0.6750274300575256,0.3236398696899414,-0.06438722461462021,0.666325569152832,0.21530717611312866,-0.08833426982164383,0.6583589315414429,0.12406682968139648,-0.10692082345485687,0.7496573328971863,0.49539288878440857,-0.049696628004312515,0.7467607259750366,0.34298259019851685,-0.08576315641403198,0.7388491034507751,0.2433285415172577,-0.11482013761997223,0.7298455238342285,0.15394946932792664,-0.13540180027484894,0.8121405243873596,0.5375356674194336,-0.0637522041797638,0.8593497276306152,0.43603983521461487,-0.10467681288719177,0.891944408416748,0.36439597606658936,-0.12819312512874603,0.9175723195075989,0.2972041368484497,-0.14358438551425934
76521.623,0.753394603729248,0.8750489950180054,8.154710826602241e-07,0.6485978960990906,0.8385961055755615,-0.046768173575401306,0.5629265904426575,0.7270326018333435,-0.06600074470043182,0.5116443037986755,0.6253279447555542,-0.08104578405618668,0.46037790179252625,0.5467166900634766,-0.09571231156587601,0.6163845062255859,0.5280890464782715,-0.03706501051783562,0.5729827284812927,0.38901960849761963,-0.06775104254484177,0.5450229644775391,0.2939748167991638,-0.09349271655082703,0.5224378108978271,0.21268326044082642,-0.11393146961927414,0.6850329637527466,0.49994558095932007,-0.04125722497701645,0.6726143956184387,0.33342427015304565,-0.06650570034980774,0.6628885269165039,0.22160765528678894,-0.09120111912488937,0.6542261838912964,0.12909215688705444,-0.11005806922912598,0.7508682608604431,0.5122960805892944,-0.05259701982140541,0.7481768727302551,0.35522282123565674,-0.0886928141117096,0.7398348450660706,0.25083473324775696,-0.11874885112047195,0.7305017709732056,0.15782761573791504,-0.14002873003482819,0.8156952261924744,0.558341920375824,-0.06751479208469391,0.8646397590637207,0.45440351963043213,-0.10847814381122589,0.8965864181518555,0.37934088706970215,-0.13215167820453644,0.9219884872436523,0.30873486399650574,-0.14752724766731262
76521.657,0.7535441517829895,0.8878667950630188,8.127918249556387e-07,0.6480422019958496,0.8503291606903076,-0.04807677119970322,0.5600806474685669,0.7376721501350403,-0.06795795261859894,0.5079394578933716,0.6330482959747314,-0.08363005518913269,0.45611315965652466,0.5538347363471985,-0.09879027307033539,0.6151690483093262,0.5363186597824097,-0.038765400648117065,0.5704959630966187,0.3942995071411133,-0.07020993530750275,0.5418486595153809,0.29879629611968994,-0.09636785835027695,0.5185595750808716,0.21529164910316467,-0.11724837869405746,0.684005856513977,0.5073651075363159,-0.04263444244861603,0.6708278656005859,0.3366008400917053,-0.06878761202096939,0.6614704132080078,0.22278708219528198,-0.09371235966682434,0.6528604030609131,0.12725293636322021,-0.11306106299161911,0.7498937845230103,0.5188757181167603,-0.05382512882351875,0.7470805644989014,0.35918623208999634,-0.09081196039915085,0.7392171621322632,0.2539566457271576,-0.12083197385072708,0.7298299074172974,0.15929380059242249,-0.142286479473114,0.8152928352355957,0.5635905861854553,-0.06880930811166763,0.8647208213806152,0.45629438757896423,-0.11028103530406952,0.898980438709259,0.3806256651878357,-0.13408471643924713,0.9259505271911621,0.3097567558288574,-0.1497989296913147
76521.689,0.7538244724273682,0.8981223106384277,8.414822900704166e-07,0.6474112272262573,0.8597197532653809,-0.05055040121078491,0.5579403042793274,0.7464395761489868,-0.07169193029403687,0.5029507875442505,0.6419293284416199,-0.0883268341422081,0.4500313401222229,0.560613751411438,-0.1043262630701065,0.6121549606323242,0.5412288904190063,-0.040485695004463196,0.5670406222343445,0.39778822660446167,-0.07311856001615524,0.5377057194709778,0.3009611964225769,-0.10016868263483047,0.5139103531837463,0.21649578213691711,-0.12166055291891098,0.6824389100074768,0.5115976929664612,-0.04357459023594856,0.6687759757041931,0.338978111743927,-0.07013553380966187,0.6593421101570129,0.22358235716819763,-0.09499874711036682,0.6507638692855835,0.12605559825897217,-0.11437654495239258,0.749993622303009,0.5234531760215759,-0.054391048848629,0.746842622756958,0.3617401719093323,-0.09211459755897522,0.7383589744567871,0.25502416491508484,-0.12240760028362274,0.728577733039856,0.15886223316192627,-0.14399202167987823,0.8169307708740234,0.5692028403282166,-0.06924670934677124,0.8670606017112732,0.46049121022224426,-0.11187247931957245,0.9018743634223938,0.383651465177536,-0.13628195226192474,0.9295312166213989,0.3117492198944092,-0.15227961540222168
76521.72,0.7527040839195251,0.9067092537879944,8.461840366180695e-07,0.6465408205986023,0.8692992329597473,-0.050579749047756195,0.5557737350463867,0.7549132704734802,-0.07250478863716125,0.4997672438621521,0.6492215991020203,-0.08988889306783676,0.445162296295166,0.5670926570892334,-0.10678457468748093,0.6103120446205139,0.5448882579803467,-0.043319981545209885,0.564033031463623,0.4000832438468933,-0.07716240733861923,0.5334835052490234,0.303465873003006,-0.10499150305986404,0.5080429315567017,0.21794191002845764,-0.1271306723356247,0.6819984316825867,0.5148475766181946,-0.04732862487435341,0.668573260307312,0.33962976932525635,-0.07569950073957443,0.6588928699493408,0.2224292755126953,-0.10195522755384445,0.6496447324752808,0.12301567196846008,-0.12232743948698044,0.7507419586181641,0.5278245210647583,-0.058828022330999374,0.748046875,0.36404281854629517,-0.09817024320363998,0.7389827966690063,0.25614941120147705,-0.12917263805866241,0.7279205918312073,0.15851563215255737,-0.15122205018997192,0.8187723159790039,0.5756762027740479,-0.07421832531690598,0.8705134987831116,0.46433913707733154,-0.11756040900945663,0.9052877426147461,0.38577061891555786,-0.1419508010149002,0.9319075345993042,0.312096506357193,-0.15802554786205292
76521.752,0.7550592422485352,0.9122208952903748,8.679476195538882e-07,0.6467318534851074,0.8749399185180664,-0.05224280059337616,0.5540804862976074,0.7595224380493164,-0.07547999173402786,0.49657881259918213,0.6527989506721497,-0.09400485455989838,0.4406103789806366,0.5693579912185669,-0.11203049123287201,0.6098431944847107,0.5473971366882324,-0.0458037443459034,0.5632102489471436,0.4006457030773163,-0.08091754466295242,0.5324280261993408,0.30245596170425415,-0.1095728948712349,0.507198691368103,0.215328186750412,-0.1324281543493271,0.682533860206604,0.5173435211181641,-0.04989904910326004,0.6684626340866089,0.34023043513298035,-0.0798005610704422,0.6586946249008179,0.2214200496673584,-0.10711465030908585,0.6496627330780029,0.12029922008514404,-0.12831121683120728,0.7523307800292969,0.5310116410255432,-0.061620377004146576,0.7493802309036255,0.36529284715652466,-0.10273518413305283,0.7400029897689819,0.25565171241760254,-0.1349056214094162,0.7289136052131653,0.15612062811851501,-0.1577550321817398,0.8215488791465759,0.5798813104629517,-0.07729390263557434,0.8744344711303711,0.4672071039676666,-0.12242045253515244,0.9098026752471924,0.38713961839675903,-0.14798125624656677,0.9369480609893799,0.31177014112472534,-0.1649073213338852
76521.785,0.7578924298286438,0.9184278249740601,8.738153951526328e-07,0.6491517424583435,0.88124680519104,-0.05194864422082901,0.5555555820465088,0.7638841867446899,-0.0752674788236618,0.4977061152458191,0.6564249396324158,-0.09396377950906754,0.4410809874534607,0.5730879902839661,-0.11229332536458969,0.6101483106613159,0.5494611859321594,-0.047073785215616226,0.5627639293670654,0.4015268087387085,-0.08343630284070969,0.532070517539978,0.30256912112236023,-0.1128319725394249,0.5072827339172363,0.2147131860256195,-0.13620249927043915,0.6838364005088806,0.519406259059906,-0.052005186676979065,0.668589174747467,0.3406367301940918,-0.08349116146564484,0.6587718725204468,0.22056537866592407,-0.11172857880592346,0.6500533819198608,0.11835074424743652,-0.13341893255710602,0.7551493644714355,0.5334845185279846,-0.06453889608383179,0.7511848211288452,0.36453914642333984,-0.10751477628946304,0.7414802312850952,0.2541610300540924,-0.14061316847801208,0.7304123640060425,0.1536298394203186,-0.16385163366794586,0.826237142086029,0.5831212401390076,-0.08087468147277832,0.8800888657569885,0.4689197242259979,-0.1278054267168045,0.915698766708374,0.3880288600921631,-0.15423914790153503,0.943058431148529,0.31148001551628113,-0.1715555042028427
76521.833,0.7616515159606934,0.9243628978729248,9.092552204492677e-07,0.6515374779701233,0.8875600099563599,-0.05402088165283203,0.5566362142562866,0.7684311866760254,-0.07823744416236877,0.4982072114944458,0.6587336659431458,-0.09757193177938461,0.44096970558166504,0.572635293006897,-0.11643553525209427,0.612188994884491,0.5495313405990601,-0.04866001754999161,0.5643360614776611,0.39901822805404663,-0.0856303945183754,0.5338307619094849,0.2986197769641876,-0.11554215103387833,0.5095029473304749,0.20939913392066956,-0.13938023149967194,0.6870543956756592,0.519528865814209,-0.05315639451146126,0.6718611717224121,0.3381522595882416,-0.08517905324697495,0.6620376110076904,0.21608492732048035,-0.11407524347305298,0.6536163091659546,0.11210328340530396,-0.1363237351179123,0.7596006989479065,0.5342469811439514,-0.06547100096940994,0.7558876276016235,0.3623145520687103,-0.10932868719100952,0.7466412782669067,0.25114181637763977,-0.14320561289787292,0.7363487482070923,0.1496458649635315,-0.16699430346488953,0.8319061994552612,0.5853861570358276,-0.08175262063741684,0.8866866827011108,0.47027167677879333,-0.1301996409893036,0.9233537912368774,0.38878047466278076,-0.15761521458625793,0.9519402980804443,0.3113979399204254,-0.17545756697654724
76521.839,0.7626956701278687,0.9262427091598511,8.81109428974014e-07,0.6524752974510193,0.8881244659423828,-0.05231791362166405,0.5564746856689453,0.7687119245529175,-0.0754973366856575,0.4982510805130005,0.6579114198684692,-0.09399282932281494,0.44126054644584656,0.5716080069541931,-0.11215657740831375,0.6126352548599243,0.5503740906715393,-0.047567494213581085,0.5653544664382935,0.3993031680583954,-0.08347214758396149,0.5335732698440552,0.29925647377967834,-0.11250575631856918,0.5070360898971558,0.21046873927116394,-0.13571813702583313,0.6877793669700623,0.5200762748718262,-0.052497509866952896,0.6735772490501404,0.3368878960609436,-0.08320024609565735,0.6634382605552673,0.21518874168395996,-0.11124429106712341,0.6540682315826416,0.11191818118095398,-0.1330765038728714,0.760150671005249,0.5345956087112427,-0.06500910222530365,0.7572135925292969,0.36330628395080566,-0.1072940081357956,0.747588038444519,0.25064682960510254,-0.14058150351047516,0.7362780570983887,0.1481662094593048,-0.16436195373535156,0.8322106003761292,0.585300862789154,-0.08136726170778275,0.8865729570388794,0.4692133069038391,-0.12795792520046234,0.923429548740387,0.38705015182495117,-0.15433260798454285,0.9521510601043701,0.3097039759159088,-0.1718098521232605
76521.865,0.7654579281806946,0.9283605813980103,9.094223969441373e-07,0.6536161303520203,0.8916990160942078,-0.054148055613040924,0.5579545497894287,0.7705328464508057,-0.07841472327709198,0.49929842352867126,0.6592085957527161,-0.09798029810190201,0.4412270486354828,0.5716798901557922,-0.11712530255317688,0.6153665781021118,0.5496202707290649,-0.04860373213887215,0.5669563412666321,0.3969656229019165,-0.08618050068616867,0.5359224677085876,0.2948951721191406,-0.11639803647994995,0.5112374424934387,0.20420122146606445,-0.1404939889907837,0.6914541125297546,0.5192945599555969,-0.053647443652153015,0.6760408282279968,0.335269033908844,-0.08606500923633575,0.6663541197776794,0.21157506108283997,-0.11524949967861176,0.6580860018730164,0.10540387034416199,-0.13775984942913055,0.765053927898407,0.5343668460845947,-0.066627137362957,0.760814905166626,0.3589183986186981,-0.11152786016464233,0.7516794800758362,0.24612092971801758,-0.1458706110715866,0.7413684725761414,0.14254483580589294,-0.169942706823349,0.8387466669082642,0.5864260196685791,-0.08354835212230682,0.8947713375091553,0.47043299674987793,-0.1334313601255417,0.93208909034729,0.38782721757888794,-0.16143041849136353,0.961010217666626,0.30895984172821045,-0.17958031594753265
76521.896,0.769692063331604,0.9328197240829468,9.170302064376301e-07,0.6563930511474609,0.8959646821022034,-0.05361058562994003,0.5587932467460632,0.7696736454963684,-0.07689875364303589,0.4989798069000244,0.6543676853179932,-0.09556467831134796,0.43938565254211426,0.5681491494178772,-0.11397465318441391,0.6185683608055115,0.5473624467849731,-0.047602925449609756,0.5707923769950867,0.3927944302558899,-0.0843472108244896,0.540164053440094,0.2897033095359802,-0.11404407769441605,0.5155823230743408,0.19812658429145813,-0.13806554675102234,0.6956827640533447,0.5172361135482788,-0.053118135780096054,0.6809825897216797,0.33171069622039795,-0.08544424921274185,0.6717140078544617,0.20670300722122192,-0.1148979514837265,0.6639794707298279,0.09882137179374695,-0.1376531571149826,0.7701236605644226,0.5332605242729187,-0.06650501489639282,0.7669057846069336,0.3555564880371094,-0.11216447502374649,0.7578966617584229,0.24143758416175842,-0.14746446907520294,0.747876763343811,0.13672438263893127,-0.17214073240756989,0.8444123268127441,0.5868262648582458,-0.08370130509138107,0.9024256467819214,0.4695720672607422,-0.13480986654758453,0.9409693479537964,0.38622623682022095,-0.1637069433927536,0.9710315465927124,0.3066464960575104,-0.18240608274936676
76521.928,0.7731536030769348,0.9329478740692139,9.57930865297385e-07,0.660358190536499,0.8965434432029724,-0.05499030277132988,0.5617369413375854,0.7709940671920776,-0.07927419245243073,0.5015157461166382,0.6544508337974548,-0.09876739978790283,0.4423582851886749,0.5649195909500122,-0.1178683489561081,0.6216000914573669,0.5461438298225403,-0.05016927048563957,0.5724769234657288,0.38757190108299255,-0.08752313256263733,0.5417407155036926,0.28226450085639954,-0.1169554740190506,0.5175497531890869,0.18916329741477966,-0.14059308171272278,0.6992043256759644,0.5148698091506958,-0.05513660982251167,0.6843308210372925,0.3242144286632538,-0.0876830592751503,0.6761440634727478,0.19616883993148804,-0.11640044301748276,0.6698429584503174,0.08713415265083313,-0.1385607272386551,0.77430260181427,0.5301048755645752,-0.06810606271028519,0.7716043591499329,0.34933996200561523,-0.11375033110380173,0.7626510262489319,0.23351740837097168,-0.14879687130451202,0.7527079582214355,0.12780797481536865,-0.1733705997467041,0.8497198820114136,0.5835348963737488,-0.0850234106183052,0.9100366830825806,0.4655141830444336,-0.13595792651176453,0.9491939544677734,0.38067346811294556,-0.1650385856628418,0.979625940322876,0.29949524998664856,-0.18399277329444885
76521.962,0.7760029435157776,0.9397096633911133,9.61591240411508e-07,0.6610010862350464,0.8984611630439758,-0.05586082115769386,0.5615231990814209,0.7687251567840576,-0.07986649870872498,0.5007047653198242,0.6505051255226135,-0.09884928911924362,0.4418320655822754,0.5574002265930176,-0.11713912338018417,0.6235737204551697,0.5415756106376648,-0.04775696247816086,0.5752205848693848,0.381731241941452,-0.08528552949428558,0.5448694229125977,0.27478456497192383,-0.11578163504600525,0.520861029624939,0.18007132411003113,-0.14041969180107117,0.702994167804718,0.5116330981254578,-0.05263049900531769,0.6883873343467712,0.32140183448791504,-0.08467751741409302,0.6799063682556152,0.19170191884040833,-0.11402546614408493,0.6726692318916321,0.08114102482795715,-0.1368066519498825,0.7798101305961609,0.5286963582038879,-0.065923310816288,0.776758074760437,0.3485838770866394,-0.11070255190134048,0.767967164516449,0.230584055185318,-0.14562496542930603,0.7576128244400024,0.12258431315422058,-0.17034314572811127,0.8568416833877563,0.5837717056274414,-0.08343423902988434,0.9156278371810913,0.46596232056617737,-0.133293017745018,0.9530451893806458,0.3805882930755615,-0.16194792091846466,0.9815707206726074,0.2983638346195221,-0.18090228736400604
76522.024,0.7836358547210693,0.9500806331634521,9.889248531180783e-07,0.6663809418678284,0.9087011218070984,-0.05818702653050423,0.5660344362258911,0.7746901512145996,-0.0833749920129776,0.5030219554901123,0.6533784866333008,-0.10332471132278442,0.44212061166763306,0.5556440353393555,-0.12256643176078796,0.6291447877883911,0.5438469052314758,-0.04839170351624489,0.580120325088501,0.3806910514831543,-0.0875711590051651,0.5488200783729553,0.2704983651638031,-0.11938563734292984,0.5250589847564697,0.17340978980064392,-0.145073801279068,0.710260272026062,0.5129141807556152,-0.05402578040957451,0.6947457790374756,0.3181840181350708,-0.08779396116733551,0.6863407492637634,0.1828669011592865,-0.11909746378660202,0.6798271536827087,0.06794744729995728,-0.14303700625896454,0.7890068292617798,0.5323338508605957,-0.06844551861286163,0.7855204343795776,0.34600016474723816,-0.11590932309627533,0.7785202264785767,0.22498786449432373,-0.15244252979755402,0.7696329355239868,0.11360523104667664,-0.17796388268470764,0.8687258958816528,0.5920732617378235,-0.08718272298574448,0.9287410974502563,0.4750238060951233,-0.14033277332782745,0.9663770198822021,0.39025330543518066,-0.1699909269809723,0.9939250946044922,0.30798137187957764,-0.18923136591911316
76522.058,0.785816490650177,0.9652739763259888,9.725208656163886e-07,0.6687784790992737,0.9206945896148682,-0.06243288889527321,0.5693942904472351,0.7846546173095703,-0.09013111144304276,0.5036805272102356,0.6628117561340332,-0.11191016435623169,0.4410344362258911,0.5630295276641846,-0.1330687701702118,0.6346263289451599,0.5518442988395691,-0.053509656339883804,0.5857484936714172,0.38565078377723694,-0.09617698937654495,0.5534735918045044,0.2721784710884094,-0.13111191987991333,0.529632031917572,0.17215949296951294,-0.15890760719776154,0.7165845036506653,0.5203956365585327,-0.05812303349375725,0.7012754678726196,0.32419902086257935,-0.09474752843379974,0.6931935548782349,0.18864858150482178,-0.12872080504894257,0.687082052230835,0.07196003198623657,-0.15472303330898285,0.7961390018463135,0.5404530763626099,-0.07177695631980896,0.7933976650238037,0.3507676124572754,-0.12150120735168457,0.7885854244232178,0.22809788584709167,-0.15911905467510223,0.7817807197570801,0.1146014928817749,-0.1854187697172165,0.8765025734901428,0.6014798879623413,-0.09004275500774384,0.9360232949256897,0.48120856285095215,-0.14466868340969086,0.9746723771095276,0.3946584463119507,-0.17435745894908905,1.0029540061950684,0.3105182647705078,-0.19363538920879364
76522.088,0.7902536392211914,0.9779795408248901,9.559337286191294e-07,0.6738062500953674,0.9364023208618164,-0.06557215750217438,0.5712128281593323,0.8029547333717346,-0.09586229920387268,0.5065231919288635,0.6803710460662842,-0.11929991096258163,0.44290289282798767,0.5815949440002441,-0.142628014087677,0.6376322507858276,0.5647875070571899,-0.06398287415504456,0.58661288022995,0.3963906168937683,-0.11003505438566208,0.5530388355255127,0.2805113196372986,-0.14696866273880005,0.5280754566192627,0.1779424548149109,-0.17617996037006378,0.7209472060203552,0.5318349599838257,-0.06818602234125137,0.7042291760444641,0.3324359357357025,-0.10832750797271729,0.696273922920227,0.19655519723892212,-0.14367727935314178,0.6901659965515137,0.07828432321548462,-0.17090122401714325,0.8009949922561646,0.5526557564735413,-0.08123328536748886,0.7984513640403748,0.36090463399887085,-0.13379152119159698,0.794145405292511,0.23563972115516663,-0.17230729758739471,0.787253201007843,0.11983054876327515,-0.19952064752578735,0.8818910717964172,0.6143732070922852,-0.0989583432674408,0.940504789352417,0.4876484274864197,-0.15507376194000244,0.9805017709732056,0.3996920883655548,-0.18500880897045135,1.0090562105178833,0.3142938017845154,-0.20491750538349152
76522.121,0.7917530536651611,0.9972403645515442,9.56801727625134e-07,0.6762648820877075,0.9526569247245789,-0.06342002749443054,0.5739677548408508,0.8205217123031616,-0.09364225715398788,0.5087859630584717,0.698228120803833,-0.11767040193080902,0.4443873167037964,0.6000357866287231,-0.14176562428474426,0.6394816040992737,0.5823440551757812,-0.06375212967395782,0.5889207124710083,0.4120519757270813,-0.109437495470047,0.5552284717559814,0.29663556814193726,-0.14555688202381134,0.5300472974777222,0.19397962093353271,-0.17401179671287537,0.7230565547943115,0.5479511618614197,-0.06944762915372849,0.7056713700294495,0.34423187375068665,-0.10929704457521439,0.6958206295967102,0.205863356590271,-0.1443822681903839,0.6876845359802246,0.08690541982650757,-0.17134477198123932,0.80415278673172,0.5676313042640686,-0.08371453732252121,0.8007611036300659,0.37250369787216187,-0.1359829157590866,0.7940318584442139,0.24439483880996704,-0.1754014492034912,0.7846012711524963,0.12787485122680664,-0.20327560603618622,0.886207103729248,0.628214955329895,-0.10241285711526871,0.9469882845878601,0.497549444437027,-0.15784692764282227,0.9872133135795593,0.40623730421066284,-0.18829530477523804,1.0158631801605225,0.31961503624916077,-0.20872856676578522
76522.153,0.7931051254272461,1.0076429843902588,9.539104439681978e-07,0.6797581315040588,0.9594411849975586,-0.06460101157426834,0.5786578059196472,0.8357445001602173,-0.09848476201295853,0.5128615498542786,0.7209282517433167,-0.12622679769992828,0.45106425881385803,0.6185445189476013,-0.15384268760681152,0.6415716409683228,0.594387412071228,-0.06810416281223297,0.5928610563278198,0.42452573776245117,-0.11648482829332352,0.5590390563011169,0.3124675452709198,-0.1541367620229721,0.533608078956604,0.21193161606788635,-0.18299250304698944,0.7260618209838867,0.5611086487770081,-0.07423034310340881,0.7091240286827087,0.35534927248954773,-0.11578496545553207,0.6987061500549316,0.21642449498176575,-0.15164697170257568,0.6898772716522217,0.0965835452079773,-0.1790032535791397,0.8082294464111328,0.5820146203041077,-0.0888868048787117,0.8054352402687073,0.38453614711761475,-0.14163020253181458,0.7999502420425415,0.25642624497413635,-0.18066991865634918,0.7905887961387634,0.13982826471328735,-0.2082158625125885,0.8913766145706177,0.6438228487968445,-0.10805582255125046,0.9509012699127197,0.5120885968208313,-0.1626387983560562,0.9901318550109863,0.4213850796222687,-0.1916903704404831,1.0170727968215942,0.33608973026275635,-0.21109044551849365
76522.185,0.7894800305366516,1.0233197212219238,9.526489748168387e-07,0.6777850389480591,0.970474362373352,-0.06302659958600998,0.580795407295227,0.8475556969642639,-0.09666728228330612,0.5155359506607056,0.7338128685951233,-0.1245945394039154,0.4530121684074402,0.6335797905921936,-0.1524302363395691,0.6444087028503418,0.6073809862136841,-0.06552030146121979,0.5942723155021667,0.4370189905166626,-0.11334854364395142,0.5599246025085449,0.3243887424468994,-0.15083792805671692,0.5341998338699341,0.22351059317588806,-0.1793615221977234,0.7292125225067139,0.5751223564147949,-0.07212185859680176,0.7119626402854919,0.36639654636383057,-0.1124815046787262,0.7014594078063965,0.22572296857833862,-0.14773248136043549,0.6926083564758301,0.10607916116714478,-0.17447836697101593,0.8122261762619019,0.5966447591781616,-0.08710962533950806,0.8076047897338867,0.39661717414855957,-0.13799160718917847,0.8027706146240234,0.2671465277671814,-0.17559824883937836,0.7943917512893677,0.15122783184051514,-0.2020307332277298,0.8965204954147339,0.6580646634101868,-0.1066112145781517,0.952740490436554,0.5246009826660156,-0.1581139862537384,0.990363597869873,0.43446534872055054,-0.18470442295074463,1.0162748098373413,0.35140565037727356,-0.202425017952919
76522.217,0.7939456105232239,1.0217920541763306,9.289029776482494e-07,0.6816590428352356,0.9730625152587891,-0.06953772902488708,0.582464337348938,0.8555852770805359,-0.10774311423301697,0.5157842040061951,0.7433091998100281,-0.13894346356391907,0.454047292470932,0.6382343173027039,-0.17014425992965698,0.645546555519104,0.6145728230476379,-0.07618122547864914,0.5950091481208801,0.4438176155090332,-0.12836594879627228,0.559982419013977,0.331368625164032,-0.1688854992389679,0.5340287089347839,0.22993430495262146,-0.1993280053138733,0.7323548793792725,0.5822778940200806,-0.08022370934486389,0.7141343355178833,0.3750782608985901,-0.12390382587909698,0.7034083008766174,0.23765996098518372,-0.16193021833896637,0.6938523054122925,0.11704689264297485,-0.1910400539636612,0.8157748579978943,0.6036947965621948,-0.09274755418300629,0.8139405846595764,0.40662068128585815,-0.14534443616867065,0.8101909160614014,0.2775849401950836,-0.1845368593931198,0.8013761043548584,0.15999272465705872,-0.21250130236148834,0.8996100425720215,0.6650975942611694,-0.11017879843711853,0.9552426934242249,0.5349863767623901,-0.162100151181221,0.99205082654953,0.44715309143066406,-0.1892191618680954,1.0159292221069336,0.36497268080711365,-0.20777103304862976
76522.265,0.7957034111022949,1.0192837715148926,9.78580715127464e-07,0.68482506275177,0.9700930118560791,-0.06522028893232346,0.5864903330802917,0.8511795997619629,-0.10129154473543167,0.5187487602233887,0.7409388422966003,-0.13115090131759644,0.4553910791873932,0.6392697691917419,-0.16130533814430237,0.648155152797699,0.6135177612304688,-0.07180734723806381,0.5971457958221436,0.4443783760070801,-0.12176132947206497,0.5614463090896606,0.331307977437973,-0.16066740453243256,0.534389317035675,0.23042774200439453,-0.1903333216905594,0.7333234548568726,0.5823100209236145,-0.07776462286710739,0.7167344689369202,0.37658020853996277,-0.12023269385099411,0.7076640129089355,0.23736250400543213,-0.15716543793678284,0.699636697769165,0.1174059510231018,-0.1854320615530014,0.8151869177818298,0.6039119362831116,-0.09193137288093567,0.8138517141342163,0.4080698490142822,-0.14427874982357025,0.8105429410934448,0.27856430411338806,-0.1837666928768158,0.8023356199264526,0.1608661413192749,-0.2120668739080429,0.8974330425262451,0.6651698350906372,-0.11054310947656631,0.9561076760292053,0.5389994978904724,-0.1634446382522583,0.9950516223907471,0.4530124068260193,-0.19143153727054596,1.0209674835205078,0.3727153241634369,-0.2105514258146286
76522.271,0.7966812252998352,1.0189263820648193,9.977613899536664e-07,0.6859580874443054,0.9710807204246521,-0.06634541600942612,0.5879639983177185,0.8536239862442017,-0.10334733128547668,0.5211586952209473,0.7445835471153259,-0.1338190734386444,0.45836976170539856,0.6423521637916565,-0.16452988982200623,0.6484110355377197,0.6138799786567688,-0.07392051815986633,0.5968469381332397,0.44449466466903687,-0.12422940880060196,0.5610398054122925,0.33178362250328064,-0.16323333978652954,0.5338855981826782,0.23133313655853271,-0.19292011857032776,0.7339994311332703,0.5828945636749268,-0.07953803241252899,0.7167837023735046,0.3770959973335266,-0.12261456996202469,0.7075259685516357,0.23793268203735352,-0.16007953882217407,0.6995440721511841,0.1179535984992981,-0.1886170655488968,0.815922737121582,0.6045381426811218,-0.0933280661702156,0.813834011554718,0.40864017605781555,-0.14620259404182434,0.8100260496139526,0.2791490852832794,-0.1863359659910202,0.8015503883361816,0.1610821783542633,-0.21501241624355316,0.8982458114624023,0.6656734943389893,-0.11156180500984192,0.9559939503669739,0.5396761894226074,-0.16503867506980896,0.9942039251327515,0.45370492339134216,-0.19357317686080933,1.0195012092590332,0.37279847264289856,-0.2129872441291809
76522.297,0.7955885529518127,1.0163004398345947,1.0001883765653474e-06,0.6858124136924744,0.9668344855308533,-0.0639716237783432,0.5887542366981506,0.8470102548599243,-0.09989883750677109,0.5225723385810852,0.7378638982772827,-0.1297580748796463,0.4595459997653961,0.6373125314712524,-0.1601933389902115,0.6483708620071411,0.6114505529403687,-0.07275999337434769,0.5975664258003235,0.4429473876953125,-0.12292743474245071,0.5615034103393555,0.3302125930786133,-0.16189445555210114,0.53401780128479,0.22961676120758057,-0.19168052077293396,0.7341168522834778,0.5809670090675354,-0.07963976263999939,0.7176300883293152,0.37545639276504517,-0.12269921600818634,0.7089928984642029,0.2368333339691162,-0.16000305116176605,0.701293408870697,0.11682164669036865,-0.18848645687103271,0.8161347508430481,0.6033003330230713,-0.09446987509727478,0.8153394460678101,0.40583282709121704,-0.1478261500597,0.812542200088501,0.276709645986557,-0.18795722723007202,0.8049688935279846,0.15872836112976074,-0.2166031450033188,0.8980543613433838,0.6653713583946228,-0.11342918127775192,0.9572385549545288,0.537857174873352,-0.16771553456783295,0.997059166431427,0.451945424079895,-0.1962079107761383,1.023749828338623,0.37134647369384766,-0.21554306149482727
76522.328,0.7962251901626587,1.0141984224319458,9.952030950444168e-07,0.6844943761825562,0.9627125263214111,-0.060831110924482346,0.5866756439208984,0.8415390253067017,-0.09472092241048813,0.5223742723464966,0.7315137386322021,-0.12298765778541565,0.46022340655326843,0.63181072473526,-0.15182888507843018,0.6479270458221436,0.6077592372894287,-0.06873301416635513,0.5974316000938416,0.43866685032844543,-0.11660900712013245,0.5620331764221191,0.32541167736053467,-0.15389248728752136,0.5346540212631226,0.22478410601615906,-0.18249203264713287,0.7338453531265259,0.5777889490127563,-0.07650791853666306,0.7188388109207153,0.3718767762184143,-0.11773521453142166,0.7106584906578064,0.2330297827720642,-0.15383470058441162,0.703284502029419,0.11426275968551636,-0.18136350810527802,0.8160742521286011,0.6001935005187988,-0.09193041175603867,0.816146969795227,0.40395134687423706,-0.14286869764328003,0.8135548233985901,0.2746228277683258,-0.18136313557624817,0.8060001134872437,0.1573874056339264,-0.20897433161735535,0.8983615636825562,0.6618582010269165,-0.11132697761058807,0.9568135142326355,0.5339341163635254,-0.16269655525684357,0.995341420173645,0.446431040763855,-0.18934772908687592,1.020944356918335,0.3647043704986572,-0.20753082633018494
76522.36,0.796687126159668,1.009469747543335,9.964659284378286e-07,0.6839371919631958,0.9557365775108337,-0.059917740523815155,0.5862574577331543,0.8336791396141052,-0.09230352938175201,0.5225188136100769,0.7232607007026672,-0.11916852742433548,0.4619218111038208,0.6232910752296448,-0.14661334455013275,0.6474971771240234,0.6013138890266418,-0.06561217457056046,0.5973978638648987,0.43295979499816895,-0.11177490651607513,0.5626603364944458,0.31959670782089233,-0.1480078101158142,0.536054253578186,0.21894770860671997,-0.17602971196174622,0.7330242395401001,0.5714287161827087,-0.0731324702501297,0.7179829478263855,0.3663146197795868,-0.11254096776247025,0.7099759578704834,0.22874993085861206,-0.14728645980358124,0.702940821647644,0.1109933853149414,-0.17396357655525208,0.8150359392166138,0.5944026708602905,-0.08837418258190155,0.8148821592330933,0.398171603679657,-0.13759727776050568,0.8123292326927185,0.2700507640838623,-0.17483744025230408,0.8055136203765869,0.15382781624794006,-0.20177216827869415,0.8969087600708008,0.6565189957618713,-0.10761533677577972,0.9531165361404419,0.5288048386573792,-0.1576978713274002,0.9914106130599976,0.4422532916069031,-0.1833166778087616,1.0179357528686523,0.36152392625808716,-0.2008516788482666
76522.425,0.7951039671897888,1.0035415887832642,1.0035693094323506e-06,0.6819779872894287,0.9532952904701233,-0.060263678431510925,0.5836316347122192,0.8256435394287109,-0.09074045717716217,0.5222517251968384,0.7112897038459778,-0.11556468904018402,0.4616287350654602,0.6126439571380615,-0.14084991812705994,0.6472228765487671,0.592147946357727,-0.06368273496627808,0.5976139307022095,0.4238636791706085,-0.10831472277641296,0.5643289089202881,0.3100041151046753,-0.14359968900680542,0.5390446782112122,0.20902982354164124,-0.17127221822738647,0.7320646643638611,0.5623067021369934,-0.07065000385046005,0.7181581258773804,0.35869091749191284,-0.10892099887132645,0.7116197943687439,0.2207503318786621,-0.1428895741701126,0.7061642408370972,0.10252898931503296,-0.16922485828399658,0.8132662177085876,0.5848323702812195,-0.08564341068267822,0.814121663570404,0.3908921480178833,-0.13433535397052765,0.8119795322418213,0.2645236849784851,-0.17153646051883698,0.8061227202415466,0.14884644746780396,-0.19859343767166138,0.894409716129303,0.6464411616325378,-0.10485785454511642,0.9527115821838379,0.5206204652786255,-0.15540315210819244,0.9926818609237671,0.43412208557128906,-0.18216201663017273,1.0212799310684204,0.3517441749572754,-0.20063045620918274
76522.458,0.7960512042045593,1.0022794008255005,9.734012564877048e-07,0.6826752424240112,0.9496030807495117,-0.056990846991539,0.5844652652740479,0.8202415704727173,-0.08596871048212051,0.5226653218269348,0.7061748504638672,-0.10988667607307434,0.462375670671463,0.6081786751747131,-0.13444645702838898,0.6467772126197815,0.5906569361686707,-0.060679223388433456,0.5982698798179626,0.4211445450782776,-0.10452403873205185,0.5653619170188904,0.3063935935497284,-0.1390528827905655,0.5405058860778809,0.2052464485168457,-0.16604746878147125,0.732136070728302,0.5610559582710266,-0.06904133409261703,0.71908038854599,0.3567816913127899,-0.1067347452044487,0.7122079730033875,0.2192341685295105,-0.14049336314201355,0.7062033414840698,0.10188460350036621,-0.16650378704071045,0.8138265609741211,0.5836564898490906,-0.08504718542098999,0.8148441910743713,0.38915854692459106,-0.1332380175590515,0.8128507137298584,0.2620863914489746,-0.16995736956596375,0.8068835139274597,0.14650306105613708,-0.1965867429971695,0.8950775861740112,0.6454441547393799,-0.10493017733097076,0.9529972076416016,0.5188716053962708,-0.1546994149684906,0.993331789970398,0.43343985080718994,-0.18024912476539612,1.0221830606460571,0.35322174429893494,-0.1977195143699646
76522.489,0.7953659296035767,1.001526117324829,9.632362889533397e-07,0.6827577948570251,0.9491971731185913,-0.05671820044517517,0.5849304795265198,0.8197563290596008,-0.08526664227247238,0.5233054161071777,0.7056277990341187,-0.1088496744632721,0.4628807008266449,0.6086793541908264,-0.13301140069961548,0.6471477746963501,0.5900772213935852,-0.060232363641262054,0.5981546640396118,0.42044055461883545,-0.1040310487151146,0.5653087496757507,0.3058501183986664,-0.13843829929828644,0.5404735803604126,0.20486286282539368,-0.16537415981292725,0.7324085235595703,0.5606306791305542,-0.06856667250394821,0.7191641926765442,0.35646703839302063,-0.10641265660524368,0.7125997543334961,0.21830034255981445,-0.14027734100818634,0.7064904570579529,0.10039305686950684,-0.16640020906925201,0.8139347434043884,0.5832501649856567,-0.08455400168895721,0.8151295185089111,0.38953977823257446,-0.13288025557994843,0.8127022981643677,0.26230818033218384,-0.16977611184120178,0.8057287931442261,0.14655357599258423,-0.19648373126983643,0.8951078653335571,0.6451467275619507,-0.10442005842924118,0.953479528427124,0.5192715525627136,-0.15406346321105957,0.9917823672294617,0.4329690933227539,-0.18000204861164093,1.0179427862167358,0.35155677795410156,-0.19788368046283722
76522.522,0.7947030067443848,1.0023711919784546,9.675325145508396e-07,0.6818956732749939,0.9484631419181824,-0.05703732371330261,0.5837582349777222,0.8205273151397705,-0.08626176416873932,0.5213339328765869,0.7057127952575684,-0.11028683930635452,0.4613218605518341,0.6064863204956055,-0.13469915091991425,0.6461441516876221,0.5900119543075562,-0.06051066890358925,0.5971870422363281,0.41923201084136963,-0.10393785685300827,0.5644199252128601,0.3049410581588745,-0.13793011009693146,0.5399023294448853,0.2046942114830017,-0.1642978936433792,0.7315196990966797,0.5610277056694031,-0.06839621067047119,0.7188628911972046,0.35617104172706604,-0.10579437017440796,0.7118526101112366,0.2184375822544098,-0.13929983973503113,0.705163836479187,0.10163646936416626,-0.16502754390239716,0.8129501938819885,0.583544909954071,-0.08389050513505936,0.814915120601654,0.38996535539627075,-0.131593257188797,0.8126453161239624,0.26182821393013,-0.16825556755065918,0.8056049942970276,0.1461506485939026,-0.19478245079517365,0.8938639163970947,0.6449699401855469,-0.10322070121765137,0.952578067779541,0.5181914567947388,-0.1520981788635254,0.9916660785675049,0.43135157227516174,-0.17754100263118744,1.0185285806655884,0.3502216935157776,-0.19499385356903076
76522.552,0.7930245995521545,1.002979040145874,9.668420943853562e-07,0.6806882619857788,0.9499999284744263,-0.05789663642644882,0.58236163854599,0.8226603865623474,-0.0876753032207489,0.5200155973434448,0.7093198299407959,-0.11208552122116089,0.46065816283226013,0.6101737022399902,-0.13689614832401276,0.6445505619049072,0.5917266011238098,-0.06267093122005463,0.595659613609314,0.4203329384326935,-0.10680888593196869,0.563046932220459,0.3052782416343689,-0.1410672515630722,0.5386351346969604,0.2049245834350586,-0.16759692132472992,0.7302488088607788,0.562799334526062,-0.07045675814151764,0.7178242802619934,0.3577287197113037,-0.10862769931554794,0.7107113599777222,0.2202630341053009,-0.14256122708320618,0.7037261128425598,0.10352921485900879,-0.16862353682518005,0.8120415210723877,0.5851951241493225,-0.08585058897733688,0.8139141201972961,0.3909088969230652,-0.13440139591693878,0.8120334148406982,0.2629307210445404,-0.17142626643180847,0.805453896522522,0.14691203832626343,-0.19817359745502472,0.8933865427970886,0.6465399861335754,-0.10510196536779404,0.9518084526062012,0.5187481641769409,-0.15468762814998627,0.9912137985229492,0.4312922954559326,-0.18049727380275726,1.0185660123825073,0.34907039999961853,-0.1982204020023346
76522.585,0.7898672223091125,1.0038866996765137,9.66886659625743e-07,0.6787293553352356,0.9509686231613159,-0.05664319545030594,0.5815072059631348,0.8250966668128967,-0.086192786693573,0.5191577076911926,0.7139908075332642,-0.1108112707734108,0.4592791497707367,0.6162592768669128,-0.13606853783130646,0.641922116279602,0.594094455242157,-0.06068725883960724,0.5936576128005981,0.42466485500335693,-0.10391706973314285,0.5612834692001343,0.31021401286125183,-0.13791562616825104,0.537282407283783,0.21040558815002441,-0.1643059253692627,0.7271978855133057,0.5654495358467102,-0.06906456500291824,0.714809775352478,0.36101916432380676,-0.1063694953918457,0.7073907256126404,0.22394028306007385,-0.14042983949184418,0.7005707025527954,0.10776644945144653,-0.16672271490097046,0.808749258518219,0.5878903269767761,-0.08489479869604111,0.8107553720474243,0.39356064796447754,-0.13286669552326202,0.8091639280319214,0.26565927267074585,-0.17029787600040436,0.8031212091445923,0.1505368947982788,-0.19749195873737335,0.8897190690040588,0.6493971943855286,-0.10446938127279282,0.949637234210968,0.5209794044494629,-0.15375690162181854,0.9914864301681519,0.43553248047828674,-0.17943988740444183,1.021340012550354,0.35642001032829285,-0.19712358713150024
76522.615,0.7885370254516602,1.0042383670806885,9.685213626653422e-07,0.6776711344718933,0.9533970355987549,-0.05773475393652916,0.5781193971633911,0.8299190998077393,-0.08819066733121872,0.5162400603294373,0.7185399532318115,-0.11343831568956375,0.45817264914512634,0.6188654899597168,-0.1392143815755844,0.6395799517631531,0.5970061421394348,-0.06481076776981354,0.5916178226470947,0.4278671145439148,-0.10954801738262177,0.5584895610809326,0.31469812989234924,-0.14426961541175842,0.5329090356826782,0.21518650650978088,-0.17113900184631348,0.7247201800346375,0.5680557489395142,-0.07296419143676758,0.7123824954032898,0.36396539211273193,-0.11169415712356567,0.7051098942756653,0.22755905985832214,-0.14633023738861084,0.6980456113815308,0.11134785413742065,-0.17302927374839783,0.8062819242477417,0.5904802083969116,-0.08847226947546005,0.80840665102005,0.39756888151168823,-0.13743163645267487,0.8063413500785828,0.2699471116065979,-0.17527545988559723,0.7992483973503113,0.15493381023406982,-0.20269860327243805,0.887649655342102,0.6520873308181763,-0.107771135866642,0.9483727216720581,0.5239309668540955,-0.15759429335594177,0.9891065359115601,0.4371027648448944,-0.18381211161613464,1.0177031755447388,0.3566923439502716,-0.20191329717636108
76522.65,0.7873080968856812,1.0029349327087402,9.753084668773226e-07,0.6761758923530579,0.9525367021560669,-0.05658533796668053,0.576272189617157,0.8306019902229309,-0.08660291135311127,0.5146617293357849,0.7198957204818726,-0.11153735220432281,0.45595699548721313,0.6219931244850159,-0.13703341782093048,0.6364549398422241,0.5991296768188477,-0.06407323479652405,0.5881556868553162,0.4295160174369812,-0.10792083293199539,0.5554295778274536,0.3160303235054016,-0.14168350398540497,0.5306645631790161,0.21725910902023315,-0.16794821619987488,0.7215797901153564,0.5710603594779968,-0.07268806546926498,0.7079212665557861,0.36724457144737244,-0.11127173900604248,0.7002047300338745,0.2309412956237793,-0.14593082666397095,0.6930937170982361,0.115886390209198,-0.17269834876060486,0.8031966090202332,0.5937080383300781,-0.08849146962165833,0.8048762083053589,0.40086889266967773,-0.13768333196640015,0.8023402094841003,0.2730402946472168,-0.1760844737291336,0.794975221157074,0.15820586681365967,-0.2039216160774231,0.8847479820251465,0.6549496650695801,-0.10785511136054993,0.9457334280014038,0.5268920063972473,-0.15821334719657898,0.9859933853149414,0.43954384326934814,-0.18513338267803192,1.0138823986053467,0.35871338844299316,-0.20375856757164001
76522.697,0.7822933793067932,1.0045748949050903,1.0010808182414621e-06,0.671099066734314,0.9524869918823242,-0.05696280673146248,0.5738679766654968,0.8313575387001038,-0.08757886290550232,0.512393593788147,0.7222861647605896,-0.11302274465560913,0.45345088839530945,0.6248781681060791,-0.13887841999530792,0.6335939168930054,0.5980422496795654,-0.06389379501342773,0.5859428644180298,0.42937347292900085,-0.10844007879495621,0.5527833104133606,0.3162299692630768,-0.1429639756679535,0.5276174545288086,0.21751052141189575,-0.16972845792770386,0.7183658480644226,0.5700859427452087,-0.07240471243858337,0.7049911022186279,0.3676777780056,-0.11145620793104172,0.6971475481987,0.23103031516075134,-0.14630873501300812,0.6898618936538696,0.1157376766204834,-0.17305642366409302,0.799898624420166,0.5930852293968201,-0.08826102316379547,0.8015559911727905,0.4009343981742859,-0.13798637688159943,0.7980255484580994,0.27348119020462036,-0.1763830929994583,0.7900494933128357,0.1586940884590149,-0.20402108132839203,0.8813837766647339,0.6553493738174438,-0.10771153122186661,0.9432927370071411,0.5273892283439636,-0.15864291787147522,0.9831749796867371,0.4394265413284302,-0.18581075966358185,1.010849952697754,0.3574753701686859,-0.20442727208137512
76522.729,0.7793168425559998,1.0012331008911133,9.805140734897577e-07,0.6675456166267395,0.9512244462966919,-0.057056814432144165,0.5695594549179077,0.8306235074996948,-0.08745195716619492,0.5089150667190552,0.7202280759811401,-0.11258864402770996,0.4504077136516571,0.6219989061355591,-0.1382559984922409,0.6305312514305115,0.5974141359329224,-0.06386642903089523,0.5813461542129517,0.4294508099555969,-0.1078537106513977,0.547753095626831,0.31709691882133484,-0.14184081554412842,0.5222552418708801,0.21919018030166626,-0.16815468668937683,0.7154339551925659,0.5699638724327087,-0.07216765731573105,0.7014485001564026,0.36685192584991455,-0.11046788841485977,0.6934477686882019,0.23151394724845886,-0.14492808282375336,0.6864053606987,0.11755579710006714,-0.17145715653896332,0.796556830406189,0.5933928489685059,-0.08776181191205978,0.798759937286377,0.4015032649040222,-0.13672305643558502,0.7950275540351868,0.273594468832016,-0.1750161200761795,0.787064254283905,0.15864616632461548,-0.20277628302574158,0.8768341541290283,0.6561902761459351,-0.10695338249206543,0.9375715255737305,0.5307978391647339,-0.15727803111076355,0.9771149158477783,0.44377464056015015,-0.18420249223709106,1.004797339439392,0.36279210448265076,-0.2027597278356552
76522.735,0.7783831357955933,1.0024222135543823,9.869410177998361e-07,0.6678470969200134,0.9529898762702942,-0.05901553854346275,0.569968581199646,0.8306790590286255,-0.09005677700042725,0.5080703496932983,0.7198800444602966,-0.11552578955888748,0.4492449462413788,0.6218572854995728,-0.14133691787719727,0.6313000917434692,0.5987793207168579,-0.06592147797346115,0.582282543182373,0.42969048023223877,-0.11053720116615295,0.5491998195648193,0.3163166642189026,-0.14479437470436096,0.5240973234176636,0.21708223223686218,-0.17149244248867035,0.7156680822372437,0.5705746412277222,-0.0735587403178215,0.700509250164032,0.36848342418670654,-0.11344228684902191,0.6921950578689575,0.23182213306427002,-0.1485750675201416,0.6843946576118469,0.11601108312606812,-0.17545393109321594,0.7967422604560852,0.5929908156394958,-0.08873029798269272,0.797257661819458,0.4011725187301636,-0.13999730348587036,0.7931414842605591,0.27300673723220825,-0.17945607006549835,0.7847010493278503,0.15673348307609558,-0.20761288702487946,0.87762051820755,0.6541102528572083,-0.10757862031459808,0.9394429326057434,0.5272020101547241,-0.1602231115102768,0.9802432060241699,0.4390875995159149,-0.18887916207313538,1.008676290512085,0.35607045888900757,-0.20848551392555237
76522.76,0.7786158919334412,0.9991980791091919,9.746992191139725e-07,0.6682552695274353,0.9520823955535889,-0.05796288698911667,0.5691426992416382,0.8310866355895996,-0.08856122940778732,0.5080060958862305,0.7205467224121094,-0.1135948896408081,0.449125736951828,0.622532308101654,-0.13916097581386566,0.6276585459709167,0.596514105796814,-0.06602715700864792,0.57854163646698,0.4286971092224121,-0.11020519584417343,0.5449672341346741,0.3167811334133148,-0.14423935115337372,0.5192906856536865,0.21902340650558472,-0.1708209067583084,0.7126404047012329,0.569027304649353,-0.07395338267087936,0.6976046562194824,0.3668229281902313,-0.11295025050640106,0.6894999146461487,0.23225992918014526,-0.14765529334545135,0.682418704032898,0.11849009990692139,-0.17448925971984863,0.7942577004432678,0.5925970673561096,-0.0892072543501854,0.7951590418815613,0.4013849198818207,-0.1390821635723114,0.7909047603607178,0.27383220195770264,-0.17795681953430176,0.7827480435371399,0.15802523493766785,-0.20613983273506165,0.8751398324966431,0.6551019549369812,-0.10805010050535202,0.9356566071510315,0.5281842947006226,-0.15944550931453705,0.9754207134246826,0.4394460916519165,-0.1874530017375946,1.0035864114761353,0.3556972146034241,-0.20686787366867065
76522.823,0.7731324434280396,1.0004534721374512,9.723403309180867e-07,0.6624770164489746,0.9510529041290283,-0.05675669014453888,0.5653323531150818,0.8269436359405518,-0.08510057628154755,0.505422055721283,0.7138893604278564,-0.10810215026140213,0.44595596194267273,0.6174725294113159,-0.13146242499351501,0.622961699962616,0.591651439666748,-0.05987667292356491,0.5723732709884644,0.4248287081718445,-0.10213547945022583,0.5385873317718506,0.3137616217136383,-0.13530680537223816,0.5124270915985107,0.2168787717819214,-0.16139788925647736,0.7078073024749756,0.5633087158203125,-0.06748153269290924,0.691594660282135,0.3623594343662262,-0.10444663465023041,0.6824743747711182,0.22801953554153442,-0.1387062668800354,0.6745010018348694,0.11471295356750488,-0.16503039002418518,0.7891806364059448,0.5861625671386719,-0.0825548768043518,0.7889176607131958,0.39846548438072205,-0.1307811141014099,0.7834662795066833,0.2713466286659241,-0.16992557048797607,0.7744435667991638,0.15528881549835205,-0.19823339581489563,0.8695142269134521,0.6487101912498474,-0.1012965589761734,0.930292010307312,0.5283816456794739,-0.15244285762310028,0.9686516523361206,0.44015374779701233,-0.18144835531711578,0.9962716102600098,0.3552602529525757,-0.2012704759836197
76522.856,0.7712945342063904,1.000062346458435,9.29424231799203e-07,0.6613626480102539,0.948872447013855,-0.056317418813705444,0.5635998249053955,0.82309889793396,-0.08457855135202408,0.5019166469573975,0.7098190188407898,-0.10780160874128342,0.44069984555244446,0.6147977113723755,-0.13155028223991394,0.6239209175109863,0.5901868343353271,-0.05924258381128311,0.5732678771018982,0.42349061369895935,-0.10203740745782852,0.5389622449874878,0.3132706880569458,-0.13560424745082855,0.5118676424026489,0.21658164262771606,-0.1620568335056305,0.7073266506195068,0.5624560117721558,-0.06716804206371307,0.6905926465988159,0.36131659150123596,-0.10484690964221954,0.680894136428833,0.22765585780143738,-0.13924747705459595,0.6724846959114075,0.11455631256103516,-0.1657581478357315,0.78778076171875,0.5857440233230591,-0.08264312148094177,0.787379801273346,0.3970910906791687,-0.13131318986415863,0.7821674942970276,0.2695237100124359,-0.17033612728118896,0.773542046546936,0.15336129069328308,-0.1986260563135147,0.8676363825798035,0.648637592792511,-0.1018122136592865,0.9286165237426758,0.5279204845428467,-0.15284551680088043,0.9671103358268738,0.43874454498291016,-0.18193502724170685,0.9949479103088379,0.35313090682029724,-0.2021133452653885
76522.889,0.7711784243583679,0.9959032535552979,9.376571483699081e-07,0.6601006984710693,0.9469201564788818,-0.05813353508710861,0.5616505742073059,0.8217908143997192,-0.08752236515283585,0.49981921911239624,0.706900417804718,-0.1114877313375473,0.4372764825820923,0.61176997423172,-0.13615109026432037,0.6216569542884827,0.5885279178619385,-0.06270989775657654,0.5707195997238159,0.4213757812976837,-0.10648737847805023,0.5364576578140259,0.31057479977607727,-0.140692338347435,0.5098704099655151,0.21306198835372925,-0.167738139629364,0.7056505680084229,0.5600502490997314,-0.07017794996500015,0.6887390613555908,0.35855498909950256,-0.10855661332607269,0.6793017983436584,0.22474342584609985,-0.14349637925624847,0.6712526679039001,0.11109429597854614,-0.17061249911785126,0.786298394203186,0.5836221575737,-0.08520407229661942,0.7860601544380188,0.39516401290893555,-0.13434013724327087,0.7808386087417603,0.2679224908351898,-0.17382259666919708,0.7721630334854126,0.1512441337108612,-0.20269076526165009,0.8662997484207153,0.6468942761421204,-0.10403692722320557,0.9268377423286438,0.5267468690872192,-0.15553605556488037,0.9646010398864746,0.43818166851997375,-0.18505333364009857,0.9915797710418701,0.3522791266441345,-0.2057257443666458
76522.92,0.7706269025802612,0.996593713760376,9.55124505708227e-07,0.6599153280258179,0.9481171369552612,-0.05854438617825508,0.5603702068328857,0.8208802938461304,-0.08784041553735733,0.49869418144226074,0.7045632600784302,-0.11151660233736038,0.4366609454154968,0.6079404950141907,-0.13574212789535522,0.6197671294212341,0.5881022810935974,-0.06405213475227356,0.5684568285942078,0.41946160793304443,-0.10783372074365616,0.5342638492584229,0.3077126145362854,-0.14172758162021637,0.5079230070114136,0.20960599184036255,-0.1685035228729248,0.7038529515266418,0.5598864555358887,-0.07131186127662659,0.6872326731681824,0.3585660755634308,-0.11008364707231522,0.6776162385940552,0.2238295078277588,-0.1450459063053131,0.6694093942642212,0.10935521125793457,-0.17208601534366608,0.7845454812049866,0.5833618640899658,-0.08612456172704697,0.7842043042182922,0.3941996693611145,-0.1360650360584259,0.7782148718833923,0.26643574237823486,-0.1761576384305954,0.7689529657363892,0.1495310664176941,-0.20525340735912323,0.8646163940429688,0.6466031670570374,-0.10469204932451248,0.9267764091491699,0.5251643657684326,-0.15762005746364594,0.9660817384719849,0.4352235496044159,-0.18833035230636597,0.9947751760482788,0.348249226808548,-0.20957572758197784
76522.952,0.7684611082077026,0.9919814467430115,9.652138714955072e-07,0.6559295654296875,0.9431469440460205,-0.05906226858496666,0.556770920753479,0.817100465297699,-0.08881666511297226,0.49565258622169495,0.6995275616645813,-0.1126994788646698,0.4334748685359955,0.6016371250152588,-0.13706620037555695,0.6178065538406372,0.5832043886184692,-0.06467676162719727,0.5676544904708862,0.41539061069488525,-0.10802203416824341,0.5332264304161072,0.30477985739707947,-0.14162713289260864,0.5062383413314819,0.2075052559375763,-0.1684182584285736,0.7018417716026306,0.555724024772644,-0.07162412256002426,0.685301661491394,0.3550705909729004,-0.11007264256477356,0.6755067706108093,0.22104406356811523,-0.14503070712089539,0.6671594977378845,0.10695862770080566,-0.1722736805677414,0.7820895314216614,0.5799319744110107,-0.0860980674624443,0.7821860313415527,0.39222025871276855,-0.13547393679618835,0.776081919670105,0.26467782258987427,-0.1755359172821045,0.7666206359863281,0.14734873175621033,-0.2049829065799713,0.8617712259292603,0.6437718272209167,-0.10437888652086258,0.9241847395896912,0.5245695114135742,-0.15675394237041473,0.9623979926109314,0.434789776802063,-0.18758425116539001,0.9900546073913574,0.3473747670650482,-0.2091999500989914
76522.984,0.768412709236145,0.9865900278091431,9.600706789569813e-07,0.6553117632865906,0.9391396045684814,-0.05963698402047157,0.5550920963287354,0.8123419284820557,-0.08914528042078018,0.4931737184524536,0.6937967538833618,-0.11261534690856934,0.431161493062973,0.5950170755386353,-0.13645191490650177,0.6162348985671997,0.5794479846954346,-0.06534228473901749,0.5660851001739502,0.41150981187820435,-0.10881683975458145,0.5319135785102844,0.300802618265152,-0.14232423901557922,0.5051043033599854,0.20335575938224792,-0.16906915605068207,0.7000143527984619,0.5521247386932373,-0.07184484601020813,0.6837695240974426,0.3523155748844147,-0.11017341911792755,0.6737722754478455,0.21904489398002625,-0.1446608603000641,0.6650021076202393,0.10590416193008423,-0.17164044082164764,0.7799558043479919,0.5760579705238342,-0.08598367124795914,0.7805585861206055,0.3898842930793762,-0.1350235491991043,0.7737312912940979,0.26284316182136536,-0.17459656298160553,0.7635552287101746,0.1459740400314331,-0.2037915289402008,0.8593047857284546,0.6395366191864014,-0.10404787212610245,0.9212528467178345,0.5207988023757935,-0.1561146229505539,0.9589841365814209,0.4305000901222229,-0.18689750134944916,0.986428439617157,0.34262368083000183,-0.20859961211681366
76523.02,0.7673328518867493,0.98273766040802,9.804659839574015e-07,0.6551250219345093,0.9361040592193604,-0.06036023050546646,0.5562954545021057,0.8081234693527222,-0.08995102345943451,0.49349164962768555,0.6889259815216064,-0.11348603665828705,0.4307040274143219,0.5898663401603699,-0.13718575239181519,0.6166261434555054,0.5763823390007019,-0.06350646167993546,0.5661288499832153,0.40934520959854126,-0.10701534897089005,0.5319607257843018,0.2980515658855438,-0.14117711782455444,0.5054286122322083,0.19978943467140198,-0.16841228306293488,0.6991692185401917,0.5475024580955505,-0.06912536919116974,0.6835381388664246,0.3480836749076843,-0.10597773641347885,0.6736818552017212,0.21472984552383423,-0.1392565667629242,0.6653028130531311,0.10181152820587158,-0.1654757559299469,0.7781004905700684,0.5699788928031921,-0.0826682448387146,0.7785847187042236,0.38388681411743164,-0.13025830686092377,0.7711090445518494,0.2576098144054413,-0.1685936599969864,0.7612276077270508,0.14187610149383545,-0.19709520041942596,0.8562749028205872,0.6332595348358154,-0.1004265621304512,0.9192825555801392,0.5161925554275513,-0.15258899331092834,0.9584402441978455,0.4276176691055298,-0.18339841067790985,0.9878656268119812,0.3414701819419861,-0.20485688745975494
76523.048,0.7667280435562134,0.9756002426147461,9.949213790605427e-07,0.6534919142723083,0.92984539270401,-0.06156259775161743,0.5541163086891174,0.8011180758476257,-0.09140859544277191,0.492381751537323,0.6795293688774109,-0.11488499492406845,0.4291327893733978,0.580422043800354,-0.13849130272865295,0.6156617403030396,0.5714224576950073,-0.06595294177532196,0.5660897493362427,0.4030243754386902,-0.10936581343412399,0.5326735973358154,0.29145607352256775,-0.1430426687002182,0.5066335201263428,0.19260954856872559,-0.17010538280010223,0.6977327466011047,0.5437140464782715,-0.07110387831926346,0.6823877096176147,0.3440774977207184,-0.10843470692634583,0.6727836728096008,0.2110741138458252,-0.14173489809036255,0.6649271249771118,0.0978732705116272,-0.1682538539171219,0.7760385870933533,0.5669901967048645,-0.0841999277472496,0.776724100112915,0.3805602788925171,-0.13258850574493408,0.7691225409507751,0.25500163435935974,-0.17122702300548553,0.7594885230064392,0.13938415050506592,-0.20003311336040497,0.8541113138198853,0.6304469704627991,-0.10157021135091782,0.9177730679512024,0.5109214782714844,-0.15447241067886353,0.9578088521957397,0.4208945333957672,-0.1860399842262268,0.9882675409317017,0.333161860704422,-0.20823751389980316
76523.08,0.7656452655792236,0.9706547260284424,1.0069353493236122e-06,0.6525593400001526,0.9258115291595459,-0.06230923533439636,0.5543951392173767,0.7951584458351135,-0.09211643040180206,0.4927414655685425,0.6728310585021973,-0.11546801030635834,0.42934706807136536,0.5736109614372253,-0.13881202042102814,0.6151841282844543,0.5675022602081299,-0.06496340781450272,0.5655611753463745,0.3995594084262848,-0.10804719477891922,0.5322422385215759,0.2878826856613159,-0.1414591372013092,0.5063633918762207,0.18890857696533203,-0.1683172583580017,0.6964951157569885,0.5385085940361023,-0.06950588524341583,0.6820144653320312,0.3394298851490021,-0.10634376853704453,0.6725422739982605,0.20699670910835266,-0.1390412598848343,0.6646497845649719,0.09441393613815308,-0.164994478225708,0.77421635389328,0.5606291890144348,-0.08218139410018921,0.7753903269767761,0.3740749955177307,-0.13054662942886353,0.767713725566864,0.24942639470100403,-0.16882295906543732,0.7579184770584106,0.13439205288887024,-0.19712065160274506,0.8516911268234253,0.6231380105018616,-0.09921478480100632,0.9160230159759521,0.5030753016471863,-0.15251821279525757,0.9565935134887695,0.41294142603874207,-0.18419954180717468,0.9875738620758057,0.32498884201049805,-0.20622773468494415
76523.13,0.7652463316917419,0.9657307267189026,9.938858056557365e-07,0.6518700122833252,0.9207568764686584,-0.06023140251636505,0.5533725023269653,0.7894367575645447,-0.08865577727556229,0.4925742745399475,0.6660642027854919,-0.11090875416994095,0.42923977971076965,0.5685599446296692,-0.13319724798202515,0.6145274639129639,0.563128650188446,-0.06300453096628189,0.5660688877105713,0.39471542835235596,-0.10507146269083023,0.5331834554672241,0.2829309105873108,-0.13768792152404785,0.5074477195739746,0.184195876121521,-0.16392594575881958,0.6955834031105042,0.5346227288246155,-0.06789541989564896,0.6820195913314819,0.3356669545173645,-0.10357403755187988,0.673129677772522,0.20336106419563293,-0.13523446023464203,0.6653069257736206,0.09129214286804199,-0.1604660302400589,0.7729694843292236,0.5561164617538452,-0.08074614405632019,0.7744846940040588,0.37043192982673645,-0.12797331809997559,0.767016589641571,0.24562764167785645,-0.16547901928424835,0.757138729095459,0.13090768456459045,-0.19328396022319794,0.8498861789703369,0.6173256039619446,-0.0978323370218277,0.9146320223808289,0.496795654296875,-0.1500674933195114,0.9554146528244019,0.4068119525909424,-0.18119169771671295,0.9865778684616089,0.3193166255950928,-0.20285989344120026
76523.159,0.7666394710540771,0.9612088203430176,9.917981742546544e-07,0.6521955728530884,0.9156665802001953,-0.05875411257147789,0.5529150366783142,0.7836320400238037,-0.08638671040534973,0.4919760227203369,0.6601792573928833,-0.10819730162620544,0.42875590920448303,0.5632370710372925,-0.13004383444786072,0.6144639253616333,0.5584650039672852,-0.06063877418637276,0.5666972994804382,0.38994067907333374,-0.10234159231185913,0.5343335866928101,0.2783340811729431,-0.13477589190006256,0.5089011788368225,0.1801566183567047,-0.16085335612297058,0.6952626705169678,0.5306965112686157,-0.06615937501192093,0.6821328997612,0.332802414894104,-0.10151495039463043,0.6731507182121277,0.200781911611557,-0.13310685753822327,0.6653680801391602,0.08922475576400757,-0.15822017192840576,0.7722883224487305,0.5523414015769958,-0.07959894835948944,0.7741053700447083,0.36724597215652466,-0.12661948800086975,0.7665815949440002,0.24328726530075073,-0.16400517523288727,0.7569341659545898,0.12942421436309814,-0.19165824353694916,0.8486201167106628,0.613804817199707,-0.09715951234102249,0.9129008650779724,0.4960961937904358,-0.1497175246477127,0.9534134268760681,0.4071812629699707,-0.1809355467557907,0.9847772121429443,0.32055509090423584,-0.2024689018726349
76523.165,0.7645211219787598,0.9611716270446777,9.911721008393215e-07,0.6513755321502686,0.9159975051879883,-0.05951852723956108,0.552754282951355,0.7821488976478577,-0.0871070846915245,0.4917747974395752,0.6590555310249329,-0.10868026316165924,0.42831316590309143,0.5621851682662964,-0.1303408145904541,0.6139360666275024,0.556668221950531,-0.06042519211769104,0.5664124488830566,0.3895726501941681,-0.10285637527704239,0.5344720482826233,0.2782052159309387,-0.13636934757232666,0.5093213319778442,0.18002310395240784,-0.1633133739233017,0.6951662302017212,0.528995931148529,-0.0656566172838211,0.6827880144119263,0.33341193199157715,-0.10153336822986603,0.674394965171814,0.20178738236427307,-0.13381017744541168,0.6671390533447266,0.0897042453289032,-0.15932869911193848,0.772480845451355,0.5516363382339478,-0.07896538823843002,0.7742197513580322,0.3681477904319763,-0.1265524923801422,0.7670603394508362,0.24549001455307007,-0.16408509016036987,0.7578270435333252,0.13206306099891663,-0.19171220064163208,0.849032998085022,0.6146782040596008,-0.09645841270685196,0.912720799446106,0.4990147352218628,-0.15001386404037476,0.9524766206741333,0.41168683767318726,-0.18140271306037903,0.9828620553016663,0.3252538740634918,-0.20284216105937958
76523.193,0.7632952332496643,0.9586122035980225,9.897350992105203e-07,0.6511576771736145,0.9125341176986694,-0.05858853831887245,0.5535268187522888,0.780549168586731,-0.0863892212510109,0.4934108257293701,0.6579700112342834,-0.10840177536010742,0.4310454726219177,0.5612803101539612,-0.13044336438179016,0.6150347590446472,0.555707573890686,-0.06101549416780472,0.5677279829978943,0.38739097118377686,-0.10285554826259613,0.5358667373657227,0.27595239877700806,-0.13539846241474152,0.5108448266983032,0.177519291639328,-0.16150687634944916,0.6958214044570923,0.5285530090332031,-0.0665174201130867,0.6831825375556946,0.3312080204486847,-0.102106012403965,0.6746855974197388,0.19940975308418274,-0.13383229076862335,0.6670517921447754,0.08752572536468506,-0.158955916762352,0.7729703187942505,0.5505212545394897,-0.07981960475444794,0.7748894095420837,0.36595678329467773,-0.12683747708797455,0.7674123644828796,0.2422579526901245,-0.1638316661119461,0.7575621008872986,0.12867313623428345,-0.19108901917934418,0.8491290807723999,0.6117465496063232,-0.09722694754600525,0.9127126932144165,0.4933917820453644,-0.14913080632686615,0.9524326324462891,0.40486449003219604,-0.17954982817173004,0.9827532768249512,0.31873589754104614,-0.20053690671920776
76523.259,0.7616581916809082,0.9590198993682861,9.661341664468637e-07,0.6501784324645996,0.9119410514831543,-0.05719979107379913,0.553428590297699,0.7797052264213562,-0.0837075337767601,0.4946339726448059,0.6568484902381897,-0.10456060618162155,0.4332955777645111,0.5609869956970215,-0.12545256316661835,0.6140872836112976,0.5544313192367554,-0.05864286050200462,0.5666586756706238,0.3862091302871704,-0.09946303069591522,0.5347672700881958,0.27483364939689636,-0.1315375566482544,0.509774923324585,0.17638394236564636,-0.1574101448059082,0.6946096420288086,0.5270693898200989,-0.06425348669290543,0.681940495967865,0.32963263988494873,-0.09875994920730591,0.6738588809967041,0.1986924111843109,-0.130048930644989,0.66653972864151,0.08848357200622559,-0.15497568249702454,0.7717908620834351,0.5487759709358215,-0.07761970162391663,0.773878812789917,0.36493542790412903,-0.12340636551380157,0.7668678164482117,0.24147912859916687,-0.1601717621088028,0.7574669122695923,0.12886816263198853,-0.18749544024467468,0.8482375144958496,0.6098174452781677,-0.09505052864551544,0.9123742580413818,0.49179720878601074,-0.1457642763853073,0.9524451494216919,0.4031120836734772,-0.1760375201702118,0.9832713603973389,0.31709885597229004,-0.19712947309017181
76523.289,0.7614074945449829,0.9598302841186523,9.528089890409319e-07,0.648914098739624,0.9133927822113037,-0.059235915541648865,0.5519018769264221,0.7799586057662964,-0.08598892390727997,0.4933239817619324,0.6570892333984375,-0.1067589670419693,0.43315765261650085,0.5602354407310486,-0.12748321890830994,0.6131006479263306,0.5561962723731995,-0.059414658695459366,0.5655602216720581,0.38678276538848877,-0.10022570937871933,0.5337221622467041,0.2752196788787842,-0.13201716542243958,0.508568525314331,0.17752313613891602,-0.1576467752456665,0.6943163871765137,0.5287197232246399,-0.06404314935207367,0.6809895038604736,0.3308945894241333,-0.09897265583276749,0.6724148988723755,0.20090526342391968,-0.13078801333904266,0.6641796231269836,0.09046602249145508,-0.1560124009847641,0.7716550827026367,0.5494714379310608,-0.07665405422449112,0.7731013894081116,0.36505571007728577,-0.12343785911798477,0.7663260698318481,0.24141785502433777,-0.1614995151758194,0.7566360831260681,0.1281505823135376,-0.1895308792591095,0.8480429649353027,0.6088424921035767,-0.09345610439777374,0.9120988845825195,0.4909018874168396,-0.145575612783432,0.9530801177024841,0.40240952372550964,-0.17726090550422668,0.9844517707824707,0.31619176268577576,-0.19922377169132233
76523.322,0.761410117149353,0.9622802734375,9.421328854841704e-07,0.6478762626647949,0.9146031737327576,-0.05808014050126076,0.5502995848655701,0.7833021879196167,-0.08454327285289764,0.4923756718635559,0.6613205075263977,-0.1052323579788208,0.43295592069625854,0.5639449954032898,-0.12578704953193665,0.6117492914199829,0.5565888285636902,-0.05729305371642113,0.5641789436340332,0.3881111741065979,-0.09723836928606033,0.5319263935089111,0.2778395116329193,-0.12864425778388977,0.5057811737060547,0.18159881234169006,-0.1540069282054901,0.6927292346954346,0.5295077562332153,-0.062467362731695175,0.6786630153656006,0.33226868510246277,-0.09650307893753052,0.6696496605873108,0.20271679759025574,-0.12796099483966827,0.6609633564949036,0.09289008378982544,-0.1529144048690796,0.7700681686401367,0.5507151484489441,-0.0756211131811142,0.7712491750717163,0.36643165349960327,-0.12151853740215302,0.7644534111022949,0.24254432320594788,-0.15957114100456238,0.7546564936637878,0.12896960973739624,-0.18772359192371368,0.8467506170272827,0.6108884811401367,-0.09288160502910614,0.9101441502571106,0.4942456781864166,-0.14436037838459015,0.9507908821105957,0.40625065565109253,-0.1759144812822342,0.9821450710296631,0.3205687701702118,-0.19780270755290985
76523.353,0.7573927640914917,0.9649704694747925,9.271866474591661e-07,0.6455358266830444,0.9191410541534424,-0.05878336727619171,0.5475931167602539,0.7890924215316772,-0.08599571883678436,0.4908321797847748,0.6687517762184143,-0.10720003396272659,0.43214383721351624,0.5728052258491516,-0.1285589039325714,0.6100442409515381,0.5606823563575745,-0.06144416704773903,0.5626937747001648,0.39233869314193726,-0.1024814322590828,0.5303319692611694,0.28176459670066833,-0.13461969792842865,0.5036672353744507,0.18477985262870789,-0.16056892275810242,0.691084623336792,0.5334797501564026,-0.06657131016254425,0.6773737668991089,0.3363370895385742,-0.10221286863088608,0.6676719188690186,0.20737618207931519,-0.13482406735420227,0.657685399055481,0.09760639071464539,-0.16063740849494934,0.7682198286056519,0.5548807382583618,-0.0793815404176712,0.770018458366394,0.37078285217285156,-0.12627987563610077,0.7628561854362488,0.24616733193397522,-0.16520628333091736,0.7523850202560425,0.13237759470939636,-0.19405239820480347,0.8447885513305664,0.6152009963989258,-0.09625127166509628,0.9084264039993286,0.49773937463760376,-0.14823579788208008,0.949213445186615,0.4096395969390869,-0.1801440715789795,0.9806824922561646,0.3246300220489502,-0.202371284365654
76523.384,0.7546208500862122,0.9697238206863403,9.211756264448923e-07,0.6427302956581116,0.9240494966506958,-0.05788794159889221,0.5452281832695007,0.7938020825386047,-0.08460716903209686,0.4891066551208496,0.6755043268203735,-0.10560523718595505,0.43143177032470703,0.5805544853210449,-0.12701919674873352,0.6069895029067993,0.5656456351280212,-0.061375293880701065,0.5598300695419312,0.39847272634506226,-0.10250211507081985,0.5284903049468994,0.28885746002197266,-0.1347821056842804,0.5027115941047668,0.19244280457496643,-0.16078542172908783,0.6881224513053894,0.5377504825592041,-0.06708808243274689,0.6745225787162781,0.339798241853714,-0.10332950204610825,0.6650509834289551,0.21019163727760315,-0.13693565130233765,0.6550103425979614,0.09900394082069397,-0.1633767932653427,0.7654657959938049,0.5591002702713013,-0.08035551756620407,0.7672594785690308,0.37419044971466064,-0.12862250208854675,0.760849118232727,0.2488233745098114,-0.16967199742794037,0.7507639527320862,0.13438963890075684,-0.19970659911632538,0.8418149948120117,0.619536817073822,-0.09741432964801788,0.9077053070068359,0.4996790289878845,-0.1508989930152893,0.9502429366111755,0.4104820489883423,-0.18437886238098145,0.9829331636428833,0.3246680200099945,-0.20761412382125854
76523.419,0.7527741193771362,0.9747695922851562,9.468462280892709e-07,0.6422245502471924,0.9294458031654358,-0.06112447381019592,0.5442498326301575,0.8009828925132751,-0.0906866267323494,0.48605719208717346,0.6840987801551819,-0.11402636021375656,0.42639198899269104,0.5901373028755188,-0.13787998259067535,0.6036610007286072,0.5705270171165466,-0.06686005741357803,0.5562584400177002,0.40363526344299316,-0.10998265445232391,0.524370551109314,0.2941264510154724,-0.1435643434524536,0.49810028076171875,0.19728216528892517,-0.17046430706977844,0.6855465769767761,0.5431748628616333,-0.07185003161430359,0.6718767881393433,0.3461471498012543,-0.11036138236522675,0.6619909405708313,0.21690532565116882,-0.14538106322288513,0.6517046689987183,0.10476908087730408,-0.1727590709924698,0.7633497714996338,0.5657780170440674,-0.08444049954414368,0.7651041150093079,0.381716787815094,-0.13474996387958527,0.7585124969482422,0.2560500502586365,-0.1769568920135498,0.7482113242149353,0.1402914822101593,-0.2077091783285141,0.8398921489715576,0.6273650527000427,-0.10093877464532852,0.9056450724601746,0.5072471499443054,-0.1559973806142807,0.9484028816223145,0.41756176948547363,-0.19015057384967804,0.981311559677124,0.3308912217617035,-0.21382656693458557
76523.448,0.7501350045204163,0.981094241142273,9.481211122874811e-07,0.6401283740997314,0.9356030225753784,-0.05941934883594513,0.5429106950759888,0.8089077472686768,-0.08856756240129471,0.48498663306236267,0.6940960884094238,-0.11172416806221008,0.42534199357032776,0.601634681224823,-0.13535773754119873,0.6013333201408386,0.5756036639213562,-0.06483256071805954,0.5538966655731201,0.40855878591537476,-0.10688958317041397,0.5216196775436401,0.2993382215499878,-0.13978762924671173,0.49504920840263367,0.20295336842536926,-0.16619206964969635,0.683535635471344,0.5480668544769287,-0.07045456022024155,0.6694028377532959,0.3500819206237793,-0.10802043229341507,0.6587704420089722,0.21998587250709534,-0.14273934066295624,0.6481279730796814,0.10816118121147156,-0.16983380913734436,0.761949360370636,0.5707597136497498,-0.08347715437412262,0.763577938079834,0.38541921973228455,-0.13277769088745117,0.7565296292304993,0.25937947630882263,-0.17455844581127167,0.7459005117416382,0.14418381452560425,-0.204999640583992,0.8392922878265381,0.6325291991233826,-0.10024558007717133,0.9050058126449585,0.5120162963867188,-0.15412187576293945,0.9470432996749878,0.422332763671875,-0.18752309679985046,0.9792697429656982,0.3362177312374115,-0.21060046553611755
76523.48,0.7486453056335449,0.9874091148376465,9.708016932563623e-07,0.6402952075004578,0.9414200186729431,-0.06288724392652512,0.5428127646446228,0.8199163675308228,-0.0954500287771225,0.48256880044937134,0.7080922722816467,-0.12155114859342575,0.42346513271331787,0.611921489238739,-0.14792637526988983,0.5989233255386353,0.5833951234817505,-0.07104413211345673,0.5508503317832947,0.415676087141037,-0.1164647564291954,0.5188433527946472,0.30622532963752747,-0.15136300027370453,0.4933356046676636,0.20880666375160217,-0.17864111065864563,0.6816494464874268,0.5556159019470215,-0.07564305514097214,0.6662461161613464,0.3574495017528534,-0.11607641726732254,0.6559615135192871,0.22646626830101013,-0.15204550325870514,0.6460781097412109,0.11316332221031189,-0.17978423833847046,0.7607783079147339,0.5781788229942322,-0.08780425041913986,0.7612665891647339,0.39406242966651917,-0.13923168182373047,0.7543813586235046,0.26794248819351196,-0.18141022324562073,0.7437714338302612,0.1521310806274414,-0.21171560883522034,0.8391274809837341,0.6397731304168701,-0.10392824560403824,0.9040029644966125,0.517095148563385,-0.1587366908788681,0.9461917877197266,0.42661574482917786,-0.19202329218387604,0.978463888168335,0.33987709879875183,-0.21479611098766327
76523.512,0.7459033727645874,0.996911346912384,9.666273399489e-07,0.6366817951202393,0.9486780166625977,-0.06231824308633804,0.5402514338493347,0.8265513181686401,-0.09507856518030167,0.48046523332595825,0.7153070569038391,-0.12159759551286697,0.42147693037986755,0.6199406981468201,-0.14841842651367188,0.5967028737068176,0.5903086066246033,-0.07078134268522263,0.5483567118644714,0.42195820808410645,-0.11703836172819138,0.5152196884155273,0.31271955370903015,-0.15259023010730743,0.48829683661460876,0.21572542190551758,-0.18015387654304504,0.6796833872795105,0.5630978345870972,-0.07611436396837234,0.6639469861984253,0.3646268844604492,-0.11752817034721375,0.6527575254440308,0.23394346237182617,-0.15425705909729004,0.6415854692459106,0.12069112062454224,-0.18230359256267548,0.7591505646705627,0.585954487323761,-0.08899365365505219,0.7592464685440063,0.40076592564582825,-0.1415155977010727,0.7519861459732056,0.2742502987384796,-0.18420246243476868,0.7408998012542725,0.15794292092323303,-0.2145572453737259,0.837483286857605,0.6476057171821594,-0.10571625828742981,0.9022209644317627,0.523281455039978,-0.1613531857728958,0.9443545341491699,0.4320818781852722,-0.19469186663627625,0.9765552282333374,0.34503647685050964,-0.21726316213607788
76523.56,0.7412084341049194,0.9987659454345703,1.0000857173508848e-06,0.6317758560180664,0.9506455659866333,-0.0662231594324112,0.5360724329948425,0.8328101634979248,-0.10200753808021545,0.4761775732040405,0.7250348925590515,-0.13111069798469543,0.41863492131233215,0.6279502511024475,-0.16042658686637878,0.5937603116035461,0.5968964099884033,-0.07641613483428955,0.5462763905525208,0.4299010634422302,-0.12528419494628906,0.5131446123123169,0.3214239776134491,-0.1623862385749817,0.48595720529556274,0.22494110465049744,-0.19080591201782227,0.6764329075813293,0.569692850112915,-0.08057253062725067,0.6612577438354492,0.37136244773864746,-0.1241971030831337,0.6502501964569092,0.24090522527694702,-0.1618681401014328,0.6394489407539368,0.1267681121826172,-0.1905750334262848,0.755290687084198,0.5922995805740356,-0.09263014793395996,0.7563335299491882,0.4072248041629791,-0.14740367233753204,0.7491605877876282,0.2805041968822479,-0.1915416717529297,0.7383562922477722,0.16383707523345947,-0.22277526557445526,0.8330668807029724,0.6537885069847107,-0.10879537463188171,0.9002251625061035,0.5296244621276855,-0.16645017266273499,0.943961501121521,0.4379982352256775,-0.20131908357143402,0.9775061011314392,0.35050374269485474,-0.22498205304145813
76523.593,0.7374616265296936,1.000871181488037,1.0132364423043327e-06,0.6296920776367188,0.9538208246231079,-0.06629666686058044,0.5343382358551025,0.8402860164642334,-0.10374059528112411,0.4730145335197449,0.7356807589530945,-0.13438674807548523,0.4149903953075409,0.6388698816299438,-0.16520893573760986,0.5886333584785461,0.6032894253730774,-0.08011237531900406,0.5404189229011536,0.43576133251190186,-0.13052760064601898,0.5067668557167053,0.32719773054122925,-0.16842614114284515,0.4796066880226135,0.2306762933731079,-0.19702042639255524,0.672073245048523,0.5760021209716797,-0.08443882316350937,0.6568008661270142,0.3771900534629822,-0.12912191450595856,0.6465522050857544,0.24716588854789734,-0.16720356047153473,0.6365981101989746,0.13354432582855225,-0.19604504108428955,0.7518913149833679,0.5982464551925659,-0.09634723514318466,0.7529979348182678,0.4136136472225189,-0.15119682252407074,0.7461111545562744,0.2868402302265167,-0.19500117003917694,0.7356690764427185,0.17092439532279968,-0.22594916820526123,0.8305140733718872,0.6591656804084778,-0.11224151402711868,0.8972904086112976,0.5333285927772522,-0.16891202330589294,0.9405662417411804,0.4416634142398834,-0.2026165872812271,0.9733841419219971,0.35493382811546326,-0.22542089223861694
76523.624,0.7346948981285095,1.0015993118286133,1.0102182841364993e-06,0.6264064311981201,0.9552620649337769,-0.06609373539686203,0.5313845872879028,0.8423056602478027,-0.10316162556409836,0.4698765277862549,0.7374160289764404,-0.1334449201822281,0.4121483266353607,0.6401859521865845,-0.16401804983615875,0.5876022577285767,0.6058038473129272,-0.07965470105409622,0.5390592217445374,0.4388059377670288,-0.13007128238677979,0.5046471953392029,0.3305736482143402,-0.16811758279800415,0.47651344537734985,0.23502111434936523,-0.1967702955007553,0.6712712049484253,0.5778886675834656,-0.0838823914527893,0.6550645232200623,0.3774847388267517,-0.12748336791992188,0.6431267261505127,0.24739030003547668,-0.16464093327522278,0.6316304802894592,0.13451898097991943,-0.19290702044963837,0.7514410614967346,0.5999679565429688,-0.09577673673629761,0.7511777281761169,0.41246920824050903,-0.14983518421649933,0.7424799799919128,0.28546443581581116,-0.19332890212535858,0.7309354543685913,0.17011043429374695,-0.22418741881847382,0.8299881219863892,0.6613332033157349,-0.11168283224105835,0.8961848020553589,0.5358501076698303,-0.16864211857318878,0.9394842386245728,0.44565457105636597,-0.20263254642486572,0.972868800163269,0.3606940805912018,-0.22544139623641968
76523.656,0.7351610660552979,1.0020111799240112,1.026818722493772e-06,0.6265709400177002,0.9542973041534424,-0.06790687888860703,0.531935453414917,0.8422838449478149,-0.10737945884466171,0.4679544270038605,0.7389237880706787,-0.13990886509418488,0.4094879925251007,0.6401993632316589,-0.17266428470611572,0.5872350931167603,0.6057654023170471,-0.08315248787403107,0.5383182168006897,0.4379849433898926,-0.1362418681383133,0.503118634223938,0.3289499580860138,-0.17605870962142944,0.4746451675891876,0.23278433084487915,-0.2057252675294876,0.6707446575164795,0.5780123472213745,-0.08728279173374176,0.6538966298103333,0.3771360516548157,-0.13301634788513184,0.6418508887290955,0.2466461956501007,-0.17091459035873413,0.6301555633544922,0.13315382599830627,-0.19951896369457245,0.751230001449585,0.6002626419067383,-0.09928175061941147,0.7505576014518738,0.4119310975074768,-0.15511344373226166,0.7416604161262512,0.2844408452510834,-0.19885864853858948,0.7298296093940735,0.16847041249275208,-0.22967912256717682,0.8297696113586426,0.6618016958236694,-0.11541333049535751,0.8962870836257935,0.5350744724273682,-0.17365244030952454,0.9401220083236694,0.4441970884799957,-0.2079939842224121,0.9739789366722107,0.358586847782135,-0.23090343177318573
76523.688,0.7329865097999573,1.0013396739959717,1.0189729664489278e-06,0.6253758668899536,0.9524438381195068,-0.06441178172826767,0.5318850874900818,0.836607813835144,-0.10157715529203415,0.4690839648246765,0.7313202023506165,-0.13255620002746582,0.40899214148521423,0.6342005133628845,-0.16393305361270905,0.5877395272254944,0.601896345615387,-0.0777677446603775,0.5384712815284729,0.43388205766677856,-0.12808865308761597,0.5033563375473022,0.324427992105484,-0.16603301465511322,0.47436559200286865,0.22781461477279663,-0.19480830430984497,0.6716898679733276,0.5757208466529846,-0.0835992768406868,0.655434787273407,0.37571680545806885,-0.12819045782089233,0.6429939270019531,0.24442824721336365,-0.16589400172233582,0.6306068301200867,0.12948200106620789,-0.19439436495304108,0.7521033883094788,0.5988816022872925,-0.09702013432979584,0.7510656118392944,0.4096769094467163,-0.15302392840385437,0.7419577836990356,0.28200751543045044,-0.19702641665935516,0.7295857071876526,0.1648443639278412,-0.22787408530712128,0.830019474029541,0.6606757044792175,-0.11417758464813232,0.8967375755310059,0.5326886177062988,-0.17344413697719574,0.9415040016174316,0.44111618399620056,-0.20826540887355804,0.9758914709091187,0.35457637906074524,-0.2313658744096756
76523.72,0.7368230819702148,0.9974012970924377,1.0319998864360969e-06,0.6288565397262573,0.9483398199081421,-0.06295851618051529,0.5343185663223267,0.8336398601531982,-0.0994422510266304,0.47025376558303833,0.7271144986152649,-0.12998005747795105,0.40952742099761963,0.6300042271614075,-0.16064007580280304,0.5900940895080566,0.5985768437385559,-0.0744224265217781,0.5391938090324402,0.42821574211120605,-0.12267289310693741,0.504235029220581,0.3173413574695587,-0.15885239839553833,0.4765755534172058,0.21988439559936523,-0.18637394905090332,0.6736850738525391,0.5714512467384338,-0.08029627054929733,0.6570016145706177,0.3691346049308777,-0.12268347293138504,0.6459428668022156,0.23701637983322144,-0.15849584341049194,0.635209321975708,0.1230083703994751,-0.18566784262657166,0.7542486786842346,0.5938318967819214,-0.09369207173585892,0.7538909912109375,0.402845561504364,-0.14719915390014648,0.745848536491394,0.2757100760936737,-0.18870028853416443,0.7342491149902344,0.1599733829498291,-0.21792510151863098,0.8329377770423889,0.6552448868751526,-0.11087457090616226,0.899316668510437,0.5283955335617065,-0.1672074943780899,0.943026065826416,0.4375869929790497,-0.19968214631080627,0.9761253595352173,0.3523592948913574,-0.22120152413845062
76523.753,0.739751935005188,0.9946373105049133,1.0308343689757749e-06,0.6314653158187866,0.9452674388885498,-0.06244442239403725,0.535080075263977,0.8271006345748901,-0.09776459634304047,0.47033220529556274,0.7177485227584839,-0.12723371386528015,0.4092983305454254,0.6197362542152405,-0.15681883692741394,0.5930070281028748,0.5959459543228149,-0.07318933308124542,0.5419460535049438,0.424238383769989,-0.12037188559770584,0.5080936551094055,0.31267911195755005,-0.15539216995239258,0.48179131746292114,0.21420243382453918,-0.1823059320449829,0.6765096783638,0.5691879987716675,-0.07946114242076874,0.6607905626296997,0.36519378423690796,-0.12184179574251175,0.6495797038078308,0.2307875156402588,-0.1577548086643219,0.6385458111763,0.11465668678283691,-0.18497173488140106,0.7567917108535767,0.5913394689559937,-0.0932220071554184,0.7567015886306763,0.3978481888771057,-0.1473914235830307,0.7484997510910034,0.2701036036014557,-0.18922963738441467,0.7362949848175049,0.15372642874717712,-0.21855750679969788,0.8357232809066772,0.6521389484405518,-0.11067991703748703,0.9028871059417725,0.5252816677093506,-0.16779693961143494,0.9464864134788513,0.4338042736053467,-0.20085306465625763,0.9787302017211914,0.34772565960884094,-0.22281134128570557
76523.785,0.7450873255729675,0.9916765093803406,1.0404485237813788e-06,0.6367118954658508,0.9448153376579285,-0.06340920925140381,0.5386581420898438,0.8272204399108887,-0.09929661452770233,0.4732632040977478,0.7166227102279663,-0.1289486587047577,0.41185471415519714,0.6171875596046448,-0.15866892039775848,0.5956894159317017,0.5931280851364136,-0.07543018460273743,0.5436219573020935,0.42017683386802673,-0.12287458777427673,0.5094716548919678,0.3079898953437805,-0.15794283151626587,0.48313987255096436,0.2088344395160675,-0.1849401295185089,0.6795732975006104,0.5659283399581909,-0.08120544254779816,0.6638853549957275,0.3615415394306183,-0.12381681054830551,0.6532425880432129,0.22706687450408936,-0.15978498756885529,0.6428353190422058,0.1105002760887146,-0.18715545535087585,0.7598131895065308,0.5881296992301941,-0.0944494903087616,0.7597987055778503,0.3953135013580322,-0.14875935018062592,0.7514848113059998,0.267241895198822,-0.19087305665016174,0.7393715381622314,0.15018358826637268,-0.22058279812335968,0.8386950492858887,0.6490957140922546,-0.11139730364084244,0.9054690003395081,0.5228312611579895,-0.16877274215221405,0.9489649534225464,0.4316045641899109,-0.20216065645217896,0.9810998439788818,0.3451821208000183,-0.22445936501026154
76523.818,0.7498515248298645,0.9903908371925354,1.0496869435883127e-06,0.6401605606079102,0.9425793886184692,-0.06505124270915985,0.541635274887085,0.8245153427124023,-0.10098956525325775,0.4745938777923584,0.7141531109809875,-0.13035616278648376,0.4134226441383362,0.6139065623283386,-0.1595166176557541,0.6013191342353821,0.5917832851409912,-0.07553204894065857,0.5480343699455261,0.42036962509155273,-0.12402912974357605,0.5130702257156372,0.30774667859077454,-0.1600252389907837,0.48637592792510986,0.20718908309936523,-0.1876632273197174,0.684130847454071,0.5642215013504028,-0.08043508231639862,0.669094979763031,0.36018797755241394,-0.12349316477775574,0.6586384773254395,0.22492536902427673,-0.15924790501594543,0.6482658982276917,0.10724794864654541,-0.18634383380413055,0.763176679611206,0.5862208604812622,-0.093220055103302,0.7635045051574707,0.39520585536956787,-0.14792346954345703,0.7543491721153259,0.26654064655303955,-0.18960489332675934,0.7412769794464111,0.14882731437683105,-0.21879670023918152,0.8413413166999817,0.646939218044281,-0.10997916758060455,0.9072800874710083,0.5214131474494934,-0.16739536821842194,0.9495354890823364,0.4306393563747406,-0.20052753388881683,0.9800733327865601,0.3444810211658478,-0.22262680530548096
76523.849,0.7528793215751648,0.9864637851715088,1.062267415363749e-06,0.6429744958877563,0.9399937391281128,-0.06717436760663986,0.5446873903274536,0.822002649307251,-0.10418930649757385,0.47679972648620605,0.7123764753341675,-0.1342117041349411,0.4173072874546051,0.6085119843482971,-0.16392461955547333,0.6039074063301086,0.5875598192214966,-0.07771770656108856,0.5504807233810425,0.4185514450073242,-0.1285296231508255,0.5161968469619751,0.3065608739852905,-0.16667798161506653,0.49113690853118896,0.20542669296264648,-0.1958465725183487,0.6873868107795715,0.5598089694976807,-0.08193743973970413,0.6721423268318176,0.3579874336719513,-0.12631648778915405,0.6631364822387695,0.22327613830566406,-0.16300643980503082,0.6545829176902771,0.10476428270339966,-0.19091235101222992,0.7664634585380554,0.582737147808075,-0.09441252797842026,0.7669081687927246,0.3937901556491852,-0.15022282302379608,0.7582311630249023,0.2663225829601288,-0.19217553734779358,0.7461299896240234,0.1483529806137085,-0.22160941362380981,0.8442649841308594,0.6450655460357666,-0.11109142750501633,0.9098658561706543,0.5207768082618713,-0.16978023946285248,0.951640248298645,0.42977678775787354,-0.20351924002170563,0.9818760752677917,0.34171372652053833,-0.22605974972248077
76523.88,0.7536464333534241,0.9803279638290405,1.0685292863854556e-06,0.6441293954849243,0.935157299041748,-0.0686044991016388,0.5460186004638672,0.8170678615570068,-0.10597314685583115,0.47799819707870483,0.7075983285903931,-0.1360534429550171,0.41806766390800476,0.6037251949310303,-0.16589635610580444,0.6060812473297119,0.5832897424697876,-0.07915189117193222,0.5545094013214111,0.41588711738586426,-0.1303425133228302,0.5209684371948242,0.30412790179252625,-0.1689259111881256,0.4960941672325134,0.20289576053619385,-0.19865615665912628,0.6891041994094849,0.5558195114135742,-0.08290160447359085,0.6744524836540222,0.3556906282901764,-0.1277494579553604,0.6658361554145813,0.22141799330711365,-0.16471552848815918,0.6575106382369995,0.1028052568435669,-0.19295984506607056,0.7675629258155823,0.5795865058898926,-0.09506159275770187,0.7689307332038879,0.39152848720550537,-0.15162427723407745,0.7611293196678162,0.2642669677734375,-0.19401197135448456,0.749686062335968,0.1455853283405304,-0.22377540171146393,0.844953179359436,0.6426978707313538,-0.11153095960617065,0.9110260605812073,0.5187614560127258,-0.17131975293159485,0.9531590938568115,0.4278758764266968,-0.20582561194896698,0.9836516380310059,0.3393670320510864,-0.22895288467407227
76523.914,0.7527619004249573,0.9741861820220947,1.0510161700949538e-06,0.6443440914154053,0.930229663848877,-0.06687414646148682,0.5460159778594971,0.8109298944473267,-0.1025819480419159,0.47926849126815796,0.6998715400695801,-0.1311018019914627,0.41910338401794434,0.5981684327125549,-0.1593775451183319,0.6072365045547485,0.5752755403518677,-0.07579553872346878,0.5563849210739136,0.40963292121887207,-0.12463046610355377,0.5235767364501953,0.2996315658092499,-0.1618700921535492,0.4989670515060425,0.19991126656532288,-0.19095012545585632,0.6897271275520325,0.547905445098877,-0.07967595010995865,0.6751574277877808,0.3495829105377197,-0.12235669046640396,0.6670535206794739,0.2175452709197998,-0.15805092453956604,0.6596530675888062,0.10083597898483276,-0.18560300767421722,0.7675806879997253,0.5720064043998718,-0.09184221923351288,0.7690269947052002,0.385295033454895,-0.1465097963809967,0.7619116902351379,0.2601739764213562,-0.18781422078609467,0.7517016530036926,0.14337238669395447,-0.2171497493982315,0.844323992729187,0.6356258392333984,-0.10827042162418365,0.9099725484848022,0.5140377879142761,-0.16678209602832794,0.9523268938064575,0.4249779284000397,-0.20065782964229584,0.9835370182991028,0.33799678087234497,-0.2235041707754135
76523.944,0.7515106201171875,0.9693450927734375,1.0382052550994558e-06,0.6434333324432373,0.922818660736084,-0.06646450608968735,0.5459581017494202,0.8048911094665527,-0.10175523161888123,0.47971075773239136,0.6954460144042969,-0.13002799451351166,0.42201533913612366,0.5939530730247498,-0.15785498917102814,0.6073591709136963,0.5711865425109863,-0.07379589229822159,0.557878851890564,0.40490418672561646,-0.12218373268842697,0.5259128212928772,0.2944248914718628,-0.1588202565908432,0.5023274421691895,0.19467833638191223,-0.18699991703033447,0.6893369555473328,0.5436379909515381,-0.07725896686315536,0.6755298972129822,0.3449118733406067,-0.11918896436691284,0.6677182912826538,0.21268311142921448,-0.15404890477657318,0.6604165434837341,0.09665262699127197,-0.18064510822296143,0.7671265006065369,0.5663222074508667,-0.08900683373212814,0.769146203994751,0.38181135058403015,-0.1418485939502716,0.7619057893753052,0.2568945288658142,-0.18139995634555817,0.7512096166610718,0.14109784364700317,-0.20928926765918732,0.8440214395523071,0.6280502676963806,-0.10522740334272385,0.907937228679657,0.5059064626693726,-0.16049788892269135,0.9488997459411621,0.4165078401565552,-0.19203884899616241,0.9789858460426331,0.3302644193172455,-0.2132384330034256
76523.993,0.75262051820755,0.9640229940414429,1.0068400797536015e-06,0.6446355581283569,0.9175440669059753,-0.06404361128807068,0.5468366146087646,0.7984631061553955,-0.09769183397293091,0.48114466667175293,0.6876168847084045,-0.12477204948663712,0.42289021611213684,0.5884481072425842,-0.1515519767999649,0.6062920093536377,0.567383348941803,-0.07073601335287094,0.5565654635429382,0.40089160203933716,-0.11736083030700684,0.5251723527908325,0.2910021245479584,-0.15286189317703247,0.5022788643836975,0.1914573609828949,-0.18031737208366394,0.6871000528335571,0.5390528440475464,-0.07457451522350311,0.6728441715240479,0.3403725028038025,-0.11492530256509781,0.6651812195777893,0.21014606952667236,-0.14903412759304047,0.6586776971817017,0.09494227170944214,-0.1752578169107437,0.7643091082572937,0.5601781010627747,-0.0863761305809021,0.7656408548355103,0.37507596611976624,-0.13739238679409027,0.7589999437332153,0.2516495883464813,-0.17614561319351196,0.7496960163116455,0.13714677095413208,-0.20372001826763153,0.8407930135726929,0.6200674772262573,-0.10251618176698685,0.9034621715545654,0.4972350001335144,-0.15637026727199554,0.9459235668182373,0.40858209133148193,-0.18723838031291962,0.9785128831863403,0.3232268989086151,-0.20798872411251068
76524.024,0.7511672377586365,0.9576799869537354,1.0102791065946803e-06,0.6439169645309448,0.911981463432312,-0.06325280666351318,0.547203004360199,0.7914023995399475,-0.09611693769693375,0.4831256568431854,0.6795962452888489,-0.12254967540502548,0.424047589302063,0.5822905898094177,-0.14887498319149017,0.6051816344261169,0.5614748001098633,-0.07039254903793335,0.5557042360305786,0.39627790451049805,-0.1163921058177948,0.523929238319397,0.28671780228614807,-0.15138983726501465,0.5002537369728088,0.1878957450389862,-0.17859220504760742,0.6855684518814087,0.5327370166778564,-0.07437077164649963,0.6725810766220093,0.3350396752357483,-0.11408025026321411,0.664716899394989,0.20551574230194092,-0.1475747525691986,0.6577526926994324,0.09128612279891968,-0.17356285452842712,0.7618578672409058,0.5530273914337158,-0.08626753091812134,0.763770341873169,0.36891016364097595,-0.1373579204082489,0.7563322186470032,0.24700766801834106,-0.17649421095848083,0.7465992569923401,0.13409990072250366,-0.20444653928279877,0.8368195295333862,0.6121398210525513,-0.10239550471305847,0.9000254273414612,0.4897574484348297,-0.157522052526474,0.94370037317276,0.40246397256851196,-0.18946245312690735,0.9776819944381714,0.31862378120422363,-0.21088460087776184
76524.058,0.7503376603126526,0.9504685401916504,9.885850431601284e-07,0.643548309803009,0.904532790184021,-0.062148984521627426,0.5468928813934326,0.7841523885726929,-0.09409244358539581,0.48265761137008667,0.6728876233100891,-0.11979921907186508,0.42417946457862854,0.5763608813285828,-0.14538921415805817,0.6062228083610535,0.5560417175292969,-0.06857596337795258,0.556198000907898,0.3912988603115082,-0.11429255455732346,0.524156928062439,0.281392365694046,-0.14916890859603882,0.5005078911781311,0.18282711505889893,-0.1762147843837738,0.6855412125587463,0.5274752378463745,-0.07260750979185104,0.6718921661376953,0.3304895758628845,-0.11173414438962936,0.6638861298561096,0.2015853226184845,-0.14462769031524658,0.6570278406143188,0.08865782618522644,-0.17018751800060272,0.7611681818962097,0.54732745885849,-0.0845789983868599,0.7626044750213623,0.3641221225261688,-0.1348615288734436,0.7549238801002502,0.24257239699363708,-0.17318730056285858,0.7451915740966797,0.1307370662689209,-0.20062240958213806,0.8357024788856506,0.6058619618415833,-0.10078997164964676,0.8980629444122314,0.4837893843650818,-0.15504322946071625,0.941133975982666,0.3969692289829254,-0.1863996684551239,0.9747098684310913,0.3138329088687897,-0.20747767388820648
76524.089,0.7507950067520142,0.9457132816314697,9.795345476959483e-07,0.6438227891921997,0.8981621861457825,-0.05979815497994423,0.5479660630226135,0.7777572870254517,-0.09058163315057755,0.48482993245124817,0.666833221912384,-0.11549145728349686,0.4253197908401489,0.572429358959198,-0.14022395014762878,0.6056221723556519,0.5503599643707275,-0.06465906649827957,0.5569069385528564,0.38680902123451233,-0.10833795368671417,0.5254125595092773,0.2774895429611206,-0.14188382029533386,0.5017653107643127,0.17929697036743164,-0.1681385487318039,0.6849443912506104,0.5223034620285034,-0.06940558552742004,0.6724936962127686,0.32710301876068115,-0.10699000954627991,0.6647040247917175,0.19879359006881714,-0.13895507156848907,0.6578131914138794,0.08716368675231934,-0.1638113260269165,0.7603893280029297,0.5427933931350708,-0.08192022144794464,0.7624752521514893,0.36129820346832275,-0.13101327419281006,0.7548094987869263,0.2401646375656128,-0.1685844212770462,0.7449403405189514,0.128606379032135,-0.19547230005264282,0.8344316482543945,0.6015201807022095,-0.09846817702054977,0.897259533405304,0.4803168773651123,-0.15174631774425507,0.9400452375411987,0.3937312364578247,-0.18236829340457916,0.9731094837188721,0.31089478731155396,-0.20288805663585663
76524.122,0.7520188689231873,0.9410380125045776,9.776694014362874e-07,0.6446340680122375,0.8942903280258179,-0.059825699776411057,0.5483145713806152,0.7728050947189331,-0.0899525135755539,0.48493340611457825,0.6612057685852051,-0.11423706263303757,0.4263380169868469,0.5663827657699585,-0.13819146156311035,0.6076160669326782,0.5463849902153015,-0.06293023377656937,0.5587977170944214,0.38295748829841614,-0.10614604502916336,0.5274940133094788,0.2740578353404999,-0.13954885303974152,0.5039311051368713,0.1763957142829895,-0.16568388044834137,0.6860960125923157,0.5185319185256958,-0.06714096665382385,0.6736330986022949,0.3236401081085205,-0.10409529507160187,0.6661062836647034,0.1956116259098053,-0.13561004400253296,0.65964674949646,0.0843481719493866,-0.16012465953826904,0.7608919739723206,0.5381467342376709,-0.0792774111032486,0.7626892924308777,0.3567275404930115,-0.12791404128074646,0.7554023265838623,0.2365587055683136,-0.16503863036632538,0.7463717460632324,0.12614333629608154,-0.1915261298418045,0.8343694806098938,0.5956557393074036,-0.09554935246706009,0.896721601486206,0.4752471446990967,-0.1487831473350525,0.9395883679389954,0.389484703540802,-0.17944999039173126,0.9730781316757202,0.30747076869010925,-0.19989624619483948
76524.152,0.7538183331489563,0.9393413066864014,9.67779783422884e-07,0.6461517214775085,0.8916875720024109,-0.05973192676901817,0.5501172542572021,0.7690359950065613,-0.08971774578094482,0.48614364862442017,0.6577768921852112,-0.11393242329359055,0.4277864992618561,0.5622483491897583,-0.13771158456802368,0.6090971231460571,0.5454025864601135,-0.061388611793518066,0.5614567995071411,0.3829432725906372,-0.10459348559379578,0.5304428339004517,0.27415230870246887,-0.13808785378932953,0.5068522691726685,0.17645549774169922,-0.16431885957717896,0.6872736215591431,0.5178206562995911,-0.06555590778589249,0.6756554841995239,0.32425740361213684,-0.10275420546531677,0.6680082082748413,0.19623732566833496,-0.13444839417934418,0.6607822775840759,0.08479306101799011,-0.1589975357055664,0.7617179155349731,0.5372617244720459,-0.0777655765414238,0.7635941505432129,0.35558345913887024,-0.1268332302570343,0.7561002373695374,0.23551690578460693,-0.1639363318681717,0.7461559176445007,0.12505832314491272,-0.19019004702568054,0.8350693583488464,0.5943718552589417,-0.09407296031713486,0.8975218534469604,0.4733527898788452,-0.14735707640647888,0.9399012327194214,0.38754236698150635,-0.17782875895500183,0.9724714756011963,0.305635541677475,-0.19809328019618988
76524.186,0.754777193069458,0.9376932382583618,9.738902235767455e-07,0.6474312543869019,0.8902745246887207,-0.059422027319669724,0.5522149801254272,0.7666550874710083,-0.08933272212743759,0.48851874470710754,0.6553449034690857,-0.11371240764856339,0.43041515350341797,0.5601328611373901,-0.1377573162317276,0.611691415309906,0.5444365739822388,-0.061078108847141266,0.5639088749885559,0.3816274404525757,-0.10460386425256729,0.5335606336593628,0.2721632122993469,-0.13823428750038147,0.5107938051223755,0.17487633228302002,-0.16452309489250183,0.6895822882652283,0.5174583196640015,-0.06548672914505005,0.6770192980766296,0.3247656226158142,-0.10306207090616226,0.669202983379364,0.1968384087085724,-0.1348494589328766,0.6621520519256592,0.08518636226654053,-0.1593496948480606,0.7641577124595642,0.5369356870651245,-0.07798361033201218,0.7651509046554565,0.35497790575027466,-0.1275632381439209,0.7576585412025452,0.23485678434371948,-0.16492393612861633,0.7483116984367371,0.12410479784011841,-0.1912449598312378,0.8376559019088745,0.5941672921180725,-0.09456906467676163,0.9007182717323303,0.4739818274974823,-0.1489185243844986,0.9434243440628052,0.38800036907196045,-0.1801767349243164,0.9768129587173462,0.30579322576522827,-0.20079101622104645
76524.216,0.7566068768501282,0.9359643459320068,9.900849136101897e-07,0.6489191055297852,0.8888102769851685,-0.06038602069020271,0.5536370277404785,0.7654362916946411,-0.09085220843553543,0.48987966775894165,0.6536218523979187,-0.11565469950437546,0.4323475658893585,0.5577557682991028,-0.13994932174682617,0.6146262884140015,0.5422856211662292,-0.06143110617995262,0.5674282908439636,0.37922340631484985,-0.10545626282691956,0.5376752614974976,0.2700802683830261,-0.13947877287864685,0.5154479146003723,0.17301955819129944,-0.16584177315235138,0.6926506161689758,0.5158948302268982,-0.0654601976275444,0.6805282831192017,0.3231630027294159,-0.10353624075651169,0.6735252737998962,0.194088876247406,-0.13528473675251007,0.6672380566596985,0.08173909783363342,-0.1594681292772293,0.7676727175712585,0.5358656644821167,-0.07776012271642685,0.7692146301269531,0.3543541133403778,-0.12747621536254883,0.7620648145675659,0.23430278897285461,-0.16427019238471985,0.7527695894241333,0.12325271964073181,-0.18990206718444824,0.8418260812759399,0.5932524800300598,-0.09429079294204712,0.9049793481826782,0.47239965200424194,-0.14794914424419403,0.9465389251708984,0.3860146999359131,-0.17837300896644592,0.9784872531890869,0.30278217792510986,-0.1983066350221634
76524.249,0.7569179534912109,0.935387909412384,9.933545470630634e-07,0.6493735313415527,0.8873074054718018,-0.06041046604514122,0.5552265644073486,0.7657188773155212,-0.09104615449905396,0.49162012338638306,0.6549937725067139,-0.11600347608327866,0.4349170923233032,0.5583465695381165,-0.14040273427963257,0.616953432559967,0.5408532619476318,-0.06075293943285942,0.5704066753387451,0.3780970573425293,-0.10448076575994492,0.5401232242584229,0.2689758241176605,-0.13849569857120514,0.5173139572143555,0.1716083586215973,-0.16498611867427826,0.6948334574699402,0.514239490032196,-0.06478071957826614,0.6826226711273193,0.321137011051178,-0.10269583016633987,0.6753559708595276,0.19159206748008728,-0.13470640778541565,0.6683859825134277,0.07921135425567627,-0.15907926857471466,0.769351601600647,0.5343561172485352,-0.07707244902849197,0.7712802290916443,0.3531055152416229,-0.12652552127838135,0.7636858224868774,0.23192563652992249,-0.16359762847423553,0.753044843673706,0.12006807327270508,-0.18952178955078125,0.8429969549179077,0.5921987295150757,-0.09358671307563782,0.9067577719688416,0.47311586141586304,-0.14649173617362976,0.9475724697113037,0.3867838382720947,-0.17681343853473663,0.9781360030174255,0.30365341901779175,-0.19687990844249725
76524.281,0.7560824751853943,0.9359310865402222,9.841339760896517e-07,0.6492346525192261,0.8876641392707825,-0.06066001206636429,0.5554994344711304,0.7646324634552002,-0.09138668328523636,0.4922192692756653,0.6527396440505981,-0.11628606915473938,0.43483442068099976,0.556068480014801,-0.14066718518733978,0.6184382438659668,0.5401242971420288,-0.06176260486245155,0.5722543001174927,0.37615060806274414,-0.10557357221841812,0.5418930649757385,0.2664279639720917,-0.13947904109954834,0.5189348459243774,0.16879653930664062,-0.16596606373786926,0.696467399597168,0.5142398476600647,-0.06583314388990402,0.6846863031387329,0.3204330503940582,-0.10418311506509781,0.677409827709198,0.19107064604759216,-0.13652637600898743,0.6704011559486389,0.07924607396125793,-0.16115494072437286,0.7709410190582275,0.5352137088775635,-0.07808716595172882,0.77366703748703,0.3533754348754883,-0.12792865931987762,0.76650470495224,0.23132264614105225,-0.1653473675251007,0.756248414516449,0.1183718740940094,-0.19159506261348724,0.8447633981704712,0.5938199162483215,-0.09451693296432495,0.909290075302124,0.47443726658821106,-0.14751030504703522,0.9503300189971924,0.38752782344818115,-0.17804546654224396,0.9807984828948975,0.30338671803474426,-0.19842852652072906
76524.313,0.7549650073051453,0.9380590915679932,9.753364338394022e-07,0.6487945318222046,0.8881404399871826,-0.06053436920046806,0.5558195114135742,0.7655340433120728,-0.09100715816020966,0.49282562732696533,0.6536959409713745,-0.11556244641542435,0.4373813569545746,0.5553639531135559,-0.13951581716537476,0.6172215938568115,0.540004551410675,-0.06086916849017143,0.5720581412315369,0.3750763535499573,-0.10408131778240204,0.5421783328056335,0.2651156783103943,-0.13743603229522705,0.5197057127952576,0.16761231422424316,-0.1634703278541565,0.6963119506835938,0.5143674612045288,-0.06488030403852463,0.6856042146682739,0.3199825882911682,-0.10244807600975037,0.6790224313735962,0.19141745567321777,-0.1346600204706192,0.6723752617835999,0.08072564005851746,-0.15922190248966217,0.7714688777923584,0.5360402464866638,-0.07703108340501785,0.775472104549408,0.3542526662349701,-0.12594985961914062,0.7694473266601562,0.23182892799377441,-0.16322357952594757,0.7600127458572388,0.1186908483505249,-0.18948900699615479,0.8454689383506775,0.5956346392631531,-0.09335759282112122,0.9095641374588013,0.4769001305103302,-0.14533652365207672,0.9507389664649963,0.39028382301330566,-0.17536661028862,0.9814038276672363,0.3064791262149811,-0.19544991850852966
76524.345,0.7549954652786255,0.9401460289955139,9.700092959974427e-07,0.6473926901817322,0.8915278911590576,-0.06261364370584488,0.5533895492553711,0.7700675129890442,-0.09401155263185501,0.49089640378952026,0.6581593155860901,-0.11901987344026566,0.4364560842514038,0.5578240156173706,-0.1433904767036438,0.6146498918533325,0.5414924621582031,-0.06292019784450531,0.5696461200714111,0.37643688917160034,-0.10685119777917862,0.5401803255081177,0.26668721437454224,-0.1409057378768921,0.5184472799301147,0.16932225227355957,-0.1674068719148636,0.6947720050811768,0.516132116317749,-0.06610424816608429,0.6830217838287354,0.3223429322242737,-0.10412070900201797,0.6758373975753784,0.19426754117012024,-0.13728494942188263,0.6687953472137451,0.08237609267234802,-0.16265760362148285,0.7707788348197937,0.5382207036018372,-0.07756885886192322,0.7742418050765991,0.35667455196380615,-0.12702110409736633,0.7687487602233887,0.23420211672782898,-0.16532737016677856,0.7596055269241333,0.12000387907028198,-0.19237469136714935,0.8454712629318237,0.5980023145675659,-0.09334994107484818,0.9087228178977966,0.4788227081298828,-0.14620307087898254,0.9504992365837097,0.3929387331008911,-0.17703871428966522,0.9817447066307068,0.3093360662460327,-0.19766083359718323
76524.377,0.7523373961448669,0.9447579383850098,9.837202696871827e-07,0.6446791887283325,0.8974454402923584,-0.0636712908744812,0.5508314371109009,0.7743405699729919,-0.0952136442065239,0.48957473039627075,0.6616844534873962,-0.12019624561071396,0.43558403849601746,0.5614848732948303,-0.14466740190982819,0.6118902564048767,0.5457063317298889,-0.06418786942958832,0.5676732063293457,0.38103362917900085,-0.10860864073038101,0.5384918451309204,0.27070143818855286,-0.14315761625766754,0.5168619155883789,0.17245689034461975,-0.1701395958662033,0.6918597221374512,0.519236147403717,-0.06703595817089081,0.6812375783920288,0.3252427875995636,-0.10543466359376907,0.6738799810409546,0.19686850905418396,-0.13924503326416016,0.6666877865791321,0.08461380004882812,-0.1651889979839325,0.7676605582237244,0.5406776666641235,-0.07819581031799316,0.7718313932418823,0.35992932319641113,-0.12790746986865997,0.7662841081619263,0.23736408352851868,-0.16716213524341583,0.7574396729469299,0.12353286147117615,-0.19502699375152588,0.8419945240020752,0.6003870368003845,-0.09377793967723846,0.9058977365493774,0.48237746953964233,-0.14733992516994476,0.9481502175331116,0.396694153547287,-0.17919625341892242,0.9804223775863647,0.3134002387523651,-0.20060066878795624
76524.427,0.7519747018814087,0.9471184015274048,9.722936056277831e-07,0.6443795561790466,0.9008458852767944,-0.06350027769804001,0.5494770407676697,0.7784491777420044,-0.09543046355247498,0.48751047253608704,0.6660048961639404,-0.12089204043149948,0.43292608857154846,0.5661114454269409,-0.1459725797176361,0.6089960336685181,0.5515364408493042,-0.06580216437578201,0.5636072158813477,0.3854300379753113,-0.11071707308292389,0.5338248014450073,0.2752947509288788,-0.14523805677890778,0.5116885304450989,0.17740339040756226,-0.17213450372219086,0.6892101168632507,0.5246092081069946,-0.06895406544208527,0.677661120891571,0.3295028805732727,-0.10803697258234024,0.6703903079032898,0.20199337601661682,-0.14214487373828888,0.6632700562477112,0.08956542611122131,-0.1683453768491745,0.7654371857643127,0.5449575781822205,-0.08029244095087051,0.7686052918434143,0.3629487156867981,-0.13086672127246857,0.7633271217346191,0.24051865935325623,-0.1705537587404251,0.7546036243438721,0.12713101506233215,-0.19869302213191986,0.8404093384742737,0.6032282114028931,-0.09594159573316574,0.9037895798683167,0.48392796516418457,-0.15027694404125214,0.9466336965560913,0.3980294466018677,-0.18252471089363098,0.9793676137924194,0.3151628375053406,-0.20421135425567627
76524.457,0.7514076828956604,0.9502395391464233,9.930276974046137e-07,0.6444721221923828,0.9049595594406128,-0.06479782611131668,0.5487406253814697,0.7840124368667603,-0.09758368134498596,0.4860711097717285,0.6721438765525818,-0.12356618791818619,0.431427538394928,0.5722000002861023,-0.1491452306509018,0.6075677275657654,0.5555017590522766,-0.06860873848199844,0.5614743828773499,0.38999414443969727,-0.1144208163022995,0.5311928987503052,0.2794830799102783,-0.14966610074043274,0.5087429285049438,0.18102270364761353,-0.1770034283399582,0.6877542734146118,0.5273063778877258,-0.07116565853357315,0.6762831807136536,0.3324141502380371,-0.11065137386322021,0.6686853170394897,0.20464253425598145,-0.1448180377483368,0.6614803075790405,0.09269624948501587,-0.17112857103347778,0.7640143632888794,0.5468531847000122,-0.08191642165184021,0.7668633460998535,0.36539381742477417,-0.13266831636428833,0.7603566646575928,0.2435559630393982,-0.1725424826145172,0.7511141896247864,0.13122841715812683,-0.2008751630783081,0.8389378190040588,0.6048702597618103,-0.09705820679664612,0.9021981358528137,0.48522645235061646,-0.15190868079662323,0.9455398917198181,0.3993295431137085,-0.18446215987205505,0.9791355729103088,0.3168885409832001,-0.2062588930130005
76524.489,0.752412736415863,0.952664315700531,9.845718977885554e-07,0.6450749635696411,0.9069501161575317,-0.06344456225633621,0.5496435165405273,0.7834360599517822,-0.09543649107217789,0.4862217307090759,0.671477198600769,-0.12089589238166809,0.43042024970054626,0.572633683681488,-0.14605461061000824,0.6084750890731812,0.5584179759025574,-0.06739751994609833,0.5621402263641357,0.3934745788574219,-0.11325512081384659,0.531460165977478,0.283173531293869,-0.148534893989563,0.508031964302063,0.18481594324111938,-0.17597538232803345,0.6887978315353394,0.5296581387519836,-0.07073090225458145,0.677150309085846,0.3341623544692993,-0.11011511832475662,0.6697356700897217,0.20553576946258545,-0.14372512698173523,0.6623309850692749,0.0931432843208313,-0.1695176213979721,0.7652185559272766,0.5497673749923706,-0.08224192261695862,0.7678282260894775,0.3669984042644501,-0.13319630920886993,0.7609649896621704,0.2449241280555725,-0.1724548041820526,0.7511091232299805,0.13202694058418274,-0.2002016007900238,0.8403840661048889,0.6086792349815369,-0.09800387918949127,0.9040688872337341,0.4888903498649597,-0.15307271480560303,0.946433424949646,0.4025019407272339,-0.18520410358905792,0.9787771701812744,0.31884947419166565,-0.20661255717277527
76524.521,0.7517908215522766,0.9552741050720215,9.895026096273796e-07,0.6451398730278015,0.9081078171730042,-0.06268366426229477,0.5510401725769043,0.7847732305526733,-0.09474049508571625,0.48722153902053833,0.6735417246818542,-0.12048132717609406,0.43009600043296814,0.5755889415740967,-0.14593040943145752,0.6098610758781433,0.5589210391044617,-0.06644152104854584,0.5629969835281372,0.39412277936935425,-0.11254546046257019,0.5319652557373047,0.2834884822368622,-0.1482309103012085,0.5087108612060547,0.1847941279411316,-0.17592135071754456,0.6902363300323486,0.5303666591644287,-0.07016197592020035,0.6781648397445679,0.33484581112861633,-0.10950122028589249,0.670930802822113,0.20580589771270752,-0.14320288598537445,0.663873016834259,0.09349784255027771,-0.16905421018600464,0.7669483423233032,0.5508779883384705,-0.0820082500576973,0.7691676020622253,0.36786001920700073,-0.13241559267044067,0.7623538374900818,0.24553444981575012,-0.17110547423362732,0.7524893283843994,0.13278907537460327,-0.19854114949703217,0.8423225283622742,0.6105931997299194,-0.09810703992843628,0.9060248136520386,0.4913952350616455,-0.15205004811286926,0.9475563764572144,0.4049513041973114,-0.18332532048225403,0.978886604309082,0.3213880658149719,-0.2042449712753296
76524.553,0.7521491646766663,0.9555701613426208,9.864313597063301e-07,0.6470749378204346,0.907687783241272,-0.062457434833049774,0.5527083873748779,0.7847392559051514,-0.09464307129383087,0.4890233874320984,0.6731666922569275,-0.12053956091403961,0.43210434913635254,0.5743051171302795,-0.14620280265808105,0.6112822890281677,0.5595191717147827,-0.06765321642160416,0.5645172595977783,0.3933224678039551,-0.11368050426244736,0.5341797471046448,0.28307172656059265,-0.14888988435268402,0.5115839242935181,0.1837509572505951,-0.17618495225906372,0.691918134689331,0.5323456525802612,-0.07168722152709961,0.6797188520431519,0.3356037735939026,-0.1115708202123642,0.6721331477165222,0.20605969429016113,-0.14573723077774048,0.6643509864807129,0.0930107831954956,-0.17187699675559998,0.7687988877296448,0.5541471242904663,-0.08361712843179703,0.7716223001480103,0.3705439567565918,-0.1343771517276764,0.7644428014755249,0.24726581573486328,-0.17318545281887054,0.7536736726760864,0.13333871960639954,-0.20062218606472015,0.8443673849105835,0.6143063306808472,-0.09968505799770355,0.9086471199989319,0.4928646683692932,-0.15310384333133698,0.9501016736030579,0.4051070213317871,-0.1838448941707611,0.9807170629501343,0.320616751909256,-0.2045157253742218
76524.585,0.7543630599975586,0.9560791850090027,9.897181598716998e-07,0.6480446457862854,0.906315267086029,-0.06141607463359833,0.5539184212684631,0.7835136651992798,-0.09336793422698975,0.4907070994377136,0.6720196008682251,-0.11921605467796326,0.43384769558906555,0.5730078816413879,-0.144760400056839,0.6133984327316284,0.5588076114654541,-0.06637788563966751,0.5672351717948914,0.39281612634658813,-0.11232452094554901,0.536794126033783,0.28216227889060974,-0.14751647412776947,0.5141217708587646,0.18259015679359436,-0.17478783428668976,0.6939677596092224,0.5325464010238647,-0.07113955169916153,0.6822828650474548,0.33632439374923706,-0.11120206117630005,0.6752055883407593,0.20591747760772705,-0.14524906873703003,0.6680776476860046,0.09226521849632263,-0.17115721106529236,0.770728349685669,0.5552466511726379,-0.08379770815372467,0.7743130922317505,0.37169283628463745,-0.13456903398036957,0.7675783634185791,0.24762985110282898,-0.1729467511177063,0.7571107745170593,0.1327674388885498,-0.20002694427967072,0.8464035987854004,0.6162294149398804,-0.10052680224180222,0.9106754064559937,0.495291143655777,-0.15359899401664734,0.9513311386108398,0.40642309188842773,-0.18386901915073395,0.9810607433319092,0.3202536702156067,-0.20423653721809387
76524.618,0.7542346715927124,0.9566124677658081,1.0119031230715336e-06,0.6482588648796082,0.9057835340499878,-0.062352653592824936,0.5550525188446045,0.7837134003639221,-0.09502006322145462,0.49198538064956665,0.673769474029541,-0.12146603316068649,0.43604522943496704,0.5747411847114563,-0.14757601916790009,0.6143224835395813,0.5585473775863647,-0.06797727942466736,0.5679420232772827,0.3927380442619324,-0.1150595024228096,0.5372835397720337,0.2818273901939392,-0.15105456113815308,0.5147091746330261,0.18194431066513062,-0.17880986630916595,0.6949822306632996,0.5319985747337341,-0.07259383797645569,0.6831077337265015,0.33564671874046326,-0.11344299465417862,0.6762452125549316,0.20447200536727905,-0.1477712243795395,0.6693681478500366,0.09035599231719971,-0.17382249236106873,0.7719912528991699,0.5546460151672363,-0.08525747805833817,0.7752024531364441,0.37087956070899963,-0.1367306113243103,0.7684224247932434,0.24627387523651123,-0.1754201203584671,0.7580978274345398,0.13100400567054749,-0.20263001322746277,0.848074734210968,0.6157273054122925,-0.10210216790437698,0.9132054448127747,0.4942481815814972,-0.1557917445898056,0.9542295932769775,0.40413397550582886,-0.1865563839673996,0.9841272830963135,0.3166261613368988,-0.20725075900554657
76524.648,0.7528549432754517,0.9578416347503662,9.806896059672e-07,0.6475454568862915,0.9059634208679199,-0.05933351814746857,0.5540082454681396,0.7824544906616211,-0.0898890420794487,0.4915401041507721,0.6707888245582581,-0.11476390808820724,0.43526262044906616,0.5728010535240173,-0.13945753872394562,0.6150907278060913,0.557592511177063,-0.06372343748807907,0.5693501234054565,0.39047497510910034,-0.10851037502288818,0.5395541191101074,0.2794501483440399,-0.14278487861156464,0.5177725553512573,0.18000516295433044,-0.169476717710495,0.6956282258033752,0.5322625041007996,-0.0691978856921196,0.683168888092041,0.3355468809604645,-0.10828714072704315,0.6762539744377136,0.2048792541027069,-0.14192737638950348,0.6695719361305237,0.09205326437950134,-0.16768889129161835,0.7726578712463379,0.5553960800170898,-0.08245892077684402,0.7763002514839172,0.37145453691482544,-0.1323598027229309,0.7703199982643127,0.24697589874267578,-0.17057740688323975,0.7606287598609924,0.13250744342803955,-0.19774232804775238,0.8488011956214905,0.6165875792503357,-0.09968685358762741,0.9140943288803101,0.49614953994750977,-0.15208812057971954,0.9552244544029236,0.40682685375213623,-0.18248605728149414,0.9852757453918457,0.3205659091472626,-0.20314472913742065
76524.682,0.7531672120094299,0.9588133096694946,9.827676876739133e-07,0.6469606757164001,0.9080439805984497,-0.06288497149944305,0.5532385110855103,0.7857989072799683,-0.09536530822515488,0.49018394947052,0.6741457581520081,-0.12148497998714447,0.4336800277233124,0.5749143958091736,-0.14740565419197083,0.6147441864013672,0.5579609870910645,-0.06724268198013306,0.5700010061264038,0.3908461332321167,-0.11380703002214432,0.5407493114471436,0.279678612947464,-0.1495976746082306,0.5196734070777893,0.18011119961738586,-0.17737305164337158,0.695651113986969,0.5322602987289429,-0.07150875777006149,0.6821590065956116,0.33596256375312805,-0.11224722117185593,0.6742607355117798,0.20535069704055786,-0.1474207639694214,0.6669037342071533,0.09148913621902466,-0.17434900999069214,0.7725833058357239,0.5554946064949036,-0.08388812094926834,0.7765318155288696,0.3724903464317322,-0.13528726994991302,0.7707332372665405,0.2470685839653015,-0.17518582940101624,0.7611895203590393,0.131458580493927,-0.2035531848669052,0.8485821485519409,0.6171044707298279,-0.10050621628761292,0.9136196374893188,0.497593492269516,-0.1545059084892273,0.9547961950302124,0.40878960490226746,-0.1864897459745407,0.9849346876144409,0.32264989614486694,-0.20827868580818176
76524.714,0.7509805560112,0.9614174962043762,9.667857057138463e-07,0.6443049311637878,0.9127632975578308,-0.0650399923324585,0.5508545637130737,0.7890654802322388,-0.09795724600553513,0.48875415325164795,0.6763760447502136,-0.12417259812355042,0.4326540529727936,0.576575517654419,-0.15030322968959808,0.613917350769043,0.5612995028495789,-0.0698113739490509,0.5723118185997009,0.39289331436157227,-0.11736678332090378,0.5438342094421387,0.28093811869621277,-0.1536938101053238,0.5229271054267883,0.1813298463821411,-0.1817694753408432,0.6946184635162354,0.5362626910209656,-0.07342371344566345,0.6805852055549622,0.3397826850414276,-0.11582057923078537,0.6708477735519409,0.21010226011276245,-0.15230818092823029,0.6614368557929993,0.09669321775436401,-0.18009893596172333,0.7715592980384827,0.5587169528007507,-0.08527358621358871,0.7754381895065308,0.3748299479484558,-0.13862279057502747,0.7692768573760986,0.2495177686214447,-0.18000783026218414,0.7588959336280823,0.1338900327682495,-0.20916293561458588,0.8478350639343262,0.6190604567527771,-0.10145872831344604,0.9129440188407898,0.49771809577941895,-0.15706530213356018,0.954755961894989,0.4087633788585663,-0.1903052181005478,0.985356330871582,0.32245776057243347,-0.21291162073612213
76524.746,0.7477058172225952,0.9640647172927856,9.465666721553134e-07,0.6415007710456848,0.9136364459991455,-0.06253974139690399,0.548887312412262,0.7861706018447876,-0.092819944024086,0.48789316415786743,0.6719250679016113,-0.11696123331785202,0.4335157871246338,0.5737178325653076,-0.14096204936504364,0.6181638240814209,0.5593805313110352,-0.0644327774643898,0.5861486196517944,0.39005187153816223,-0.10956113785505295,0.5654040575027466,0.2802579402923584,-0.14424817264080048,0.5516313314437866,0.1822534203529358,-0.17114178836345673,0.6965534090995789,0.5382862687110901,-0.06830097734928131,0.6828856468200684,0.3454276919364929,-0.10987219214439392,0.6712889671325684,0.2175906002521515,-0.1464313119649887,0.6605612635612488,0.10457047820091248,-0.17420907318592072,0.7711336016654968,0.5612831711769104,-0.08023826777935028,0.7763264179229736,0.37920939922332764,-0.13351619243621826,0.7694714665412903,0.255912184715271,-0.1751348376274109,0.7585036754608154,0.14121484756469727,-0.20417608320713043,0.845439612865448,0.6217955350875854,-0.09633057564496994,0.9116401076316833,0.5032827854156494,-0.15248410403728485,0.9546273946762085,0.41594022512435913,-0.18639108538627625,0.9871548414230347,0.33053696155548096,-0.20912513136863708
76524.776,0.7428723573684692,0.9651724100112915,8.780818347986497e-07,0.6365527510643005,0.9102700352668762,-0.06081584468483925,0.5479323267936707,0.7807000279426575,-0.09115945547819138,0.4878983497619629,0.6664503812789917,-0.11608893424272537,0.43384888768196106,0.569064736366272,-0.14083300530910492,0.6214680075645447,0.5560883283615112,-0.06022746115922928,0.5964277982711792,0.38745561242103577,-0.10506673902273178,0.5776957273483276,0.2804623246192932,-0.1405276209115982,0.563288152217865,0.1850210726261139,-0.1681969314813614,0.6982876658439636,0.5400302410125732,-0.06490927189588547,0.6866376399993896,0.35703617334365845,-0.10755040496587753,0.6741997003555298,0.2375335395336151,-0.14529135823249817,0.6609602570533752,0.1298808455467224,-0.17375196516513824,0.7708486318588257,0.563984215259552,-0.07764158397912979,0.7788848876953125,0.38622280955314636,-0.13203498721122742,0.7735114097595215,0.2650288939476013,-0.17299790680408478,0.7628316879272461,0.15020105242729187,-0.20135773718357086,0.8425610065460205,0.6241945624351501,-0.09439365565776825,0.9086773991584778,0.5062815546989441,-0.1508859097957611,0.9528625011444092,0.42096516489982605,-0.18371227383613586,0.986766517162323,0.33771246671676636,-0.20548832416534424
76524.809,0.7410058975219727,0.9575135707855225,6.65202662730735e-07,0.6336337327957153,0.905525803565979,-0.05116937309503555,0.5460001230239868,0.7719295024871826,-0.07494053244590759,0.48801809549331665,0.658205509185791,-0.09470046311616898,0.4370047152042389,0.5628088712692261,-0.11389730870723724,0.6215163469314575,0.5598508715629578,-0.04319839924573898,0.5984209179878235,0.38566938042640686,-0.07551071047782898,0.5869951248168945,0.2796463966369629,-0.10182376205921173,0.5783472657203674,0.18504184484481812,-0.1252603828907013,0.6959256529808044,0.5457314848899841,-0.04925371706485748,0.6738117337226868,0.38171112537384033,-0.08884228765964508,0.652741014957428,0.29341787099838257,-0.12322110682725906,0.6327285766601562,0.22456657886505127,-0.14801433682441711,0.7690241932868958,0.56590735912323,-0.0628947913646698,0.7789337635040283,0.39540719985961914,-0.11318691819906235,0.7758581042289734,0.2734884023666382,-0.1525907814502716,0.7681518793106079,0.15907227993011475,-0.180341899394989,0.842434823513031,0.6198465824127197,-0.0794537216424942,0.910129964351654,0.5033342242240906,-0.13165909051895142,0.9556199312210083,0.4195796549320221,-0.16368350386619568,0.9899410605430603,0.33735963702201843,-0.1860511749982834
76524.857,0.7396872043609619,0.9574027061462402,4.840943006456655e-07,0.6392897963523865,0.9141149520874023,-0.04658014699816704,0.5526117086410522,0.7713696956634521,-0.07202979177236557,0.48958033323287964,0.6639299988746643,-0.09612291306257248,0.4405462443828583,0.567499041557312,-0.1190880611538887,0.6244954466819763,0.5673559308052063,-0.014032824896275997,0.611677348613739,0.3837016224861145,-0.03744473680853844,0.5987445116043091,0.2768484652042389,-0.058858953416347504,0.5956331491470337,0.17533531785011292,-0.08263363689184189,0.6952140927314758,0.5588659048080444,-0.02789510041475296,0.6710753440856934,0.38842523097991943,-0.10370545834302902,0.6280287504196167,0.40201330184936523,-0.14837895333766937,0.6090642213821411,0.45125311613082886,-0.16047494113445282,0.7649023532867432,0.5761346220970154,-0.04967564344406128,0.7748113870620728,0.40298932790756226,-0.10802062600851059,0.7617347836494446,0.2835632860660553,-0.14575225114822388,0.7559921145439148,0.17594829201698303,-0.16476291418075562,0.8399319648742676,0.624927282333374,-0.07486233860254288,0.9050887823104858,0.5029587745666504,-0.11755690723657608,0.9455200433731079,0.4192831516265869,-0.14376422762870789,0.978732705116272,0.3327706456184387,-0.16168257594108582
76524.888,0.7359758019447327,0.9581406116485596,3.672019772693602e-07,0.6320906281471252,0.9116519689559937,-0.04368278756737709,0.5479242205619812,0.7684271335601807,-0.06758636981248856,0.4886184334754944,0.6609336137771606,-0.09098587930202484,0.44266951084136963,0.563463032245636,-0.11326918751001358,0.6232616901397705,0.5651422142982483,-0.019923647865653038,0.6105109453201294,0.37754130363464355,-0.046807654201984406,0.5983145236968994,0.27349621057510376,-0.07013873010873795,0.593484103679657,0.17347171902656555,-0.0943484753370285,0.694625198841095,0.5597555637359619,-0.03392808139324188,0.6833534836769104,0.40623053908348083,-0.11184097081422806,0.6302493810653687,0.41901683807373047,-0.15748949348926544,0.5942245721817017,0.4655371308326721,-0.1719515323638916,0.764711320400238,0.5774470567703247,-0.05550271272659302,0.7808021903038025,0.41317981481552124,-0.1155884712934494,0.7597402334213257,0.3051236569881439,-0.15371975302696228,0.74326092004776,0.2123664915561676,-0.17323431372642517,0.8392300009727478,0.6230027675628662,-0.08027232438325882,0.9044404625892639,0.49919164180755615,-0.12463153153657913,0.9430872797966003,0.41284120082855225,-0.15319085121154785,0.9748948216438293,0.3261691629886627,-0.1724092662334442
76524.92,0.7383802533149719,0.9636659622192383,3.6522499158309074e-07,0.6329643130302429,0.9163477420806885,-0.04649830237030983,0.5468045473098755,0.7721171975135803,-0.07105963677167892,0.487248957157135,0.6616407036781311,-0.09473908692598343,0.4407385289669037,0.5645089745521545,-0.11680326610803604,0.6197305917739868,0.5744998455047607,-0.022120926529169083,0.606284499168396,0.3857281506061554,-0.05102577805519104,0.5908393859863281,0.2781245708465576,-0.07499812543392181,0.5836879014968872,0.17329716682434082,-0.09954559803009033,0.6916451454162598,0.565964937210083,-0.03517529368400574,0.6763124465942383,0.4079144597053528,-0.11388999968767166,0.6261852383613586,0.4187048673629761,-0.1587281972169876,0.5948397517204285,0.46378204226493835,-0.17225119471549988,0.7627587914466858,0.5810807347297668,-0.0561087504029274,0.7752583622932434,0.41946566104888916,-0.11707798391580582,0.7554101347923279,0.3136380612850189,-0.15356770157814026,0.7406907081604004,0.22118905186653137,-0.17111948132514954,0.8397029638290405,0.6240618228912354,-0.08076704293489456,0.9036867618560791,0.500564455986023,-0.12487935274839401,0.9422084093093872,0.41458991169929504,-0.152557373046875,0.9742414951324463,0.32899489998817444,-0.17087827622890472
76524.955,0.7434847950935364,0.9598742723464966,4.813024361283169e-07,0.6363697648048401,0.9109579920768738,-0.051985807716846466,0.550600528717041,0.7751016616821289,-0.0792291909456253,0.48894259333610535,0.6681378483772278,-0.10319837927818298,0.4399246275424957,0.5694825649261475,-0.12588219344615936,0.6207839846611023,0.5692427158355713,-0.03443099558353424,0.597936749458313,0.38420426845550537,-0.06505000591278076,0.5824333429336548,0.2744326591491699,-0.09036647528409958,0.5723280906677246,0.1716189682483673,-0.11486721783876419,0.6941725611686707,0.5574924945831299,-0.04181784391403198,0.6783496737480164,0.4010554552078247,-0.10626817494630814,0.6543010473251343,0.394027441740036,-0.14567282795906067,0.6352937817573547,0.41537946462631226,-0.16150523722171783,0.7674870491027832,0.573823869228363,-0.05727100372314453,0.7727445363998413,0.41275253891944885,-0.11261752992868423,0.7601011395454407,0.30329838395118713,-0.14841532707214355,0.745381772518158,0.20064258575439453,-0.1692434698343277,0.8434746861457825,0.6199927926063538,-0.07643075287342072,0.9086060523986816,0.5017918944358826,-0.12256288528442383,0.9495850801467896,0.4179544448852539,-0.1512959748506546,0.9807257056236267,0.3317261040210724,-0.1712731420993805
76524.983,0.7419746518135071,0.9554677605628967,8.407691325373889e-07,0.634137749671936,0.9019945859909058,-0.05744994804263115,0.5465928912162781,0.7772504687309265,-0.08733856678009033,0.486183762550354,0.6685934066772461,-0.11246655136346817,0.43429625034332275,0.5717754364013672,-0.1369994431734085,0.6167613863945007,0.5593439340591431,-0.056130509823560715,0.585824191570282,0.3884827792644501,-0.09855549037456512,0.5685681104660034,0.28143951296806335,-0.1320112943649292,0.554817259311676,0.186909019947052,-0.15897639095783234,0.6932574510574341,0.5450133085250854,-0.061245836317539215,0.6724146008491516,0.3814726769924164,-0.10607922077178955,0.6537096500396729,0.27856552600860596,-0.14497219026088715,0.6338903903961182,0.18864533305168152,-0.17384439706802368,0.7688449621200562,0.5667311549186707,-0.07416597008705139,0.7737598419189453,0.4063429534435272,-0.13041448593139648,0.7667778134346008,0.2909862995147705,-0.1720239520072937,0.7539815902709961,0.18161141872406006,-0.2005036175251007,0.8450111746788025,0.6216180324554443,-0.09055101126432419,0.9125984907150269,0.5035196542739868,-0.14775283634662628,0.9587891101837158,0.419089138507843,-0.18152019381523132,0.9933309555053711,0.3379423916339874,-0.204129159450531
76525.015,0.7444925308227539,0.9531577229499817,8.859911986291991e-07,0.6371592879295349,0.903088390827179,-0.05964750051498413,0.549156904220581,0.7773725986480713,-0.09027375280857086,0.487467497587204,0.6705151796340942,-0.11572097986936569,0.434267520904541,0.5762337446212769,-0.14089037477970123,0.6156423091888428,0.55682772397995,-0.057009901851415634,0.5788472294807434,0.3889612555503845,-0.10182083398103714,0.5564655065536499,0.28042659163475037,-0.1379108875989914,0.5402352213859558,0.1861281394958496,-0.16634860634803772,0.6930080652236938,0.5398533344268799,-0.0619208961725235,0.6726479530334473,0.3740907907485962,-0.10762227326631546,0.6564505100250244,0.26272961497306824,-0.14903049170970917,0.6404956579208374,0.16242599487304688,-0.17941871285438538,0.7684943079948425,0.5610795021057129,-0.07495807111263275,0.7762022614479065,0.39655566215515137,-0.13275441527366638,0.7759235501289368,0.27565380930900574,-0.17793379724025726,0.7700247764587402,0.15889665484428406,-0.20847269892692566,0.8431205749511719,0.6173152923583984,-0.09139537066221237,0.9128061532974243,0.5025811791419983,-0.15060864388942719,0.9593241214752197,0.4193263053894043,-0.18579579889774323,0.9939651489257812,0.3368982970714569,-0.2090054452419281
76525.048,0.7439401149749756,0.9484896659851074,7.440728495566873e-07,0.637808084487915,0.8950552940368652,-0.05300537496805191,0.5528421998023987,0.7683209776878357,-0.07939204573631287,0.49158281087875366,0.6605106592178345,-0.10151772946119308,0.4400821328163147,0.566682755947113,-0.12278052419424057,0.6210212111473083,0.5627922415733337,-0.04534216597676277,0.590918779373169,0.38788682222366333,-0.08099444955587387,0.5741904973983765,0.2788126468658447,-0.1095501258969307,0.5621468424797058,0.1827073097229004,-0.13414108753204346,0.6935926675796509,0.548093855381012,-0.05033637955784798,0.6648247241973877,0.3871496617794037,-0.0906791090965271,0.6438461542129517,0.2958657443523407,-0.12468358129262924,0.6267551183700562,0.2218131422996521,-0.14946100115776062,0.7677971124649048,0.5662864446640015,-0.06333842128515244,0.7768152356147766,0.40071260929107666,-0.11537768691778183,0.7780067324638367,0.27690884470939636,-0.15444061160087585,0.7753779888153076,0.15893709659576416,-0.18163198232650757,0.844061017036438,0.6171086430549622,-0.07926342636346817,0.9121217727661133,0.502463161945343,-0.13289566338062286,0.9580100774765015,0.41990894079208374,-0.16427235305309296,0.992194652557373,0.3376728892326355,-0.18588078022003174
76525.08,0.7335184812545776,0.9544116258621216,7.050712014233795e-08,0.6386650800704956,0.9067628383636475,-0.040745679289102554,0.5548386573791504,0.7669998407363892,-0.06599395722150803,0.49939560890197754,0.6593469977378845,-0.09091092646121979,0.4499775469303131,0.5650739073753357,-0.11453020572662354,0.6260759234428406,0.5583884716033936,-0.021671408787369728,0.6112130284309387,0.37266138195991516,-0.051675669848918915,0.590429961681366,0.2706955075263977,-0.07019709050655365,0.5807680487632751,0.1700981855392456,-0.09075497835874557,0.6970459818840027,0.5542821884155273,-0.039836984127759933,0.6634683012962341,0.4244481921195984,-0.133363276720047,0.605440616607666,0.5083304047584534,-0.17213203012943268,0.5806969404220581,0.5878560543060303,-0.1740601509809494,0.7686215043067932,0.5756247639656067,-0.06624765694141388,0.7811043858528137,0.4211404323577881,-0.1427527517080307,0.7660410404205322,0.31540220975875854,-0.17932920157909393,0.762290358543396,0.21124807000160217,-0.1921730786561966,0.8448126316070557,0.6197106838226318,-0.0938042402267456,0.9072739481925964,0.49917447566986084,-0.1470550000667572,0.9475942850112915,0.41804584860801697,-0.17254289984703064,0.9814926981925964,0.32647907733917236,-0.18696075677871704
76525.111,0.7363386750221252,0.9576604962348938,7.693277837006463e-08,0.6363207697868347,0.9108078479766846,-0.042040470987558365,0.5536927580833435,0.7675023078918457,-0.06953726708889008,0.49692946672439575,0.6550166010856628,-0.09843390434980392,0.44883623719215393,0.5545819401741028,-0.1257551610469818,0.6341235041618347,0.562262773513794,-0.024815339595079422,0.6168022751808167,0.37148600816726685,-0.05768522992730141,0.6000473499298096,0.26499661803245544,-0.07509097456932068,0.591198742389679,0.16755861043930054,-0.09332478046417236,0.7032968997955322,0.5595074892044067,-0.0417703241109848,0.6678485870361328,0.43836772441864014,-0.1406858116388321,0.6064009070396423,0.5260927081108093,-0.17945991456508636,0.5731090307235718,0.6132349967956543,-0.18018436431884766,0.7715047597885132,0.5803625583648682,-0.06718450784683228,0.7719871401786804,0.45275264978408813,-0.14813977479934692,0.7445124387741089,0.37225767970085144,-0.18185947835445404,0.7278152108192444,0.29014936089515686,-0.18951678276062012,0.8449463844299316,0.6222617030143738,-0.09410262852907181,0.9076958298683167,0.4994049668312073,-0.1464785635471344,0.9478939771652222,0.419177770614624,-0.1712353676557541,0.9791188836097717,0.3320424258708954,-0.18383996188640594
76525.143,0.7334887385368347,0.9637840986251831,8.043421217962532e-08,0.633213996887207,0.9154084920883179,-0.040513843297958374,0.55059814453125,0.7710784673690796,-0.06507577747106552,0.494662880897522,0.6601558923721313,-0.09109872579574585,0.4503566026687622,0.5583876967430115,-0.11530733108520508,0.6290676593780518,0.5673276782035828,-0.021315600723028183,0.6143046617507935,0.37496432662010193,-0.05229608714580536,0.6004964113235474,0.2692289352416992,-0.06962200999259949,0.5958099365234375,0.16959989070892334,-0.08810856193304062,0.6991671919822693,0.562893807888031,-0.03787049278616905,0.6655731797218323,0.4399890899658203,-0.1327488124370575,0.6025029420852661,0.5165108442306519,-0.17198075354099274,0.568203866481781,0.5986988544464111,-0.17474447190761566,0.7679632902145386,0.5825875401496887,-0.06270872801542282,0.7691165804862976,0.4519054889678955,-0.14026819169521332,0.7414968013763428,0.3712019920349121,-0.17422103881835938,0.726189136505127,0.29127100110054016,-0.18320311605930328,0.8425775170326233,0.6238707900047302,-0.0891689881682396,0.9053760766983032,0.5009207129478455,-0.13993458449840546,0.9460422992706299,0.4215196371078491,-0.16511213779449463,0.9793554544448853,0.33682191371917725,-0.17847484350204468
76525.176,0.7347735166549683,0.9688841700553894,1.6070492847575224e-07,0.6320474743843079,0.9202861785888672,-0.04219011962413788,0.5478606820106506,0.7734180092811584,-0.06540045887231827,0.49155402183532715,0.6622145175933838,-0.08980624377727509,0.4446011781692505,0.562873125076294,-0.11248784512281418,0.620197057723999,0.5769557356834412,-0.017407376319169998,0.6069976091384888,0.38253870606422424,-0.04603094235062599,0.5927913188934326,0.27800363302230835,-0.06530879437923431,0.5883795022964478,0.17539983987808228,-0.08614794909954071,0.6916540861129761,0.5690816044807434,-0.03325803950428963,0.6597943305969238,0.4380300045013428,-0.12341504544019699,0.5954064130783081,0.48936933279037476,-0.16687443852424622,0.5607859492301941,0.5614298582077026,-0.17489215731620789,0.761896014213562,0.5837523937225342,-0.05734313651919365,0.765285074710846,0.4454212784767151,-0.1286647915840149,0.7404491901397705,0.3559485673904419,-0.16479875147342682,0.7285144329071045,0.27424687147140503,-0.17768633365631104,0.8399633169174194,0.6219565272331238,-0.084017813205719,0.9002833366394043,0.49915096163749695,-0.13140350580215454,0.9387075901031494,0.41690269112586975,-0.15793196856975555,0.971844494342804,0.33427783846855164,-0.17361687123775482
76525.209,0.7377741932868958,0.9619274139404297,2.9550247404586116e-07,0.6325368285179138,0.9157924652099609,-0.04261573404073715,0.5443127155303955,0.771194577217102,-0.0641290694475174,0.486163854598999,0.6596463322639465,-0.08558496087789536,0.4411700367927551,0.5632282495498657,-0.10513482987880707,0.6128725409507751,0.5767481327056885,-0.019583240151405334,0.5991957187652588,0.3824944496154785,-0.04705343022942543,0.5858782529830933,0.2781676650047302,-0.06685488671064377,0.5832743048667908,0.17648270726203918,-0.08756046742200851,0.6840366125106812,0.5710130333900452,-0.03310832008719444,0.6534042954444885,0.4212520122528076,-0.11533432453870773,0.6034101247787476,0.44291964173316956,-0.15841448307037354,0.5781732797622681,0.4895161986351013,-0.16841945052146912,0.7563654184341431,0.5850439667701721,-0.054376669228076935,0.7612418532371521,0.4343515634536743,-0.12045366317033768,0.7421147227287292,0.33422762155532837,-0.15805169939994812,0.7313955426216125,0.24110513925552368,-0.17354470491409302,0.8376218676567078,0.6211593151092529,-0.07851093262434006,0.8972429633140564,0.497535765171051,-0.1254822313785553,0.936670184135437,0.41342419385910034,-0.15443412959575653,0.9713613986968994,0.3269703984260559,-0.17214840650558472
76525.24,0.7384771108627319,0.9524842500686646,5.246499767963542e-07,0.631903350353241,0.9052441120147705,-0.05315791442990303,0.5452160835266113,0.7726182341575623,-0.08037181198596954,0.48629409074783325,0.6635487675666809,-0.10455015301704407,0.439013808965683,0.567832350730896,-0.12785272300243378,0.6141027212142944,0.5724586844444275,-0.04577392712235451,0.5869125723838806,0.3894343972206116,-0.08207588642835617,0.5728206634521484,0.28023555874824524,-0.11214674264192581,0.5595555305480957,0.1797325313091278,-0.1385055035352707,0.6852982044219971,0.5581359267234802,-0.05175328999757767,0.6634673476219177,0.4235038161277771,-0.10729289054870605,0.6293667554855347,0.3687886595726013,-0.14631883800029755,0.5956332683563232,0.32747921347618103,-0.1695288121700287,0.7594074010848999,0.5718734264373779,-0.06548704206943512,0.7657644748687744,0.41608959436416626,-0.1225808709859848,0.7551278471946716,0.30384910106658936,-0.1584789752960205,0.7391397356987,0.19801989197731018,-0.18112194538116455,0.8346257209777832,0.6150607466697693,-0.08294640481472015,0.8985673189163208,0.4945014715194702,-0.136664018034935,0.9422658085823059,0.4116275906562805,-0.1663360744714737,0.9760935306549072,0.3304721713066101,-0.18550702929496765
76525.29,0.7389100193977356,0.9499717354774475,6.343035465761204e-07,0.6302007436752319,0.900789201259613,-0.05364537239074707,0.5445674061775208,0.7728776335716248,-0.07998281717300415,0.4843957722187042,0.6639628410339355,-0.1029336154460907,0.43640372157096863,0.5670040845870972,-0.12482104450464249,0.6138529181480408,0.5689373016357422,-0.04249509796500206,0.5828832387924194,0.4001850485801697,-0.0801832526922226,0.5674407482147217,0.29482540488243103,-0.11154263466596603,0.5546075105667114,0.1989094316959381,-0.13809294998645782,0.6853085160255432,0.5510292053222656,-0.0474570170044899,0.6562612652778625,0.41016143560409546,-0.092091403901577,0.6275359988212585,0.32528233528137207,-0.12925951182842255,0.5988752245903015,0.2460625171661377,-0.15565280616283417,0.7596940398216248,0.5662489533424377,-0.06061140075325966,0.7662116885185242,0.4029836654663086,-0.11739140748977661,0.7630937695503235,0.2887517809867859,-0.15643541514873505,0.7539701461791992,0.17987114191055298,-0.18180231750011444,0.8343740701675415,0.6154049634933472,-0.07695014029741287,0.899561882019043,0.49621638655662537,-0.13581643998622894,0.9460442066192627,0.4147995710372925,-0.1685052514076233,0.9819189310073853,0.33459946513175964,-0.1890435367822647
76525.32,0.7372620105743408,0.9456653594970703,6.926342166480026e-07,0.6292749047279358,0.8988906741142273,-0.05433899536728859,0.5447580814361572,0.7702043652534485,-0.0806264653801918,0.48661690950393677,0.6593133807182312,-0.10335580259561539,0.4397957921028137,0.562484085559845,-0.12509523332118988,0.6139094829559326,0.5701138377189636,-0.043771062046289444,0.5807643532752991,0.40110015869140625,-0.0832834541797638,0.5645875334739685,0.2941599190235138,-0.11573456972837448,0.5526705384254456,0.19660332798957825,-0.142776757478714,0.6854081749916077,0.5498279929161072,-0.04870505630970001,0.652786910533905,0.40738436579704285,-0.09391136467456818,0.6251506209373474,0.317863404750824,-0.13176698982715607,0.5983564853668213,0.2319072186946869,-0.15874846279621124,0.7598060369491577,0.5638790726661682,-0.061914268881082535,0.7645894885063171,0.39878231287002563,-0.12021593749523163,0.7629202008247375,0.2846231758594513,-0.1596534103155136,0.755734920501709,0.17432653903961182,-0.1848897486925125,0.8348276019096375,0.6124186515808105,-0.07831385731697083,0.9004868268966675,0.493244469165802,-0.1389193832874298,0.9471935033798218,0.41315650939941406,-0.17189505696296692,0.9825613498687744,0.33375728130340576,-0.192233607172966
76525.353,0.7354696989059448,0.9397259950637817,4.026801150303072e-07,0.6342735886573792,0.9008816480636597,-0.04389448091387749,0.5499045252799988,0.7627935409545898,-0.06796900928020477,0.49214157462120056,0.6539912223815918,-0.09053109586238861,0.44426530599594116,0.5588861703872681,-0.11229246109724045,0.6115052700042725,0.5700844526290894,-0.024415617808699608,0.5884788036346436,0.38802143931388855,-0.05322203412652016,0.5726602673530579,0.27718478441238403,-0.07824014127254486,0.5640501976013184,0.17231202125549316,-0.1028674840927124,0.6803727149963379,0.5553563237190247,-0.035930074751377106,0.6496142745018005,0.41955769062042236,-0.10321001708507538,0.6164470911026001,0.4198160767555237,-0.14433327317237854,0.597442626953125,0.4361211955547333,-0.15975597500801086,0.7527841329574585,0.5662248134613037,-0.054668959230184555,0.7606828212738037,0.4017750918865204,-0.11350495368242264,0.7548271417617798,0.2826128900051117,-0.1506177932024002,0.7499021291732788,0.16694867610931396,-0.17093726992607117,0.8295112252235413,0.6064770817756653,-0.07579023391008377,0.8911651968955994,0.48802876472473145,-0.12429483234882355,0.9355727434158325,0.4090871810913086,-0.15062960982322693,0.9721107482910156,0.32770609855651855,-0.16739319264888763
76525.385,0.7266223430633545,0.9516721963882446,7.081091268901218e-08,0.6340493559837341,0.9061108231544495,-0.03734937682747841,0.5498572587966919,0.7656254768371582,-0.061221376061439514,0.49797356128692627,0.6558228135108948,-0.08619199693202972,0.44890475273132324,0.5580486059188843,-0.11014913022518158,0.6244586110115051,0.5615212321281433,-0.015306028537452221,0.6167169213294983,0.37443870306015015,-0.041008301079273224,0.5999662280082703,0.2714603543281555,-0.056092049926519394,0.5925931334495544,0.17572656273841858,-0.07424074411392212,0.692321240901947,0.5600423812866211,-0.0341990664601326,0.645703136920929,0.4425991475582123,-0.12565970420837402,0.5829112529754639,0.5313431024551392,-0.16388466954231262,0.5593625903129578,0.6078560948371887,-0.1656971424818039,0.7600534558296204,0.57731693983078,-0.061088677495718,0.7650560736656189,0.4246171712875366,-0.13646216690540314,0.7428834438323975,0.31875941157341003,-0.17384564876556396,0.735609769821167,0.2144046425819397,-0.1874222755432129,0.8325310349464417,0.6153645515441895,-0.08891384303569794,0.8908071517944336,0.4930860996246338,-0.14361238479614258,0.9331353902816772,0.413155198097229,-0.17091290652751923,0.9711775183677673,0.3246347904205322,-0.18588906526565552
76525.419,0.7282102108001709,0.952317476272583,3.737012832516484e-08,0.6277556419372559,0.9065661430358887,-0.03870284929871559,0.5457284450531006,0.7615214586257935,-0.06401646137237549,0.4909924268722534,0.6504887938499451,-0.09141863137483597,0.44594085216522217,0.547989010810852,-0.11744000017642975,0.627907931804657,0.5586889386177063,-0.018012836575508118,0.6136708855628967,0.371442973613739,-0.04722681641578674,0.6006535887718201,0.26526573300361633,-0.06296996772289276,0.5952460169792175,0.1701846718788147,-0.07997758686542511,0.696363627910614,0.5575438141822815,-0.03474072366952896,0.6497418284416199,0.45600852370262146,-0.13224738836288452,0.5888833999633789,0.5491858720779419,-0.17090988159179688,0.5577015280723572,0.6349436044692993,-0.17108264565467834,0.7639908790588379,0.5759266018867493,-0.059524066746234894,0.7592582702636719,0.4598017930984497,-0.13859355449676514,0.7269130945205688,0.38125133514404297,-0.1707482635974884,0.7065218091011047,0.297090619802475,-0.17691761255264282,0.8352279663085938,0.614408552646637,-0.08562592417001724,0.892399787902832,0.49504974484443665,-0.13638238608837128,0.9313491582870483,0.4180191159248352,-0.1590723991394043,0.9636209011077881,0.3336856961250305,-0.16946642100811005
76525.447,0.7278426289558411,0.9544751644134521,5.1078927754133474e-08,0.6298801302909851,0.9107842445373535,-0.041494715958833694,0.5464696884155273,0.7680269479751587,-0.06762950867414474,0.4924279749393463,0.6556237936019897,-0.09510572254657745,0.4462249279022217,0.5538216233253479,-0.12062224000692368,0.6215596199035645,0.564382791519165,-0.01964394375681877,0.6079214811325073,0.374878466129303,-0.04814376309514046,0.5938559770584106,0.2687942087650299,-0.06288058310747147,0.589621901512146,0.17064958810806274,-0.07982785999774933,0.6898232102394104,0.5617631673812866,-0.03551067039370537,0.6417742371559143,0.45441246032714844,-0.13142991065979004,0.5833337903022766,0.5483198761940002,-0.16843819618225098,0.5595970153808594,0.6329999566078186,-0.16809897124767303,0.7579530477523804,0.5792476534843445,-0.0596524216234684,0.7536688446998596,0.45579537749290466,-0.13713477551937103,0.7236922383308411,0.3790571987628937,-0.16666531562805176,0.7083942294120789,0.2955520451068878,-0.17179666459560394,0.8317710161209106,0.6173999309539795,-0.08555439859628677,0.8893876075744629,0.49701380729675293,-0.1351809948682785,0.9291431307792664,0.42073285579681396,-0.15654759109020233,0.9623244404792786,0.3355134427547455,-0.16644200682640076
76525.48,0.7258812189102173,0.9606232047080994,1.4270112558278925e-07,0.6258180737495422,0.915969967842102,-0.03997820243239403,0.5418096780776978,0.7707545757293701,-0.06184491887688637,0.4867861270904541,0.6598251461982727,-0.08515862375497818,0.4418487250804901,0.5578837394714355,-0.10669495165348053,0.6116068363189697,0.5741400122642517,-0.017520319670438766,0.5969272255897522,0.38038164377212524,-0.045682989060878754,0.584252119064331,0.27644726634025574,-0.06408925354480743,0.5812329053878784,0.17574819922447205,-0.08380243927240372,0.6815657019615173,0.5660698413848877,-0.033455006778240204,0.6419243216514587,0.44249698519706726,-0.12393409013748169,0.5752599835395813,0.49655014276504517,-0.16731661558151245,0.539729654788971,0.5676776766777039,-0.17482617497444153,0.7506957054138184,0.5810972452163696,-0.057237736880779266,0.7522769570350647,0.4437192976474762,-0.12973816692829132,0.7246249318122864,0.35689979791641235,-0.16726802289485931,0.7101063132286072,0.277324378490448,-0.1804577261209488,0.8271703720092773,0.6189839839935303,-0.08310095220804214,0.8871452212333679,0.49769076704978943,-0.13258731365203857,0.9261751770973206,0.4168921709060669,-0.1608687937259674,0.9600628018379211,0.33525827527046204,-0.1769736260175705
76525.512,0.7305551767349243,0.9594452381134033,3.5268706710667175e-07,0.6258687376976013,0.912382960319519,-0.042092304676771164,0.5378403067588806,0.7708398699760437,-0.06346134096384048,0.4801703095436096,0.6625291109085083,-0.08544016629457474,0.43488794565200806,0.5668069124221802,-0.10571369528770447,0.6040170192718506,0.5763315558433533,-0.018621282652020454,0.5856211185455322,0.3857770562171936,-0.045775990933179855,0.5744946002960205,0.2805742919445038,-0.06695802509784698,0.5715928673744202,0.1807066798210144,-0.08832403272390366,0.6737639904022217,0.5690921545028687,-0.03167228400707245,0.642368733882904,0.4313383102416992,-0.10928532481193542,0.5888381004333496,0.4322636127471924,-0.1539900302886963,0.5556066632270813,0.4618859887123108,-0.1679934561252594,0.7454231381416321,0.5820748805999756,-0.05240120366215706,0.7466924786567688,0.4369441866874695,-0.11605023592710495,0.7254669070243835,0.3391624987125397,-0.15437257289886475,0.711378276348114,0.2526336908340454,-0.17129236459732056,0.8255463242530823,0.6187818646430969,-0.07627910375595093,0.8833195567131042,0.49695488810539246,-0.12312202900648117,0.9222387671470642,0.41231247782707214,-0.1531614065170288,0.9564030170440674,0.33031365275382996,-0.17155763506889343
76525.544,0.7325106859207153,0.9524550437927246,5.725868277295376e-07,0.6277701258659363,0.9086276292800903,-0.05709701031446457,0.5380983352661133,0.7752498984336853,-0.08673437684774399,0.47892147302627563,0.6647760272026062,-0.11309946328401566,0.43050098419189453,0.5697212219238281,-0.13776721060276031,0.6052062511444092,0.5754994750022888,-0.04984058067202568,0.5858527421951294,0.3919677734375,-0.08928000181913376,0.5771707892417908,0.2844697833061218,-0.12111209332942963,0.5679843425750732,0.18688422441482544,-0.1484351009130478,0.6753429174423218,0.5628074407577515,-0.05548735335469246,0.6499710083007812,0.43258965015411377,-0.1185666173696518,0.6070050597190857,0.3765856921672821,-0.16076025366783142,0.5689196586608887,0.33396264910697937,-0.1844017654657364,0.7480798959732056,0.5757371783256531,-0.06948032975196838,0.7500306367874146,0.4263923168182373,-0.13276541233062744,0.7340326905250549,0.32297345995903015,-0.17014941573143005,0.7150537967681885,0.2264242172241211,-0.19162029027938843,0.8252808451652527,0.6151814460754395,-0.08776840567588806,0.886102557182312,0.49471133947372437,-0.14496953785419464,0.9278557896614075,0.41273418068885803,-0.1770721822977066,0.9609400033950806,0.3330271244049072,-0.1970038115978241
76525.577,0.7327983379364014,0.9491190314292908,6.511872925329953e-07,0.6252444982528687,0.9031761884689331,-0.05477963387966156,0.5372309684753418,0.7763810157775879,-0.08229800313711166,0.4794085919857025,0.6666132211685181,-0.10675739496946335,0.43207213282585144,0.5712407827377319,-0.13024643063545227,0.6087399125099182,0.5724420547485352,-0.04784891754388809,0.578599214553833,0.4067121148109436,-0.08943182975053787,0.5635552406311035,0.30314770340919495,-0.12410411983728409,0.5496222376823425,0.21020007133483887,-0.15242905914783478,0.6774870753288269,0.5551437139511108,-0.05392578989267349,0.64068603515625,0.41533952951431274,-0.1050499677658081,0.6006900072097778,0.3245653212070465,-0.14653541147708893,0.5627277493476868,0.23906365036964417,-0.17521913349628448,0.7506742477416992,0.5683231949806213,-0.06811676174402237,0.7506920695304871,0.41287529468536377,-0.1294425129890442,0.7389031648635864,0.30772343277931213,-0.16922220587730408,0.7226687669754028,0.20776885747909546,-0.19400227069854736,0.8269150257110596,0.6135580539703369,-0.08591654151678085,0.8889732360839844,0.4930078685283661,-0.14660336077213287,0.932835042476654,0.41230103373527527,-0.17985472083091736,0.9672033786773682,0.33298179507255554,-0.20033307373523712
76525.61,0.7334663271903992,0.9422999620437622,6.298035373220046e-07,0.6278623938560486,0.9035000801086426,-0.05486613139510155,0.5400435924530029,0.7741777896881104,-0.0826943889260292,0.4822136461734772,0.6642217636108398,-0.10704736411571503,0.43511632084846497,0.5681936740875244,-0.13017550110816956,0.6081563830375671,0.5718995928764343,-0.044557202607393265,0.5819559693336487,0.3977389335632324,-0.08140984177589417,0.5681373476982117,0.288764089345932,-0.11234105378389359,0.555241048336029,0.1911095380783081,-0.13917826116085052,0.6770840287208557,0.5543522238731384,-0.04938609525561333,0.6443095207214355,0.4281617999076843,-0.1025300920009613,0.6042711138725281,0.3609752357006073,-0.14188046753406525,0.5676517486572266,0.30036604404449463,-0.16675584018230438,0.7502384781837463,0.5670332908630371,-0.06234491243958473,0.7503963708877563,0.4164479374885559,-0.12174958735704422,0.7396276593208313,0.30760812759399414,-0.1589958518743515,0.7254672050476074,0.2041035294532776,-0.18204034864902496,0.8258930444717407,0.6103222370147705,-0.0789966881275177,0.8884822726249695,0.4907592833042145,-0.13698779046535492,0.933375358581543,0.41129347681999207,-0.1687309294939041,0.9685242176055908,0.333359032869339,-0.18846924602985382
76525.64,0.7255211472511292,0.9536697864532471,1.9535178807927878e-07,0.6275829076766968,0.914665699005127,-0.037191107869148254,0.5429953932762146,0.7741814851760864,-0.0594717301428318,0.4885541498661041,0.6676558256149292,-0.0820067897439003,0.4405280351638794,0.5703127980232239,-0.1035805493593216,0.6051961183547974,0.5727845430374146,-0.01611148938536644,0.5868412852287292,0.3834523558616638,-0.042054206132888794,0.5700860619544983,0.2831564247608185,-0.060422126203775406,0.5648719072341919,0.18443721532821655,-0.08042299002408981,0.6757245063781738,0.5639839768409729,-0.03399128466844559,0.6417463421821594,0.42432132363319397,-0.12012801319360733,0.5835694074630737,0.485577791929245,-0.16147743165493011,0.5567712783813477,0.5521067380905151,-0.16716410219669342,0.7473063468933105,0.5786692500114441,-0.05917038023471832,0.7548545002937317,0.41801485419273376,-0.12634453177452087,0.7344050407409668,0.3124910593032837,-0.16356459259986877,0.7248960137367249,0.21036705374717712,-0.17904001474380493,0.823529839515686,0.6189995408058167,-0.08593986183404922,0.8842072486877441,0.49763113260269165,-0.13383598625659943,0.9241746664047241,0.41655072569847107,-0.15990570187568665,0.9588356018066406,0.3286692500114441,-0.17542000114917755
76525.672,0.7220839262008667,0.9566099643707275,8.601867307334032e-08,0.6233893632888794,0.9099999070167542,-0.03713375702500343,0.5414855480194092,0.7713209390640259,-0.06015298515558243,0.4876515865325928,0.6669749021530151,-0.08502978831529617,0.4403766989707947,0.5725239515304565,-0.10897845774888992,0.6161534786224365,0.570647656917572,-0.018552636727690697,0.6031033992767334,0.3775177001953125,-0.047605469822883606,0.5869992971420288,0.2773715555667877,-0.0658390074968338,0.5786229968070984,0.18288806080818176,-0.08508044481277466,0.6845744252204895,0.5658171772956848,-0.03665962442755699,0.6470299959182739,0.44384443759918213,-0.12886814773082733,0.581523060798645,0.5126827955245972,-0.17039363086223602,0.5485108494758606,0.5892379283905029,-0.17554393410682678,0.7518609762191772,0.5816922187805176,-0.06246677413582802,0.7546385526657104,0.44183284044265747,-0.13585497438907623,0.7298750877380371,0.34696218371391296,-0.17294012010097504,0.7178786396980286,0.25777530670166016,-0.18606656789779663,0.8251357078552246,0.6181930303573608,-0.0898861289024353,0.8835309147834778,0.4985164701938629,-0.14091727137565613,0.9222859144210815,0.41793447732925415,-0.16827097535133362,0.9569588303565979,0.3332526981830597,-0.1834162324666977
76525.721,0.7251828908920288,0.9604032039642334,7.976947813403967e-08,0.6248677372932434,0.9150390625,-0.03867190703749657,0.5414991974830627,0.7752485871315002,-0.06288676708936691,0.4873555302619934,0.6660557985305786,-0.08891095221042633,0.4407605528831482,0.5639151930809021,-0.11369726061820984,0.6172241568565369,0.5705410242080688,-0.02094811014831066,0.6006931662559509,0.3784278333187103,-0.05058468133211136,0.5850704312324524,0.27315473556518555,-0.06744783371686935,0.5781881809234619,0.1750064194202423,-0.08537783473730087,0.6857641935348511,0.5640664100646973,-0.03736599534749985,0.651328980922699,0.44623345136642456,-0.12858806550502777,0.5873700380325317,0.5204769372940063,-0.1672160029411316,0.5528755187988281,0.5996299386024475,-0.17078480124473572,0.7533602714538574,0.5809221863746643,-0.06172992289066315,0.7543669939041138,0.4505908787250519,-0.13594841957092285,0.7250396609306335,0.36957088112831116,-0.16986577212810516,0.7087396383285522,0.2889060378074646,-0.1800476312637329,0.8267294764518738,0.6200077533721924,-0.08765304833650589,0.8873706459999084,0.49906110763549805,-0.13742823898792267,0.9274392127990723,0.4205940067768097,-0.1628638058900833,0.9616620540618896,0.3375653624534607,-0.17660629749298096
76525.753,0.7276518940925598,0.9601089954376221,6.51665530426726e-08,0.6277643442153931,0.9165360927581787,-0.04176545888185501,0.5443633198738098,0.7772144079208374,-0.06803154945373535,0.48888587951660156,0.6678881645202637,-0.09553340822458267,0.4398583173751831,0.5689444541931152,-0.12176167219877243,0.6162236928939819,0.5713630318641663,-0.023682206869125366,0.5984928607940674,0.38232624530792236,-0.054966289550065994,0.5818562507629395,0.27690640091896057,-0.07220372557640076,0.5746362805366516,0.17838948965072632,-0.09057405591011047,0.6861903071403503,0.5649650692939758,-0.03984799236059189,0.649450421333313,0.44753363728523254,-0.13545456528663635,0.5893192291259766,0.5331660509109497,-0.1740982085466385,0.5593507289886475,0.619015634059906,-0.1761752814054489,0.7552487254142761,0.5819963216781616,-0.06435608863830566,0.7544682621955872,0.45197373628616333,-0.14237622916698456,0.7262983322143555,0.3713010847568512,-0.17613735795021057,0.7105896472930908,0.28874385356903076,-0.18519389629364014,0.8298118114471436,0.6209388971328735,-0.0904584676027298,0.8893680572509766,0.4994628131389618,-0.14186348021030426,0.9290469288825989,0.42144590616226196,-0.16676512360572815,0.9618776440620422,0.3363432288169861,-0.17993579804897308
76525.784,0.7273451089859009,0.9602421522140503,6.53623430935113e-08,0.6287843585014343,0.916545033454895,-0.04170449078083038,0.5446482300758362,0.7771206498146057,-0.06793832778930664,0.4876704812049866,0.6689417958259583,-0.09533559530973434,0.4403059482574463,0.5682913064956665,-0.12143032252788544,0.6199660897254944,0.5702046155929565,-0.02256377972662449,0.6012985706329346,0.38061732053756714,-0.053315721452236176,0.584363579750061,0.27467086911201477,-0.07008697092533112,0.5757321715354919,0.17697837948799133,-0.08803199231624603,0.6885544061660767,0.5644475221633911,-0.03875581920146942,0.6504198312759399,0.44903525710105896,-0.13588570058345795,0.5910283327102661,0.5418029427528381,-0.17471612989902496,0.5615211129188538,0.6321164965629578,-0.17564812302589417,0.7569749355316162,0.5818399786949158,-0.06328222155570984,0.7557862997055054,0.4531775116920471,-0.14245983958244324,0.7262267470359802,0.37311434745788574,-0.1764206737279892,0.7087153792381287,0.2894658148288727,-0.18467380106449127,0.8308588266372681,0.6211168169975281,-0.0892433226108551,0.8902713060379028,0.4992583692073822,-0.14091292023658752,0.9304352402687073,0.42154330015182495,-0.16514723002910614,0.963342547416687,0.3358006477355957,-0.17729796469211578
76525.817,0.7274042367935181,0.9613606929779053,8.66644640495906e-08,0.6284974217414856,0.9168870449066162,-0.04073888808488846,0.5459315776824951,0.7773125767707825,-0.06733039766550064,0.4900052547454834,0.6679677367210388,-0.09558252990245819,0.4406592547893524,0.5678456425666809,-0.12277724593877792,0.6201539635658264,0.5709813833236694,-0.022098295390605927,0.6024143099784851,0.380618155002594,-0.052532684057950974,0.5859055519104004,0.273703932762146,-0.06909479945898056,0.5783289670944214,0.17551296949386597,-0.08687489479780197,0.6889241337776184,0.5649944543838501,-0.03842049837112427,0.6524087190628052,0.4487566351890564,-0.13309632241725922,0.5921666026115417,0.5356207489967346,-0.1710815280675888,0.5617138743400574,0.6216088533401489,-0.17260053753852844,0.7573949694633484,0.5818383097648621,-0.06295973807573318,0.7567241191864014,0.45364701747894287,-0.13991372287273407,0.7275711894035339,0.37400078773498535,-0.17274099588394165,0.7108750343322754,0.2919500172138214,-0.18114116787910461,0.8312234878540039,0.6209705471992493,-0.08904316276311874,0.8918461203575134,0.4994271397590637,-0.13946110010147095,0.9324387311935425,0.4208974242210388,-0.16354921460151672,0.9661614298820496,0.33542001247406006,-0.17605549097061157
76525.847,0.7289861440658569,0.96089768409729,7.113052902241179e-08,0.6289838552474976,0.9168599247932434,-0.04215596243739128,0.5457313060760498,0.7768419981002808,-0.06888052076101303,0.4894002676010132,0.666674792766571,-0.09688282012939453,0.4406311810016632,0.5671172142028809,-0.12369498610496521,0.6194272637367249,0.5710178017616272,-0.023731397464871407,0.6007840037345886,0.382178395986557,-0.05499815568327904,0.5845503807067871,0.2756602466106415,-0.07197702676057816,0.5774062871932983,0.17726075649261475,-0.09006749093532562,0.6888800263404846,0.564889669418335,-0.039559945464134216,0.6518344879150391,0.44990798830986023,-0.13554127514362335,0.5925793051719666,0.5383032560348511,-0.1736593395471573,0.5624083280563354,0.6254568696022034,-0.17498433589935303,0.7582440972328186,0.5817621350288391,-0.0638347789645195,0.7570645213127136,0.45411932468414307,-0.14226122200489044,0.7282967567443848,0.3740442395210266,-0.17564210295677185,0.711704671382904,0.29138973355293274,-0.18407656252384186,0.8329684734344482,0.6204734444618225,-0.08970200270414352,0.8930572271347046,0.4986158609390259,-0.14119619131088257,0.9334353804588318,0.42025068402290344,-0.1658981591463089,0.9667644500732422,0.3346298336982727,-0.1787673979997635
76525.881,0.726739764213562,0.963697075843811,8.846782151294974e-08,0.6275705099105835,0.9184842109680176,-0.04141194745898247,0.5453409552574158,0.7772496342658997,-0.06737417727708817,0.4895094633102417,0.6671819090843201,-0.09482617676258087,0.43976062536239624,0.568574070930481,-0.12121409177780151,0.619481086730957,0.5725358128547668,-0.022523101419210434,0.6018489599227905,0.3814951181411743,-0.05342695489525795,0.5860393047332764,0.27481725811958313,-0.07088851183652878,0.5789446234703064,0.17582261562347412,-0.08932724595069885,0.6886258125305176,0.5662726759910583,-0.038509517908096313,0.6538947224617004,0.4497324824333191,-0.13333240151405334,0.5930685997009277,0.532978355884552,-0.1723812222480774,0.5608721375465393,0.6173443794250488,-0.17489904165267944,0.7576985955238342,0.583476722240448,-0.06274909526109695,0.7578129768371582,0.4540594816207886,-0.13971954584121704,0.7297894954681396,0.37376147508621216,-0.1731300801038742,0.7138348817825317,0.29250675439834595,-0.18200506269931793,0.832573652267456,0.6224960684776306,-0.08867029845714569,0.8929210901260376,0.5001901388168335,-0.13929811120033264,0.9330323934555054,0.4210920035839081,-0.1637350618839264,0.9666761159896851,0.3361099064350128,-0.1764415204524994
76525.912,0.7267102003097534,0.9664738178253174,1.1760904072843914e-07,0.6268494725227356,0.9197313785552979,-0.04306362569332123,0.5425601005554199,0.7797335386276245,-0.06886003911495209,0.4871785342693329,0.6709834933280945,-0.09562966227531433,0.44094905257225037,0.5717926621437073,-0.12083347141742706,0.6162045001983643,0.5771090388298035,-0.0234625693410635,0.5999471545219421,0.38474172353744507,-0.054662540555000305,0.5839947462081909,0.2787255644798279,-0.07356259226799011,0.5787494778633118,0.17744261026382446,-0.09342842549085617,0.6861797571182251,0.5697396993637085,-0.039005257189273834,0.651807427406311,0.4473412036895752,-0.13205263018608093,0.5872482061386108,0.5162026286125183,-0.17203673720359802,0.5541356205940247,0.5932251214981079,-0.17638464272022247,0.7560879588127136,0.5853768587112427,-0.06302627176046371,0.7580791711807251,0.4496050775051117,-0.13782788813114166,0.7331209778785706,0.36301565170288086,-0.17151501774787903,0.7217085957527161,0.2786373496055603,-0.18167118728160858,0.833048939704895,0.6234318614006042,-0.08931133896112442,0.8928157091140747,0.5018561482429504,-0.13945500552654266,0.9323580265045166,0.42175424098968506,-0.1647537648677826,0.9669569730758667,0.33709144592285156,-0.17852497100830078
76525.945,0.7314419150352478,0.9653599262237549,3.2061524279924924e-07,0.6265820264816284,0.919930636882782,-0.044955942779779434,0.5397223830223083,0.7793318033218384,-0.0680377259850502,0.48197728395462036,0.6704186201095581,-0.09066793322563171,0.4376758337020874,0.5736340880393982,-0.11147840321063995,0.6082606315612793,0.5816003084182739,-0.020609047263860703,0.5931824445724487,0.39065441489219666,-0.04841717705130577,0.5798290371894836,0.2827434837818146,-0.06981551647186279,0.5777360200881958,0.1784263551235199,-0.09179122000932693,0.678999662399292,0.5730974674224854,-0.032541193068027496,0.6490609645843506,0.4274287819862366,-0.1114017516374588,0.6042250990867615,0.44723519682884216,-0.1541588008403778,0.5824449062347412,0.491017609834671,-0.1655334234237671,0.7513625025749207,0.5847567319869995,-0.05234234035015106,0.7556136846542358,0.4340195953845978,-0.11506239324808121,0.737085223197937,0.33427688479423523,-0.15131030976772308,0.7260052561759949,0.24108406901359558,-0.16736413538455963,0.8314197659492493,0.6213901042938232,-0.07552226632833481,0.8912445902824402,0.501516580581665,-0.12078237533569336,0.931634783744812,0.42061465978622437,-0.1486528515815735,0.9673217535018921,0.33808982372283936,-0.16606159508228302
76525.976,0.732770562171936,0.9605950117111206,5.963074727333151e-07,0.6244741678237915,0.9120126962661743,-0.053879279643297195,0.539761483669281,0.7826740741729736,-0.08015147596597672,0.4805305600166321,0.6734262108802795,-0.10322017222642899,0.43053093552589417,0.5807551741600037,-0.12545576691627502,0.6123045086860657,0.5775936245918274,-0.04293835163116455,0.5835059881210327,0.40328776836395264,-0.0799165815114975,0.5692559480667114,0.2958691120147705,-0.11139150708913803,0.5560437440872192,0.19935503602027893,-0.13804373145103455,0.6834868788719177,0.5611720681190491,-0.04802407696843147,0.6603437066078186,0.42055919766426086,-0.09455257654190063,0.6274384260177612,0.3424801826477051,-0.13205410540103912,0.5928577780723572,0.2747116684913635,-0.15776722133159637,0.7569535970687866,0.5755311846733093,-0.06113118678331375,0.7624385356903076,0.41647273302078247,-0.11509208381175995,0.7522087097167969,0.3059154152870178,-0.15078572928905487,0.7362220287322998,0.2027718722820282,-0.17424051463603973,0.8307750225067139,0.6224168539047241,-0.0781208947300911,0.8946576118469238,0.5036793947219849,-0.13221795856952667,0.9389493465423584,0.42210763692855835,-0.1616591215133667,0.9731875061988831,0.3436366319656372,-0.18036076426506042
76526.009,0.7303260564804077,0.957038938999176,8.19202057300572e-07,0.6213552951812744,0.9065634608268738,-0.05304808169603348,0.535239577293396,0.7845823764801025,-0.07914664596319199,0.47767364978790283,0.6768674254417419,-0.10118252038955688,0.429775208234787,0.585114598274231,-0.1227002739906311,0.6045073866844177,0.5721774101257324,-0.04875395819544792,0.5751403570175171,0.40245521068573,-0.08816768229007721,0.5590689778327942,0.2966814339160919,-0.11937384307384491,0.5465229749679565,0.2045610547065735,-0.14415305852890015,0.680393636226654,0.5552557110786438,-0.054414208978414536,0.6576111316680908,0.3907693028450012,-0.09592917561531067,0.6366483569145203,0.28298667073249817,-0.1334681510925293,0.6152058243751526,0.18379011750221252,-0.16106775403022766,0.7556554079055786,0.5734373927116394,-0.06754019111394882,0.7632776498794556,0.4097301661968231,-0.12231827527284622,0.7631576061248779,0.29203516244888306,-0.164347842335701,0.7587764263153076,0.18048828840255737,-0.19201476871967316,0.8298885226249695,0.6251198649406433,-0.08353780210018158,0.8944623470306396,0.5073927640914917,-0.1410685032606125,0.9415359497070312,0.42617762088775635,-0.17419621348381042,0.9792488813400269,0.3476351201534271,-0.19489866495132446
76526.041,0.7305328845977783,0.9547942876815796,9.705369166113087e-07,0.622563362121582,0.9068355560302734,-0.057083141058683395,0.5357927680015564,0.7854443788528442,-0.0858958512544632,0.4776482582092285,0.6754588484764099,-0.10948453843593597,0.42695415019989014,0.5828438997268677,-0.13265670835971832,0.6042659282684326,0.565723180770874,-0.05724092572927475,0.5752452611923218,0.3984403610229492,-0.09849625080823898,0.5580791234970093,0.29278644919395447,-0.13007381558418274,0.5462441444396973,0.20128914713859558,-0.15440300107002258,0.6823395490646362,0.547720730304718,-0.06202150136232376,0.6646360754966736,0.36608952283859253,-0.10375873744487762,0.6525739431381226,0.24410808086395264,-0.141254261136055,0.6413965821266174,0.1349462866783142,-0.1684577763080597,0.7571133971214294,0.5705502033233643,-0.07401607185602188,0.7707639336585999,0.4026293456554413,-0.12886978685855865,0.7763097286224365,0.2816075086593628,-0.17191696166992188,0.7770986557006836,0.16745099425315857,-0.19998598098754883,0.8291430473327637,0.6267467141151428,-0.08895685523748398,0.8947698473930359,0.5102496147155762,-0.14592775702476501,0.9396265149116516,0.42692843079566956,-0.17871323227882385,0.975049614906311,0.34481385350227356,-0.1991368681192398
76526.072,0.7333927154541016,0.9507383108139038,9.403782996741938e-07,0.6243906617164612,0.9028525352478027,-0.05619864910840988,0.5358111262321472,0.7808390855789185,-0.08389006555080414,0.47947219014167786,0.6712572574615479,-0.10672347247600555,0.4292789101600647,0.5791673064231873,-0.12937623262405396,0.6036877632141113,0.562735378742218,-0.05652761086821556,0.5752280950546265,0.3972269892692566,-0.0979667529463768,0.5591044425964355,0.29074347019195557,-0.12962627410888672,0.5490100383758545,0.19799503684043884,-0.15395325422286987,0.6825607419013977,0.5432369112968445,-0.062030941247940063,0.6672077775001526,0.35773611068725586,-0.10201261192560196,0.6566270589828491,0.23377689719200134,-0.13819782435894012,0.6474737524986267,0.12401029467582703,-0.1650892198085785,0.7572623491287231,0.5655810236930847,-0.07488179206848145,0.7682269811630249,0.39562422037124634,-0.12768477201461792,0.769773542881012,0.27673524618148804,-0.1695110946893692,0.7675905227661133,0.16674932837486267,-0.19748637080192566,0.829139769077301,0.6223343014717102,-0.09093396365642548,0.8927515745162964,0.5071864724159241,-0.1461825966835022,0.9369956254959106,0.4258638620376587,-0.1782752275466919,0.972051739692688,0.3475615680217743,-0.19880227744579315
76526.104,0.733176052570343,0.950181245803833,9.274627927879919e-07,0.6245712637901306,0.9029925465583801,-0.055540479719638824,0.5357443690299988,0.7769311666488647,-0.08300754427909851,0.4818764626979828,0.6645490527153015,-0.10587970167398453,0.4310273230075836,0.572012186050415,-0.12923714518547058,0.6074679493904114,0.558866560459137,-0.06008721515536308,0.5798363089561462,0.39517468214035034,-0.1023600623011589,0.5622240900993347,0.2906918227672577,-0.13404099643230438,0.5503227710723877,0.19872385263442993,-0.1584908813238144,0.6848456263542175,0.5412434935569763,-0.06708304584026337,0.672286868095398,0.35523101687431335,-0.10938330739736557,0.6606467962265015,0.22985535860061646,-0.14719519019126892,0.6504163146018982,0.11948901414871216,-0.17517469823360443,0.7579674124717712,0.5646262764930725,-0.08119596540927887,0.7672848105430603,0.3964768648147583,-0.13719187676906586,0.7622771859169006,0.2782566249370575,-0.18211399018764496,0.7547679543495178,0.16833698749542236,-0.21212443709373474,0.8282221555709839,0.6227352023124695,-0.09818948060274124,0.8933576345443726,0.5068241357803345,-0.15637890994548798,0.9378811120986938,0.42594534158706665,-0.1911250650882721,0.9733543395996094,0.34766262769699097,-0.21371179819107056
76526.154,0.7294266223907471,0.9474635720252991,9.811503787204856e-07,0.6261143684387207,0.8983875513076782,-0.05321361497044563,0.5371259450912476,0.7708956003189087,-0.07953964918851852,0.48283690214157104,0.6589996814727783,-0.10206684470176697,0.43123799562454224,0.5690420866012573,-0.12462171912193298,0.6085924506187439,0.556871771812439,-0.057387202978134155,0.5812966227531433,0.3911122679710388,-0.09923713654279709,0.5660165548324585,0.28733500838279724,-0.12902702391147614,0.5569314956665039,0.19562384486198425,-0.15102989971637726,0.682165801525116,0.544182300567627,-0.06355209648609161,0.671159029006958,0.35700616240501404,-0.10635055601596832,0.6637938618659973,0.23060831427574158,-0.14156581461429596,0.6580642461776733,0.12131235003471375,-0.16636034846305847,0.7538501024246216,0.567482054233551,-0.07697188854217529,0.7547178864479065,0.41216617822647095,-0.1334967017173767,0.7448066473007202,0.30057594180107117,-0.17628426849842072,0.7344525456428528,0.19860953092575073,-0.2028103470802307,0.827146589756012,0.620206356048584,-0.09321314841508865,0.8885701298713684,0.5007219314575195,-0.14805226027965546,0.9330476522445679,0.4204220771789551,-0.18047134578227997,0.9688868522644043,0.3447265923023224,-0.20104826986789703
76526.184,0.7346445918083191,0.9465067386627197,1.2809648524125805e-06,0.6297379732131958,0.9060716032981873,-0.057962723076343536,0.5388364195823669,0.7685375213623047,-0.08668185770511627,0.48387616872787476,0.6503653526306152,-0.11144465208053589,0.4358123540878296,0.5604311227798462,-0.13093583285808563,0.6141858100891113,0.5520448684692383,-0.05932629108428955,0.5851518511772156,0.3824504017829895,-0.09483969956636429,0.5696977972984314,0.2826043963432312,-0.1152939647436142,0.5579401254653931,0.198834627866745,-0.1314937323331833,0.6846585869789124,0.5387689471244812,-0.059324268251657486,0.6815723776817322,0.3518114984035492,-0.10574139654636383,0.6747944951057434,0.2193838357925415,-0.136987566947937,0.6719725131988525,0.11638465523719788,-0.15801212191581726,0.7572975158691406,0.5662124752998352,-0.06620846688747406,0.7534854412078857,0.44595927000045776,-0.12684012949466705,0.7126488089561462,0.4668235778808594,-0.14666737616062164,0.6806043982505798,0.4933587610721588,-0.1495136320590973,0.8288471698760986,0.6193172335624695,-0.07748217135667801,0.88681960105896,0.5024556517601013,-0.13722126185894012,0.9298900365829468,0.42315006256103516,-0.1666940450668335,0.966244101524353,0.3451482355594635,-0.1805417537689209
76526.218,0.7346153855323792,0.9462186694145203,1.4372519672178896e-06,0.6281087398529053,0.9047269821166992,-0.05954945459961891,0.5368110537528992,0.7673118114471436,-0.08963558077812195,0.48490405082702637,0.64863121509552,-0.11596991866827011,0.4387861490249634,0.556626558303833,-0.13709190487861633,0.6122642755508423,0.5545465350151062,-0.06946329027414322,0.5881162285804749,0.38023924827575684,-0.10525773465633392,0.5759914517402649,0.2782019078731537,-0.12178006023168564,0.5654211640357971,0.1916903555393219,-0.13456015288829803,0.6859024167060852,0.544014573097229,-0.07020071148872375,0.6878747940063477,0.3541903793811798,-0.1232428178191185,0.6823610067367554,0.21835222840309143,-0.15683935582637787,0.6799430847167969,0.11360171437263489,-0.1777755320072174,0.7603672742843628,0.573664128780365,-0.07722164690494537,0.7505103349685669,0.4711529016494751,-0.14973986148834229,0.6891003251075745,0.5233935117721558,-0.17439505457878113,0.64103102684021,0.5714625120162964,-0.17578397691249847,0.8317679166793823,0.6239210367202759,-0.08760663121938705,0.885909914970398,0.5034032464027405,-0.15495605766773224,0.9267367124557495,0.42525312304496765,-0.1883208304643631,0.9611802101135254,0.34474271535873413,-0.20297831296920776
76526.248,0.7347376346588135,0.9437127709388733,1.4181055121298414e-06,0.6269211769104004,0.9032748937606812,-0.059794776141643524,0.5359442234039307,0.7667769193649292,-0.08977538347244263,0.4850304424762726,0.6501305103302002,-0.11649060249328613,0.4413738250732422,0.5576664805412292,-0.1379690021276474,0.6113802194595337,0.5574553608894348,-0.07029001414775848,0.5865849256515503,0.381888747215271,-0.10917509347200394,0.5740841031074524,0.2783454954624176,-0.12741313874721527,0.562780499458313,0.189247727394104,-0.14081256091594696,0.6848388910293579,0.54792320728302,-0.07109079509973526,0.6855331659317017,0.36152806878089905,-0.12947940826416016,0.6804309487342834,0.22728964686393738,-0.16563844680786133,0.6783459186553955,0.11849874258041382,-0.1873612403869629,0.7583832144737244,0.5768312811851501,-0.07802382111549377,0.7487779855728149,0.4792505204677582,-0.1554536521434784,0.6901116371154785,0.5456044673919678,-0.17851555347442627,0.6447393894195557,0.6019360423088074,-0.1768234819173813,0.8298039436340332,0.6242896318435669,-0.08835155516862869,0.881877601146698,0.5044426918029785,-0.15629588067531586,0.9206528663635254,0.4265962243080139,-0.1872708648443222,0.953425407409668,0.3438985347747803,-0.19961127638816833
76526.28,0.7344527244567871,0.9456573724746704,1.4054375014893594e-06,0.6270285248756409,0.9043127298355103,-0.05786152556538582,0.5357559323310852,0.7681458592414856,-0.0871719941496849,0.4841158390045166,0.6503889560699463,-0.11334738880395889,0.44069674611091614,0.5569364428520203,-0.13422571122646332,0.6123857498168945,0.5595480799674988,-0.06816818565130234,0.5882103443145752,0.3825305998325348,-0.10545152425765991,0.5758605003356934,0.27770766615867615,-0.12240158766508102,0.5641536116600037,0.18842419981956482,-0.1349024772644043,0.6845225095748901,0.5504509210586548,-0.06907273083925247,0.6837878823280334,0.36371010541915894,-0.12576249241828918,0.6770704388618469,0.23005342483520508,-0.16070158779621124,0.6732395887374878,0.12233921885490417,-0.18151989579200745,0.7576782703399658,0.5786573886871338,-0.07585644721984863,0.7466391921043396,0.4797568917274475,-0.15152676403522491,0.6869493126869202,0.5435059070587158,-0.17441686987876892,0.6409066915512085,0.5988012552261353,-0.17289166152477264,0.8293899297714233,0.6259210109710693,-0.08581729978322983,0.8805944919586182,0.5052462220191956,-0.1531863659620285,0.9196680784225464,0.427575021982193,-0.1844557821750641,0.9530501365661621,0.3459780514240265,-0.19685515761375427
76526.312,0.7339764833450317,0.9426605701446533,1.51593712871545e-06,0.6271709203720093,0.9038939476013184,-0.06818713247776031,0.5352687835693359,0.7696653604507446,-0.10163088142871857,0.4822358787059784,0.6575658917427063,-0.12987595796585083,0.437003493309021,0.5607953071594238,-0.15229007601737976,0.6097854375839233,0.5544055104255676,-0.07321727275848389,0.5849471092224121,0.38025858998298645,-0.10929777473211288,0.5721051096916199,0.2764553725719452,-0.1264258176088333,0.5609285831451416,0.19098392128944397,-0.13981588184833527,0.6827452182769775,0.5457350015640259,-0.07076983898878098,0.6801254153251648,0.3574504852294922,-0.12282596528530121,0.6727936267852783,0.22324517369270325,-0.15577150881290436,0.6689338088035583,0.11989134550094604,-0.1764882355928421,0.7576627135276794,0.5747354626655579,-0.07611918449401855,0.7446509003639221,0.4698761999607086,-0.14972244203090668,0.6842858195304871,0.5194455981254578,-0.17620839178562164,0.6369951963424683,0.5626828074455261,-0.17908722162246704,0.8300567269325256,0.6226489543914795,-0.08573818951845169,0.8829967975616455,0.5036242008209229,-0.15592877566814423,0.92340487241745,0.4259605407714844,-0.19276772439479828,0.9571627378463745,0.3435540497303009,-0.21018637716770172
76526.344,0.7326510548591614,0.9475096464157104,1.1878797749886871e-06,0.6263771653175354,0.904834508895874,-0.06060028448700905,0.5351444482803345,0.7762672305107117,-0.09144949913024902,0.4819221496582031,0.6617691516876221,-0.1174706444144249,0.4334776997566223,0.567618727684021,-0.14114518463611603,0.6102125644683838,0.5613030791282654,-0.06483680009841919,0.5802102088928223,0.3935759365558624,-0.10762879252433777,0.5638879537582397,0.2889428436756134,-0.13584944605827332,0.552132785320282,0.1995055377483368,-0.1565692126750946,0.6806448698043823,0.5478076934814453,-0.06618797034025192,0.6738424301147461,0.36104774475097656,-0.11162003874778748,0.6666372418403625,0.23186251521110535,-0.1441904902458191,0.6608671545982361,0.12574529647827148,-0.16633136570453644,0.7517597079277039,0.5696691870689392,-0.0757773295044899,0.7449191808700562,0.4351808428764343,-0.13387425243854523,0.7139337062835693,0.3647138476371765,-0.16927431523799896,0.6874472498893738,0.3035794198513031,-0.18833963572978973,0.8252971172332764,0.6182847619056702,-0.08955821394920349,0.8844080567359924,0.4995853900909424,-0.14666062593460083,0.9272496700286865,0.416268527507782,-0.1801016479730606,0.9622542858123779,0.3349864184856415,-0.2002660185098648
76526.378,0.7295408248901367,0.9493061900138855,1.0724875210144091e-06,0.6282283663749695,0.9037073254585266,-0.05432341992855072,0.5359252095222473,0.7767439484596252,-0.08025660365819931,0.4805194139480591,0.665280818939209,-0.10222917795181274,0.4317241907119751,0.571368932723999,-0.12298620492219925,0.6053957939147949,0.5602411031723022,-0.05618204176425934,0.5759440660476685,0.393123596906662,-0.09610641002655029,0.5610706806182861,0.29083555936813354,-0.1216803565621376,0.5510880351066589,0.2011881172657013,-0.14022435247898102,0.6783506870269775,0.5482759475708008,-0.06063447147607803,0.6673409938812256,0.3639599680900574,-0.10594651103019714,0.6601057648658752,0.23663330078125,-0.14047805964946747,0.6539444923400879,0.12760978937149048,-0.1630057841539383,0.7503355741500854,0.5708412528038025,-0.07288271933794022,0.7472729682922363,0.43780744075775146,-0.1360389143228531,0.7276262044906616,0.3472784757614136,-0.18104460835456848,0.7100307941436768,0.26106375455856323,-0.20510511100292206,0.8247986435890198,0.6190961003303528,-0.08747269958257675,0.8847295045852661,0.5023627281188965,-0.14663158357143402,0.9299759268760681,0.42429250478744507,-0.18224966526031494,0.9666339159011841,0.34686997532844543,-0.20340518653392792
76526.409,0.7273982167243958,0.9493664503097534,1.071618953574216e-06,0.6287784576416016,0.9045573472976685,-0.05162222683429718,0.5371838212013245,0.7762573957443237,-0.07645557075738907,0.4819403290748596,0.6638191342353821,-0.0980076938867569,0.43254879117012024,0.5727053880691528,-0.11842405050992966,0.6067008972167969,0.561735987663269,-0.05421857535839081,0.5757459402084351,0.3947163224220276,-0.09382690489292145,0.5599314570426941,0.2927159070968628,-0.1190609335899353,0.5491783022880554,0.20344850420951843,-0.13700883090496063,0.6790847182273865,0.5495566129684448,-0.05940325930714607,0.6682858467102051,0.3636692464351654,-0.10445056110620499,0.6613525748252869,0.23336687684059143,-0.1380458027124405,0.6555386781692505,0.12328392267227173,-0.15945720672607422,0.7512755393981934,0.5710492134094238,-0.07210274040699005,0.7472364902496338,0.4396740198135376,-0.13358527421951294,0.7258912920951843,0.34790176153182983,-0.17659196257591248,0.7071877717971802,0.26265135407447815,-0.19896630942821503,0.8265063166618347,0.6178275346755981,-0.08709564059972763,0.884507954120636,0.4988599717617035,-0.1433456391096115,0.928557813167572,0.41852331161499023,-0.17662596702575684,0.9643384218215942,0.340683251619339,-0.1960996687412262
76526.441,0.7351351380348206,0.9475878477096558,1.4359732176671969e-06,0.6297835111618042,0.9092707633972168,-0.06062309816479683,0.5379664897918701,0.7731683254241943,-0.09209983050823212,0.4823957681655884,0.6575983166694641,-0.11970409005880356,0.43456748127937317,0.5665202736854553,-0.1415373831987381,0.613684892654419,0.5565646886825562,-0.06681321561336517,0.5834433436393738,0.38362011313438416,-0.10185515135526657,0.5676062703132629,0.2818707823753357,-0.11905504763126373,0.5547299385070801,0.19738337397575378,-0.13329407572746277,0.6856599450111389,0.5434776544570923,-0.06735634058713913,0.6828404068946838,0.35221463441848755,-0.11732625961303711,0.6740769147872925,0.21907269954681396,-0.1486860066652298,0.6692767143249512,0.11619392037391663,-0.16916486620903015,0.7592623829841614,0.572211503982544,-0.07469052076339722,0.7463957071304321,0.45829829573631287,-0.1428576409816742,0.6878470778465271,0.5134612917900085,-0.1622104048728943,0.6431959867477417,0.5651647448539734,-0.1616819202899933,0.8301024436950684,0.6251213550567627,-0.08626442402601242,0.8854416608810425,0.5070957541465759,-0.15241503715515137,0.9271723628044128,0.42830419540405273,-0.18489527702331543,0.9621450304985046,0.34689539670944214,-0.1996520459651947
76526.473,0.7326629757881165,0.954372763633728,1.4971660675655585e-06,0.6264861226081848,0.915706992149353,-0.05883657559752464,0.5353336334228516,0.7717067003250122,-0.08939102292060852,0.48492664098739624,0.6535390615463257,-0.11753391474485397,0.4385896623134613,0.5620536804199219,-0.14029288291931152,0.6139688491821289,0.5637404918670654,-0.0724467933177948,0.5871394276618958,0.38641583919525146,-0.11303955316543579,0.574087381362915,0.28239238262176514,-0.13153725862503052,0.5610371828079224,0.19217124581336975,-0.1451505720615387,0.6887804865837097,0.5545621514320374,-0.07561970502138138,0.686012327671051,0.3639075756072998,-0.13948340713977814,0.6802597641944885,0.22836512327194214,-0.1770058423280716,0.6778125762939453,0.1158629059791565,-0.19851422309875488,0.7629438638687134,0.5853546261787415,-0.08467277884483337,0.7436147928237915,0.4915614724159241,-0.16903355717658997,0.6794078350067139,0.5865599513053894,-0.18745484948158264,0.6310098171234131,0.6614603400230408,-0.17950864136219025,0.8332489728927612,0.6333147883415222,-0.09731744974851608,0.8848361968994141,0.5105998516082764,-0.17023564875125885,0.9256029725074768,0.4308279752731323,-0.20025880634784698,0.9584865570068359,0.34288984537124634,-0.2105211317539215
76526.505,0.7340302467346191,0.9478603005409241,1.6308187014146824e-06,0.6247378587722778,0.913179337978363,-0.06831494718790054,0.5328267216682434,0.7703685760498047,-0.10077379643917084,0.48196226358413696,0.6570000648498535,-0.1299789547920227,0.4369205832481384,0.5619913339614868,-0.15288272500038147,0.613180935382843,0.5592635869979858,-0.07145921140909195,0.5871298909187317,0.38460052013397217,-0.11019344627857208,0.5746700763702393,0.2779627740383148,-0.12703461945056915,0.5623888969421387,0.1867811381816864,-0.13881570100784302,0.6882492303848267,0.554313063621521,-0.07125955820083618,0.6863604187965393,0.3696131110191345,-0.13638083636760712,0.6799807548522949,0.2321816384792328,-0.17441682517528534,0.6777698397636414,0.12072673439979553,-0.1948738694190979,0.7613250613212585,0.5857880115509033,-0.07889988273382187,0.7410835027694702,0.5094486474990845,-0.16928155720233917,0.6757037043571472,0.6166917681694031,-0.1901111751794815,0.6268516778945923,0.6935145258903503,-0.1807592660188675,0.8314141035079956,0.627621054649353,-0.09087393432855606,0.881183385848999,0.5069178938865662,-0.1650417596101761,0.9229008555412292,0.43038666248321533,-0.1953272819519043,0.9562458992004395,0.3396148085594177,-0.20544515550136566
76526.54,0.7336744666099548,0.9459843635559082,1.7234100369023508e-06,0.6192640662193298,0.9095720648765564,-0.07030720263719559,0.5287768840789795,0.7679389119148254,-0.10505060851573944,0.478318989276886,0.657946765422821,-0.13691121339797974,0.4340238571166992,0.5643577575683594,-0.1620006561279297,0.6117665767669678,0.5583406090736389,-0.07326631247997284,0.5861927270889282,0.38219326734542847,-0.11347910016775131,0.5742744207382202,0.2747415006160736,-0.1315331757068634,0.5615574717521667,0.18351298570632935,-0.144242063164711,0.6879389882087708,0.5551831722259521,-0.07376555353403091,0.6840711236000061,0.37143105268478394,-0.14232075214385986,0.6761612892150879,0.2348252832889557,-0.1823779046535492,0.6725058555603027,0.12550592422485352,-0.20393450558185577,0.7610695362091064,0.5873433351516724,-0.08244253695011139,0.7369748950004578,0.5134487152099609,-0.17450618743896484,0.6725034117698669,0.631974995136261,-0.19212861359119415,0.6241584420204163,0.7139109373092651,-0.18014350533485413,0.8310847282409668,0.6267543435096741,-0.09612107276916504,0.879876971244812,0.503559947013855,-0.17009495198726654,0.9197680950164795,0.42490941286087036,-0.19869975745677948,0.9498182535171509,0.32990777492523193,-0.20787180960178375
76526.585,0.7347237467765808,0.9476140737533569,1.65225401360658e-06,0.6211559772491455,0.9138695001602173,-0.0712769627571106,0.5287242531776428,0.7720534801483154,-0.10531828552484512,0.4781506061553955,0.6590433120727539,-0.13564302027225494,0.43390369415283203,0.5629912614822388,-0.159445658326149,0.6131114363670349,0.5606485605239868,-0.07452457398176193,0.5857542157173157,0.3836045265197754,-0.11417040228843689,0.5732738971710205,0.27551549673080444,-0.13149838149547577,0.5603227019309998,0.18382343649864197,-0.1435207575559616,0.688231885433197,0.556553840637207,-0.07313112914562225,0.68401700258255,0.37175053358078003,-0.13958686590194702,0.675045371055603,0.2374114990234375,-0.17772570252418518,0.6702539920806885,0.128702312707901,-0.1979074776172638,0.7608664035797119,0.5878409743309021,-0.07987570017576218,0.7379466891288757,0.5111421942710876,-0.17101512849330902,0.6732962131500244,0.6249621510505676,-0.18986019492149353,0.6254855990409851,0.7043648958206177,-0.1787797510623932,0.8307617902755737,0.6285942792892456,-0.09140513837337494,0.8798004388809204,0.5056242346763611,-0.16577936708927155,0.9191960096359253,0.42704349756240845,-0.19537211954593658,0.9498358368873596,0.3327484130859375,-0.20494452118873596
76526.617,0.7293723821640015,0.9551608562469482,1.502968984823383e-06,0.6259758472442627,0.9169687032699585,-0.06064560264348984,0.5340601205825806,0.7755881547927856,-0.09327664226293564,0.4831326901912689,0.6594980359077454,-0.1230921670794487,0.43688011169433594,0.5671314001083374,-0.1474878489971161,0.6110574007034302,0.5675747990608215,-0.07725530117750168,0.5834386348724365,0.3874463438987732,-0.11933629214763641,0.5711726546287537,0.2814514935016632,-0.13789407908916473,0.5586186051368713,0.1896304488182068,-0.15080009400844574,0.685547411441803,0.5594667196273804,-0.07963720709085464,0.6815849542617798,0.371905118227005,-0.145217165350914,0.6743866801261902,0.24036142230033875,-0.18227508664131165,0.6698516011238098,0.12897202372550964,-0.2025744616985321,0.7603921890258789,0.5899485945701599,-0.08779315650463104,0.7391011714935303,0.5005565881729126,-0.17474675178527832,0.6751258373260498,0.6010333299636841,-0.19247978925704956,0.6278928518295288,0.677893340587616,-0.1828267127275467,0.8322991132736206,0.6373194456100464,-0.09941813349723816,0.8821227550506592,0.5130054950714111,-0.17266987264156342,0.9217994213104248,0.4327628016471863,-0.2011469602584839,0.9547760486602783,0.34393179416656494,-0.20982412993907928
76526.65,0.7323862910270691,0.9472622275352478,1.560366968078597e-06,0.6267964839935303,0.9110627174377441,-0.07584168761968613,0.5352855920791626,0.7782437205314636,-0.11456920951604843,0.48099878430366516,0.6703482270240784,-0.14707107841968536,0.4334922134876251,0.5711848735809326,-0.17406879365444183,0.6085122227668762,0.5586457252502441,-0.08407729119062424,0.5815050005912781,0.38611650466918945,-0.12622348964214325,0.566469132900238,0.2812035083770752,-0.14843665063381195,0.5550699234008789,0.19486451148986816,-0.16518980264663696,0.6825491786003113,0.5513972043991089,-0.08065089583396912,0.6785305738449097,0.36092931032180786,-0.1380351036787033,0.6693010330200195,0.22667855024337769,-0.17505964636802673,0.6643760204315186,0.12350121140480042,-0.1985369473695755,0.7580334544181824,0.5831040143966675,-0.08576717972755432,0.7452557682991028,0.47888022661209106,-0.16485419869422913,0.6845186352729797,0.5272340178489685,-0.19429908692836761,0.6374129056930542,0.5670822858810425,-0.1987440586090088,0.829664945602417,0.6329824328422546,-0.09564357250928879,0.8842648863792419,0.5107993483543396,-0.1692730039358139,0.9260266423225403,0.4311058521270752,-0.20753654837608337,0.9608042240142822,0.3451540768146515,-0.22624357044696808
76526.682,0.733953058719635,0.9536477327346802,1.2088733001291985e-06,0.6273853778839111,0.9151206016540527,-0.06409187614917755,0.5329146385192871,0.7875466346740723,-0.0978451818227768,0.47966140508651733,0.6726570129394531,-0.12600409984588623,0.4296482503414154,0.5754502415657043,-0.15266752243041992,0.6084169745445251,0.5732902884483337,-0.08010126650333405,0.5746460556983948,0.4006555676460266,-0.12842772901058197,0.5566257238388062,0.2933812439441681,-0.15853606164455414,0.5439705848693848,0.19975075125694275,-0.18032726645469666,0.6805275082588196,0.5598812103271484,-0.08242522180080414,0.668687105178833,0.3726956844329834,-0.13945233821868896,0.6584042310714722,0.24214762449264526,-0.18023426830768585,0.650123655796051,0.13223427534103394,-0.20684069395065308,0.7523336410522461,0.58086097240448,-0.09233468770980835,0.7443197965621948,0.4587499797344208,-0.16506801545619965,0.7073987722396851,0.3888553977012634,-0.2116897702217102,0.6758438944816589,0.3243531286716461,-0.23579886555671692,0.8261030912399292,0.6258097290992737,-0.10531225800514221,0.8855592608451843,0.5045778751373291,-0.1728629469871521,0.9309256076812744,0.4233578145503998,-0.21300548315048218,0.9667719006538391,0.3428323268890381,-0.23715980350971222
76526.712,0.7331864237785339,0.9483222961425781,1.422185391675157e-06,0.626463770866394,0.9108448028564453,-0.06940044462680817,0.5343358516693115,0.7835105657577515,-0.10738207399845123,0.4797843098640442,0.6724912524223328,-0.13931655883789062,0.43185892701148987,0.5768782496452332,-0.16703703999519348,0.6073362827301025,0.5627261400222778,-0.07684598118066788,0.571965754032135,0.39441728591918945,-0.12132265418767929,0.55217444896698,0.2877247631549835,-0.1488128900527954,0.5381303429603577,0.20241191983222961,-0.16895724833011627,0.6786739826202393,0.5481432676315308,-0.07396718114614487,0.6714653968811035,0.36037611961364746,-0.12143018841743469,0.6630135774612427,0.22741466760635376,-0.15141050517559052,0.6572505235671997,0.11947593092918396,-0.17176511883735657,0.7528777718544006,0.5724407434463501,-0.07994833588600159,0.7442946434020996,0.45057088136672974,-0.14178988337516785,0.7051092386245728,0.43550825119018555,-0.16790276765823364,0.6738104820251465,0.4279229938983917,-0.1773795783519745,0.826435387134552,0.6239511370658875,-0.09133905172348022,0.8865712285041809,0.5050989985466003,-0.15504199266433716,0.9315229654312134,0.4201490581035614,-0.1897827684879303,0.9695702791213989,0.336790531873703,-0.20863765478134155
76526.745,0.7347820401191711,0.9562407732009888,1.4251231732487213e-06,0.6297367215156555,0.9177558422088623,-0.05808887258172035,0.5365297198295593,0.7848291397094727,-0.09015871584415436,0.4828464090824127,0.668720543384552,-0.1188230812549591,0.4376656115055084,0.5749652981758118,-0.14199456572532654,0.6066778898239136,0.567547082901001,-0.07436488568782806,0.5773860216140747,0.39293724298477173,-0.11451079696416855,0.5617800951004028,0.28936538100242615,-0.13405853509902954,0.5472170114517212,0.20093095302581787,-0.1485411822795868,0.6819916367530823,0.5564649105072021,-0.0767553299665451,0.6770651936531067,0.3655056953430176,-0.1348530352115631,0.6681787371635437,0.23116782307624817,-0.17052671313285828,0.6629723906517029,0.12101182341575623,-0.19210335612297058,0.7585134506225586,0.5872290134429932,-0.08444900810718536,0.7465755939483643,0.48981231451034546,-0.15923938155174255,0.6878101825714111,0.5577496290206909,-0.17798660695552826,0.6425611972808838,0.6167053580284119,-0.17415760457515717,0.8315380215644836,0.6395400762557983,-0.09561071544885635,0.8848499655723572,0.5172176957130432,-0.16338081657886505,0.926112949848175,0.435236394405365,-0.19207797944545746,0.9611947536468506,0.3505721688270569,-0.20232582092285156
76526.776,0.7279495000839233,0.9600986242294312,1.5124104493224877e-06,0.6223217248916626,0.921036958694458,-0.06334386765956879,0.5321733355522156,0.7809582948684692,-0.09660525619983673,0.48205631971359253,0.6639911532402039,-0.12635740637779236,0.4360736012458801,0.5717983245849609,-0.15088999271392822,0.6094642877578735,0.5726675391197205,-0.08131609112024307,0.581769585609436,0.3920559287071228,-0.12580274045467377,0.5681312680244446,0.28434860706329346,-0.1467716544866562,0.5533588528633118,0.18956729769706726,-0.16148827970027924,0.6848913431167603,0.5642794370651245,-0.08214424550533295,0.6821401715278625,0.3772563338279724,-0.14899598062038422,0.6753341555595398,0.24320665001869202,-0.18718671798706055,0.6708805561065674,0.1281019151210785,-0.20867863297462463,0.7593575119972229,0.5955122113227844,-0.08898061513900757,0.743380606174469,0.509875476360321,-0.17612072825431824,0.6787794232368469,0.6053130626678467,-0.19509001076221466,0.6290014386177063,0.6779724359512329,-0.18674740195274353,0.8310816884040833,0.6428026556968689,-0.0996142253279686,0.8839733004570007,0.5200212001800537,-0.17458102107048035,0.9245010018348694,0.4397931694984436,-0.20486877858638763,0.9580360651016235,0.3512766659259796,-0.21459221839904785
76526.809,0.7300607562065125,0.956066370010376,1.6436246141893207e-06,0.6206958293914795,0.9205235242843628,-0.06978143006563187,0.5306308269500732,0.7805867195129395,-0.10390913486480713,0.48043370246887207,0.6683273911476135,-0.1341540813446045,0.43553972244262695,0.5723284482955933,-0.1582644134759903,0.6098617911338806,0.5691676139831543,-0.07732255756855011,0.5823570489883423,0.39149194955825806,-0.11895988136529922,0.5696425437927246,0.28265708684921265,-0.1379566490650177,0.5573728084564209,0.18855908513069153,-0.15089629590511322,0.6853381395339966,0.5633482933044434,-0.07604368031024933,0.6832782626152039,0.376262366771698,-0.1428542137145996,0.6773349642753601,0.23861056566238403,-0.18157361447811127,0.6750215888023376,0.12528479099273682,-0.2022106796503067,0.7588257789611816,0.5945325493812561,-0.08223544806241989,0.7401126623153687,0.5178483128547668,-0.17303809523582458,0.6741421818733215,0.6236470341682434,-0.19341276586055756,0.6242153644561768,0.6998084187507629,-0.18356354534626007,0.8290678262710571,0.6375517845153809,-0.09277469664812088,0.8804739713668823,0.5158289670944214,-0.1671808958053589,0.9223092794418335,0.4383678436279297,-0.19656141102313995,0.9557973146438599,0.34764736890792847,-0.20556990802288055
76526.841,0.7299080491065979,0.9548859000205994,1.6745782431826228e-06,0.6190605163574219,0.9182575941085815,-0.06930018216371536,0.5281003713607788,0.7781582474708557,-0.10359709709882736,0.47751086950302124,0.6674094796180725,-0.1341570019721985,0.43389496207237244,0.5713840126991272,-0.15828831493854523,0.6104525923728943,0.5666287541389465,-0.0762656033039093,0.5825223922729492,0.3905193507671356,-0.11583681404590607,0.5689742565155029,0.2829066812992096,-0.13347169756889343,0.5554232597351074,0.19069024920463562,-0.1458601951599121,0.6859832406044006,0.561958909034729,-0.07587175071239471,0.6823326349258423,0.3750322759151459,-0.14123043417930603,0.6753895878791809,0.2375948429107666,-0.1788788139820099,0.6727176308631897,0.12617814540863037,-0.19899076223373413,0.7590131759643555,0.594238817691803,-0.08304744213819504,0.7359503507614136,0.5184131264686584,-0.17265735566616058,0.6697905659675598,0.6296072602272034,-0.1911136358976364,0.6205374002456665,0.7082324028015137,-0.18024984002113342,0.8290097713470459,0.636743426322937,-0.09477313607931137,0.8783161640167236,0.5135084986686707,-0.16806353628635406,0.918639063835144,0.4345686435699463,-0.19663332402706146,0.9503493309020996,0.34122875332832336,-0.2055826485157013
76526.872,0.7277683019638062,0.9589993953704834,1.6360174868168542e-06,0.6174366474151611,0.9216951131820679,-0.0671887993812561,0.527463436126709,0.7800487279891968,-0.09986017644405365,0.47864869236946106,0.6675511002540588,-0.12887197732925415,0.43571630120277405,0.57172030210495,-0.1514441817998886,0.6101940274238586,0.5680059790611267,-0.07229781895875931,0.5812082886695862,0.390353262424469,-0.11035723239183426,0.5678386092185974,0.28236204385757446,-0.12641772627830505,0.554449200630188,0.18988007307052612,-0.13712716102600098,0.685226321220398,0.5625667572021484,-0.07149739563465118,0.6841476559638977,0.3738071620464325,-0.13424386084079742,0.6779981851577759,0.23769617080688477,-0.16946707665920258,0.6750913858413696,0.12673109769821167,-0.18737056851387024,0.7579295635223389,0.5940080285072327,-0.07813061028718948,0.7358079552650452,0.5158578157424927,-0.16591913998126984,0.6702289581298828,0.6267557740211487,-0.18352599442005157,0.6218321919441223,0.706611156463623,-0.17151176929473877,0.8277642726898193,0.6374699473381042,-0.08899600058794022,0.8773642778396606,0.5134377479553223,-0.16036154329776764,0.9178047776222229,0.43440186977386475,-0.18740569055080414,0.9497739672660828,0.341729074716568,-0.19478526711463928
76526.903,0.7299385070800781,0.9556632041931152,1.6651129044475965e-06,0.6166085600852966,0.9198550581932068,-0.06892131268978119,0.5252060294151306,0.7769299745559692,-0.10180111229419708,0.4765624403953552,0.6640374064445496,-0.13109451532363892,0.43288135528564453,0.5687273740768433,-0.15395164489746094,0.6100572943687439,0.5672467947006226,-0.0734650045633316,0.5814563632011414,0.3898865580558777,-0.11216208338737488,0.568164050579071,0.2814158499240875,-0.1288164258003235,0.554701030254364,0.18854829668998718,-0.14021314680576324,0.6858328580856323,0.5622725486755371,-0.07297413051128387,0.6839988827705383,0.3745005130767822,-0.13775718212127686,0.6778856515884399,0.23695436120033264,-0.17448663711547852,0.6757103800773621,0.1262091100215912,-0.19359345734119415,0.758467972278595,0.5943603515625,-0.08024511486291885,0.7354468107223511,0.5181201696395874,-0.16960304975509644,0.6703121066093445,0.6329858899116516,-0.18673594295978546,0.6224234700202942,0.7132322192192078,-0.17444507777690887,0.8285635113716125,0.6363146901130676,-0.09211035817861557,0.877568781375885,0.512177050113678,-0.16390351951122284,0.917643666267395,0.43349677324295044,-0.19076327979564667,0.9488974809646606,0.33836629986763,-0.1985551416873932
76526.936,0.7293388843536377,0.9572297930717468,1.683273808339436e-06,0.6157828569412231,0.9199827313423157,-0.06917621940374374,0.525658905506134,0.7761431932449341,-0.1020938828587532,0.4777599275112152,0.6626836657524109,-0.13125763833522797,0.4341818690299988,0.5664897561073303,-0.15373845398426056,0.6094973683357239,0.5659201741218567,-0.07226554304361343,0.5806623101234436,0.3870720863342285,-0.10949211567640305,0.5669991374015808,0.2787264883518219,-0.12455639988183975,0.5529683828353882,0.1866135597229004,-0.13463735580444336,0.6864309906959534,0.5615438222885132,-0.07129690051078796,0.6849790811538696,0.3722071647644043,-0.13426993787288666,0.6783663630485535,0.2361796498298645,-0.16899925470352173,0.6755011081695557,0.12756618857383728,-0.18636228144168854,0.7598223090171814,0.5940032005310059,-0.07830462604761124,0.7357091903686523,0.5181301832199097,-0.167091503739357,0.6699154376983643,0.6366807222366333,-0.18353016674518585,0.6217187643051147,0.7197921276092529,-0.17033039033412933,0.8301645517349243,0.6361804604530334,-0.08988313376903534,0.8793810606002808,0.5120590329170227,-0.16154104471206665,0.918648362159729,0.4324159026145935,-0.18839292228221893,0.9490848779678345,0.3361988961696625,-0.19588389992713928
76526.969,0.7288767695426941,0.9603946805000305,1.6032481653383002e-06,0.6169778108596802,0.9226357936859131,-0.06224285066127777,0.5253453850746155,0.7762469053268433,-0.09206673502922058,0.4771847128868103,0.6599087715148926,-0.11925727874040604,0.43327999114990234,0.5654937624931335,-0.14029185473918915,0.6103979349136353,0.5654341578483582,-0.06645487993955612,0.5811619758605957,0.3873116970062256,-0.10271813720464706,0.5682678818702698,0.27932360768318176,-0.11739480495452881,0.5554333329200745,0.18680542707443237,-0.1271393746137619,0.6864851117134094,0.560165286064148,-0.06797439604997635,0.6860390901565552,0.3705069422721863,-0.12919999659061432,0.6808339953422546,0.23485839366912842,-0.16321219503879547,0.678566575050354,0.12409815192222595,-0.18018105626106262,0.7598254680633545,0.5924808979034424,-0.07660003006458282,0.7362557053565979,0.5155946612358093,-0.16341714560985565,0.6715431213378906,0.6322274804115295,-0.17899596691131592,0.6245495676994324,0.7164282202720642,-0.16533520817756653,0.8301026225090027,0.6376170516014099,-0.0891101285815239,0.8796114325523376,0.5126370191574097,-0.15877336263656616,0.9194121956825256,0.4322522282600403,-0.18370389938354492,0.9507523775100708,0.33770716190338135,-0.18971168994903564
76527.016,0.7307721376419067,0.9602781534194946,1.6281110220006667e-06,0.6172640323638916,0.9231144189834595,-0.06501568853855133,0.5252478122711182,0.7774583697319031,-0.09601179510354996,0.4777286648750305,0.6620938777923584,-0.12421854585409164,0.43609172105789185,0.5640196800231934,-0.1459944248199463,0.6102113723754883,0.5655665397644043,-0.0680568739771843,0.5808467864990234,0.38807857036590576,-0.10533865541219711,0.5677966475486755,0.2799399495124817,-0.12081551551818848,0.5548786520957947,0.18718722462654114,-0.131124347448349,0.6868131756782532,0.5602043867111206,-0.06913790106773376,0.6856873631477356,0.3712550401687622,-0.13195869326591492,0.6802937388420105,0.2344876229763031,-0.16716733574867249,0.6779950857162476,0.12331593036651611,-0.18498633801937103,0.7605063319206238,0.5923193693161011,-0.0778016597032547,0.736830472946167,0.5161190032958984,-0.16644617915153503,0.6720334887504578,0.6337896585464478,-0.18277740478515625,0.624677300453186,0.7178308963775635,-0.1694432497024536,0.8312739729881287,0.63611900806427,-0.09066175669431686,0.8808720111846924,0.5109986662864685,-0.16143439710140228,0.921034574508667,0.43107280135154724,-0.18706685304641724,0.9522021412849426,0.3358565866947174,-0.19369541108608246
76527.047,0.7330505847930908,0.959757924079895,1.6262258668575669e-06,0.6197764873504639,0.9244283437728882,-0.06446439027786255,0.5267038345336914,0.7772495746612549,-0.09476402401924133,0.4787371754646301,0.6605209112167358,-0.12208890914916992,0.43578505516052246,0.5658710598945618,-0.14310282468795776,0.6126689910888672,0.5661768913269043,-0.06917783617973328,0.5828715562820435,0.3872864246368408,-0.10599984973669052,0.5692026615142822,0.2790631651878357,-0.12084701657295227,0.555516242980957,0.18654826283454895,-0.13086776435375214,0.6891294717788696,0.5608402490615845,-0.0700681060552597,0.6881633400917053,0.37113094329833984,-0.1327046900987625,0.6823652982711792,0.23439034819602966,-0.16746869683265686,0.6796419024467468,0.12361472845077515,-0.1849951148033142,0.7621134519577026,0.5932032465934753,-0.07830088585615158,0.7374886274337769,0.5169898271560669,-0.16621796786785126,0.6724605560302734,0.6345900297164917,-0.1819196343421936,0.624954342842102,0.7184670567512512,-0.16837167739868164,0.8322473764419556,0.6367321610450745,-0.09070753306150436,0.8816144466400146,0.5119988918304443,-0.16134150326251984,0.921312689781189,0.4316766858100891,-0.1870722472667694,0.9519104361534119,0.3355207145214081,-0.1938277631998062
76527.081,0.734159529209137,0.9590982794761658,1.6656802017678274e-06,0.6200535297393799,0.9225054979324341,-0.0671427920460701,0.5270863771438599,0.7764548063278198,-0.09867420047521591,0.4781034588813782,0.6603690981864929,-0.12674066424369812,0.4358459413051605,0.5634404420852661,-0.14820031821727753,0.6122323274612427,0.5658074021339417,-0.07092711329460144,0.5824266076087952,0.386870801448822,-0.10775139927864075,0.5690551996231079,0.27818453311920166,-0.1227206140756607,0.5559109449386597,0.18534967303276062,-0.13309133052825928,0.688899576663971,0.5607263445854187,-0.07075430452823639,0.6880723834037781,0.3709503412246704,-0.13329890370368958,0.682907223701477,0.2333531677722931,-0.16819338500499725,0.6812657713890076,0.12206193804740906,-0.18609699606895447,0.7621328830718994,0.59321528673172,-0.0782788023352623,0.7379254698753357,0.5157519578933716,-0.16643406450748444,0.6725438833236694,0.6308978796005249,-0.18316996097564697,0.6248615384101868,0.7125099301338196,-0.17062439024448395,0.8322045803070068,0.636245608329773,-0.09021397680044174,0.8821581602096558,0.5122126340866089,-0.16198880970478058,0.9225963354110718,0.43284890055656433,-0.1893090158700943,0.9542666673660278,0.3381120264530182,-0.19726356863975525
76527.112,0.7313641905784607,0.9633538126945496,1.4945736666049925e-06,0.6248794794082642,0.9242490530014038,-0.05676179751753807,0.5316721796989441,0.7774595618247986,-0.08476941287517548,0.4812394082546234,0.6589677333831787,-0.11013369262218475,0.43744957447052,0.5665836930274963,-0.1298537254333496,0.6132017374038696,0.5710920095443726,-0.06837280094623566,0.5820776224136353,0.39047515392303467,-0.10477524250745773,0.5684788227081299,0.2835516035556793,-0.11867906898260117,0.5547313690185547,0.19102370738983154,-0.12780925631523132,0.6880770325660706,0.5623726844787598,-0.07032501697540283,0.6876385807991028,0.3705102801322937,-0.1292232871055603,0.6827901005744934,0.23627468943595886,-0.1605471968650818,0.6799548864364624,0.12517976760864258,-0.17616640031337738,0.76179039478302,0.5928981304168701,-0.07810068130493164,0.7378296256065369,0.5093584656715393,-0.1611693799495697,0.6731961369514465,0.6174595355987549,-0.17609712481498718,0.6264607310295105,0.7000247240066528,-0.16329969465732574,0.8326124548912048,0.6398048400878906,-0.08899009972810745,0.8821341395378113,0.5153396725654602,-0.15772069990634918,0.9215027689933777,0.4354563355445862,-0.1827404648065567,0.9533531069755554,0.3452489972114563,-0.18871921300888062
76527.147,0.7350466251373291,0.9566107392311096,1.5281913192666252e-06,0.6276399493217468,0.91805499792099,-0.06339255720376968,0.5349822640419006,0.782390832901001,-0.09735511988401413,0.48197686672210693,0.6665170788764954,-0.12683424353599548,0.4363291263580322,0.5678539276123047,-0.15041038393974304,0.6115632057189941,0.5643942952156067,-0.07329793274402618,0.5827282667160034,0.38749635219573975,-0.11172978579998016,0.5678579807281494,0.2819126546382904,-0.13140377402305603,0.5544305443763733,0.19431445002555847,-0.1461883783340454,0.684910774230957,0.5544133186340332,-0.07294103503227234,0.6862319707870483,0.3584563434123993,-0.1245470717549324,0.6812859177589417,0.22261270880699158,-0.1555260270833969,0.6782137751579285,0.11899656057357788,-0.17471545934677124,0.7591163516044617,0.5852532386779785,-0.07954166829586029,0.7457554936408997,0.48212164640426636,-0.1485326886177063,0.689395546913147,0.5429753065109253,-0.16590465605258942,0.6472155451774597,0.5973660349845886,-0.16269451379776,0.830296516418457,0.6369339227676392,-0.0906563252210617,0.8856285810470581,0.5148458480834961,-0.15508931875228882,0.9281632900238037,0.43460237979888916,-0.18415288627147675,0.9641019105911255,0.35100409388542175,-0.1960689276456833
76527.177,0.7300788164138794,0.9635736346244812,1.1488300515338778e-06,0.6266577839851379,0.9155105352401733,-0.05581030249595642,0.5357816219329834,0.7857322692871094,-0.08404961228370667,0.4806390404701233,0.670038640499115,-0.10848955810070038,0.4298154413700104,0.5773569941520691,-0.131134033203125,0.6072173714637756,0.5719508528709412,-0.05758936330676079,0.5753285884857178,0.40283331274986267,-0.09871193021535873,0.5598098039627075,0.29801830649375916,-0.12603920698165894,0.5505737066268921,0.20482942461967468,-0.14638763666152954,0.6799099445343018,0.5588964223861694,-0.06169896572828293,0.6774997115135193,0.36928802728652954,-0.10598034411668777,0.6758905053138733,0.237265944480896,-0.13886485993862152,0.675025463104248,0.12746277451515198,-0.16123715043067932,0.7515625953674316,0.5816054344177246,-0.07378041744232178,0.7493653297424316,0.4412926137447357,-0.13170839846134186,0.7279390692710876,0.35416680574417114,-0.16965925693511963,0.7087809443473816,0.2765132188796997,-0.1907666027545929,0.8267644047737122,0.6313658952713013,-0.08938424289226532,0.888762891292572,0.5123170018196106,-0.14495183527469635,0.9331820607185364,0.42918768525123596,-0.17735761404037476,0.9687115550041199,0.3489440381526947,-0.1971609890460968
76527.208,0.7289022207260132,0.9561046361923218,1.0910279115705634e-06,0.6261742115020752,0.9111975431442261,-0.05426634103059769,0.5334069728851318,0.7837123870849609,-0.08076925575733185,0.47915518283843994,0.6702982187271118,-0.10330768674612045,0.4304834306240082,0.5778321623802185,-0.12523546814918518,0.6037477850914001,0.5683650970458984,-0.06003956496715546,0.5701515078544617,0.39987409114837646,-0.10112997889518738,0.5539852380752563,0.29574957489967346,-0.12807439267635345,0.5438430309295654,0.20426461100578308,-0.1480773240327835,0.6783910393714905,0.5548456311225891,-0.06519809365272522,0.6691746115684509,0.3685199022293091,-0.11085448414087296,0.6646581292152405,0.23988378047943115,-0.1459529548883438,0.6617450714111328,0.12925297021865845,-0.16967427730560303,0.751441478729248,0.5768787264823914,-0.07783875614404678,0.747619092464447,0.43505197763442993,-0.14013342559337616,0.7290791869163513,0.3374502658843994,-0.1851530522108078,0.7142168283462524,0.24595248699188232,-0.21074020862579346,0.8275916576385498,0.627416729927063,-0.0928962379693985,0.8895604610443115,0.5098784565925598,-0.15254780650138855,0.9359196424484253,0.4302442669868469,-0.18843165040016174,0.9742720127105713,0.35156750679016113,-0.2104548215866089
76527.241,0.7283172607421875,0.9558224678039551,1.105495812225854e-06,0.6271541118621826,0.9101106524467468,-0.05478871986269951,0.5353197455406189,0.7808579802513123,-0.08186151087284088,0.4810941219329834,0.6677248477935791,-0.10476366430521011,0.4314623177051544,0.5739919543266296,-0.12699635326862335,0.6044776439666748,0.5659037232398987,-0.060034576803445816,0.5709101557731628,0.3986201882362366,-0.10112853348255157,0.5542839765548706,0.295146644115448,-0.12825602293014526,0.5438288450241089,0.2051105797290802,-0.1484876126050949,0.6786962747573853,0.5536139011383057,-0.06516444683074951,0.6701290607452393,0.3675747215747833,-0.110972099006176,0.6664149761199951,0.23970463871955872,-0.14615611732006073,0.6644128561019897,0.13104775547981262,-0.16986383497714996,0.750830352306366,0.5766921639442444,-0.07789331674575806,0.7468475103378296,0.43435484170913696,-0.14046834409236908,0.7287722229957581,0.33718937635421753,-0.18563826382160187,0.7140914797782898,0.2465863823890686,-0.21137742698192596,0.8256270885467529,0.6278730630874634,-0.09305734932422638,0.887668251991272,0.5100822448730469,-0.15351101756095886,0.9341758489608765,0.43007075786590576,-0.18995548784732819,0.9724054932594299,0.35106605291366577,-0.21236012876033783
76527.273,0.7264149785041809,0.9563830494880676,1.1094113006038242e-06,0.628713846206665,0.9087812900543213,-0.048733968287706375,0.5362303256988525,0.7760835289955139,-0.07148878276348114,0.4806506335735321,0.6631401181221008,-0.09116902947425842,0.4312500059604645,0.570934534072876,-0.1095767617225647,0.6069288849830627,0.5629399418830872,-0.049662936478853226,0.5726183652877808,0.3953861594200134,-0.08522024005651474,0.5561964511871338,0.29403379559516907,-0.10691755264997482,0.5456739068031311,0.20723408460617065,-0.1229388490319252,0.6797827482223511,0.5527521967887878,-0.05558664724230766,0.6740780472755432,0.364759624004364,-0.09776616841554642,0.670952320098877,0.23538315296173096,-0.12909187376499176,0.6684738993644714,0.12844157218933105,-0.14891918003559113,0.7514180541038513,0.5759729146957397,-0.06888025254011154,0.745951771736145,0.444055438041687,-0.1295180767774582,0.7255368232727051,0.3517308533191681,-0.17266906797885895,0.708897054195404,0.26633942127227783,-0.19532333314418793,0.8263943195343018,0.624282956123352,-0.08405802398920059,0.8867973685264587,0.5065758228302002,-0.14156559109687805,0.934283435344696,0.4283025860786438,-0.17585688829421997,0.9733456373214722,0.3517181873321533,-0.19600996375083923
76527.305,0.7332561612129211,0.9544835090637207,1.3358175010580453e-06,0.6263045072555542,0.9118001461029053,-0.06032254919409752,0.5347312688827515,0.7766138315200806,-0.09009712189435959,0.4817847013473511,0.656451404094696,-0.11496496200561523,0.43289637565612793,0.5629554986953735,-0.13617369532585144,0.6108586192131042,0.5611394643783569,-0.05784374475479126,0.5756621360778809,0.39389586448669434,-0.09355311840772629,0.5596773624420166,0.2887537479400635,-0.11593745648860931,0.5496698617935181,0.20220082998275757,-0.13342450559139252,0.6818265914916992,0.546360194683075,-0.05734122171998024,0.679830014705658,0.3534497618675232,-0.09347202628850937,0.6784730553627014,0.22232654690742493,-0.11665883660316467,0.6782802939414978,0.11789476871490479,-0.13299177587032318,0.7542350888252258,0.5701415538787842,-0.06580434739589691,0.7398178577423096,0.43039464950561523,-0.11469966173171997,0.7036886215209961,0.3668409585952759,-0.13975849747657776,0.6761651635169983,0.3159494698047638,-0.15318694710731506,0.8284622430801392,0.622014045715332,-0.07955566793680191,0.8866848945617676,0.5039097666740417,-0.13208533823490143,0.9307692646980286,0.41867873072624207,-0.16237856447696686,0.9686872959136963,0.33598196506500244,-0.180912047624588
76527.337,0.7332257032394409,0.9618077278137207,1.4971476502978476e-06,0.6283698678016663,0.9142986536026001,-0.05868374556303024,0.536552369594574,0.7742583155632019,-0.08939673751592636,0.4825414717197418,0.6546883583068848,-0.11588307470083237,0.43811798095703125,0.5570219159126282,-0.13636237382888794,0.6123884320259094,0.5646369457244873,-0.07102673500776291,0.5817506313323975,0.3876880705356598,-0.1055748388171196,0.5680155158042908,0.2836465835571289,-0.11962049454450607,0.5552400350570679,0.19584810733795166,-0.13007020950317383,0.6889476776123047,0.5556114315986633,-0.070860356092453,0.694973349571228,0.3598873019218445,-0.12232288718223572,0.6934854388237,0.22393479943275452,-0.15195658802986145,0.6922620534896851,0.11611416935920715,-0.1690043956041336,0.7639597058296204,0.5877314209938049,-0.07641743123531342,0.747103750705719,0.4923611283302307,-0.1467733085155487,0.6845753788948059,0.5582907795906067,-0.16408264636993408,0.6359835863113403,0.6140262484550476,-0.15897387266159058,0.8352560997009277,0.6393114924430847,-0.08540978282690048,0.8878978490829468,0.5161028504371643,-0.1494225710630417,0.9297279119491577,0.43589913845062256,-0.17700402438640594,0.963793158531189,0.35246026515960693,-0.18670950829982758
76527.369,0.7313417196273804,0.964358925819397,1.4705831290484639e-06,0.6250585317611694,0.9182968139648438,-0.058465778827667236,0.5345126390457153,0.7742224335670471,-0.08849135786294937,0.48223307728767395,0.6536388397216797,-0.11535453796386719,0.43858519196510315,0.5568997263908386,-0.13676267862319946,0.615908145904541,0.571921706199646,-0.07216261327266693,0.5882099270820618,0.39097434282302856,-0.11197082698345184,0.5751550793647766,0.28344130516052246,-0.12920014560222626,0.5631005167961121,0.18963685631752014,-0.14112721383571625,0.6913135051727295,0.5639195442199707,-0.0733712688088417,0.6958585381507874,0.37339848279953003,-0.1346546858549118,0.6939730644226074,0.23678874969482422,-0.16927701234817505,0.694283664226532,0.1227104663848877,-0.18821974098682404,0.7642219066619873,0.5958164930343628,-0.08025482296943665,0.7495639324188232,0.5078223347663879,-0.16143997013568878,0.6842965483665466,0.5944919586181641,-0.17839175462722778,0.6353088617324829,0.662697434425354,-0.16935263574123383,0.8341925740242004,0.6447004079818726,-0.09044348448514938,0.886927604675293,0.52248215675354,-0.15941239893436432,0.9273425340652466,0.44210976362228394,-0.18597768247127533,0.961148202419281,0.35533297061920166,-0.1935298889875412
76527.401,0.7326213717460632,0.9635816812515259,1.5073910617502406e-06,0.6255512237548828,0.921886682510376,-0.05802019312977791,0.533034086227417,0.7758296728134155,-0.08640891313552856,0.4814562201499939,0.6568491458892822,-0.11225640773773193,0.4378945529460907,0.5621926784515381,-0.1326904445886612,0.6148890256881714,0.5726473927497864,-0.06796303391456604,0.5876671075820923,0.39216822385787964,-0.10655038058757782,0.5750773549079895,0.28357434272766113,-0.12269247323274612,0.5636788606643677,0.18960270285606384,-0.13313806056976318,0.6898040175437927,0.5653640031814575,-0.0696081817150116,0.6935911774635315,0.3752782344818115,-0.13112366199493408,0.6911681890487671,0.23714306950569153,-0.1654936820268631,0.6910830736160278,0.12332138419151306,-0.18297019600868225,0.7628271579742432,0.5958223342895508,-0.077409528195858,0.7471120953559875,0.5148496031761169,-0.16185177862644196,0.6816912293434143,0.6103901267051697,-0.18000133335590363,0.6327714920043945,0.6836398839950562,-0.16947844624519348,0.8336963057518005,0.6414244174957275,-0.08832277357578278,0.8856172561645508,0.5192090272903442,-0.15723392367362976,0.9265612363815308,0.44089603424072266,-0.1830672323703766,0.9604164361953735,0.3534245491027832,-0.18957775831222534
76527.448,0.7322484850883484,0.9640466570854187,1.5709333638369571e-06,0.6224267482757568,0.9227354526519775,-0.06068534404039383,0.5308058261871338,0.7765790820121765,-0.08989722281694412,0.48058685660362244,0.6589310169219971,-0.11616362631320953,0.43722033500671387,0.5638472437858582,-0.13664354383945465,0.6164138913154602,0.5728700160980225,-0.06878340244293213,0.5874799489974976,0.39100056886672974,-0.10612882673740387,0.5743362307548523,0.28222236037254333,-0.12110938131809235,0.5615226030349731,0.18836632370948792,-0.13071170449256897,0.6909430623054504,0.5671606659889221,-0.06937038153409958,0.6926310062408447,0.3767227530479431,-0.13039086759090424,0.6883841753005981,0.24036744236946106,-0.16388967633247375,0.6862330436706543,0.1283024251461029,-0.18053244054317474,0.763211727142334,0.5975602865219116,-0.07652879506349564,0.7417076230049133,0.5190014839172363,-0.1618846207857132,0.6755453944206238,0.6253564357757568,-0.17865130305290222,0.626936674118042,0.7046701312065125,-0.16639664769172668,0.8333004713058472,0.6408712863922119,-0.08719080686569214,0.8853986263275146,0.5166464447975159,-0.15621207654476166,0.926019549369812,0.43757253885269165,-0.1816694587469101,0.9584100246429443,0.3471294045448303,-0.18796014785766602
76527.479,0.7338438034057617,0.9632948637008667,1.5952869034663308e-06,0.6218899488449097,0.9229991436004639,-0.06435493379831314,0.5301644802093506,0.778367817401886,-0.09579620510339737,0.48001569509506226,0.6608954668045044,-0.1237214207649231,0.43694108724594116,0.5640144348144531,-0.14561979472637177,0.6154415011405945,0.5729731321334839,-0.07338510453701019,0.5866026878356934,0.3906401991844177,-0.11274472624063492,0.5737388134002686,0.2818349599838257,-0.12928617000579834,0.5606832504272461,0.18741771578788757,-0.14007329940795898,0.6907602548599243,0.5675462484359741,-0.07306072860956192,0.6914659142494202,0.37782466411590576,-0.1362909972667694,0.6861710548400879,0.242420494556427,-0.17112000286579132,0.6827383041381836,0.13095015287399292,-0.1888006031513214,0.7631961703300476,0.5986524820327759,-0.07964389026165009,0.740545928478241,0.5204513669013977,-0.16680380702018738,0.6737732291221619,0.6287495493888855,-0.18365024030208588,0.6246023774147034,0.7076092958450317,-0.17142115533351898,0.8331863284111023,0.642035961151123,-0.09009376168251038,0.8854411840438843,0.5175653100013733,-0.160480797290802,0.9260072112083435,0.4381375312805176,-0.18653027713298798,0.958289384841919,0.34609466791152954,-0.19334647059440613
76527.512,0.7333000898361206,0.9647674560546875,1.5656952427889337e-06,0.6216591596603394,0.9242081642150879,-0.06275113672018051,0.5297284126281738,0.7777590751647949,-0.09246664494276047,0.4802100658416748,0.6588696241378784,-0.11869679391384125,0.43712252378463745,0.56230229139328,-0.138973668217659,0.6145641207695007,0.5726830363273621,-0.07036541402339935,0.5857712030410767,0.39081135392189026,-0.1076887771487236,0.5728058815002441,0.2823945879936218,-0.12299740314483643,0.5593922734260559,0.18847748637199402,-0.1330738514661789,0.6893802881240845,0.567223072052002,-0.0700422003865242,0.6903067827224731,0.37714532017707825,-0.13071510195732117,0.6846296787261963,0.24235102534294128,-0.1643439680337906,0.6810246706008911,0.13146960735321045,-0.18147653341293335,0.7617847919464111,0.5987171530723572,-0.07651136070489883,0.7400193214416504,0.519892156124115,-0.16171565651893616,0.6735196709632874,0.627204418182373,-0.17881040275096893,0.6247200965881348,0.7058740258216858,-0.167148619890213,0.8319185972213745,0.6433981657028198,-0.08667793869972229,0.8836764097213745,0.5186992883682251,-0.1563345491886139,0.9240800142288208,0.43910109996795654,-0.1826878786087036,0.9567809700965881,0.3475508391857147,-0.18980346620082855
76527.545,0.7336289286613464,0.9641563892364502,1.5599888456563349e-06,0.6205286979675293,0.924904465675354,-0.06406766176223755,0.5283616185188293,0.7778137922286987,-0.09386555850505829,0.4786863327026367,0.6585514545440674,-0.12007647752761841,0.438120037317276,0.5604715347290039,-0.14029918611049652,0.6146319508552551,0.5740335583686829,-0.07133819162845612,0.5852291584014893,0.3916005492210388,-0.10949788987636566,0.5714725255966187,0.28263533115386963,-0.1249636858701706,0.5575588941574097,0.1882014274597168,-0.1348828226327896,0.6897309422492981,0.5679996013641357,-0.07040862739086151,0.690385103225708,0.37888020277023315,-0.13248586654663086,0.6838578581809998,0.2449190318584442,-0.16644997894763947,0.6795482635498047,0.13427072763442993,-0.1833508163690567,0.7617367506027222,0.5988062620162964,-0.0764196515083313,0.7395510077476501,0.5224763751029968,-0.16326603293418884,0.673251748085022,0.6339483261108398,-0.17996975779533386,0.6246458888053894,0.7140601277351379,-0.16730065643787384,0.8317393660545349,0.642013669013977,-0.0862281396985054,0.8824939727783203,0.5168704986572266,-0.15642906725406647,0.922500729560852,0.43741196393966675,-0.18221880495548248,0.9548441171646118,0.3445609211921692,-0.18863654136657715
76527.577,0.7319588661193848,0.965053915977478,1.5808259377081413e-06,0.620172381401062,0.9250953793525696,-0.06480427831411362,0.5283573865890503,0.7788160443305969,-0.09518894553184509,0.47905993461608887,0.6611995100975037,-0.12193869799375534,0.43902212381362915,0.5624351501464844,-0.1424628645181656,0.6147345304489136,0.5732243657112122,-0.07218039035797119,0.5842301845550537,0.39050862193107605,-0.11004064232110977,0.5703456997871399,0.2812296450138092,-0.125027596950531,0.5566196441650391,0.1870197057723999,-0.1346646547317505,0.6899081468582153,0.5680959820747375,-0.07095398008823395,0.6901766657829285,0.3789963722229004,-0.1329219788312912,0.6840312480926514,0.24488243460655212,-0.1661539226770401,0.6802762746810913,0.13481828570365906,-0.18242359161376953,0.7620018720626831,0.5994884967803955,-0.07683347910642624,0.738957941532135,0.523373544216156,-0.16391818225383759,0.672353982925415,0.6350288391113281,-0.18027673661708832,0.6237561106681824,0.7152346968650818,-0.16724692285060883,0.8317931294441223,0.6429241895675659,-0.08663281053304672,0.8830651044845581,0.5184773206710815,-0.15753158926963806,0.923241913318634,0.4386093318462372,-0.183954119682312,0.9556333422660828,0.34463679790496826,-0.1907091736793518
76527.609,0.7327486276626587,0.9658757448196411,1.5227343510559876e-06,0.6219226717948914,0.9251832962036133,-0.06104665994644165,0.5288888812065125,0.7779396176338196,-0.08984927833080292,0.47887754440307617,0.6591541767120361,-0.11544998735189438,0.43796592950820923,0.5620012283325195,-0.13518667221069336,0.6146718263626099,0.5728418827056885,-0.06926116347312927,0.5853867530822754,0.39092662930488586,-0.10639787465333939,0.5716674327850342,0.28282487392425537,-0.12127447873353958,0.5577164888381958,0.18897509574890137,-0.13072244822978973,0.6894627809524536,0.5667623281478882,-0.06935535371303558,0.6901945471763611,0.37797626852989197,-0.1299421638250351,0.6840152144432068,0.24398323893547058,-0.16312600672245026,0.6794164180755615,0.13343384861946106,-0.17954832315444946,0.7616779804229736,0.5977523326873779,-0.0760001614689827,0.738876223564148,0.5212023258209229,-0.16143564879894257,0.6725518107414246,0.6303261518478394,-0.17829442024230957,0.6239023804664612,0.7103189826011658,-0.16593965888023376,0.8315917253494263,0.6419360637664795,-0.08607490360736847,0.8824961185455322,0.5166545510292053,-0.15511950850486755,0.9225390553474426,0.4369542598724365,-0.18049293756484985,0.9549440145492554,0.3453117907047272,-0.18667982518672943
76527.641,0.7307296395301819,0.9667854309082031,1.47079788348492e-06,0.624618411064148,0.9237654209136963,-0.05578058212995529,0.5320101976394653,0.7778556942939758,-0.08397603034973145,0.4801900386810303,0.6579749584197998,-0.10979720205068588,0.43798041343688965,0.5622631907463074,-0.1302880197763443,0.6126667857170105,0.5759621858596802,-0.06901417672634125,0.5843479633331299,0.392892062664032,-0.10758699476718903,0.5714071989059448,0.2848155200481415,-0.12336708605289459,0.5584837198257446,0.1906055510044098,-0.1335422694683075,0.6878052949905396,0.5675835013389587,-0.07126045227050781,0.6890814900398254,0.3773062825202942,-0.13223247230052948,0.6837055683135986,0.24221384525299072,-0.16591624915599823,0.6793075203895569,0.13021939992904663,-0.18319712579250336,0.7610945105552673,0.5974619388580322,-0.07911429554224014,0.7405716180801392,0.51689213514328,-0.1624990999698639,0.6744437217712402,0.6161615252494812,-0.17917169630527496,0.6250752806663513,0.6918565034866333,-0.16807374358177185,0.831490695476532,0.6429637670516968,-0.08983644098043442,0.8823100924491882,0.5187006592750549,-0.158026784658432,0.922081708908081,0.43849170207977295,-0.18297502398490906,0.9546171426773071,0.3493812084197998,-0.1890883892774582
76527.674,0.7318952679634094,0.963769793510437,1.4360837212734623e-06,0.62657630443573,0.9200396537780762,-0.05856652185320854,0.5340268015861511,0.7809016704559326,-0.09086675196886063,0.4807254672050476,0.6624523997306824,-0.11982077360153198,0.4394562840461731,0.5635792016983032,-0.1435801237821579,0.6114235520362854,0.5770947337150574,-0.07925437390804291,0.5857686400413513,0.39628052711486816,-0.12294305115938187,0.5710254311561584,0.2890278697013855,-0.14338313043117523,0.5563417077064514,0.19619286060333252,-0.15694043040275574,0.6872501373291016,0.5688201189041138,-0.08113022148609161,0.6880185604095459,0.3782736659049988,-0.14460492134094238,0.6817536950111389,0.24122929573059082,-0.18162520229816437,0.6769790053367615,0.12773650884628296,-0.20228511095046997,0.761659562587738,0.5996991991996765,-0.08814167976379395,0.7474337816238403,0.5138058066368103,-0.1686604768037796,0.6843202114105225,0.5893257260322571,-0.1870606690645218,0.6354304552078247,0.6492871642112732,-0.18019092082977295,0.8332839012145996,0.6476020216941833,-0.09829166531562805,0.8842930793762207,0.5220430493354797,-0.16539768874645233,0.9244832992553711,0.43942269682884216,-0.19068604707717896,0.958527147769928,0.3524928092956543,-0.19803622364997864
76527.704,0.7337262630462646,0.960935652256012,1.5344483017543098e-06,0.6274946928024292,0.921527624130249,-0.06489335000514984,0.5355151295661926,0.7855471968650818,-0.09908029437065125,0.4812902808189392,0.6706019043922424,-0.12814705073833466,0.4335128962993622,0.5722742676734924,-0.15144073963165283,0.6111995577812195,0.5693650841712952,-0.0752839669585228,0.5822227597236633,0.39185860753059387,-0.1134033128619194,0.5670156478881836,0.286042183637619,-0.1338084489107132,0.552492618560791,0.19696292281150818,-0.14976643025875092,0.6842944622039795,0.5597950220108032,-0.07404059916734695,0.6833473443984985,0.36503130197525024,-0.12481161952018738,0.677320122718811,0.22778645157814026,-0.15694117546081543,0.6731435060501099,0.12344485521316528,-0.1776905506849289,0.7588139772415161,0.5910967588424683,-0.07970728725194931,0.7450577616691589,0.4879137873649597,-0.14674627780914307,0.6877744793891907,0.5319839119911194,-0.16662384569644928,0.6437763571739197,0.5724478960037231,-0.16672788560390472,0.8307061195373535,0.6431806683540344,-0.09002063423395157,0.8870494365692139,0.5210316777229309,-0.15463517606258392,0.9299795031547546,0.43969717621803284,-0.18576952815055847,0.966303825378418,0.3565407693386078,-0.1996997743844986
76527.739,0.7285137176513672,0.9681463241577148,1.143324993790884e-06,0.6243619918823242,0.9201346635818481,-0.05667075514793396,0.5336617231369019,0.7912671566009521,-0.08536656945943832,0.4795450270175934,0.6764646172523499,-0.10930954664945602,0.4283868372440338,0.5816919207572937,-0.13214093446731567,0.6058028936386108,0.572525680065155,-0.06242326647043228,0.5742360353469849,0.40302154421806335,-0.10512296855449677,0.5575799942016602,0.29594671726226807,-0.13461191952228546,0.5454394817352295,0.2021794617176056,-0.15661518275737762,0.6804871559143066,0.5606859922409058,-0.06711434572935104,0.6761249899864197,0.3696335256099701,-0.11060269922018051,0.6729960441589355,0.23683956265449524,-0.14395712316036224,0.669607937335968,0.12848764657974243,-0.16712795197963715,0.7524645328521729,0.5876176953315735,-0.0796935185790062,0.7518414855003357,0.43724605441093445,-0.1368744969367981,0.7358943223953247,0.3328002691268921,-0.17798066139221191,0.7203825116157532,0.23888391256332397,-0.2029372602701187,0.8276968598365784,0.6445563435554504,-0.09554103761911392,0.8965606689453125,0.5300432443618774,-0.15176735818386078,0.9406046867370605,0.44608381390571594,-0.18602216243743896,0.9746363759040833,0.36311420798301697,-0.20795157551765442
76527.771,0.7287461161613464,0.9677724838256836,1.0893969601966091e-06,0.6257356405258179,0.9188663959503174,-0.05365784838795662,0.5327386856079102,0.7909553050994873,-0.08091776818037033,0.4789090156555176,0.6785393953323364,-0.10323776304721832,0.4270749092102051,0.5854830741882324,-0.12638022005558014,0.6031586527824402,0.5666885375976562,-0.06528250128030777,0.5674739480018616,0.4019019603729248,-0.1074860543012619,0.5471997261047363,0.2943251132965088,-0.13845360279083252,0.5329315066337585,0.20027607679367065,-0.16285158693790436,0.679743230342865,0.5534337759017944,-0.07371606677770615,0.6698951125144958,0.36328810453414917,-0.1147715151309967,0.6647656559944153,0.2310730516910553,-0.15037371218204498,0.662920355796814,0.11962142586708069,-0.17678138613700867,0.7511754631996155,0.5856735110282898,-0.08899616450071335,0.7534714937210083,0.41544800996780396,-0.14509761333465576,0.7426778078079224,0.2916012108325958,-0.19245527684688568,0.7333552241325378,0.1798575520515442,-0.22513043880462646,0.8209512829780579,0.656802237033844,-0.10677630454301834,0.8988922834396362,0.553015947341919,-0.16849876940250397,0.9499377012252808,0.47229504585266113,-0.20819500088691711,0.9918566942214966,0.3941444754600525,-0.2347121238708496
76527.802,0.7274948954582214,0.9676165580749512,1.0404497743365937e-06,0.6247900128364563,0.9184912443161011,-0.05344606190919876,0.5315273404121399,0.787717878818512,-0.08108150213956833,0.4775276482105255,0.677197277545929,-0.10336100310087204,0.42470571398735046,0.585360050201416,-0.12665390968322754,0.5988006591796875,0.5667339563369751,-0.06572822481393814,0.5609843134880066,0.4048648476600647,-0.10827634483575821,0.5385973453521729,0.29751378297805786,-0.14038199186325073,0.5208528637886047,0.20221835374832153,-0.16613654792308807,0.6724907159805298,0.5536956191062927,-0.07401266694068909,0.6687724590301514,0.3606547713279724,-0.11371474713087082,0.6663383841514587,0.23328611254692078,-0.1469762623310089,0.6647676825523376,0.12352627515792847,-0.17199407517910004,0.7405058145523071,0.5891216993331909,-0.08898261189460754,0.7470480799674988,0.41004520654678345,-0.14146623015403748,0.7402148246765137,0.2863604724407196,-0.18355149030685425,0.7330787181854248,0.1719595491886139,-0.2133713662624359,0.805992603302002,0.6636255383491516,-0.10684320330619812,0.8765969276428223,0.5575065016746521,-0.1664399355649948,0.9237996935844421,0.4751284122467041,-0.20254561305046082,0.9633990526199341,0.3930911421775818,-0.22656674683094025
76527.832,0.728554368019104,0.9709244966506958,9.823078244153294e-07,0.624512255191803,0.9201255440711975,-0.05124848335981369,0.5323129892349243,0.7881215214729309,-0.07916797697544098,0.47646573185920715,0.6779175996780396,-0.10189962387084961,0.4238695204257965,0.5848604440689087,-0.12637650966644287,0.5963935256004333,0.5617831945419312,-0.06371389329433441,0.5599564909934998,0.40419256687164307,-0.10761597007513046,0.5359219908714294,0.29960983991622925,-0.1417246162891388,0.5172784924507141,0.20646697282791138,-0.169171541929245,0.6674585938453674,0.5539364218711853,-0.07419541478157043,0.6704233884811401,0.3674299716949463,-0.1161470115184784,0.6707459092140198,0.24305009841918945,-0.1516859531402588,0.6720587611198425,0.13441410660743713,-0.17868933081626892,0.7304070591926575,0.5952931642532349,-0.0912892296910286,0.7396770715713501,0.4183509945869446,-0.1443856954574585,0.7324103713035583,0.29980790615081787,-0.1856307089328766,0.7272346615791321,0.18859124183654785,-0.21528731286525726,0.786871075630188,0.6747381687164307,-0.11102842539548874,0.8366729021072388,0.5674574971199036,-0.1701507717370987,0.8722967505455017,0.483716756105423,-0.20424534380435944,0.9045695066452026,0.39841675758361816,-0.22742287814617157
76527.882,0.7308286428451538,0.9751580953598022,8.826028192743252e-07,0.62468421459198,0.9235346913337708,-0.05047101154923439,0.5296999216079712,0.7921964526176453,-0.07825078815221786,0.4753061532974243,0.6847032904624939,-0.10119090974330902,0.4227380156517029,0.5886227488517761,-0.12600119411945343,0.5948919057846069,0.5656017661094666,-0.06442561745643616,0.5578581094741821,0.4085620045661926,-0.1093272939324379,0.5319057106971741,0.3066388666629791,-0.1438584178686142,0.51148521900177,0.21430864930152893,-0.172208771109581,0.6627517938613892,0.5620269775390625,-0.07748489826917648,0.6670172214508057,0.37479597330093384,-0.12027084827423096,0.6715484857559204,0.24853631854057312,-0.15746504068374634,0.6757362484931946,0.13595110177993774,-0.18580302596092224,0.7213082909584045,0.6094508171081543,-0.09711938351392746,0.7311356067657471,0.43292397260665894,-0.1492832452058792,0.7290415167808533,0.3136899173259735,-0.1907164305448532,0.728071391582489,0.19759222865104675,-0.22054827213287354,0.7736953496932983,0.6919931769371033,-0.11957287043333054,0.7918169498443604,0.5890669822692871,-0.17692247033119202,0.802107572555542,0.5084133148193359,-0.20999830961227417,0.8133895993232727,0.42504170536994934,-0.23293033242225647
76527.912,0.7301540970802307,0.9715613722801208,9.095254540625319e-07,0.6260372996330261,0.9257625341415405,-0.04605209827423096,0.5333819389343262,0.7960752248764038,-0.06860584020614624,0.47716841101646423,0.6891077756881714,-0.08700414001941681,0.4235231876373291,0.5961342453956604,-0.10631616413593292,0.5887229442596436,0.5616599321365356,-0.04794919490814209,0.5460290908813477,0.4096739590167999,-0.08543486148118973,0.5209125876426697,0.30872759222984314,-0.1148301512002945,0.5018435716629028,0.2179713249206543,-0.13985130190849304,0.6550438404083252,0.5508826971054077,-0.06048166751861572,0.660694420337677,0.3612191379070282,-0.09201538562774658,0.6659732460975647,0.2375583052635193,-0.12188271433115005,0.6713739037513733,0.13563019037246704,-0.14489538967609406,0.7114918231964111,0.5987496972084045,-0.07996346056461334,0.7198940515518188,0.42069220542907715,-0.12182983011007309,0.7158410549163818,0.3026573359966278,-0.15782593190670013,0.714082658290863,0.19152605533599854,-0.18485140800476074,0.7588851451873779,0.6874706745147705,-0.102445587515831,0.7624714374542236,0.6055830121040344,-0.15278460085391998,0.7580819725990295,0.5371116995811462,-0.18174542486667633,0.7558495998382568,0.46590477228164673,-0.2017650306224823
76527.945,0.7310167551040649,0.9697600603103638,6.117656425885798e-07,0.6247935891151428,0.9286043643951416,-0.03734516724944115,0.5266230702400208,0.7905398607254028,-0.049544557929039,0.4671019911766052,0.6856474280357361,-0.05820128321647644,0.412712961435318,0.5937163829803467,-0.06963281333446503,0.583873987197876,0.5609482526779175,-0.03181252256035805,0.5403456687927246,0.40887683629989624,-0.05769629776477814,0.5167841911315918,0.3077346086502075,-0.07897186279296875,0.49443352222442627,0.21691495180130005,-0.09987913072109222,0.656316876411438,0.5518946647644043,-0.049974121153354645,0.6597215533256531,0.36113396286964417,-0.07252087444067001,0.6658552885055542,0.24331077933311462,-0.09951923042535782,0.6671077609062195,0.14327803254127502,-0.12216079980134964,0.7151699066162109,0.5987415313720703,-0.07476460188627243,0.7242171764373779,0.42873436212539673,-0.1229904517531395,0.7116957306861877,0.31080183386802673,-0.17093439400196075,0.7006844282150269,0.20333805680274963,-0.20708951354026794,0.7620149254798889,0.6802223920822144,-0.10004086792469025,0.7301120162010193,0.6335734724998474,-0.16430331766605377,0.7034814357757568,0.6685622930526733,-0.19534854590892792,0.6859601140022278,0.6977949738502502,-0.21636657416820526
76527.977,0.7374224662780762,0.977918267250061,5.29408907823381e-07,0.6250883340835571,0.9305576086044312,-0.03615577518939972,0.5270942449569702,0.7946369647979736,-0.04968353360891342,0.4690217971801758,0.6864150166511536,-0.05863142013549805,0.4146779775619507,0.5918116569519043,-0.06957376003265381,0.5826991200447083,0.5886455178260803,-0.0459495447576046,0.541553258895874,0.4214968979358673,-0.07270219177007675,0.5146390199661255,0.31340715289115906,-0.08984464406967163,0.49200859665870667,0.2192308008670807,-0.10760342329740524,0.6573488116264343,0.58021080493927,-0.06477712094783783,0.6544419527053833,0.3866744339466095,-0.08947128802537918,0.6518675088882446,0.26456576585769653,-0.11647908389568329,0.6497064232826233,0.15539687871932983,-0.13898532092571259,0.7211241126060486,0.6221541166305542,-0.08909551054239273,0.7053686380386353,0.4675912857055664,-0.14316007494926453,0.6797159910202026,0.34347108006477356,-0.19767865538597107,0.6637166142463684,0.2253955900669098,-0.23793251812458038,0.7741442322731018,0.6955714225769043,-0.11296632140874863,0.7029578685760498,0.6850040555000305,-0.18684621155261993,0.6398752927780151,0.7351665496826172,-0.2269316464662552,0.5975706577301025,0.7739466428756714,-0.2535610496997833
76528.008,0.7338628768920898,0.9713304042816162,6.474145948232035e-07,0.6240553855895996,0.9227827787399292,-0.03095722571015358,0.5243783593177795,0.7882133722305298,-0.04357704520225525,0.4649302363395691,0.687739908695221,-0.05277760699391365,0.41392627358436584,0.5925040245056152,-0.06457315385341644,0.5810481905937195,0.5794247984886169,-0.04563642293214798,0.5394490361213684,0.418989896774292,-0.07301165908575058,0.5128644704818726,0.3149932026863098,-0.08875469118356705,0.4917466640472412,0.2250717282295227,-0.10488646477460861,0.6554678678512573,0.5753673315048218,-0.06609226018190384,0.6533952355384827,0.3828071653842926,-0.0930696651339531,0.6561439633369446,0.26113441586494446,-0.11970417946577072,0.6576700806617737,0.15205225348472595,-0.14052189886569977,0.7195264101028442,0.6195388436317444,-0.09129945188760757,0.691742479801178,0.4791356325149536,-0.14862097799777985,0.6540619134902954,0.3702895939350128,-0.20238831639289856,0.6240844130516052,0.26212427020072937,-0.2404516190290451,0.7743807435035706,0.693627119064331,-0.11510072648525238,0.6958402395248413,0.6946852803230286,-0.18977847695350647,0.6291730403900146,0.7531973123550415,-0.22827957570552826,0.5791614651679993,0.7948461174964905,-0.2531154751777649
76528.04,0.7376043796539307,0.9638367891311646,7.649652502550452e-07,0.6258746981620789,0.9237892031669617,-0.031204411759972572,0.5229365229606628,0.7913436889648438,-0.04298050329089165,0.4643309414386749,0.6906106472015381,-0.051498737186193466,0.41720372438430786,0.5964383482933044,-0.061971064656972885,0.5784014463424683,0.5785683393478394,-0.04603712260723114,0.5333904027938843,0.41556257009506226,-0.07435870915651321,0.5091327428817749,0.3137053847312927,-0.08904185891151428,0.4913598299026489,0.2246609330177307,-0.1040547713637352,0.6529748439788818,0.5689408779144287,-0.06586600095033646,0.6531399488449097,0.3706721365451813,-0.09574853628873825,0.660988450050354,0.24782082438468933,-0.12273884564638138,0.6673768162727356,0.140752375125885,-0.14250589907169342,0.7177150845527649,0.6101163029670715,-0.09039600193500519,0.6891124248504639,0.48425930738449097,-0.14860038459300995,0.6433790922164917,0.3890228867530823,-0.20143979787826538,0.6080706715583801,0.2965400815010071,-0.23743709921836853,0.7716035842895508,0.6809629797935486,-0.11375658214092255,0.6911730170249939,0.6883923411369324,-0.1860053837299347,0.6235220432281494,0.7451992034912109,-0.22347158193588257,0.5734473466873169,0.7837319374084473,-0.24712632596492767
76528.072,0.7357720136642456,0.9757031202316284,7.35721982891846e-07,0.6263506412506104,0.9324584007263184,-0.03482942283153534,0.5270096063613892,0.7979918122291565,-0.04971935227513313,0.467965304851532,0.6954318284988403,-0.061327651143074036,0.416012704372406,0.5998502373695374,-0.07527095824480057,0.578368604183197,0.5877072811126709,-0.04832058772444725,0.5362471342086792,0.42399299144744873,-0.07940169423818588,0.5102971196174622,0.31825003027915955,-0.09814370423555374,0.4904094338417053,0.2262527048587799,-0.11623852699995041,0.6524425745010376,0.5816736221313477,-0.06776019930839539,0.655387282371521,0.38576194643974304,-0.10025841742753983,0.6635789275169373,0.25952187180519104,-0.1301245093345642,0.6690787076950073,0.14678943157196045,-0.15292510390281677,0.7164829969406128,0.621492862701416,-0.09246262907981873,0.6904387474060059,0.47495076060295105,-0.15214082598686218,0.650010347366333,0.3750593960285187,-0.20516258478164673,0.6178467869758606,0.2779630124568939,-0.24194777011871338,0.7710233330726624,0.6887257099151611,-0.1164640411734581,0.6922184824943542,0.677466630935669,-0.19030338525772095,0.6272624731063843,0.7299569249153137,-0.22828587889671326,0.578698456287384,0.7669061422348022,-0.2526948153972626
76528.104,0.7305042147636414,0.9745543003082275,6.987860388107947e-07,0.6217015385627747,0.9365084767341614,-0.0409274585545063,0.5215444564819336,0.8011917471885681,-0.056745659559965134,0.4629131555557251,0.6928367614746094,-0.0696747824549675,0.40897423028945923,0.5984198451042175,-0.08368197828531265,0.5748768448829651,0.5694001913070679,-0.03207821771502495,0.5337512493133545,0.41822296380996704,-0.058718547224998474,0.5085251927375793,0.3189033567905426,-0.0800582692027092,0.4852434992790222,0.23379909992218018,-0.10012739151716232,0.650562584400177,0.563825249671936,-0.046987589448690414,0.651059627532959,0.3780462145805359,-0.071744404733181,0.6487546563148499,0.2608562409877777,-0.10036255419254303,0.6429715156555176,0.16229498386383057,-0.1233617439866066,0.7148181796073914,0.6099094152450562,-0.06900100409984589,0.696725606918335,0.45319390296936035,-0.11871953308582306,0.6524410247802734,0.35408321022987366,-0.166487455368042,0.6143692135810852,0.26168885827064514,-0.200325146317482,0.7672348022460938,0.6876099109649658,-0.09179595857858658,0.7120572924613953,0.6334104537963867,-0.15568989515304565,0.6634036302566528,0.650531530380249,-0.18912185728549957,0.6270135641098022,0.6650126576423645,-0.21054838597774506
76528.136,0.7302038073539734,0.9689145088195801,8.464703000754525e-07,0.616180419921875,0.9253964424133301,-0.04383968934416771,0.5195080637931824,0.796348512172699,-0.07040184736251831,0.4655947983264923,0.6979655027389526,-0.09553799778223038,0.4100366234779358,0.6058264374732971,-0.12331481277942657,0.5738982558250427,0.5725945234298706,-0.05824337527155876,0.5285986065864563,0.42114073038101196,-0.10092137008905411,0.49797800183296204,0.3232116401195526,-0.13452881574630737,0.472372829914093,0.2338809370994568,-0.16457276046276093,0.6429910659790039,0.5671141743659973,-0.07840321213006973,0.6362321376800537,0.3839632570743561,-0.12454313039779663,0.63237464427948,0.2655940353870392,-0.1682954728603363,0.6247981786727905,0.16207125782966614,-0.20309585332870483,0.7039344310760498,0.6094837784767151,-0.10497938841581345,0.6882030963897705,0.44343483448028564,-0.16247837245464325,0.6610409021377563,0.3333178460597992,-0.2122364044189453,0.6362443566322327,0.22729790210723877,-0.24885258078575134,0.7592475414276123,0.6838144659996033,-0.13377465307712555,0.7538152933120728,0.5699639320373535,-0.19607561826705933,0.7461488246917725,0.48363226652145386,-0.23726698756217957,0.7407919764518738,0.39519208669662476,-0.2682477533817291
76528.169,0.7361436486244202,0.9605987668037415,8.284534374070063e-07,0.6177470684051514,0.919464111328125,-0.03928929939866066,0.5222040414810181,0.792283296585083,-0.0668862909078598,0.46762722730636597,0.7013394236564636,-0.0951225683093071,0.40464651584625244,0.6099362969398499,-0.12774811685085297,0.5727347135543823,0.572213351726532,-0.059363242238759995,0.521975040435791,0.4247400760650635,-0.10177108645439148,0.48826608061790466,0.3307192325592041,-0.136332705616951,0.4600527286529541,0.24278298020362854,-0.16874177753925323,0.6431904435157776,0.565445601940155,-0.08618031442165375,0.6339632868766785,0.38160616159439087,-0.13434596359729767,0.6291950941085815,0.26683059334754944,-0.1828882247209549,0.6200299859046936,0.16525432467460632,-0.2227925956249237,0.7044625878334045,0.6056064367294312,-0.1191796362400055,0.6879523992538452,0.43679168820381165,-0.1794242262840271,0.6628646850585938,0.325422078371048,-0.23688270151615143,0.639830470085144,0.21945050358772278,-0.2805423140525818,0.7589623928070068,0.6777505278587341,-0.15381726622581482,0.7537082433700562,0.556939959526062,-0.21943064033985138,0.7473706007003784,0.4683389663696289,-0.2673714756965637,0.741897702217102,0.37985530495643616,-0.3054039478302002
76528.2,0.7317694425582886,0.9709920883178711,8.03009356786788e-07,0.6218613982200623,0.9251629710197449,-0.04121983051300049,0.5260964632034302,0.7929462194442749,-0.061267413198947906,0.4710158705711365,0.6901319622993469,-0.07884190231561661,0.4154644310474396,0.5986230373382568,-0.09705591946840286,0.5733993649482727,0.5690270662307739,-0.03891086205840111,0.526720404624939,0.42082464694976807,-0.07273577898740768,0.4944598376750946,0.3251863121986389,-0.09988655149936676,0.46762895584106445,0.2399490475654602,-0.12414319068193436,0.6381916403770447,0.5610595941543579,-0.053453508764505386,0.6341446042060852,0.38454681634902954,-0.0883575901389122,0.6299436092376709,0.2694425582885742,-0.12119641155004501,0.6241462826728821,0.1714225709438324,-0.1462056189775467,0.6962836384773254,0.6035059094429016,-0.07482310384511948,0.6830000281333923,0.43579646944999695,-0.12140444666147232,0.662880539894104,0.3251098692417145,-0.15787261724472046,0.6438241600990295,0.21658211946487427,-0.18383920192718506,0.7474831342697144,0.6803568005561829,-0.09872670471668243,0.7381418943405151,0.5726425051689148,-0.1510649025440216,0.7290142774581909,0.4895094633102417,-0.18076816201210022,0.722754180431366,0.40313637256622314,-0.20135773718357086
76528.232,0.731175422668457,0.9705407023429871,5.945851739852515e-07,0.621085524559021,0.9273356199264526,-0.0342874638736248,0.5244161486625671,0.7932270765304565,-0.045729782432317734,0.4670383632183075,0.6889328360557556,-0.055027250200510025,0.415438175201416,0.5938155651092529,-0.06590881198644638,0.5746027231216431,0.5630141496658325,-0.023328732699155807,0.533882737159729,0.41445857286453247,-0.04727347567677498,0.5048869252204895,0.3177689015865326,-0.06734231859445572,0.47845524549484253,0.2345106303691864,-0.08737842738628387,0.6483327746391296,0.5555675029754639,-0.041990991681814194,0.6511051058769226,0.37553203105926514,-0.06454912573099136,0.645611584186554,0.26006609201431274,-0.0937269777059555,0.6369569897651672,0.16041401028633118,-0.11797500401735306,0.7104995250701904,0.6031651496887207,-0.06744176894426346,0.7089371681213379,0.4436872601509094,-0.11504293978214264,0.6803938746452332,0.3363942801952362,-0.16375799477100372,0.6540277600288391,0.2344200611114502,-0.19990812242031097,0.7601013779640198,0.6834800839424133,-0.09312977641820908,0.7139241695404053,0.647363007068634,-0.1575191468000412,0.6702895760536194,0.6623960137367249,-0.19358253479003906,0.6369799971580505,0.6664206981658936,-0.21780309081077576
76528.264,0.7353925108909607,0.9732190370559692,5.213040594753693e-07,0.6255399584770203,0.9289859533309937,-0.03305346146225929,0.5275470018386841,0.7934221625328064,-0.04469519108533859,0.4688953757286072,0.6869224309921265,-0.05211181938648224,0.4204186201095581,0.5868436694145203,-0.06140083074569702,0.5783290266990662,0.5778787136077881,-0.03875504434108734,0.5359073877334595,0.41765445470809937,-0.062198225408792496,0.5060786604881287,0.3145916759967804,-0.0768895074725151,0.48019981384277344,0.22517645359039307,-0.09332473576068878,0.6520825028419495,0.5708441734313965,-0.05707105994224548,0.6485046148300171,0.38333719968795776,-0.08067156374454498,0.6491165161132812,0.26727673411369324,-0.10722514241933823,0.6489028930664062,0.1625884771347046,-0.1291295289993286,0.7163944244384766,0.611687958240509,-0.08075311034917831,0.697772204875946,0.4547443389892578,-0.13591986894607544,0.6659753918647766,0.337556928396225,-0.19047369062900543,0.6419982314109802,0.22360321879386902,-0.22998395562171936,0.772007942199707,0.6818259358406067,-0.10319719463586807,0.6980338096618652,0.6680972576141357,-0.17806948721408844,0.6325931549072266,0.7207984328269958,-0.21853962540626526,0.5863675475120544,0.7584289908409119,-0.2450423389673233
76528.313,0.7374488115310669,0.9662374258041382,6.624912884944933e-07,0.627114474773407,0.9222984313964844,-0.031112411990761757,0.5268797278404236,0.7883026003837585,-0.04223037511110306,0.46854519844055176,0.6863676309585571,-0.050129178911447525,0.4218543767929077,0.5884132385253906,-0.06007341668009758,0.577329695224762,0.5740800499916077,-0.04123159125447273,0.5345346927642822,0.4145479202270508,-0.06609412282705307,0.5070164799690247,0.3120383024215698,-0.07989783585071564,0.48374509811401367,0.2231552004814148,-0.09527048468589783,0.6522929668426514,0.567679762840271,-0.06110560894012451,0.6545742154121399,0.37564095854759216,-0.08630848675966263,0.661859929561615,0.25667789578437805,-0.1119532659649849,0.6659903526306152,0.15057864785194397,-0.13248300552368164,0.7165340781211853,0.6102317571640015,-0.08610468357801437,0.6945475339889526,0.4684680104255676,-0.14166109263896942,0.6562845706939697,0.36457568407058716,-0.19449388980865479,0.6246829628944397,0.26239192485809326,-0.23208138346672058,0.7716748714447021,0.6822463870048523,-0.10990709811449051,0.6947135925292969,0.6792327761650085,-0.1824999749660492,0.6278167963027954,0.7325132489204407,-0.22132237255573273,0.5766769647598267,0.7686669230461121,-0.24682630598545074
76528.345,0.7432869076728821,0.9649908542633057,7.552550300715666e-07,0.6271205544471741,0.9226672649383545,-0.03513761982321739,0.5234666466712952,0.7897658348083496,-0.04848005995154381,0.4644060730934143,0.6873614192008972,-0.05826641619205475,0.4198700785636902,0.5865932703018188,-0.06965050101280212,0.578397274017334,0.5746663808822632,-0.04465840756893158,0.5327273607254028,0.41432660818099976,-0.07437683641910553,0.5039502382278442,0.3116041421890259,-0.09185285121202469,0.4808975160121918,0.22122299671173096,-0.1098015233874321,0.6535917520523071,0.5656204223632812,-0.06383504718542099,0.6564109325408936,0.3738917410373688,-0.09609443694353104,0.6677002906799316,0.25013646483421326,-0.12623555958271027,0.6763669848442078,0.13994479179382324,-0.14921332895755768,0.7187900543212891,0.6056515574455261,-0.08857208490371704,0.6937344670295715,0.47045230865478516,-0.15027163922786713,0.6523386240005493,0.37398096919059753,-0.2053619921207428,0.6193363070487976,0.2777895927429199,-0.2434772402048111,0.7740296125411987,0.6744670867919922,-0.11249558627605438,0.700780987739563,0.6760047674179077,-0.18955866992473602,0.6370100975036621,0.7375917434692383,-0.2296854555606842,0.589605987071991,0.7792935371398926,-0.2554430663585663
76528.378,0.7410303950309753,0.9704221487045288,7.431501671817387e-07,0.6274693012237549,0.9267066717147827,-0.03457309305667877,0.5248410701751709,0.7943288087844849,-0.04834342375397682,0.4658452272415161,0.6930480003356934,-0.058571308851242065,0.41904646158218384,0.5934842824935913,-0.07041087001562119,0.5764304399490356,0.5760923624038696,-0.04373938590288162,0.5321404933929443,0.4161817133426666,-0.07303198426961899,0.5042288899421692,0.312980055809021,-0.09057797491550446,0.481992244720459,0.22272008657455444,-0.10849443078041077,0.6532151699066162,0.5666413307189941,-0.06287947297096252,0.6545398831367493,0.37464189529418945,-0.09381408244371414,0.6652511954307556,0.25125712156295776,-0.12319859862327576,0.6734071373939514,0.14039254188537598,-0.1459110975265503,0.720008373260498,0.6061280369758606,-0.08758082240819931,0.6936175227165222,0.4687165319919586,-0.1475774198770523,0.6535243391990662,0.37350207567214966,-0.20078715682029724,0.6219988465309143,0.2770773470401764,-0.23794104158878326,0.7784811854362488,0.6746936440467834,-0.1114739403128624,0.7055754065513611,0.6727461218833923,-0.18655145168304443,0.6449068188667297,0.733177661895752,-0.22476479411125183,0.6004241704940796,0.7729118466377258,-0.249386265873909
76528.409,0.7399274110794067,0.9757410287857056,6.47198362457857e-07,0.6291818618774414,0.938140869140625,-0.03871557116508484,0.5284567475318909,0.8030224442481995,-0.0535438098013401,0.4702785611152649,0.6930996179580688,-0.06394969671964645,0.41868311166763306,0.5934212803840637,-0.07592430710792542,0.5725551843643188,0.5771768093109131,-0.04126230627298355,0.527896523475647,0.4218108654022217,-0.06704828143119812,0.49989914894104004,0.31922122836112976,-0.08424117416143417,0.47374314069747925,0.22904455661773682,-0.1022741049528122,0.650159478187561,0.566504955291748,-0.05756831541657448,0.6511398553848267,0.3782646656036377,-0.08429925888776779,0.6570029854774475,0.2598782479763031,-0.11146340519189835,0.6579372882843018,0.1551714539527893,-0.13313303887844086,0.7164428234100342,0.6058551073074341,-0.0799838975071907,0.6935662627220154,0.4527456760406494,-0.13785114884376526,0.6542125940322876,0.3492947220802307,-0.1905563324689865,0.6206781268119812,0.24944382905960083,-0.22730863094329834,0.7743993997573853,0.6761188507080078,-0.10178498178720474,0.7051829099655151,0.6441112160682678,-0.1763073056936264,0.6454850435256958,0.6987940669059753,-0.21299810707569122,0.60050368309021,0.7429484128952026,-0.23605531454086304
76528.44,0.7359540462493896,0.9756641387939453,8.590854463363939e-07,0.6215081810951233,0.9260735511779785,-0.04650622233748436,0.5232201814651489,0.798222541809082,-0.07277507334947586,0.46580255031585693,0.6974816918373108,-0.09586925804615021,0.40959733724594116,0.6062588095664978,-0.12003203481435776,0.5729071497917175,0.57314532995224,-0.055787600576877594,0.5247615575790405,0.42394202947616577,-0.09625374525785446,0.4917576313018799,0.32607501745224,-0.12720420956611633,0.4650059640407562,0.23799389600753784,-0.15392254292964935,0.6438325643539429,0.5649696588516235,-0.07012248784303665,0.6396801471710205,0.38458946347236633,-0.11039728671312332,0.6354333758354187,0.26671478152275085,-0.1474163979291916,0.6296389102935791,0.16453707218170166,-0.1760052889585495,0.7064153552055359,0.6126814484596252,-0.09076503664255142,0.6897270679473877,0.45336103439331055,-0.14158841967582703,0.6587631106376648,0.35105612874031067,-0.183160662651062,0.6304076313972473,0.25222134590148926,-0.21310976147651672,0.7609859108924866,0.6958115696907043,-0.11375147104263306,0.745863139629364,0.5981659889221191,-0.16829410195350647,0.727152943611145,0.5253272652626038,-0.20034188032150269,0.7103325128555298,0.45053476095199585,-0.22317136824131012
76528.474,0.7364339828491211,0.9660054445266724,8.467331440442649e-07,0.6186224818229675,0.9228782057762146,-0.04420815408229828,0.5204198360443115,0.7953389286994934,-0.07176589965820312,0.46375522017478943,0.6981682777404785,-0.09782448410987854,0.40121573209762573,0.6105582118034363,-0.1268453150987625,0.5701117515563965,0.5754363536834717,-0.060037173330783844,0.5177250504493713,0.42721033096313477,-0.10226801037788391,0.48201000690460205,0.3327547609806061,-0.13568775355815887,0.4512178301811218,0.24481159448623657,-0.16651888191699982,0.6396633386611938,0.5665636658668518,-0.0812118649482727,0.6332991123199463,0.38496705889701843,-0.1275966912508011,0.6302785873413086,0.26923590898513794,-0.1721101552248001,0.6230545043945312,0.16597577929496765,-0.2078382521867752,0.7004105448722839,0.6089409589767456,-0.10876112431287766,0.6833447813987732,0.4408806562423706,-0.1678714007139206,0.6585674285888672,0.32947272062301636,-0.22004544734954834,0.635610818862915,0.21936771273612976,-0.25876080989837646,0.7560743093490601,0.6845147013664246,-0.13822686672210693,0.748435914516449,0.5747963190078735,-0.2026393562555313,0.7396357655525208,0.490576833486557,-0.24564270675182343,0.7328210473060608,0.40283840894699097,-0.2784023582935333
76528.504,0.732502281665802,0.9562870860099792,8.982274266600143e-07,0.6106350421905518,0.9089279174804688,-0.03779468685388565,0.5173904895782471,0.7836363911628723,-0.06925439834594727,0.46351635456085205,0.6928908228874207,-0.10288725048303604,0.4000163674354553,0.6005198955535889,-0.14154154062271118,0.5705553293228149,0.5694060325622559,-0.06192043423652649,0.5176936984062195,0.423600971698761,-0.10669198632240295,0.48053473234176636,0.32778266072273254,-0.14250479638576508,0.449293315410614,0.24212750792503357,-0.17597812414169312,0.640853226184845,0.5671931505203247,-0.09342186897993088,0.6314135193824768,0.3848460614681244,-0.14532487094402313,0.6266224384307861,0.27023035287857056,-0.19571925699710846,0.6179499626159668,0.16918227076530457,-0.23677685856819153,0.7024706602096558,0.6092565655708313,-0.1311836987733841,0.6935116052627563,0.4382174611091614,-0.19590190052986145,0.6714821457862854,0.32382211089134216,-0.25625723600387573,0.6506574153900146,0.21556609869003296,-0.30204910039901733,0.758240282535553,0.6818385124206543,-0.17036619782447815,0.765730619430542,0.5650787353515625,-0.24117547273635864,0.7662845849990845,0.47570788860321045,-0.2924592196941376,0.765801727771759,0.387874960899353,-0.3329651951789856
76528.539,0.7311020493507385,0.9678992033004761,8.442659691354493e-07,0.6221749186515808,0.9211283922195435,-0.04189031198620796,0.5303073525428772,0.7926891446113586,-0.06462143361568451,0.4759545922279358,0.6904820203781128,-0.08471251279115677,0.4207077622413635,0.5982392430305481,-0.1059749573469162,0.5767477750778198,0.5710359215736389,-0.0460595078766346,0.5279513597488403,0.42234331369400024,-0.08361992985010147,0.49359413981437683,0.32555580139160156,-0.11326465010643005,0.4656926095485687,0.23731142282485962,-0.13917873799800873,0.6397446990013123,0.5614476203918457,-0.06102360785007477,0.6365252733230591,0.38216376304626465,-0.09792154282331467,0.6355416178703308,0.26533544063568115,-0.13186809420585632,0.6351011395454407,0.1646706461906433,-0.1579652726650238,0.6963393092155457,0.6029207706451416,-0.08229843527078629,0.6886833310127258,0.4314655363559723,-0.12926098704338074,0.6757229566574097,0.31899014115333557,-0.1656070202589035,0.6651325225830078,0.20936232805252075,-0.19228868186473846,0.747318685054779,0.6812878847122192,-0.1060870811343193,0.7504460215568542,0.5786354541778564,-0.15872907638549805,0.7519828677177429,0.49824607372283936,-0.18791410326957703,0.7560517191886902,0.4153839349746704,-0.20837493240833282
76528.568,0.7298715710639954,0.9652580618858337,6.458036523326882e-07,0.6211078763008118,0.9220075607299805,-0.03462750464677811,0.5254182815551758,0.7854304313659668,-0.047441497445106506,0.4695069193840027,0.6768805980682373,-0.057063717395067215,0.4177878499031067,0.5811444520950317,-0.06880628317594528,0.5775442719459534,0.5635842084884644,-0.033930860459804535,0.5361176133155823,0.41121017932891846,-0.059488438069820404,0.5077643990516663,0.3100582957267761,-0.07931581884622574,0.47932296991348267,0.22288182377815247,-0.09948953241109848,0.6518332362174988,0.5600593686103821,-0.053100358694791794,0.6575188636779785,0.37708544731140137,-0.07838734984397888,0.6597955226898193,0.2601294219493866,-0.10724435746669769,0.6556316018104553,0.1550295650959015,-0.1308027058839798,0.7132311463356018,0.609893798828125,-0.07807250320911407,0.713950514793396,0.44731974601745605,-0.1306029111146927,0.6930487751960754,0.3311309218406677,-0.18092648684978485,0.6729123592376709,0.21859228610992432,-0.21790733933448792,0.7637167572975159,0.6927937269210815,-0.10255420953035355,0.7308207154273987,0.657522976398468,-0.17210878431797028,0.6969451904296875,0.684255838394165,-0.20784421265125275,0.6717728972434998,0.6984015703201294,-0.23146462440490723
76528.603,0.7354242205619812,0.9745326042175293,5.892422336728487e-07,0.6252067685127258,0.9274255037307739,-0.03765789046883583,0.5288180112838745,0.7917248010635376,-0.053910695016384125,0.4717322587966919,0.6836763620376587,-0.06554330885410309,0.42480358481407166,0.5804358720779419,-0.07929455488920212,0.5820369720458984,0.5820956826210022,-0.048308901488780975,0.5416316986083984,0.41879260540008545,-0.07725990563631058,0.5124359130859375,0.31360745429992676,-0.09593745321035385,0.4866862893104553,0.22144538164138794,-0.1153007224202156,0.6582420468330383,0.5781010985374451,-0.06644399464130402,0.6570348143577576,0.38961490988731384,-0.09616032987833023,0.6611691117286682,0.27115923166275024,-0.12657314538955688,0.6639769077301025,0.1605813205242157,-0.15104059875011444,0.723243236541748,0.6209522485733032,-0.08995722234249115,0.7025601863861084,0.4635355472564697,-0.14902594685554504,0.6737452745437622,0.3463955223560333,-0.20400351285934448,0.6529983878135681,0.22668248414993286,-0.243716299533844,0.7811691164970398,0.6911978721618652,-0.11258309334516525,0.7116534113883972,0.6724501252174377,-0.18884609639644623,0.6514204740524292,0.7167434096336365,-0.22859525680541992,0.6090816259384155,0.7448923587799072,-0.2547239661216736
76528.633,0.7437632083892822,0.9690066576004028,6.806874921494455e-07,0.6286607384681702,0.9260319471359253,-0.03574980050325394,0.5281134843826294,0.7914291620254517,-0.05050506442785263,0.4726825952529907,0.6836243271827698,-0.06093743070960045,0.4258182942867279,0.583072304725647,-0.07293322682380676,0.5810959339141846,0.5759552717208862,-0.049318283796310425,0.5370256304740906,0.415495902299881,-0.07795552909374237,0.5081034898757935,0.3093700408935547,-0.09546827524900436,0.48347848653793335,0.21698448061943054,-0.11406858265399933,0.6580483317375183,0.5700565576553345,-0.06824105232954025,0.6614609360694885,0.38081738352775574,-0.0973077192902565,0.6699738502502441,0.2601136267185211,-0.12551017105579376,0.6752029061317444,0.1495998501777649,-0.14810632169246674,0.7237563133239746,0.6132888197898865,-0.09245730936527252,0.7017736434936523,0.46328574419021606,-0.15150244534015656,0.6681815981864929,0.3517875671386719,-0.20529857277870178,0.6420745849609375,0.23826533555984497,-0.24378935992717743,0.7819465398788452,0.6867079734802246,-0.11576464772224426,0.7139883637428284,0.6728930473327637,-0.19203968346118927,0.6485259532928467,0.7192479968070984,-0.23179209232330322,0.5983068346977234,0.7496087551116943,-0.2577795088291168
76528.666,0.7425910234451294,0.9761249423027039,6.046731755304791e-07,0.6302772760391235,0.9279376268386841,-0.034085869789123535,0.531136155128479,0.7932230830192566,-0.049078602343797684,0.4728509187698364,0.6864683628082275,-0.059890858829021454,0.4252892732620239,0.5844771862030029,-0.0723295509815216,0.5842416286468506,0.5817669034004211,-0.048197757452726364,0.5439592599868774,0.4188618063926697,-0.07627399265766144,0.515310525894165,0.3142034113407135,-0.09369523823261261,0.490928590297699,0.22426292300224304,-0.11188376694917679,0.662445604801178,0.5763317942619324,-0.0676608458161354,0.6648826599121094,0.38943591713905334,-0.09632115811109543,0.6701090335845947,0.2695297300815582,-0.12481661885976791,0.6714596748352051,0.15753373503684998,-0.14794515073299408,0.7288819551467896,0.6181895732879639,-0.09218628704547882,0.7045405507087708,0.46734619140625,-0.1498589962720871,0.6727440357208252,0.35495471954345703,-0.203020378947258,0.6471195220947266,0.24018314480781555,-0.24146968126296997,0.7879471182823181,0.688585102558136,-0.11562979221343994,0.7151970863342285,0.6773074269294739,-0.18996360898017883,0.6507205367088318,0.7249571084976196,-0.22877460718154907,0.6020971536636353,0.7558109164237976,-0.2543468177318573
76528.696,0.7366606593132019,0.9732100367546082,5.936550451224321e-07,0.6306495070457458,0.9336915016174316,-0.03975512832403183,0.530881941318512,0.7941995859146118,-0.05412105470895767,0.4747573137283325,0.6819714307785034,-0.06367512792348862,0.4266466498374939,0.5823124647140503,-0.07526816427707672,0.5808296203613281,0.5722038149833679,-0.04301948472857475,0.5362623929977417,0.41489070653915405,-0.070085808634758,0.5073153972625732,0.31164559721946716,-0.08915884792804718,0.4801394045352936,0.22013220191001892,-0.10894026607275009,0.6576697826385498,0.5645793676376343,-0.05966058373451233,0.6559200286865234,0.37662819027900696,-0.08676580339670181,0.6624866127967834,0.2584660053253174,-0.11533457785844803,0.665562629699707,0.1524319350719452,-0.1384667456150055,0.7236154675483704,0.6087732911109924,-0.0823892205953598,0.7066993713378906,0.45610448718070984,-0.1395873725414276,0.6796130537986755,0.34160515666007996,-0.19308781623840332,0.658662736415863,0.22798952460289001,-0.23165394365787506,0.7813030481338501,0.6834140419960022,-0.10474344342947006,0.7222896218299866,0.653030514717102,-0.1794007569551468,0.6699833869934082,0.7066855430603027,-0.2162141054868698,0.6330903768539429,0.7491379976272583,-0.24006782472133636
76528.746,0.7348505258560181,0.9746358394622803,8.014572472347936e-07,0.6262210011482239,0.9280099868774414,-0.04385723918676376,0.5289244055747986,0.7951247692108154,-0.06563793122768402,0.47408437728881836,0.6888853311538696,-0.08378326892852783,0.4225025773048401,0.5947123169898987,-0.10282883048057556,0.5827761292457581,0.5673360824584961,-0.05082114413380623,0.5352162718772888,0.4132697582244873,-0.08753672987222672,0.5028653740882874,0.31254875659942627,-0.11551930755376816,0.4754606783390045,0.22341075539588928,-0.14060857892036438,0.6547074913978577,0.5624414086341858,-0.06672297418117523,0.6564903259277344,0.37949326634407043,-0.10248426347970963,0.6587501764297485,0.26053643226623535,-0.1364334374666214,0.6582117080688477,0.15677142143249512,-0.16249385476112366,0.7154685258865356,0.6150283217430115,-0.08901695162057877,0.7074891328811646,0.4520236849784851,-0.14009936153888702,0.6896207332611084,0.33556264638900757,-0.18384689092636108,0.6738219857215881,0.22300729155540466,-0.21516600251197815,0.765196681022644,0.7033795118331909,-0.11304421722888947,0.7459622621536255,0.6264141798019409,-0.17321674525737762,0.723071277141571,0.5695959329605103,-0.2070920467376709,0.7032232880592346,0.5098410844802856,-0.23007547855377197
76528.777,0.7325968146324158,0.9735060930252075,7.152560783652007e-07,0.6229347586631775,0.9271810054779053,-0.04070567339658737,0.5239591002464294,0.7957918643951416,-0.061482351273298264,0.46869754791259766,0.6899018883705139,-0.07949933409690857,0.4192994236946106,0.5889818668365479,-0.09944816678762436,0.5779420137405396,0.568957507610321,-0.047766201198101044,0.5309354066848755,0.4147261381149292,-0.0833190381526947,0.5002658367156982,0.31530338525772095,-0.11087634414434433,0.4730191230773926,0.22625234723091125,-0.13629643619060516,0.6508174538612366,0.5659757852554321,-0.06668668240308762,0.6493548154830933,0.3805871307849884,-0.10148534178733826,0.6516679525375366,0.26230254769325256,-0.13736172020435333,0.6497361660003662,0.157662034034729,-0.16599522531032562,0.7126989364624023,0.6167192459106445,-0.09180823713541031,0.705872654914856,0.4508999288082123,-0.14476746320724487,0.6887056231498718,0.32915860414505005,-0.19329269230365753,0.6714611649513245,0.21379372477531433,-0.2289087176322937,0.7653346657752991,0.6987190246582031,-0.11787261813879013,0.7383124232292175,0.6247776746749878,-0.1814354807138443,0.7115800976753235,0.5786191821098328,-0.21774418652057648,0.6878646016120911,0.5309942364692688,-0.2430957555770874
76528.808,0.7344099283218384,0.9770160913467407,4.870108796239947e-07,0.6251221895217896,0.9350924491882324,-0.04007942974567413,0.5266843438148499,0.79987633228302,-0.055430009961128235,0.46883726119995117,0.6889293789863586,-0.06533852964639664,0.4180271625518799,0.5866093039512634,-0.07705516368150711,0.5800588726997375,0.5770193338394165,-0.04537767171859741,0.5350077748298645,0.41754499077796936,-0.07103249430656433,0.5038906931877136,0.31326502561569214,-0.08929236978292465,0.4741363227367401,0.22040963172912598,-0.10893351584672928,0.6555818915367126,0.5703802108764648,-0.0625687688589096,0.6523606181144714,0.3846336007118225,-0.0876854807138443,0.6535413861274719,0.2682100534439087,-0.11548802256584167,0.6509965658187866,0.1598522663116455,-0.138981431722641,0.7207878828048706,0.6164101362228394,-0.08570241183042526,0.7106031775474548,0.4534033536911011,-0.14219734072685242,0.6906553506851196,0.32944321632385254,-0.19588442146778107,0.6750268936157227,0.20569977164268494,-0.23555129766464233,0.7771978378295898,0.6933085322380066,-0.1082824096083641,0.7167044878005981,0.6600561738014221,-0.18406039476394653,0.655672550201416,0.7150439023971558,-0.22172018885612488,0.6111854314804077,0.7584309577941895,-0.24674101173877716
76528.84,0.7380783557891846,0.9764249324798584,5.559748501582362e-07,0.6282641887664795,0.9300366640090942,-0.036056775599718094,0.5282501578330994,0.7951092720031738,-0.050848279148340225,0.4702502489089966,0.6866840124130249,-0.060088250786066055,0.4239262342453003,0.5837589502334595,-0.07141513377428055,0.5811039209365845,0.5842040777206421,-0.05379617214202881,0.5377704501152039,0.42138156294822693,-0.08143538236618042,0.5070137977600098,0.3150126039981842,-0.09767409414052963,0.4803071618080139,0.2217945158481598,-0.11510203778743744,0.6594158411026001,0.578411340713501,-0.07233195751905441,0.6600103378295898,0.3893623352050781,-0.10017150640487671,0.6651895642280579,0.26955094933509827,-0.12768957018852234,0.6674623489379883,0.15841573476791382,-0.15018732845783234,0.7250149846076965,0.6208365559577942,-0.09561647474765778,0.7038673758506775,0.47656095027923584,-0.15548598766326904,0.6772744059562683,0.35648080706596375,-0.2113035023212433,0.6574214696884155,0.23658213019371033,-0.2516205906867981,0.780849277973175,0.6920388340950012,-0.11763319373130798,0.7062869668006897,0.6888426542282104,-0.19522014260292053,0.6429027318954468,0.7492918968200684,-0.23506414890289307,0.5968058705329895,0.7941473722457886,-0.2612963020801544
76528.873,0.739122211933136,0.9710473418235779,7.20338675819221e-07,0.629592776298523,0.9317917823791504,-0.037612706422805786,0.5277658700942993,0.7974689602851868,-0.051803991198539734,0.4709571301937103,0.6887801289558411,-0.06021939963102341,0.4238031804561615,0.5876966714859009,-0.07062322646379471,0.5766814947128296,0.5776844024658203,-0.05480540916323662,0.5307808518409729,0.4144960343837738,-0.08259611576795578,0.500095546245575,0.30847108364105225,-0.09728451073169708,0.4764025807380676,0.2131582796573639,-0.11379178613424301,0.6547908782958984,0.5672836303710938,-0.0715540274977684,0.6588934063911438,0.3761097192764282,-0.1011851355433464,0.6698750853538513,0.2553042769432068,-0.1278010904788971,0.6793808937072754,0.14542919397354126,-0.1487378031015396,0.7208940982818604,0.6072119474411011,-0.09316912293434143,0.6968218088150024,0.47634947299957275,-0.154861181974411,0.6634657382965088,0.3713028132915497,-0.20963585376739502,0.63978511095047,0.2649638056755066,-0.24845437705516815,0.7763115167617798,0.6781608462333679,-0.11378027498722076,0.7025953531265259,0.695654034614563,-0.19246186316013336,0.6397327184677124,0.7684512734413147,-0.23252472281455994,0.5955135226249695,0.8189717531204224,-0.25864771008491516
76528.904,0.7439447045326233,0.9729759693145752,7.037017439870397e-07,0.6302557587623596,0.9332030415534973,-0.038161393254995346,0.5260451436042786,0.7968292832374573,-0.05268710479140282,0.4667246639728546,0.6850510239601135,-0.06133423373103142,0.4189440608024597,0.5794602036476135,-0.07192843407392502,0.5747807621955872,0.5790954232215881,-0.05479509383440018,0.531269907951355,0.4152207672595978,-0.0823730006814003,0.49943864345550537,0.3098698854446411,-0.09716412425041199,0.47352397441864014,0.21505287289619446,-0.11409926414489746,0.6542888879776001,0.5713105797767639,-0.07180958241224289,0.660801351070404,0.3830365836620331,-0.10309552401304245,0.6730979084968567,0.26027795672416687,-0.13139469921588898,0.6822828650474548,0.14593368768692017,-0.15387682616710663,0.7202929854393005,0.6123560667037964,-0.09383329749107361,0.6970465779304504,0.4778653085231781,-0.15870355069637299,0.6652308106422424,0.37137728929519653,-0.21588020026683807,0.6403533816337585,0.26198139786720276,-0.2561049461364746,0.7750568985939026,0.6834152936935425,-0.11461222916841507,0.7009163498878479,0.696361243724823,-0.19652773439884186,0.6372015476226807,0.7714495658874512,-0.2386704385280609,0.5904418230056763,0.823672354221344,-0.26627761125564575
76528.937,0.7420628666877747,0.9749585390090942,6.769105880266579e-07,0.6283896565437317,0.9343579411506653,-0.03797022998332977,0.5236221551895142,0.7985714673995972,-0.0531424805521965,0.46381276845932007,0.6871142387390137,-0.06264252215623856,0.41631150245666504,0.5806702375411987,-0.07399878650903702,0.5760515332221985,0.5826507806777954,-0.05431869626045227,0.5310182571411133,0.4202732443809509,-0.08196675777435303,0.4996856451034546,0.31573736667633057,-0.0972767174243927,0.47477370500564575,0.22167333960533142,-0.1145092323422432,0.655139148235321,0.5741851925849915,-0.0717470645904541,0.6574304103851318,0.3861004412174225,-0.10213170945644379,0.6669179797172546,0.2624213397502899,-0.13006559014320374,0.6733637452125549,0.14743342995643616,-0.15266580879688263,0.7207139730453491,0.6146913766860962,-0.09424591064453125,0.6948831081390381,0.48177260160446167,-0.15797755122184753,0.6617129445075989,0.373269259929657,-0.21466204524040222,0.6342192888259888,0.26343369483947754,-0.25500842928886414,0.7757396697998047,0.6858022809028625,-0.1155971959233284,0.7019713521003723,0.7010641694068909,-0.19648756086826324,0.6384961605072021,0.7773756980895996,-0.23794186115264893,0.5902031064033508,0.8324205279350281,-0.2654394209384918
76528.968,0.741763710975647,0.9746953248977661,7.018076644271787e-07,0.6284035444259644,0.9354954957962036,-0.03956642001867294,0.5238580703735352,0.8012624979019165,-0.054767489433288574,0.46419936418533325,0.6907651424407959,-0.06396900862455368,0.4184848368167877,0.5840505361557007,-0.07489243149757385,0.5733574032783508,0.5831888914108276,-0.054248739033937454,0.528561532497406,0.42191722989082336,-0.08207080513238907,0.4968084990978241,0.3175927996635437,-0.09734973311424255,0.47109532356262207,0.22365045547485352,-0.11436595022678375,0.6523945927619934,0.5726313591003418,-0.07024747878313065,0.6552264094352722,0.38586193323135376,-0.10065720975399017,0.6647501587867737,0.26324549317359924,-0.12860707938671112,0.6715587973594666,0.14919447898864746,-0.1509038507938385,0.7183403372764587,0.6119526028633118,-0.09141089022159576,0.6932427883148193,0.48377323150634766,-0.15503543615341187,0.6585582494735718,0.38026362657546997,-0.21124190092086792,0.6306655406951904,0.27487942576408386,-0.250806599855423,0.7732955813407898,0.6821674108505249,-0.11162465065717697,0.6999161243438721,0.7007787823677063,-0.19215409457683563,0.6379280090332031,0.7780145406723022,-0.23321233689785004,0.5919731855392456,0.8329124450683594,-0.2599985897541046
76529.0,0.7413292527198792,0.9757711887359619,6.988715313127614e-07,0.6277861595153809,0.9359275102615356,-0.03818958252668381,0.5234648585319519,0.8024789690971375,-0.05243266373872757,0.46467483043670654,0.6928130388259888,-0.0612478069961071,0.41879764199256897,0.5884326696395874,-0.07163780182600021,0.5747758746147156,0.5821331143379211,-0.051779791712760925,0.5292546153068542,0.42123812437057495,-0.07921213656663895,0.4972701370716095,0.3167400658130646,-0.09499216824769974,0.47163182497024536,0.22300824522972107,-0.11244185268878937,0.6533399224281311,0.5725934505462646,-0.06852364540100098,0.6565850377082825,0.3861117660999298,-0.09830490499734879,0.6654672026634216,0.26370611786842346,-0.126289501786232,0.6709426641464233,0.15071257948875427,-0.14882558584213257,0.7186083197593689,0.6127574443817139,-0.09047923982143402,0.6945369839668274,0.48248910903930664,-0.15222273766994476,0.6590346097946167,0.38004070520401,-0.20746178925037384,0.6295798420906067,0.276933878660202,-0.24669460952281952,0.7726131081581116,0.6837232708930969,-0.11162903159856796,0.7007531523704529,0.6994136571884155,-0.18983443081378937,0.637031078338623,0.7735392451286316,-0.23032794892787933,0.5888726711273193,0.8261425495147705,-0.2570981979370117
76529.031,0.7415213584899902,0.9769681692123413,6.896270292600093e-07,0.6285738348960876,0.9365764856338501,-0.03951096162199974,0.5236203074455261,0.8026326298713684,-0.054880812764167786,0.4638793468475342,0.69191575050354,-0.06439930200576782,0.4178538918495178,0.58473801612854,-0.07552666962146759,0.5730500817298889,0.5840137600898743,-0.0536692850291729,0.5288453102111816,0.4218111038208008,-0.08150897175073624,0.4970056414604187,0.31701990962028503,-0.09740441292524338,0.471184104681015,0.22295105457305908,-0.11492043733596802,0.652047336101532,0.5743551254272461,-0.0698082447052002,0.65431147813797,0.3892744481563568,-0.09992732852697372,0.662620484828949,0.26730605959892273,-0.12833157181739807,0.6681660413742065,0.15351071953773499,-0.15125517547130585,0.7178473472595215,0.613858699798584,-0.09113651514053345,0.6929556727409363,0.485665500164032,-0.15363138914108276,0.6585977077484131,0.3825565278530121,-0.20925234258174896,0.6305975914001465,0.2777516841888428,-0.2487921118736267,0.772728681564331,0.6838981509208679,-0.11166743189096451,0.699090301990509,0.7016217708587646,-0.19098691642284393,0.6363431811332703,0.7768837213516235,-0.23171155154705048,0.5895141959190369,0.8302075862884521,-0.2585045099258423
76529.065,0.7428277134895325,0.9759253263473511,6.889070505167183e-07,0.6289075613021851,0.937369704246521,-0.038183342665433884,0.5241038799285889,0.8021049499511719,-0.05224039778113365,0.4655505418777466,0.6905844211578369,-0.06071441248059273,0.41944557428359985,0.5853922963142395,-0.07093998789787292,0.5744474530220032,0.5826373100280762,-0.051817215979099274,0.5288386940956116,0.420948326587677,-0.07887475937604904,0.4967775046825409,0.3163066804409027,-0.09405580908060074,0.4712405204772949,0.2228512167930603,-0.1110999807715416,0.6533337235450745,0.5716701149940491,-0.0685412734746933,0.6550012230873108,0.38505077362060547,-0.09804360568523407,0.6634557843208313,0.26314008235931396,-0.12590031325817108,0.6692046523094177,0.1507529318332672,-0.14831894636154175,0.7187613844871521,0.6109204888343811,-0.09042790532112122,0.6932536363601685,0.4820948839187622,-0.1526748538017273,0.6577652096748352,0.3797459900379181,-0.2086920440196991,0.6285971403121948,0.27661216259002686,-0.2484399676322937,0.772770881652832,0.681093692779541,-0.1113954707980156,0.6998700499534607,0.7009554505348206,-0.19091077148914337,0.6370722055435181,0.7765001654624939,-0.23240062594413757,0.5897822380065918,0.829789936542511,-0.25970643758773804
76529.097,0.7458635568618774,0.9771717190742493,6.607340878872492e-07,0.6320669054985046,0.9384788274765015,-0.037097349762916565,0.5261157751083374,0.8021608591079712,-0.05032733827829361,0.4665016531944275,0.6907032132148743,-0.057848647236824036,0.42242538928985596,0.5845573544502258,-0.06714995950460434,0.5773689150810242,0.5824860334396362,-0.049610644578933716,0.5315631031990051,0.42016857862472534,-0.0748903676867485,0.5000628232955933,0.31475430727005005,-0.08848606050014496,0.4750956892967224,0.22166576981544495,-0.1043926402926445,0.6563675403594971,0.5715116262435913,-0.06625920534133911,0.6575520038604736,0.3840988278388977,-0.0942029133439064,0.6660167574882507,0.26231348514556885,-0.12063807994127274,0.6722871661186218,0.15012505650520325,-0.14193132519721985,0.7218089699745178,0.6101389527320862,-0.08801643550395966,0.6953533887863159,0.47972381114959717,-0.14970499277114868,0.6605899333953857,0.3742339313030243,-0.20559483766555786,0.6334386467933655,0.2693342864513397,-0.24518217146396637,0.7753031253814697,0.6797370910644531,-0.10868395864963531,0.6988315582275391,0.7000542283058167,-0.1885494589805603,0.6383079886436462,0.777363121509552,-0.23007164895534515,0.5948951840400696,0.8325788974761963,-0.257198303937912
76529.129,0.7471436262130737,0.9772422313690186,6.655410516032134e-07,0.6335826516151428,0.937670111656189,-0.03779983147978783,0.5286505818367004,0.8003895282745361,-0.05086091160774231,0.4681679606437683,0.689208984375,-0.05816258117556572,0.42208564281463623,0.5825372934341431,-0.06711941957473755,0.5792250633239746,0.5808360576629639,-0.048961736261844635,0.5334511399269104,0.41892004013061523,-0.07443812489509583,0.5018221735954285,0.31376248598098755,-0.08812252432107925,0.4768999516963959,0.22064602375030518,-0.10396546125411987,0.6579250693321228,0.5687055587768555,-0.0651862770318985,0.6588723063468933,0.3808143436908722,-0.09304260462522507,0.6671662330627441,0.2587256133556366,-0.11953596770763397,0.6739914417266846,0.14635485410690308,-0.1407632678747177,0.7236831188201904,0.6065106391906738,-0.08673342317342758,0.697494626045227,0.4787153899669647,-0.14825719594955444,0.6622918248176575,0.37424203753471375,-0.2042631208896637,0.6358887553215027,0.2695925831794739,-0.24382536113262177,0.7776113748550415,0.6752781271934509,-0.10735903680324554,0.7011724710464478,0.6968746781349182,-0.1872839331626892,0.640044093132019,0.7750028967857361,-0.22913405299186707,0.5974040627479553,0.8301161527633667,-0.2563585042953491
76529.176,0.7494813203811646,0.9757680892944336,6.567270247614942e-07,0.6347854137420654,0.9374710321426392,-0.04225391522049904,0.5305678844451904,0.8006953597068787,-0.05709010362625122,0.4705490171909332,0.6887139678001404,-0.06530106067657471,0.42484432458877563,0.5777302384376526,-0.07486389577388763,0.5803686380386353,0.5794579386711121,-0.04984237998723984,0.536902129650116,0.41853082180023193,-0.07591516524553299,0.5055925846099854,0.3136935532093048,-0.09074077755212784,0.4805014729499817,0.22055253386497498,-0.10754796117544174,0.6599205136299133,0.5672860741615295,-0.06400474160909653,0.662143886089325,0.3810696005821228,-0.09290019422769547,0.6697621941566467,0.2606489360332489,-0.12073789536952972,0.6760427355766296,0.14882585406303406,-0.14296410977840424,0.7264686822891235,0.6033731698989868,-0.08402182906866074,0.7016444206237793,0.47227713465690613,-0.1471066027879715,0.6667819619178772,0.36699897050857544,-0.20358212292194366,0.6417719125747681,0.2594161033630371,-0.24332113564014435,0.7820744514465332,0.668779730796814,-0.10344327241182327,0.7057688236236572,0.6856226921081543,-0.18527433276176453,0.6459213495254517,0.7644324898719788,-0.22741155326366425,0.6060770153999329,0.8194676637649536,-0.2545403242111206
76529.209,0.743658185005188,0.9752004742622375,6.356377753036213e-07,0.6316715478897095,0.9298964142799377,-0.03664577752351761,0.530815601348877,0.7938583493232727,-0.05062398687005043,0.4714898467063904,0.6844667196273804,-0.05942747741937637,0.424005389213562,0.5764265656471252,-0.0697469413280487,0.5830612778663635,0.5778738856315613,-0.04762649163603783,0.5386969447135925,0.4152151942253113,-0.07312668859958649,0.5077630877494812,0.3104095458984375,-0.08681683242321014,0.48161450028419495,0.21824198961257935,-0.10265267640352249,0.6610831618309021,0.5675483345985413,-0.06505151093006134,0.6630609035491943,0.3776744604110718,-0.09149060398340225,0.6707330942153931,0.25829383730888367,-0.11723233759403229,0.6753372550010681,0.14806661009788513,-0.13826757669448853,0.7273796200752258,0.6071337461471558,-0.08782359957695007,0.7043681740760803,0.4701809287071228,-0.1473167985677719,0.6706607937812805,0.3641652762889862,-0.20194697380065918,0.643696665763855,0.2568916380405426,-0.24107593297958374,0.7847331762313843,0.6768367290496826,-0.10958129167556763,0.7114257216453552,0.687412679195404,-0.1879563331604004,0.6513113379478455,0.7573084831237793,-0.22870711982250214,0.6076563596725464,0.8060089349746704,-0.25532373785972595
76529.241,0.7450017929077148,0.9780125617980957,5.699316147911304e-07,0.6351390480995178,0.9347798824310303,-0.038262464106082916,0.5337477326393127,0.7967893481254578,-0.05292306840419769,0.47499096393585205,0.6849511861801147,-0.06214597076177597,0.42637476325035095,0.5821051597595215,-0.0731353610754013,0.5856209993362427,0.5821122527122498,-0.04931832104921341,0.5382556915283203,0.4209907650947571,-0.07694759219884872,0.5067521929740906,0.3156413435935974,-0.09403993934392929,0.47890764474868774,0.2222898304462433,-0.11224298179149628,0.6623102426528931,0.5725558996200562,-0.06652197241783142,0.6604329347610474,0.38037633895874023,-0.09337251633405685,0.66490638256073,0.2621709704399109,-0.12044522911310196,0.667141318321228,0.15429717302322388,-0.1428023725748062,0.7281791567802429,0.6123319268226624,-0.0891919955611229,0.7111033797264099,0.4606136083602905,-0.1472906619310379,0.6791506409645081,0.34743645787239075,-0.2012919932603836,0.6542564034461975,0.23479530215263367,-0.24044762551784515,0.7864335179328918,0.682072103023529,-0.11109962314367294,0.7224578857421875,0.6654177904129028,-0.18646764755249023,0.6625633835792542,0.72743821144104,-0.2242504209280014,0.6186947226524353,0.7740427851676941,-0.24914954602718353
76529.273,0.7294268608093262,0.9726691842079163,9.115871648646134e-07,0.6200066804885864,0.915744423866272,-0.0411393940448761,0.5281915664672852,0.7875904440879822,-0.06440240144729614,0.47448310256004333,0.6826028823852539,-0.08464393764734268,0.42372703552246094,0.5874260067939758,-0.10581059008836746,0.5812965035438538,0.5674372315406799,-0.049896154552698135,0.5363401770591736,0.4111599326133728,-0.08928938955068588,0.5048649907112122,0.3106650114059448,-0.11853159219026566,0.4771612286567688,0.22270670533180237,-0.1430068016052246,0.651949942111969,0.562415361404419,-0.0650230422616005,0.6546470522880554,0.37566372752189636,-0.10161805897951126,0.6570039391517639,0.25302645564079285,-0.13375869393348694,0.6574057936668396,0.14802175760269165,-0.15789027512073517,0.7138851284980774,0.6090229153633118,-0.08618485927581787,0.710019588470459,0.44186702370643616,-0.13381938636302948,0.6965683698654175,0.3286285698413849,-0.17076705396175385,0.6819153428077698,0.21806728839874268,-0.19758732616901398,0.7692741751670837,0.6918846368789673,-0.10923302918672562,0.7852578163146973,0.6063137054443359,-0.1628541201353073,0.7883853912353516,0.5406082272529602,-0.19052524864673615,0.78791344165802,0.4712192118167877,-0.20911875367164612
76529.305,0.736660897731781,0.9675357341766357,9.454056453250814e-07,0.6216781735420227,0.9135372042655945,-0.04623948410153389,0.5295155048370361,0.7887215614318848,-0.07654451578855515,0.47587355971336365,0.6870125532150269,-0.10348319262266159,0.4200781583786011,0.5902005434036255,-0.13336332142353058,0.5799579620361328,0.5700275301933289,-0.07239601761102676,0.5318780541419983,0.416151762008667,-0.12164442241191864,0.4991188943386078,0.3161216974258423,-0.15748368203639984,0.47062140703201294,0.22482922673225403,-0.18800491094589233,0.6509146094322205,0.5658250451087952,-0.09163833409547806,0.6476921439170837,0.3787819445133209,-0.14201423525810242,0.6498343348503113,0.25474587082862854,-0.18431058526039124,0.6507938504219055,0.14492246508598328,-0.21671746671199799,0.7118420004844666,0.6159353852272034,-0.11665366590023041,0.710360586643219,0.43715012073516846,-0.1803458034992218,0.6997852325439453,0.32068151235580444,-0.23060007393360138,0.6916861534118652,0.2063426375389099,-0.26654350757598877,0.765845000743866,0.7026972770690918,-0.14295054972171783,0.7875708341598511,0.6083635091781616,-0.21504028141498566,0.8034712076187134,0.5321879982948303,-0.25812721252441406,0.8202303051948547,0.45075881481170654,-0.28778690099716187
76529.336,0.7385958433151245,0.9705698490142822,9.071125077753095e-07,0.6258230209350586,0.9195833206176758,-0.043426357209682465,0.5323954224586487,0.789073646068573,-0.06762895733118057,0.4782174825668335,0.6818337440490723,-0.08817677944898605,0.42659512162208557,0.5815831422805786,-0.11102145910263062,0.5814002156257629,0.5700897574424744,-0.05913076177239418,0.5325109362602234,0.4169626235961914,-0.10130642354488373,0.5001940131187439,0.3164511024951935,-0.13226337730884552,0.47286367416381836,0.22564375400543213,-0.15920454263687134,0.6484018564224243,0.5651311278343201,-0.07637075334787369,0.6477572917938232,0.3784618675708771,-0.11952242255210876,0.6503756046295166,0.2556753158569336,-0.1571662575006485,0.6525382995605469,0.14947661757469177,-0.185611292719841,0.7056323289871216,0.6139702200889587,-0.09939631819725037,0.7083167433738708,0.44071057438850403,-0.1570303738117218,0.7005051970481873,0.32153651118278503,-0.20367147028446198,0.6944569945335388,0.20536744594573975,-0.23692891001701355,0.755302906036377,0.6989009380340576,-0.12362971901893616,0.7705748081207275,0.6130704283714294,-0.18997375667095184,0.7846022248268127,0.544463574886322,-0.22785170376300812,0.8002231121063232,0.47057634592056274,-0.25336816906929016
76529.37,0.736995279788971,0.976231038570404,6.638947525061667e-07,0.6272947192192078,0.9262375235557556,-0.036725789308547974,0.5320644378662109,0.7905317544937134,-0.055018410086631775,0.476370632648468,0.6803747415542603,-0.0695805773139,0.4253600239753723,0.5805561542510986,-0.08713794499635696,0.5870159864425659,0.5722103118896484,-0.052590511739254,0.5387906432151794,0.41423916816711426,-0.08663049340248108,0.5071567893028259,0.3113333582878113,-0.11126761883497238,0.4769716262817383,0.22108107805252075,-0.134818434715271,0.6615024209022522,0.5718632340431213,-0.07366766035556793,0.6672093272209167,0.382931649684906,-0.10639030486345291,0.6729236245155334,0.26149284839630127,-0.13932915031909943,0.6720496416091919,0.15308234095573425,-0.16629162430763245,0.7213795185089111,0.6269359588623047,-0.09984970837831497,0.7255972623825073,0.4615182876586914,-0.1560717225074768,0.7135702967643738,0.33187973499298096,-0.20922768115997314,0.6971155405044556,0.20845863223075867,-0.24919016659259796,0.7702819108963013,0.7155671119689941,-0.1253984421491623,0.746713399887085,0.6745590567588806,-0.19645801186561584,0.7153151035308838,0.6797382831573486,-0.2343657910823822,0.6840799450874329,0.678215742111206,-0.26061511039733887
76529.403,0.7471511960029602,0.9748417139053345,6.084438268771919e-07,0.6359056830406189,0.9339665174484253,-0.03800183907151222,0.5321680307388306,0.7979981303215027,-0.052653998136520386,0.47332221269607544,0.6837016940116882,-0.061470307409763336,0.4265035390853882,0.5764110088348389,-0.07183989882469177,0.5870628356933594,0.5837487578392029,-0.053226158022880554,0.5352194309234619,0.41928616166114807,-0.0798719972372055,0.5037134885787964,0.3136358857154846,-0.09377998858690262,0.4760782718658447,0.21965289115905762,-0.10917603969573975,0.6672335267066956,0.5751596093177795,-0.07075164467096329,0.6668084263801575,0.37939557433128357,-0.09808627516031265,0.6764106154441833,0.2559765577316284,-0.12359542399644852,0.6830167174339294,0.14298132061958313,-0.14363610744476318,0.7343384027481079,0.6186303496360779,-0.09333057701587677,0.7119396924972534,0.48201653361320496,-0.15341976284980774,0.6874749064445496,0.3650677800178528,-0.208565816283226,0.6687337756156921,0.24798429012298584,-0.24749642610549927,0.7906510829925537,0.6917111873626709,-0.11488333344459534,0.7214540243148804,0.6929876804351807,-0.19226424396038055,0.6595386266708374,0.7599220871925354,-0.2307867705821991,0.6122095584869385,0.8116133213043213,-0.2555985748767853
76529.432,0.7458279728889465,0.971108078956604,7.732971880614059e-07,0.6381874680519104,0.9328798055648804,-0.04083956778049469,0.5339534282684326,0.8023689985275269,-0.05842125415802002,0.4778251051902771,0.6889750361442566,-0.07096931338310242,0.43193352222442627,0.5821090936660767,-0.08429530262947083,0.5838877558708191,0.5932295918464661,-0.05797579884529114,0.5300570726394653,0.424482136964798,-0.08930914849042892,0.4998833239078522,0.31991812586784363,-0.1038435623049736,0.473821759223938,0.2247595489025116,-0.11863302439451218,0.6636509895324707,0.5773041248321533,-0.07371069490909576,0.6591708660125732,0.37495383620262146,-0.10432028025388718,0.6672651171684265,0.24977296590805054,-0.1297907829284668,0.6727900505065918,0.13707131147384644,-0.14872999489307404,0.7339349985122681,0.6147644519805908,-0.09438898414373398,0.7012037634849548,0.5060061812400818,-0.15403231978416443,0.6553747653961182,0.42223280668258667,-0.2042272835969925,0.6181109547615051,0.335195928812027,-0.23824961483478546,0.7970868945121765,0.6846333742141724,-0.11479687690734863,0.725601077079773,0.7043828368186951,-0.1868838667869568,0.6670951247215271,0.7713652849197388,-0.22039158642292023,0.6214072704315186,0.8196359872817993,-0.24132545292377472
76529.466,0.7396473288536072,0.974621057510376,8.514389833180758e-07,0.6340500712394714,0.930915355682373,-0.0454673245549202,0.5334676504135132,0.8081183433532715,-0.0734592154622078,0.4738273620605469,0.6989323496818542,-0.09725597500801086,0.4267164170742035,0.5913901925086975,-0.12209166586399078,0.5859441757202148,0.5899190902709961,-0.07110606133937836,0.5324392318725586,0.42598485946655273,-0.11607802659273148,0.49972885847091675,0.32290932536125183,-0.14475461840629578,0.46818873286247253,0.23291391134262085,-0.1688397079706192,0.6635180115699768,0.5845264196395874,-0.08905269205570221,0.6556540131568909,0.38476860523223877,-0.13220259547233582,0.6576711535453796,0.2624785602092743,-0.16512349247932434,0.6549294590950012,0.15686237812042236,-0.1892831176519394,0.7319628596305847,0.634941577911377,-0.11225149035453796,0.7144119143486023,0.503132700920105,-0.17417198419570923,0.6850692629814148,0.41553205251693726,-0.21763895452022552,0.6535711884498596,0.32867732644081116,-0.24718119204044342,0.7942341566085815,0.7205808162689209,-0.13620257377624512,0.7760553359985352,0.6768033504486084,-0.20431236922740936,0.7531748414039612,0.6901472806930542,-0.23194001615047455,0.7248616218566895,0.7005153894424438,-0.24891060590744019
76529.497,0.7260720133781433,0.9795361757278442,1.0255578217766015e-06,0.6220808029174805,0.9262713193893433,-0.047052472829818726,0.529280960559845,0.8165793418884277,-0.08209287375211716,0.468683660030365,0.7301477193832397,-0.1137973964214325,0.41263899207115173,0.6397881507873535,-0.14730027318000793,0.5777722001075745,0.5856663584709167,-0.07799141854047775,0.5253908634185791,0.4292333722114563,-0.13211806118488312,0.4884304404258728,0.33491840958595276,-0.16877439618110657,0.45436543226242065,0.24807307124137878,-0.19628174602985382,0.6521248817443848,0.5801527500152588,-0.09542221575975418,0.6469832062721252,0.3868415057659149,-0.14840078353881836,0.6400536298751831,0.2592717409133911,-0.18842709064483643,0.6296890377998352,0.14866715669631958,-0.21628409624099731,0.7204247713088989,0.6279193162918091,-0.1183340921998024,0.7147138118743896,0.4641956090927124,-0.18220491707324982,0.695473313331604,0.35653674602508545,-0.22521501779556274,0.6751573085784912,0.2506062388420105,-0.2525411546230316,0.7833644151687622,0.7114822268486023,-0.14254747331142426,0.8136355876922607,0.6017113924026489,-0.2063319981098175,0.832751452922821,0.5206798911094666,-0.2379058450460434,0.8470498919487,0.43751978874206543,-0.2574312090873718
76529.529,0.727295994758606,0.9779916405677795,1.077203933164128e-06,0.6215829849243164,0.9341496825218201,-0.05820315331220627,0.5238520503044128,0.8282180428504944,-0.09597818553447723,0.45010513067245483,0.7419804930686951,-0.12847290933132172,0.38189640641212463,0.665161669254303,-0.16124989092350006,0.5763757228851318,0.5871298909187317,-0.07073131948709488,0.522968053817749,0.43545714020729065,-0.12089172005653381,0.48430562019348145,0.33996984362602234,-0.15760745108127594,0.44964468479156494,0.253476619720459,-0.1853405386209488,0.6497080326080322,0.5710474848747253,-0.08056072890758514,0.6339719295501709,0.37895768880844116,-0.12672841548919678,0.6236802935600281,0.2521592378616333,-0.16216304898262024,0.6129685640335083,0.14276936650276184,-0.18732120096683502,0.7203121185302734,0.605830192565918,-0.09813109040260315,0.7107280492782593,0.42998871207237244,-0.15607139468193054,0.6927122473716736,0.31699270009994507,-0.1957169771194458,0.6739214062690735,0.20698612928390503,-0.22155092656612396,0.790438711643219,0.6772671341896057,-0.11888102442026138,0.8377971649169922,0.5602099299430847,-0.177310049533844,0.8670544624328613,0.47135239839553833,-0.2081381231546402,0.888589084148407,0.3805321156978607,-0.227887824177742
76529.561,0.7358174324035645,0.9781513810157776,1.0553385436651297e-06,0.6272867918014526,0.9418830871582031,-0.060844529420137405,0.5240665078163147,0.8375728726387024,-0.09749488532543182,0.44212737679481506,0.7512463331222534,-0.1287241280078888,0.3657105565071106,0.6843730211257935,-0.16011929512023926,0.5792766213417053,0.5896350145339966,-0.06856715679168701,0.523815929889679,0.4362410008907318,-0.11486495286226273,0.48708924651145935,0.33760955929756165,-0.14993010461330414,0.45626574754714966,0.24911344051361084,-0.17748525738716125,0.6536866426467896,0.5661918520927429,-0.07618644833564758,0.6332077383995056,0.3768724799156189,-0.11880649626255035,0.6217299103736877,0.24981915950775146,-0.15303853154182434,0.6108282208442688,0.14060407876968384,-0.17869555950164795,0.7274240851402283,0.5919157266616821,-0.09203869849443436,0.715575098991394,0.41196078062057495,-0.14788910746574402,0.6990047693252563,0.29684391617774963,-0.18844033777713776,0.6811985969543457,0.18733569979667664,-0.2161325365304947,0.8011797666549683,0.65552818775177,-0.1116500273346901,0.8569272756576538,0.5359165668487549,-0.1701025366783142,0.8919842839241028,0.4477638602256775,-0.2035267949104309,0.9183391332626343,0.35975968837738037,-0.22578001022338867
76529.609,0.7358943223953247,0.9774863719940186,1.1314691619190853e-06,0.6301179528236389,0.939193606376648,-0.061136700212955475,0.5311915278434753,0.8418513536453247,-0.10101640969514847,0.4466060400009155,0.7688431143760681,-0.13597095012664795,0.3659678101539612,0.7174641489982605,-0.1716383546590805,0.5808130502700806,0.5869407653808594,-0.07250463217496872,0.5255221128463745,0.43139636516571045,-0.119986891746521,0.48963797092437744,0.3312382102012634,-0.15610335767269135,0.4604840874671936,0.24210712313652039,-0.18425163626670837,0.655071496963501,0.5650138854980469,-0.0809013620018959,0.6365218758583069,0.3773065507411957,-0.12514141201972961,0.6260120868682861,0.24933010339736938,-0.16090163588523865,0.6165516972541809,0.13938260078430176,-0.18776074051856995,0.7290027141571045,0.5899526476860046,-0.09729467332363129,0.7206203937530518,0.4098176062107086,-0.15409205853939056,0.7052088379859924,0.2940131425857544,-0.1959599405527115,0.6885553598403931,0.18369176983833313,-0.2246835082769394,0.8026392459869385,0.6521354913711548,-0.11743228882551193,0.8618662357330322,0.5294686555862427,-0.1761181801557541,0.8989033699035645,0.4407848119735718,-0.20965757966041565,0.9267741441726685,0.35280314087867737,-0.23213423788547516
76529.641,0.7399678826332092,0.9737458229064941,1.1604640803852817e-06,0.6375356912612915,0.9399924278259277,-0.06071825698018074,0.5385755300521851,0.8447177410125732,-0.10042347013950348,0.45320552587509155,0.7723172903060913,-0.135334312915802,0.37064364552497864,0.7327906489372253,-0.17137356102466583,0.5809340476989746,0.5893006920814514,-0.07284093648195267,0.5254805684089661,0.4347493648529053,-0.1194014921784401,0.4903222918510437,0.3316844403743744,-0.15459442138671875,0.46202802658081055,0.24114930629730225,-0.18226516246795654,0.6549151539802551,0.5658754706382751,-0.08079489320516586,0.6355213522911072,0.37846940755844116,-0.1235644668340683,0.6261289715766907,0.25114989280700684,-0.15740299224853516,0.6180658340454102,0.14167094230651855,-0.1830192655324936,0.7290611863136292,0.5891444087028503,-0.0966137945652008,0.7178099155426025,0.4107620120048523,-0.15219751000404358,0.7010011076927185,0.2941727936267853,-0.19344089925289154,0.6841455101966858,0.18487942218780518,-0.2219049334526062,0.8025376796722412,0.6490823030471802,-0.11620474606752396,0.8608630299568176,0.5272334814071655,-0.1733243614435196,0.8987541198730469,0.4389909505844116,-0.20641176402568817,0.928078293800354,0.3526177406311035,-0.22894287109375
76529.673,0.7390475869178772,0.9713091850280762,1.1475996188892168e-06,0.6425818800926208,0.9415560960769653,-0.06143544241786003,0.554002046585083,0.8498047590255737,-0.100531667470932,0.49190932512283325,0.7759156823158264,-0.13417541980743408,0.4288216829299927,0.7182843685150146,-0.1684226542711258,0.5803223848342896,0.5902649760246277,-0.07640982419252396,0.5266385078430176,0.433601051568985,-0.12435543537139893,0.4917200207710266,0.33087071776390076,-0.16001741588115692,0.4632950723171234,0.24081146717071533,-0.18734760582447052,0.6553211212158203,0.5657305717468262,-0.08363161236047745,0.6362786293029785,0.37646400928497314,-0.12735533714294434,0.6268516182899475,0.250007301568985,-0.16286709904670715,0.6183085441589355,0.1404847502708435,-0.18952800333499908,0.7281255125999451,0.588474690914154,-0.0983780175447464,0.7187350988388062,0.4090464413166046,-0.15344151854515076,0.7034549713134766,0.2935382127761841,-0.1955922394990921,0.6874504089355469,0.18481191992759705,-0.22486034035682678,0.7996875047683716,0.6496353149414062,-0.11686909943819046,0.8576983213424683,0.5274025797843933,-0.1740683764219284,0.8960355520248413,0.43960171937942505,-0.2075439989566803,0.9252965450286865,0.3525558412075043,-0.2300940304994583
76529.705,0.7213772535324097,0.9762049913406372,1.2290855693208869e-06,0.6347454786300659,0.9478185176849365,-0.0665324404835701,0.5499119758605957,0.8673079609870911,-0.114881731569767,0.5073950290679932,0.7905940413475037,-0.15761755406856537,0.5414817929267883,0.7456637620925903,-0.2011575847864151,0.5739631652832031,0.5886083245277405,-0.08422619849443436,0.524486780166626,0.4348565638065338,-0.1342948079109192,0.4879758358001709,0.3322710394859314,-0.17279388010501862,0.4582784175872803,0.2429032325744629,-0.20348426699638367,0.6513592004776001,0.565313994884491,-0.09050149470567703,0.6341080069541931,0.3767545223236084,-0.13485676050186157,0.6242542266845703,0.25269392132759094,-0.16962890326976776,0.6156238913536072,0.14294219017028809,-0.19575147330760956,0.7266250252723694,0.591257631778717,-0.10405683517456055,0.7164608836174011,0.41193506121635437,-0.15729296207427979,0.702136754989624,0.2924520969390869,-0.1970740407705307,0.6880629062652588,0.18325501680374146,-0.22496552765369415,0.797917366027832,0.6577004194259644,-0.12213856726884842,0.8514044284820557,0.5338109731674194,-0.17596665024757385,0.8904828429222107,0.4456031918525696,-0.2064836621284485,0.9219727516174316,0.35957735776901245,-0.2272299826145172
76529.737,0.7258068323135376,0.9804075956344604,1.1435454325692263e-06,0.6378733515739441,0.9516407251358032,-0.06776067614555359,0.5459874868392944,0.8707672357559204,-0.11566519737243652,0.5154520273208618,0.7836742997169495,-0.15754680335521698,0.5818390846252441,0.7292835116386414,-0.19929830729961395,0.5756756067276001,0.5901352763175964,-0.08532922714948654,0.5220166444778442,0.4345378279685974,-0.1363801658153534,0.48562878370285034,0.3305702805519104,-0.17452561855316162,0.45788419246673584,0.23943999409675598,-0.2044500708580017,0.6523582935333252,0.5662997961044312,-0.09002254158258438,0.6332495212554932,0.3773316740989685,-0.1339983493089676,0.6224551796913147,0.2542564570903778,-0.1667652428150177,0.6125777363777161,0.14412888884544373,-0.19079600274562836,0.7279770374298096,0.5923143029212952,-0.1023034155368805,0.717240571975708,0.4147682189941406,-0.15485408902168274,0.703421413898468,0.2958935797214508,-0.1925969272851944,0.6890128254890442,0.18643280863761902,-0.21814703941345215,0.8002644777297974,0.6577738523483276,-0.11941603571176529,0.851955771446228,0.5316933393478394,-0.1719662994146347,0.8908940553665161,0.4438931345939636,-0.20094911754131317,0.9221968650817871,0.3579216003417969,-0.219996839761734
76529.769,0.7258822321891785,0.9795424342155457,1.1206846011191374e-06,0.6385270357131958,0.9513276815414429,-0.0627451241016388,0.5447652339935303,0.866945743560791,-0.10691408067941666,0.5160257816314697,0.7735052108764648,-0.14578957855701447,0.5835853219032288,0.7240784764289856,-0.18509556353092194,0.577340841293335,0.5875610113143921,-0.08048967272043228,0.5242265462875366,0.4322303533554077,-0.1277938038110733,0.4882522225379944,0.32842573523521423,-0.16342584788799286,0.4605609178543091,0.23818475008010864,-0.19224685430526733,0.6547539830207825,0.5638967156410217,-0.08683595806360245,0.6370472311973572,0.3739623725414276,-0.12827159464359283,0.627409815788269,0.2509271204471588,-0.16010895371437073,0.6183117032051086,0.14131206274032593,-0.18402045965194702,0.7303963899612427,0.5900191068649292,-0.10010421276092529,0.7211621999740601,0.41286802291870117,-0.15085935592651367,0.7075231671333313,0.29272767901420593,-0.18929758667945862,0.6935697793960571,0.18380814790725708,-0.21602074801921844,0.8025113344192505,0.6560953259468079,-0.11772097647190094,0.8556958436965942,0.5315079689025879,-0.1695081740617752,0.8956817388534546,0.443634957075119,-0.19922828674316406,0.9285358190536499,0.3593343198299408,-0.21931052207946777
76529.801,0.7257983684539795,0.9759296774864197,1.176565660898632e-06,0.6359236240386963,0.9474725723266602,-0.06603525578975677,0.541164755821228,0.8641304969787598,-0.11246935278177261,0.4941856265068054,0.7754752039909363,-0.15333887934684753,0.5441027879714966,0.7260984778404236,-0.1942533552646637,0.5747523307800293,0.5850152373313904,-0.08003123849630356,0.5239466428756714,0.4299272894859314,-0.12787111103534698,0.4894479513168335,0.3255774974822998,-0.1639900803565979,0.46314969658851624,0.23526883125305176,-0.19289062917232513,0.6522681713104248,0.5624405145645142,-0.08482614904642105,0.6356201171875,0.3746730089187622,-0.12658798694610596,0.6274622678756714,0.25180676579475403,-0.15807081758975983,0.6208220720291138,0.14392125606536865,-0.1813478320837021,0.7291104793548584,0.5890475511550903,-0.09720064699649811,0.7196242213249207,0.4134611189365387,-0.14793755114078522,0.7071077823638916,0.2927657663822174,-0.18558582663536072,0.6945894956588745,0.18274560570716858,-0.21147111058235168,0.8027045130729675,0.6558170318603516,-0.11430720239877701,0.8566510081291199,0.5321725606918335,-0.16504794359207153,0.8975070714950562,0.4449053108692169,-0.19408605992794037,0.9308184385299683,0.3606690466403961,-0.21364353597164154
76529.832,0.732948362827301,0.975616455078125,1.0845816404980724e-06,0.641597330570221,0.9439088702201843,-0.06177956610918045,0.5474618673324585,0.8590912818908691,-0.10408942401409149,0.4833671450614929,0.7798314690589905,-0.14107173681259155,0.48080480098724365,0.7084189057350159,-0.1784852296113968,0.5826473236083984,0.5884764194488525,-0.07629930973052979,0.5305490493774414,0.4319058656692505,-0.12522412836551666,0.49379992485046387,0.3279791474342346,-0.162386953830719,0.4649532437324524,0.2374105453491211,-0.19129101932048798,0.6579751372337341,0.5659586191177368,-0.08213935792446136,0.6390631198883057,0.374756395816803,-0.12469213455915451,0.6289235353469849,0.25004905462265015,-0.1582965850830078,0.6197874546051025,0.13924971222877502,-0.18356168270111084,0.7313902974128723,0.5916499495506287,-0.09539958834648132,0.7205881476402283,0.41181907057762146,-0.14710484445095062,0.7069863677024841,0.29091760516166687,-0.18662704527378082,0.6932061910629272,0.17834389209747314,-0.21446593105793,0.8014199733734131,0.6574926972389221,-0.11268267780542374,0.8558921813964844,0.5339243412017822,-0.16668911278247833,0.8964739441871643,0.44530123472213745,-0.19845831394195557,0.9298408031463623,0.3574317991733551,-0.21987034380435944
76529.867,0.7369875311851501,0.9774881601333618,1.1953433158851112e-06,0.6403473615646362,0.9428711533546448,-0.06638117134571075,0.5505858063697815,0.8608435392379761,-0.11064344644546509,0.48390573263168335,0.7965952157974243,-0.14841166138648987,0.42502111196517944,0.7248955965042114,-0.18656857311725616,0.5803753137588501,0.5868477821350098,-0.08204293251037598,0.5276784300804138,0.430514395236969,-0.13173526525497437,0.49282732605934143,0.32610541582107544,-0.16979557275772095,0.4651333689689636,0.23462951183319092,-0.19869107007980347,0.6557308435440063,0.5652348399162292,-0.08733084052801132,0.6372377872467041,0.3759891390800476,-0.13186514377593994,0.6265900135040283,0.24917441606521606,-0.1685633659362793,0.6177887320518494,0.13899603486061096,-0.19608356058597565,0.7287377119064331,0.5917900800704956,-0.10037963837385178,0.7208929061889648,0.41269171237945557,-0.1551477313041687,0.7051038146018982,0.29245054721832275,-0.1977483183145523,0.6892263293266296,0.18002745509147644,-0.22772745788097382,0.7999459505081177,0.657610297203064,-0.11748583614826202,0.8578482270240784,0.534394383430481,-0.1742173433303833,0.8968135118484497,0.4451102614402771,-0.20736004412174225,0.9274993538856506,0.3573583960533142,-0.22965702414512634
76529.896,0.7353694438934326,0.9782006740570068,1.2519323036030983e-06,0.6403231620788574,0.9425839185714722,-0.06867000460624695,0.5534278750419617,0.8609253764152527,-0.11466029286384583,0.4847921133041382,0.8000692129135132,-0.1539200246334076,0.41515693068504333,0.7382870316505432,-0.1935519278049469,0.5814546942710876,0.5873441100120544,-0.08291644603013992,0.5304678678512573,0.43053898215293884,-0.13237407803535461,0.4964514672756195,0.32641294598579407,-0.17047913372516632,0.468972384929657,0.23455289006233215,-0.19964177906513214,0.6558610796928406,0.5653146505355835,-0.08733078837394714,0.6391696929931641,0.3776646852493286,-0.13080082833766937,0.6297286748886108,0.2513487935066223,-0.16656534373760223,0.6218586564064026,0.14099690318107605,-0.19387105107307434,0.7277538776397705,0.5911657810211182,-0.09987551718950272,0.719845175743103,0.41160672903060913,-0.1537586897611618,0.7047562599182129,0.2943459153175354,-0.1952933669090271,0.6895049810409546,0.18342986702919006,-0.22487515211105347,0.7982407212257385,0.655877947807312,-0.1169147789478302,0.8561267852783203,0.5341851711273193,-0.17362543940544128,0.8949593901634216,0.44559842348098755,-0.20689284801483154,0.9254872798919678,0.3576373755931854,-0.22946076095104218
76529.931,0.7359320521354675,0.9772627353668213,1.2228081232024124e-06,0.6438312530517578,0.94199138879776,-0.06713592261075974,0.5620761513710022,0.8571985363960266,-0.1113256886601448,0.5005221366882324,0.7900619506835938,-0.1490684598684311,0.43583399057388306,0.7275773286819458,-0.1870739459991455,0.5815594792366028,0.5875939130783081,-0.07909447699785233,0.5302216410636902,0.43259066343307495,-0.12748457491397858,0.49602240324020386,0.328498899936676,-0.1648281365633011,0.46819639205932617,0.23734697699546814,-0.19345338642597198,0.6558294296264648,0.5648260116577148,-0.08406262844800949,0.637099027633667,0.37668848037719727,-0.1267520934343338,0.6268317103385925,0.25081178545951843,-0.16192404925823212,0.6186265349388123,0.1407320499420166,-0.1885688304901123,0.7275925278663635,0.590289831161499,-0.09715565294027328,0.7175242304801941,0.41098880767822266,-0.15053386986255646,0.7017210125923157,0.2931140959262848,-0.1919146180152893,0.6866143941879272,0.18162351846694946,-0.2213066816329956,0.7975329756736755,0.6548851728439331,-0.11467182636260986,0.8536165952682495,0.533841073513031,-0.17099498212337494,0.893303394317627,0.4465314745903015,-0.20382609963417053,0.9250653982162476,0.35960039496421814,-0.22602003812789917
76529.962,0.724652886390686,0.9765591621398926,1.2816062735510059e-06,0.6378346085548401,0.948039710521698,-0.07238411903381348,0.554894208908081,0.8646984100341797,-0.12459731847047806,0.5054891109466553,0.7827718257904053,-0.17038185894489288,0.5223649740219116,0.734908401966095,-0.21661722660064697,0.5772477388381958,0.590553879737854,-0.08677516132593155,0.5292725563049316,0.433187872171402,-0.1372697800397873,0.49397027492523193,0.3296457529067993,-0.17563240230083466,0.4659530818462372,0.23888525366783142,-0.20619817078113556,0.6534780263900757,0.5679129362106323,-0.0906340628862381,0.6375070214271545,0.3788410723209381,-0.13558973371982574,0.6276209354400635,0.2547292709350586,-0.1710623800754547,0.6196866631507874,0.14469772577285767,-0.19786575436592102,0.7267659306526184,0.5941181778907776,-0.10234881937503815,0.717158854007721,0.41601860523223877,-0.1555168777704239,0.7026094794273376,0.29714182019233704,-0.19547632336616516,0.6891381740570068,0.1871875822544098,-0.22390857338905334,0.7962146401405334,0.6607460379600525,-0.11917264014482498,0.849897027015686,0.537612795829773,-0.17221730947494507,0.8904092907905579,0.4496697187423706,-0.2027623951435089,0.9232195019721985,0.364041268825531,-0.2240704745054245
76529.993,0.7246416807174683,0.9808244705200195,1.199416601593839e-06,0.636313796043396,0.9535871744155884,-0.07110358029603958,0.5475587248802185,0.8661513328552246,-0.12015868723392487,0.5229623317718506,0.7745848894119263,-0.16269473731517792,0.5918789505958557,0.7216867208480835,-0.20482349395751953,0.575738787651062,0.5894531607627869,-0.08302608877420425,0.5252318978309631,0.43410032987594604,-0.13085603713989258,0.49026089906692505,0.3317493498325348,-0.16672347486019135,0.4639718234539032,0.24243518710136414,-0.1958109736442566,0.6518245339393616,0.5649153590202332,-0.0863020271062851,0.6344640254974365,0.3757362961769104,-0.12777957320213318,0.6250336170196533,0.2523924708366394,-0.15955854952335358,0.6177293062210083,0.14249449968338013,-0.1836470067501068,0.7255043983459473,0.591013491153717,-0.09770689159631729,0.7163540720939636,0.41168683767318726,-0.14886493980884552,0.7037679553031921,0.29292479157447815,-0.18739880621433258,0.6914412379264832,0.18329748511314392,-0.2143958956003189,0.7952746152877808,0.6569281220436096,-0.11432108283042908,0.8475595712661743,0.5346574187278748,-0.16735710203647614,0.888737678527832,0.44888317584991455,-0.19809475541114807,0.92227703332901,0.3650069236755371,-0.2189478725194931
76530.073,0.722419798374176,0.9844518899917603,1.1401667734389775e-06,0.636746883392334,0.9535554647445679,-0.06244303286075592,0.5462805032730103,0.8646146059036255,-0.10484183579683304,0.5337369441986084,0.7683295607566833,-0.1416981816291809,0.6036255955696106,0.7111108303070068,-0.17863382399082184,0.5737799406051636,0.5878816843032837,-0.07803558558225632,0.5220574140548706,0.4302365183830261,-0.12233491986989975,0.48868417739868164,0.3257844150066376,-0.155145063996315,0.462687224149704,0.23467445373535156,-0.18210887908935547,0.6506385207176208,0.5641716122627258,-0.0841345489025116,0.6338304281234741,0.37345826625823975,-0.1232418492436409,0.6261847019195557,0.25105705857276917,-0.153760626912117,0.6205666065216064,0.14305627346038818,-0.17685335874557495,0.7254027128219604,0.5909979343414307,-0.097177654504776,0.7172894477844238,0.41299617290496826,-0.14609603583812714,0.7044602632522583,0.29390254616737366,-0.1841610074043274,0.6923902034759521,0.1847616732120514,-0.21100760996341705,0.7975163459777832,0.6571089625358582,-0.11460597068071365,0.850235104560852,0.5350041389465332,-0.16561490297317505,0.8900072574615479,0.4480609595775604,-0.19521094858646393,0.9228900671005249,0.3635171949863434,-0.21539399027824402
76530.079,0.7242698669433594,0.9850201606750488,1.1194784974577487e-06,0.6380977034568787,0.9530479907989502,-0.06220618262887001,0.5476250052452087,0.865023136138916,-0.10478311032056808,0.5328598618507385,0.7679548263549805,-0.14207546412944794,0.6030716896057129,0.7117380499839783,-0.17932355403900146,0.5754683017730713,0.5894250273704529,-0.07734386622905731,0.5241011381149292,0.4310882091522217,-0.12200033664703369,0.4909553825855255,0.3278847336769104,-0.155124232172966,0.46479612588882446,0.2371615469455719,-0.18238717317581177,0.6504413485527039,0.5651101469993591,-0.08377227187156677,0.6321039199829102,0.37277787923812866,-0.12317392975091934,0.62456214427948,0.25093239545822144,-0.15388070046901703,0.618924081325531,0.14317750930786133,-0.17720018327236176,0.7242491245269775,0.591424822807312,-0.09719431400299072,0.7164002656936646,0.412190318107605,-0.14651186764240265,0.7049863934516907,0.29124152660369873,-0.18516921997070312,0.6944574117660522,0.18180757761001587,-0.21248242259025574,0.7968146204948425,0.6571004986763,-0.11502888053655624,0.8516303300857544,0.5352871417999268,-0.16623486578464508,0.891887366771698,0.4469847083091736,-0.19655729830265045,0.924927294254303,0.3621540665626526,-0.21742960810661316
76530.104,0.7282299995422363,0.9781211018562317,1.1263995247645653e-06,0.6374437212944031,0.94921875,-0.0634259432554245,0.5416505336761475,0.8604322671890259,-0.10724785923957825,0.5097587704658508,0.762787938117981,-0.14581099152565002,0.5727646946907043,0.7196348905563354,-0.18478178977966309,0.5758711695671082,0.5878636837005615,-0.07867066562175751,0.5252364873886108,0.43103310465812683,-0.12473025918006897,0.491782546043396,0.32676398754119873,-0.15938477218151093,0.465686559677124,0.23602625727653503,-0.18801605701446533,0.6518120765686035,0.5648430585861206,-0.08474341779947281,0.634000301361084,0.3749411106109619,-0.1262640655040741,0.6260386109352112,0.25211969017982483,-0.1579180508852005,0.6191909313201904,0.14351990818977356,-0.1818334460258484,0.7267850041389465,0.5914853811264038,-0.09791453182697296,0.718643307685852,0.4145743250846863,-0.14872069656848907,0.7076228857040405,0.2930501699447632,-0.18723540008068085,0.696453869342804,0.18342754244804382,-0.214294895529747,0.8004274964332581,0.6571902632713318,-0.11558695137500763,0.853539764881134,0.5346130132675171,-0.16698896884918213,0.8934922218322754,0.44655269384384155,-0.19696380198001862,0.9263169765472412,0.3624289035797119,-0.21778689324855804
76530.138,0.7278416156768799,0.9779676198959351,1.1089721283497056e-06,0.6374108195304871,0.9463821053504944,-0.06316342204809189,0.5390983819961548,0.8520241379737854,-0.10799174010753632,0.478193461894989,0.7521130442619324,-0.1476278007030487,0.5226240158081055,0.7011905908584595,-0.1878381073474884,0.5812681913375854,0.5905145406723022,-0.07761058956384659,0.5305550694465637,0.43261557817459106,-0.12727291882038116,0.49348607659339905,0.32774806022644043,-0.16454161703586578,0.46532824635505676,0.23719850182533264,-0.19433259963989258,0.6571802496910095,0.5687423944473267,-0.08325468748807907,0.6412637829780579,0.3781636357307434,-0.12671121954917908,0.6315699219703674,0.2534186840057373,-0.15944162011146545,0.6220468282699585,0.14183944463729858,-0.18392044305801392,0.7312954664230347,0.5955946445465088,-0.09620212018489838,0.723055362701416,0.4174998998641968,-0.1476234644651413,0.7102463245391846,0.29542139172554016,-0.1862570345401764,0.6971933841705322,0.18400144577026367,-0.21333763003349304,0.8013687133789062,0.6622070670127869,-0.11352787166833878,0.8551676273345947,0.5408611297607422,-0.1656239926815033,0.8960220813751221,0.4524596631526947,-0.19672633707523346,0.9297012090682983,0.36639606952667236,-0.2181595265865326
76530.168,0.7310132384300232,0.977462887763977,1.094651224775589e-06,0.6343958973884583,0.939631998538971,-0.06571920961141586,0.543397068977356,0.8536607623100281,-0.11082300543785095,0.47994816303253174,0.7798089385032654,-0.1496225893497467,0.47493427991867065,0.6852763891220093,-0.18781517446041107,0.5835863351821899,0.584952175617218,-0.0792638510465622,0.5325683355331421,0.42771267890930176,-0.13113954663276672,0.49601906538009644,0.323874294757843,-0.17035771906375885,0.4685816168785095,0.2340070605278015,-0.19965052604675293,0.6580477356910706,0.5648946762084961,-0.08341418206691742,0.6415441632270813,0.3738538920879364,-0.127955824136734,0.6315160989761353,0.24800780415534973,-0.16346785426139832,0.6231610178947449,0.1378636360168457,-0.18948331475257874,0.7318277359008789,0.5925875902175903,-0.09540240466594696,0.7251063585281372,0.41341859102249146,-0.14778783917427063,0.7108427286148071,0.2935255765914917,-0.18671949207782745,0.6967649459838867,0.1819908320903778,-0.21381361782550812,0.8021937608718872,0.6609441637992859,-0.11166061460971832,0.8574197292327881,0.5380616784095764,-0.16536366939544678,0.8957887887954712,0.45006996393203735,-0.19560615718364716,0.9269945025444031,0.36288273334503174,-0.21535253524780273
76530.2,0.7327409386634827,0.9793460369110107,1.1131674000353087e-06,0.6355924010276794,0.9401936531066895,-0.06600949913263321,0.5474169254302979,0.8523340225219727,-0.10950121283531189,0.48612353205680847,0.7791574001312256,-0.14633521437644958,0.45134907960891724,0.684522271156311,-0.18255066871643066,0.5812680721282959,0.5854181051254272,-0.07905902713537216,0.530768096446991,0.42813193798065186,-0.12981905043125153,0.4955729842185974,0.32345712184906006,-0.1685071736574173,0.46762531995773315,0.23208123445510864,-0.19761259853839874,0.6568977236747742,0.5647549629211426,-0.08364459872245789,0.6414257287979126,0.3750758171081543,-0.1280621588230133,0.6321973204612732,0.24840515851974487,-0.16414882242679596,0.6236855983734131,0.13725510239601135,-0.19091394543647766,0.7301602363586426,0.5927990078926086,-0.09621356427669525,0.7238261699676514,0.4136727452278137,-0.14963723719120026,0.7093690037727356,0.29401424527168274,-0.18987984955310822,0.6942098736763,0.18105056881904602,-0.2181275188922882,0.8003242015838623,0.661365270614624,-0.11301222443580627,0.8563870191574097,0.5399268865585327,-0.1688239872455597,0.894507646560669,0.451393723487854,-0.20066078007221222,0.9249900579452515,0.36274921894073486,-0.2216392159461975
76530.232,0.7328129410743713,0.9803717136383057,1.1411327704990981e-06,0.6387388706207275,0.940386176109314,-0.06896039843559265,0.5534632802009583,0.8475733995437622,-0.11368848383426666,0.4958110451698303,0.765997052192688,-0.1515815258026123,0.46969303488731384,0.6796789169311523,-0.18872976303100586,0.5834329128265381,0.5853886008262634,-0.07723239809274673,0.5329661965370178,0.4297252893447876,-0.127337247133255,0.4973090887069702,0.3259603977203369,-0.16569195687770844,0.46943867206573486,0.2346564531326294,-0.19495584070682526,0.6581766605377197,0.564071774482727,-0.0806691125035286,0.6422857642173767,0.37569671869277954,-0.12492694705724716,0.6321151256561279,0.25045081973075867,-0.161061093211174,0.6240267753601074,0.1392436921596527,-0.18789003789424896,0.7302734851837158,0.5912723541259766,-0.09250646084547043,0.7231839895248413,0.4140052795410156,-0.14612977206707,0.7086899280548096,0.2950335741043091,-0.18652120232582092,0.6948617100715637,0.1831616759300232,-0.2147465944290161,0.7992802858352661,0.6589979529380798,-0.10901310294866562,0.8545560836791992,0.5391519069671631,-0.164625883102417,0.894270122051239,0.4515906870365143,-0.19659796357154846,0.9265856146812439,0.36457571387290955,-0.2178202122449875
76530.265,0.7230224013328552,0.9780299067497253,1.2058753782184795e-06,0.6328831911087036,0.9479528665542603,-0.07076925784349442,0.5501365065574646,0.8538305759429932,-0.12035156786441803,0.5151270031929016,0.7534480094909668,-0.1632245033979416,0.5525871515274048,0.707212507724762,-0.20648419857025146,0.5761232376098633,0.5898306965827942,-0.08610494434833527,0.5294789671897888,0.4314073324203491,-0.1360175758600235,0.4947027564048767,0.3282620310783386,-0.17351223528385162,0.4666435122489929,0.2364688515663147,-0.20397844910621643,0.6534162163734436,0.5678502321243286,-0.09065254777669907,0.6383647322654724,0.3765949606895447,-0.13524508476257324,0.6298405528068542,0.25247806310653687,-0.17034488916397095,0.622835636138916,0.13964226841926575,-0.1971968114376068,0.7269989252090454,0.5964263081550598,-0.10267125815153122,0.7185215950012207,0.4163914918899536,-0.15583166480064392,0.7068011164665222,0.2965647876262665,-0.19560404121875763,0.6956173777580261,0.1841016411781311,-0.22415262460708618,0.7969305515289307,0.6644780039787292,-0.11962330341339111,0.8488450050354004,0.5420011281967163,-0.17301513254642487,0.8904298543930054,0.45484066009521484,-0.20358653366565704,0.9245002269744873,0.3691403269767761,-0.22508729994297028
76530.297,0.7223418354988098,0.9831000566482544,1.156737084784254e-06,0.6402656435966492,0.9528869390487671,-0.06714008748531342,0.5560314655303955,0.8614053726196289,-0.11206874996423721,0.5433251857757568,0.7629314661026001,-0.15049022436141968,0.6062414050102234,0.7026075720787048,-0.18879906833171844,0.5746005773544312,0.5884069800376892,-0.08227047324180603,0.5240556001663208,0.4309874475002289,-0.1283620297908783,0.4906006455421448,0.3268774747848511,-0.162460058927536,0.46406179666519165,0.2356891632080078,-0.19013725221157074,0.6530346870422363,0.5647308230400085,-0.086919404566288,0.6367753744125366,0.37386101484298706,-0.12732510268688202,0.6286004781723022,0.25123557448387146,-0.15905727446079254,0.6217315196990967,0.14195960760116577,-0.18306249380111694,0.7281226515769958,0.5935499668121338,-0.0988505408167839,0.7198829650878906,0.4151230454444885,-0.1492067575454712,0.7073410153388977,0.2971891164779663,-0.1876450926065445,0.6943975687026978,0.18707603216171265,-0.21463923156261444,0.798965573310852,0.6618518233299255,-0.11542738974094391,0.8501955270767212,0.5385982990264893,-0.1675107479095459,0.8897090554237366,0.4514637291431427,-0.19709165394306183,0.9211065173149109,0.36581578850746155,-0.21715842187404633
76530.328,0.726620614528656,0.9863719940185547,1.0491050943528535e-06,0.6394326686859131,0.9501013159751892,-0.05476723611354828,0.5563451051712036,0.8505256175994873,-0.09001772850751877,0.5615550875663757,0.7488006949424744,-0.12090020626783371,0.6274148225784302,0.6928499937057495,-0.15250061452388763,0.5786205530166626,0.5912176966667175,-0.07053493708372116,0.526775598526001,0.4325125813484192,-0.11160892248153687,0.4952040910720825,0.3286644518375397,-0.1421978771686554,0.4690294563770294,0.23701021075248718,-0.1678818166255951,0.6540094017982483,0.5660841464996338,-0.07933779060840607,0.6352431774139404,0.372723788022995,-0.11615170538425446,0.6278203129768372,0.24963980913162231,-0.1467825472354889,0.6217527389526367,0.14155808091163635,-0.17032219469547272,0.727459728717804,0.5924229621887207,-0.0942235216498375,0.720703125,0.41273432970046997,-0.14147262275218964,0.7092790603637695,0.29183119535446167,-0.18113620579242706,0.6980392932891846,0.18178963661193848,-0.20955099165439606,0.7991275191307068,0.6579258441925049,-0.11281115561723709,0.8543446660041809,0.5379319190979004,-0.16316953301429749,0.8936875462532043,0.4494022727012634,-0.1936292201280594,0.9260479807853699,0.36440855264663696,-0.21480228006839752
76530.361,0.7276206612586975,0.9875767827033997,1.045438466462656e-06,0.6404860615730286,0.9503304958343506,-0.05327434465289116,0.5573950409889221,0.8489165306091309,-0.0876258909702301,0.5642593502998352,0.7480502128601074,-0.11799940466880798,0.6302157640457153,0.6934932470321655,-0.14954131841659546,0.5788898468017578,0.5898193120956421,-0.0702134296298027,0.5282294154167175,0.43045559525489807,-0.11132615804672241,0.49683237075805664,0.3260941505432129,-0.14235183596611023,0.46992093324661255,0.2343793511390686,-0.1684616506099701,0.654776930809021,0.5655137300491333,-0.07970460504293442,0.6364421844482422,0.3721145987510681,-0.11647108942270279,0.6299053430557251,0.24896594882011414,-0.1476505845785141,0.6244904398918152,0.14008450508117676,-0.1719030886888504,0.7287262082099915,0.5924209952354431,-0.09504379332065582,0.7219343185424805,0.41095948219299316,-0.14238350093364716,0.7113925814628601,0.29029181599617004,-0.1825835257768631,0.7007745504379272,0.1809956133365631,-0.2115723043680191,0.801335871219635,0.6584299802780151,-0.11390741914510727,0.8569666147232056,0.5361031293869019,-0.1647672802209854,0.8966761231422424,0.4470856785774231,-0.195572167634964,0.929389238357544,0.36213335394859314,-0.2170778512954712
76530.393,0.7281252145767212,0.9885277152061462,1.0576941349427216e-06,0.6407527923583984,0.951151967048645,-0.05314553901553154,0.5568644404411316,0.8496910929679871,-0.08742016553878784,0.5636906623840332,0.7490595579147339,-0.1177767664194107,0.6314456462860107,0.6973412036895752,-0.1492743045091629,0.5795801281929016,0.5885407328605652,-0.06915854662656784,0.5291565656661987,0.4286956787109375,-0.1097816601395607,0.4984894394874573,0.3234301805496216,-0.14038942754268646,0.47280818223953247,0.23148232698440552,-0.1662624031305313,0.6558807492256165,0.5639354586601257,-0.07865568995475769,0.6385550498962402,0.3706414997577667,-0.11498792469501495,0.6324319839477539,0.24795708060264587,-0.14560486376285553,0.6275438666343689,0.13993605971336365,-0.16939407587051392,0.7303531169891357,0.5903071761131287,-0.09406941384077072,0.7238243222236633,0.4087722897529602,-0.14064666628837585,0.7128696441650391,0.28943145275115967,-0.17986692488193512,0.702214241027832,0.18140393495559692,-0.20815999805927277,0.8035904765129089,0.6563578248023987,-0.11313231289386749,0.858372151851654,0.5344789028167725,-0.16293981671333313,0.8974307179450989,0.445900559425354,-0.1929415613412857,0.9299664497375488,0.3613586723804474,-0.2138906717300415
76530.457,0.7315176129341125,0.9882223606109619,1.0470873803569702e-06,0.6410038471221924,0.9485049843788147,-0.052894167602062225,0.5589204430580139,0.8421441316604614,-0.08616186678409576,0.5760156512260437,0.7416738271713257,-0.11544976383447647,0.6476815938949585,0.6916286945343018,-0.14598257839679718,0.5817449688911438,0.5855113863945007,-0.06821786612272263,0.5313788652420044,0.42664796113967896,-0.10878836363554001,0.501141369342804,0.3219318687915802,-0.13971436023712158,0.4754452109336853,0.23021212220191956,-0.16590717434883118,0.6575697064399719,0.5601891279220581,-0.07757610082626343,0.6393527984619141,0.3679395318031311,-0.11360333114862442,0.6333113312721252,0.24599221348762512,-0.14446723461151123,0.6285644173622131,0.13831284642219543,-0.16855214536190033,0.7314468026161194,0.5866669416427612,-0.09292686730623245,0.7247649431228638,0.4061918556690216,-0.13912974298000336,0.7138590216636658,0.2873031795024872,-0.17884759604930878,0.7033690214157104,0.17955753207206726,-0.20766133069992065,0.8041547536849976,0.6530789136886597,-0.11200714856386185,0.8591791391372681,0.5317065119743347,-0.16192865371704102,0.8985791206359863,0.443539023399353,-0.1923087239265442,0.9317524433135986,0.35964271426200867,-0.2135976105928421
76530.506,0.729423463344574,0.9907582998275757,1.037292463479389e-06,0.6389039754867554,0.9490166306495667,-0.05256151407957077,0.5582510232925415,0.841436505317688,-0.08567526936531067,0.5811949968338013,0.7421671152114868,-0.11487286537885666,0.6560677289962769,0.6920693516731262,-0.14565683901309967,0.5827796459197998,0.5878832936286926,-0.0687650814652443,0.5324389934539795,0.42830273509025574,-0.10927290469408035,0.5022129416465759,0.32388439774513245,-0.14031746983528137,0.4762263298034668,0.23202601075172424,-0.1668444722890854,0.6585987210273743,0.5619639754295349,-0.07830040156841278,0.6403276920318604,0.3685113787651062,-0.11425779014825821,0.6343122720718384,0.24588468670845032,-0.14596383273601532,0.6289446949958801,0.13701245188713074,-0.1710844486951828,0.7321868538856506,0.5883311033248901,-0.09367842227220535,0.7258711457252502,0.4060293734073639,-0.1398383229970932,0.7155033349990845,0.28630968928337097,-0.18074174225330353,0.7048302888870239,0.17843380570411682,-0.21072949469089508,0.8049428462982178,0.6540704369544983,-0.11268017441034317,0.8607260584831238,0.5320439338684082,-0.16279074549674988,0.900311291217804,0.44324392080307007,-0.1939588040113449,0.9332815408706665,0.35940200090408325,-0.216160386800766
76530.511,0.7298531532287598,0.9910097122192383,1.0227522579953074e-06,0.6394161581993103,0.9484355449676514,-0.05134642496705055,0.5589114427566528,0.8412232995033264,-0.08319253474473953,0.5815169215202332,0.7432814240455627,-0.1113395020365715,0.6555430293083191,0.693449854850769,-0.14089258015155792,0.5814595222473145,0.5861438512802124,-0.065195232629776,0.5316914916038513,0.4273082911968231,-0.10470221191644669,0.5022814869880676,0.3235720694065094,-0.13504494726657867,0.4775557518005371,0.2323891520500183,-0.1610163152217865,0.657456636428833,0.5611764788627625,-0.07496585696935654,0.6384047269821167,0.3685416281223297,-0.11002441495656967,0.6327120661735535,0.2459944486618042,-0.14141105115413666,0.628585934638977,0.13800784945487976,-0.16631479561328888,0.7314902544021606,0.5881825089454651,-0.09070190787315369,0.7254056334495544,0.40841197967529297,-0.1363326758146286,0.7155631184577942,0.2901478111743927,-0.17686983942985535,0.7057430148124695,0.18278789520263672,-0.20649529993534088,0.8048043251037598,0.6539482474327087,-0.11001403629779816,0.8603314757347107,0.5327068567276001,-0.1594746857881546,0.9001102447509766,0.44492197036743164,-0.1902155578136444,0.9332935810089111,0.36155587434768677,-0.2120872139930725
76530.536,0.729562520980835,0.9899940490722656,1.0403326768937404e-06,0.6381282210350037,0.9471187591552734,-0.05278763175010681,0.5578228235244751,0.8389756083488464,-0.08554260432720184,0.582931399345398,0.7403618097305298,-0.11430595815181732,0.6583486795425415,0.6915693283081055,-0.14464333653450012,0.5813449621200562,0.5871310830116272,-0.06833721697330475,0.5318372845649719,0.42740166187286377,-0.1084950715303421,0.5025031566619873,0.3234080672264099,-0.13930536806583405,0.4775126874446869,0.23168811202049255,-0.16576151549816132,0.6572679281234741,0.5620015263557434,-0.07758047431707382,0.6384065747261047,0.3686083257198334,-0.11312814056873322,0.6334507465362549,0.24589002132415771,-0.14471009373664856,0.629947304725647,0.13712647557258606,-0.16989126801490784,0.7311681509017944,0.5889052748680115,-0.09276978671550751,0.7247327566146851,0.4077058732509613,-0.13864368200302124,0.7154167294502258,0.288605660200119,-0.1796649992465973,0.7063190937042236,0.18086126446723938,-0.20980802178382874,0.8045353889465332,0.6545776724815369,-0.11164537817239761,0.8599210977554321,0.5331822037696838,-0.1617143750190735,0.8996985554695129,0.44506487250328064,-0.1931539922952652,0.9331005811691284,0.36167651414871216,-0.21564190089702606
76530.568,0.7298275232315063,0.9902104139328003,1.035534751281375e-06,0.6389195322990417,0.9492146968841553,-0.05349370092153549,0.5578581094741821,0.842827320098877,-0.0871884748339653,0.580228328704834,0.7427932024002075,-0.11668375134468079,0.6556087732315063,0.6928478479385376,-0.14775632321834564,0.581531822681427,0.5881147384643555,-0.07031714916229248,0.5315451622009277,0.42804569005966187,-0.11124200373888016,0.5017480850219727,0.32390832901000977,-0.14254306256771088,0.4764462113380432,0.23193103075027466,-0.16928942501544952,0.6580092906951904,0.5628782510757446,-0.07959344238042831,0.6392354369163513,0.36895468831062317,-0.11613830178976059,0.6333982944488525,0.24618270993232727,-0.14842495322227478,0.6285918354988098,0.13702133297920227,-0.17404532432556152,0.732050895690918,0.5898714065551758,-0.09471356868743896,0.7261738181114197,0.40836217999458313,-0.14149139821529388,0.7164880633354187,0.28839439153671265,-0.18298880755901337,0.7065346240997314,0.1797788441181183,-0.213411346077919,0.8051697015762329,0.6561586856842041,-0.11346172541379929,0.8606138229370117,0.534043550491333,-0.1640080213546753,0.9004617929458618,0.4452969431877136,-0.19556650519371033,0.9335499405860901,0.3611028492450714,-0.21812552213668823
76530.6,0.7289782166481018,0.9906373620033264,1.04471723716415e-06,0.6384343504905701,0.9499667882919312,-0.05449095740914345,0.5572283267974854,0.8440055847167969,-0.08830329030752182,0.5785650610923767,0.7437888383865356,-0.11788725107908249,0.6535847783088684,0.692397952079773,-0.14887294173240662,0.5810356736183167,0.588971734046936,-0.06929731369018555,0.5303866863250732,0.42960429191589355,-0.10985251516103745,0.500519871711731,0.3251824975013733,-0.14089150726795197,0.4755379557609558,0.23321941494941711,-0.16748647391796112,0.6572896838188171,0.5632833242416382,-0.07791507989168167,0.6378961205482483,0.36997729539871216,-0.11376132816076279,0.6323515772819519,0.24686813354492188,-0.14549042284488678,0.6284319162368774,0.13744625449180603,-0.1708032786846161,0.7312440872192383,0.5897258520126343,-0.09267956763505936,0.7248961329460144,0.4094575345516205,-0.13912566006183624,0.7148680090904236,0.2900158762931824,-0.1805025339126587,0.7050287127494812,0.18175965547561646,-0.2108965814113617,0.8045006990432739,0.6551390290260315,-0.11123736202716827,0.8603684902191162,0.5344516038894653,-0.16187646985054016,0.9004793763160706,0.4465264081954956,-0.19375741481781006,0.93397456407547,0.3628787398338318,-0.21654751896858215
76530.633,0.7300748825073242,0.9903131723403931,1.0380151707067853e-06,0.6386683583259583,0.9510625600814819,-0.053156062960624695,0.554754376411438,0.8470817804336548,-0.08702479302883148,0.5666066408157349,0.7481608986854553,-0.11718408018350601,0.6378310322761536,0.6984376907348633,-0.14877408742904663,0.5812653303146362,0.5902851223945618,-0.06872997432947159,0.5296086668968201,0.4311333894729614,-0.1098371148109436,0.4993760585784912,0.3269655704498291,-0.14094486832618713,0.47451308369636536,0.23549208045005798,-0.16727422177791595,0.6573391556739807,0.5655617117881775,-0.07845451682806015,0.6379318237304688,0.37157195806503296,-0.11553692072629929,0.6310521364212036,0.2481188178062439,-0.147536501288414,0.625960111618042,0.1389547884464264,-0.17249929904937744,0.7317420840263367,0.5919493436813354,-0.09415716677904129,0.7248085141181946,0.4110276699066162,-0.14154157042503357,0.7139984965324402,0.29135990142822266,-0.18252547085285187,0.7035954594612122,0.18351322412490845,-0.21210283041000366,0.8056384325027466,0.6575974822044373,-0.11349568516016006,0.8612297773361206,0.5369687080383301,-0.1641567498445511,0.9007049798965454,0.4483495354652405,-0.1954883635044098,0.9337515234947205,0.3641831874847412,-0.21755601465702057
76530.665,0.7311254143714905,0.9862761497497559,1.04970354186662e-06,0.6405215263366699,0.9497754573822021,-0.05609763041138649,0.5475835800170898,0.8507364988327026,-0.09310722351074219,0.53730309009552,0.7478758692741394,-0.12595707178115845,0.6073041558265686,0.7021768689155579,-0.15982207655906677,0.584901750087738,0.5916449427604675,-0.07256507873535156,0.5334236025810242,0.43165895342826843,-0.11542875319719315,0.5018520951271057,0.3269064724445343,-0.14737683534622192,0.47585445642471313,0.23494261503219604,-0.1743481159210205,0.6593762040138245,0.567294716835022,-0.0813598707318306,0.6400493383407593,0.3731655776500702,-0.12074082344770432,0.6319707036018372,0.24961185455322266,-0.152811199426651,0.6250074505805969,0.13950851559638977,-0.1774366945028305,0.7324329614639282,0.59308260679245,-0.09630384296178818,0.7256353497505188,0.41363978385925293,-0.14561991393566132,0.7142665386199951,0.2920115292072296,-0.18649299442768097,0.7031438946723938,0.18386134505271912,-0.21558009088039398,0.8050327301025391,0.6584902405738831,-0.11508724093437195,0.8613137602806091,0.5387171506881714,-0.16633562743663788,0.9007607698440552,0.44952237606048584,-0.1981911063194275,0.9337721467018127,0.36546045541763306,-0.22063598036766052
76530.696,0.7295361757278442,0.9902493953704834,1.1191233397767064e-06,0.633857250213623,0.9542061686515808,-0.060788821429014206,0.5366400480270386,0.8486294746398926,-0.10117927193641663,0.5030215978622437,0.7407686710357666,-0.13664880394935608,0.5675446391105652,0.7130692005157471,-0.17286762595176697,0.5806183218955994,0.5882812142372131,-0.0724944993853569,0.5331764221191406,0.4280957579612732,-0.11815381050109863,0.50080406665802,0.32065433263778687,-0.15327279269695282,0.4762127101421356,0.22929593920707703,-0.18245461583137512,0.6568586826324463,0.5665346384048462,-0.07896728068590164,0.6391389966011047,0.37583601474761963,-0.11984748393297195,0.6318544149398804,0.2516295909881592,-0.15108709037303925,0.6260342597961426,0.14292830228805542,-0.17436274886131287,0.7328176498413086,0.5945008397102356,-0.09261933714151382,0.7249285578727722,0.41519635915756226,-0.1426757574081421,0.7153010964393616,0.29227757453918457,-0.1812065839767456,0.7063538432121277,0.183009535074234,-0.20788726210594177,0.8076610565185547,0.6625017523765564,-0.11075583100318909,0.8614275455474854,0.5410743951797485,-0.16229481995105743,0.9023110866546631,0.4537329077720642,-0.1930246502161026,0.9373044371604919,0.37081098556518555,-0.21401271224021912
76530.729,0.731275737285614,0.9903506636619568,1.0981169680235325e-06,0.6347862482070923,0.9556710720062256,-0.057830870151519775,0.5334116816520691,0.8474434614181519,-0.09740077704191208,0.47940000891685486,0.7361101508140564,-0.13259099423885345,0.533264696598053,0.7056682705879211,-0.16867707669734955,0.581766664981842,0.5864405632019043,-0.06878829747438431,0.5344160199165344,0.42642277479171753,-0.1137474998831749,0.5005804300308228,0.31976816058158875,-0.1483565866947174,0.4748992919921875,0.22923031449317932,-0.17732128500938416,0.6592594981193542,0.5664138197898865,-0.07636092603206635,0.6452881097793579,0.37658149003982544,-0.11662504822015762,0.6365610361099243,0.25116419792175293,-0.1482231765985489,0.6281956434249878,0.1400345265865326,-0.17231638729572296,0.7343291640281677,0.5959619879722595,-0.09092219918966293,0.7275793552398682,0.41767042875289917,-0.139954075217247,0.7154541015625,0.2946239709854126,-0.1787799745798111,0.7038385272026062,0.18344232439994812,-0.20639798045158386,0.8052644729614258,0.6656944751739502,-0.1096043586730957,0.8600789308547974,0.5471434593200684,-0.16069120168685913,0.9026907086372375,0.46002283692359924,-0.19257396459579468,0.9390276670455933,0.3757742643356323,-0.21487712860107422
76530.761,0.7320094108581543,0.9882717132568359,1.049335651259753e-06,0.6323878765106201,0.9463891386985779,-0.05928720533847809,0.5344682335853577,0.8508425951004028,-0.10064459592103958,0.47088849544525146,0.7625237703323364,-0.1371760368347168,0.4970565438270569,0.6870323419570923,-0.1735638827085495,0.585109531879425,0.5878595113754272,-0.07145611941814423,0.5371322631835938,0.42782270908355713,-0.121644027531147,0.5019371509552002,0.3224557638168335,-0.16006052494049072,0.47478556632995605,0.23176702857017517,-0.1896510273218155,0.6614556312561035,0.5682626366615295,-0.07844037562608719,0.6466412544250488,0.3771910071372986,-0.12239082157611847,0.6372568011283875,0.2500606179237366,-0.15695305168628693,0.6288310289382935,0.13792675733566284,-0.18241533637046814,0.7366284132003784,0.5967007875442505,-0.092880479991436,0.7309150099754333,0.4168832302093506,-0.14490412175655365,0.7179033756256104,0.29587918519973755,-0.1838083416223526,0.7052554488182068,0.18539199233055115,-0.21072937548160553,0.807651698589325,0.6666033864021301,-0.11123558133840561,0.8650292158126831,0.546454906463623,-0.16411660611629486,0.9048132300376892,0.458595335483551,-0.19480407238006592,0.9382192492485046,0.37154966592788696,-0.21516436338424683
76530.793,0.7339941263198853,0.9864641427993774,9.730200645208242e-07,0.6310735940933228,0.9417822360992432,-0.06039759889245033,0.5328279733657837,0.8446953296661377,-0.1011897623538971,0.46745073795318604,0.7604156136512756,-0.13664200901985168,0.47348886728286743,0.661693274974823,-0.1717970073223114,0.5859286785125732,0.5945883989334106,-0.07468448579311371,0.5371134877204895,0.43926870822906494,-0.128499373793602,0.5002573728561401,0.3378550410270691,-0.17020255327224731,0.470445454120636,0.24758917093276978,-0.20143435895442963,0.6609182357788086,0.5694751739501953,-0.08039400726556778,0.6475481390953064,0.37968266010284424,-0.1252034306526184,0.6385412812232971,0.25372621417045593,-0.160411074757576,0.628624677658081,0.14102205634117126,-0.18651962280273438,0.7353719472885132,0.5940743684768677,-0.09378472715616226,0.7322108745574951,0.4157005250453949,-0.14617900550365448,0.7204370498657227,0.29555341601371765,-0.1845342516899109,0.7073423862457275,0.18484458327293396,-0.21120542287826538,0.8060327768325806,0.6604417562484741,-0.11114244908094406,0.8662318587303162,0.5415778160095215,-0.1656888872385025,0.9064322113990784,0.4546913504600525,-0.1964375078678131,0.9398276209831238,0.36976557970046997,-0.21636293828487396
76530.858,0.7339192628860474,0.9898823499679565,5.278016033116728e-07,0.6303752064704895,0.9403014183044434,-0.045180365443229675,0.5334665775299072,0.8394322395324707,-0.0830937847495079,0.4669901728630066,0.7532620429992676,-0.12240055203437805,0.4594725966453552,0.651348888874054,-0.15863315761089325,0.5983359217643738,0.6039869785308838,-0.046199921518564224,0.5501101016998291,0.46517497301101685,-0.12353034317493439,0.4893300533294678,0.47902441024780273,-0.18087275326251984,0.44732865691185,0.5327914953231812,-0.20887461304664612,0.6647475361824036,0.5712436437606812,-0.05757414177060127,0.6526564359664917,0.3789384663105011,-0.10155344754457474,0.6332693099975586,0.2510412931442261,-0.1307656168937683,0.615092933177948,0.13931560516357422,-0.1485360562801361,0.7359778881072998,0.5915249586105347,-0.08037512749433517,0.7369875907897949,0.4131602644920349,-0.13131806254386902,0.7276701927185059,0.28746873140335083,-0.16039186716079712,0.7135875821113586,0.17575407028198242,-0.17565016448497772,0.806477427482605,0.6598148345947266,-0.10690626502037048,0.87077397108078,0.5401536226272583,-0.15396073460578918,0.9129050970077515,0.4493982195854187,-0.1711435765028,0.9479323625564575,0.36528700590133667,-0.17752262949943542
76530.89,0.7323650121688843,0.9944343566894531,4.5183446673036087e-07,0.6288805603981018,0.940888524055481,-0.044353682547807693,0.5328443646430969,0.8389276266098022,-0.08224879205226898,0.46707242727279663,0.7511526942253113,-0.12188360840082169,0.4594516456127167,0.6488415002822876,-0.15831239521503448,0.6016150116920471,0.6039586663246155,-0.0458713099360466,0.5568504333496094,0.4607105851173401,-0.121904656291008,0.4948793649673462,0.4830006957054138,-0.1783735752105713,0.45216894149780273,0.5442534685134888,-0.2058803290128708,0.6672204732894897,0.574193000793457,-0.05725887417793274,0.6547085642814636,0.3821176290512085,-0.09791891276836395,0.631385326385498,0.2577213644981384,-0.12583325803279877,0.6103412508964539,0.1511310636997223,-0.14375343918800354,0.7378932237625122,0.5952603816986084,-0.07999084144830704,0.7419559955596924,0.4158451557159424,-0.12705902755260468,0.730904221534729,0.28817319869995117,-0.1547435075044632,0.7158135771751404,0.17771026492118835,-0.17055095732212067,0.8077037334442139,0.663102388381958,-0.10664208233356476,0.8740037083625793,0.5429061055183411,-0.15197688341140747,0.9173029065132141,0.45033925771713257,-0.16908423602581024,0.9536231160163879,0.365906298160553,-0.17597641050815582
76530.937,0.7328353524208069,0.9990838170051575,4.462112883629743e-07,0.6300108432769775,0.9453631639480591,-0.0454220212996006,0.5337553024291992,0.843464732170105,-0.08426730334758759,0.465470552444458,0.7543342709541321,-0.12466669827699661,0.46142518520355225,0.6517424583435059,-0.16185016930103302,0.5998976230621338,0.607785165309906,-0.04943948611617088,0.5549087524414062,0.44379353523254395,-0.12538456916809082,0.49375736713409424,0.4579824209213257,-0.18030479550361633,0.4521394968032837,0.5190341472625732,-0.2066577821969986,0.667824923992157,0.5798009037971497,-0.05930113419890404,0.6544302105903625,0.38408714532852173,-0.10087023675441742,0.6282865405082703,0.26298579573631287,-0.12996749579906464,0.603346049785614,0.16243082284927368,-0.14879639446735382,0.7406944036483765,0.6000553965568542,-0.08022745698690414,0.7465397715568542,0.41828739643096924,-0.1280662566423416,0.7364105582237244,0.29045575857162476,-0.15740282833576202,0.7219459414482117,0.1808355450630188,-0.1747712939977646,0.8103070855140686,0.6664140224456787,-0.10481447726488113,0.8789910674095154,0.5478023886680603,-0.15208208560943604,0.9236346483230591,0.45609819889068604,-0.17187905311584473,0.9615509510040283,0.3715774118900299,-0.18074332177639008
76530.943,0.7305665612220764,0.997981071472168,4.5729021280749294e-07,0.6284676790237427,0.9440323114395142,-0.0457431823015213,0.5330301523208618,0.8429282307624817,-0.08491306751966476,0.4652349352836609,0.7538791298866272,-0.1256498247385025,0.46045759320259094,0.6508598923683167,-0.16316713392734528,0.6008357405662537,0.6063718199729919,-0.049243416637182236,0.5553690791130066,0.44267135858535767,-0.12538865208625793,0.4941076636314392,0.4559043049812317,-0.18055537343025208,0.45231425762176514,0.5166886448860168,-0.2069220095872879,0.6681838035583496,0.5787331461906433,-0.05887482687830925,0.6549614071846008,0.3829878568649292,-0.100209541618824,0.6290919184684753,0.26215827465057373,-0.12917999923229218,0.6042459607124329,0.1618291139602661,-0.14792750775814056,0.7408488988876343,0.5987256169319153,-0.07965690642595291,0.7463354468345642,0.41737544536590576,-0.12723611295223236,0.7359623908996582,0.2895801067352295,-0.15639592707157135,0.7214958667755127,0.18001538515090942,-0.17365479469299316,0.8106104135513306,0.6646561622619629,-0.10420089215040207,0.8793855905532837,0.5458279252052307,-0.15094375610351562,0.9248789548873901,0.45430803298950195,-0.17041265964508057,0.9638020992279053,0.3703235983848572,-0.17907246947288513
76530.97,0.7349787950515747,0.9982262849807739,7.46647003779799e-07,0.6318463683128357,0.9473371505737305,-0.05411592125892639,0.5372447967529297,0.8448612689971924,-0.08919235318899155,0.47014951705932617,0.7560946345329285,-0.12056710571050644,0.45110854506492615,0.6569632291793823,-0.1518092155456543,0.5922402143478394,0.6095453500747681,-0.06318937242031097,0.5411716103553772,0.44828152656555176,-0.11417260020971298,0.5033548474311829,0.3516460061073303,-0.15361033380031586,0.4718244671821594,0.26586541533470154,-0.18254047632217407,0.6666891574859619,0.5818784832954407,-0.0710655227303505,0.6442058682441711,0.39735648036003113,-0.11532951891422272,0.623836100101471,0.27918094396591187,-0.15378454327583313,0.6018707752227783,0.17492592334747314,-0.1822853982448578,0.7418769001960754,0.5988414287567139,-0.08623264729976654,0.7453516721725464,0.4209834933280945,-0.14033931493759155,0.7381815910339355,0.2970396876335144,-0.18338415026664734,0.7261955738067627,0.1849859058856964,-0.2130303531885147,0.8145395517349243,0.6584513187408447,-0.10445504635572433,0.8848569393157959,0.5415117144584656,-0.1605835258960724,0.9314119219779968,0.45420312881469727,-0.19396620988845825,0.9687716960906982,0.37259840965270996,-0.21556523442268372
76531.002,0.73311847448349,0.9913797378540039,7.394280032713141e-07,0.6282407641410828,0.9441527128219604,-0.0528113916516304,0.5350655913352966,0.8373417854309082,-0.08639050275087357,0.46648770570755005,0.7472311854362488,-0.11693760007619858,0.45795154571533203,0.6479498147964478,-0.14765365421772003,0.5894975662231445,0.6094471216201782,-0.058857157826423645,0.5357249975204468,0.4373846650123596,-0.10586366802453995,0.5003960728645325,0.3316550850868225,-0.14259114861488342,0.4730636179447174,0.24168580770492554,-0.17136214673519135,0.6622229814529419,0.5884162187576294,-0.06646272540092468,0.6257393956184387,0.4229774475097656,-0.11228002607822418,0.5956959128379822,0.31840333342552185,-0.15174651145935059,0.5648650527000427,0.22631552815437317,-0.1808808445930481,0.7396413087844849,0.6048827171325684,-0.08123165369033813,0.7417528033256531,0.43076175451278687,-0.13801409304141998,0.7367961406707764,0.3077380955219269,-0.181222066283226,0.7258813381195068,0.19340622425079346,-0.21078462898731232,0.8156872987747192,0.660590410232544,-0.09868558496236801,0.8878564834594727,0.5403524041175842,-0.15898723900318146,0.9366602897644043,0.45220261812210083,-0.19430340826511383,0.9743212461471558,0.36751100420951843,-0.21699246764183044
76531.032,0.7290756702423096,0.9886617064476013,5.773379143647617e-07,0.6282432675361633,0.9491173624992371,-0.051455602049827576,0.5365976095199585,0.8280337452888489,-0.08520704507827759,0.47293269634246826,0.7339776158332825,-0.1163482740521431,0.4638904333114624,0.6368383169174194,-0.1473633348941803,0.5983432531356812,0.6112280488014221,-0.05735614523291588,0.5539406538009644,0.42612841725349426,-0.10219932347536087,0.52294921875,0.31363826990127563,-0.13870185613632202,0.4962599277496338,0.21380433440208435,-0.16985905170440674,0.6645158529281616,0.5929103493690491,-0.06703491508960724,0.6246645450592041,0.45213645696640015,-0.13035628199577332,0.5755390524864197,0.39648789167404175,-0.1720937043428421,0.5325278043746948,0.3553876280784607,-0.1959768533706665,0.7381216287612915,0.60819411277771,-0.08377443253993988,0.7399201989173889,0.4370851218700409,-0.14705903828144073,0.7259927988052368,0.31739091873168945,-0.18501996994018555,0.7086394429206848,0.20764106512069702,-0.20866848528385162,0.8129808902740479,0.6606775522232056,-0.10374289005994797,0.8881194591522217,0.5408585667610168,-0.16489174962043762,0.9349004030227661,0.45299920439720154,-0.19800522923469543,0.9707601070404053,0.36608144640922546,-0.21899165213108063
76531.064,0.7277495265007019,0.9912986159324646,4.6104906914479216e-07,0.6271281242370605,0.9531599879264832,-0.044131089001894,0.5369860529899597,0.8248541355133057,-0.07646483182907104,0.472631573677063,0.7335231900215149,-0.1089104488492012,0.46343857049942017,0.6344762444496155,-0.14120717346668243,0.592847466468811,0.6059239506721497,-0.03194810077548027,0.5597798228263855,0.41669636964797974,-0.06690184772014618,0.5315712690353394,0.31018486618995667,-0.0949963629245758,0.5162861347198486,0.2063021957874298,-0.12232401221990585,0.6625434756278992,0.5955425500869751,-0.049353715032339096,0.625566840171814,0.4397899806499481,-0.13646790385246277,0.5691993236541748,0.45738112926483154,-0.1857115924358368,0.5392818450927734,0.5011177062988281,-0.20008061826229095,0.7362916469573975,0.6123944520950317,-0.07377753406763077,0.7401635646820068,0.4382021129131317,-0.1420861929655075,0.718633770942688,0.3211994469165802,-0.18423229455947876,0.7042833566665649,0.21657809615135193,-0.2049083262681961,0.8126503825187683,0.6635919213294983,-0.10095462203025818,0.8870939016342163,0.5440397262573242,-0.1534012109041214,0.9319618940353394,0.45623910427093506,-0.1856025904417038,0.9691557884216309,0.36801743507385254,-0.20631833374500275
76531.096,0.7220883369445801,0.9876843094825745,2.057224008922276e-07,0.6231977343559265,0.9486055374145508,-0.04105864837765694,0.532589316368103,0.8215544819831848,-0.07164665311574936,0.4715394973754883,0.7312836050987244,-0.10249204933643341,0.46778354048728943,0.6292551755905151,-0.1319798231124878,0.5931108593940735,0.6057894825935364,-0.037984658032655716,0.5745549201965332,0.4040336608886719,-0.07613220065832138,0.5471879839897156,0.3035471737384796,-0.10114762932062149,0.5294235348701477,0.2051120102405548,-0.12517549097537994,0.6642374992370605,0.5983101725578308,-0.05666246637701988,0.622664749622345,0.4520241618156433,-0.15388813614845276,0.5547728538513184,0.51072758436203,-0.19878825545310974,0.5207259654998779,0.5857486128807068,-0.206427201628685,0.7382364273071289,0.6158006191253662,-0.0824289470911026,0.7457132339477539,0.4465213418006897,-0.15885737538337708,0.7193940877914429,0.33938875794410706,-0.1999637633562088,0.7046507596969604,0.2437514364719391,-0.21697570383548737,0.8150632381439209,0.6615215539932251,-0.10986935347318649,0.8875384330749512,0.5394282937049866,-0.16697917878627777,0.9319502115249634,0.4532356560230255,-0.19991716742515564,0.970078706741333,0.3634736239910126,-0.21913515031337738
76531.129,0.7280382513999939,0.9907408952713013,6.623542825323625e-10,0.6299822330474854,0.9510021805763245,-0.03560011461377144,0.535199761390686,0.8240983486175537,-0.06259404867887497,0.4754813313484192,0.7301191687583923,-0.0913596898317337,0.46198827028274536,0.6294881701469421,-0.11842279136180878,0.600141704082489,0.6041139960289001,-0.02681250125169754,0.5792187452316284,0.40602266788482666,-0.056436095386743546,0.5509908199310303,0.3049262762069702,-0.06966289132833481,0.5330327153205872,0.20808258652687073,-0.0860714539885521,0.6723004579544067,0.5993593335151672,-0.04701777175068855,0.6140823364257812,0.4837585687637329,-0.14364486932754517,0.5516571998596191,0.5816510319709778,-0.17980673909187317,0.5275031328201294,0.6690260767936707,-0.17968830466270447,0.7451843023300171,0.6170398592948914,-0.07478492707014084,0.7371488213539124,0.46823903918266296,-0.1550782024860382,0.7043996453285217,0.37664324045181274,-0.1922614723443985,0.686500608921051,0.2854892611503601,-0.2044527232646942,0.8210804462432861,0.6569593548774719,-0.10301902890205383,0.8836556673049927,0.530876100063324,-0.16056907176971436,0.9279506802558899,0.44804930686950684,-0.19107717275619507,0.9651896953582764,0.35798394680023193,-0.20804324746131897
76531.16,0.7301973104476929,0.9944677352905273,-8.015462071853108e-08,0.6314094066619873,0.9552901983261108,-0.0399906150996685,0.5367555618286133,0.8306238651275635,-0.07520566880702972,0.477053701877594,0.7383063435554504,-0.11291558295488358,0.4613962769508362,0.625766932964325,-0.14914537966251373,0.6031113266944885,0.5991710424423218,-0.03265274688601494,0.5741268396377563,0.40870964527130127,-0.06829482316970825,0.5471410155296326,0.30221301317214966,-0.0849759429693222,0.5295226573944092,0.20603042840957642,-0.10240159183740616,0.673464298248291,0.6001515984535217,-0.050630293786525726,0.6099593043327332,0.5310285091400146,-0.1581128090620041,0.551708459854126,0.670220136642456,-0.19318634271621704,0.5247156023979187,0.7824612855911255,-0.1877930462360382,0.7472934722900391,0.616646409034729,-0.07688778638839722,0.7324250936508179,0.49854540824890137,-0.16311058402061462,0.6883265376091003,0.4211890399456024,-0.194565549492836,0.6552287936210632,0.3356323540210724,-0.1993960291147232,0.8206645846366882,0.6563643217086792,-0.10389602929353714,0.8793880343437195,0.5315843820571899,-0.16047224402427673,0.9219820499420166,0.4481610357761383,-0.18451885879039764,0.9560354351997375,0.3534739315509796,-0.1948828399181366
76531.193,0.7333983778953552,0.9997610449790955,-9.711490633890207e-08,0.6317852139472961,0.9588415622711182,-0.0418551079928875,0.5372400879859924,0.8339755535125732,-0.07525043934583664,0.47666454315185547,0.7416555285453796,-0.1100001260638237,0.4612172842025757,0.6287190914154053,-0.1427094042301178,0.6044332385063171,0.6102211475372314,-0.04063951224088669,0.5709542036056519,0.41770637035369873,-0.07944636791944504,0.5447933673858643,0.3054073750972748,-0.09829726070165634,0.5266472101211548,0.20603719353675842,-0.11554738134145737,0.673270583152771,0.6107749342918396,-0.05427597090601921,0.6131947636604309,0.539127767086029,-0.15884098410606384,0.5597308278083801,0.6696428656578064,-0.1944105625152588,0.5324814319610596,0.7827074527740479,-0.19140920042991638,0.7464944124221802,0.6253732442855835,-0.07523225992918015,0.7317362427711487,0.5140530467033386,-0.16087286174297333,0.6800531148910522,0.4684414565563202,-0.19004707038402557,0.6381987929344177,0.4190239906311035,-0.19221429526805878,0.8182647228240967,0.661551833152771,-0.09716112166643143,0.8793105483055115,0.538632869720459,-0.15447165071964264,0.9217997193336487,0.45275095105171204,-0.17955516278743744,0.9547521471977234,0.3617779612541199,-0.18919704854488373
76531.257,0.7250254154205322,0.9924359917640686,3.2620256718018936e-08,0.6271570920944214,0.9508380889892578,-0.04482167959213257,0.5333378911018372,0.8321007490158081,-0.07537976652383804,0.47092318534851074,0.7408906817436218,-0.10504873842000961,0.4575074017047882,0.6347357034683228,-0.13211572170257568,0.5836985111236572,0.6223440766334534,-0.04620260000228882,0.5404200553894043,0.4399646520614624,-0.08477398008108139,0.514496386051178,0.33831068873405457,-0.10577013343572617,0.5048362016677856,0.23974394798278809,-0.12521123886108398,0.6555466055870056,0.6108744144439697,-0.05728292092680931,0.6124306917190552,0.5003551840782166,-0.15080411732196808,0.5581424236297607,0.5837221145629883,-0.18771101534366608,0.5283768177032471,0.6653234362602234,-0.19209690392017365,0.7318544983863831,0.6234776377677917,-0.07557248324155807,0.7255191802978516,0.4880529046058655,-0.15586990118026733,0.6820439696311951,0.4287871718406677,-0.19032028317451477,0.6485667824745178,0.37231868505477905,-0.20110878348350525,0.8083699941635132,0.6599307060241699,-0.09509282559156418,0.8758976459503174,0.534752607345581,-0.15495851635932922,0.9190061092376709,0.45232611894607544,-0.1875450611114502,0.9532278180122375,0.36809781193733215,-0.20542901754379272
76531.289,0.7218653559684753,0.9981719851493835,-1.2492990641987944e-08,0.62567138671875,0.938833475112915,-0.03379189223051071,0.5361663103103638,0.8335695266723633,-0.06239556893706322,0.46558961272239685,0.7441970705986023,-0.09550293534994125,0.44866085052490234,0.6493843197822571,-0.12748944759368896,0.5988936424255371,0.6557446122169495,-0.025461925193667412,0.5359419584274292,0.5540578961372375,-0.09214333444833755,0.48717576265335083,0.5917293429374695,-0.14324451982975006,0.45686888694763184,0.644580066204071,-0.17123112082481384,0.658600389957428,0.6197096705436707,-0.0393352136015892,0.6081624627113342,0.47239911556243896,-0.07934923470020294,0.5680348873138428,0.384453147649765,-0.1138979122042656,0.5321356058120728,0.3001832664012909,-0.1399335414171219,0.7340017557144165,0.6238757371902466,-0.06365301460027695,0.7127572894096375,0.4693811535835266,-0.11615871638059616,0.6829573512077332,0.3676038980484009,-0.1545674204826355,0.6521320939064026,0.27343040704727173,-0.17966318130493164,0.8115612268447876,0.6679016947746277,-0.08997068554162979,0.8763350248336792,0.5487746000289917,-0.13919255137443542,0.9221875667572021,0.46031808853149414,-0.1661311239004135,0.9604158401489258,0.3746517300605774,-0.1833847612142563
76531.321,0.7212812304496765,0.9944058656692505,4.2461022076167865e-07,0.6245040893554688,0.9461616277694702,-0.0347730852663517,0.5354390144348145,0.8443622589111328,-0.06443282961845398,0.47222456336021423,0.7634220719337463,-0.09772481769323349,0.449940025806427,0.6777676939964294,-0.13075394928455353,0.5985888242721558,0.6514377593994141,-0.030575934797525406,0.5330097079277039,0.5638300180435181,-0.09856092184782028,0.4785402715206146,0.5959687232971191,-0.15122677385807037,0.44593238830566406,0.6483702659606934,-0.17862455546855927,0.6582945585250854,0.6104671955108643,-0.04699598252773285,0.6231887340545654,0.43624627590179443,-0.08960340917110443,0.5925118327140808,0.3248317837715149,-0.1230631023645401,0.5685265064239502,0.21936988830566406,-0.14423738420009613,0.7306487560272217,0.6196290850639343,-0.07338719069957733,0.7161951065063477,0.4523112177848816,-0.12908412516117096,0.6925473213195801,0.3346084654331207,-0.1677423119544983,0.6719880104064941,0.22606009244918823,-0.18902654945850372,0.802372395992279,0.6778152585029602,-0.10159926861524582,0.8668206930160522,0.5565506815910339,-0.15114176273345947,0.917651891708374,0.46976903080940247,-0.17214903235435486,0.9635711908340454,0.3899596929550171,-0.18237470090389252
76531.371,0.7266103625297546,0.9912406802177429,6.496673563560762e-07,0.6249529123306274,0.9475171566009521,-0.04552470147609711,0.5337439179420471,0.8465009331703186,-0.08332857489585876,0.4660542905330658,0.7621117830276489,-0.11996477842330933,0.4414721429347992,0.6692528128623962,-0.15760864317417145,0.5840904712677002,0.6387771368026733,-0.0593208409845829,0.5249844789505005,0.5115394592285156,-0.1281086951494217,0.4733316898345947,0.4650425612926483,-0.18078860640525818,0.4261889159679413,0.43920451402664185,-0.21230415999889374,0.6530600190162659,0.609963595867157,-0.07401073724031448,0.6238434910774231,0.4269532263278961,-0.12402576208114624,0.5941511392593384,0.3098886013031006,-0.16469831764698029,0.5635624527931213,0.20277854800224304,-0.19240424036979675,0.7267909049987793,0.63376784324646,-0.0969797819852829,0.715375542640686,0.4602075219154358,-0.15596702694892883,0.6949825882911682,0.3407747149467468,-0.198550283908844,0.6730764508247375,0.22640559077262878,-0.22563225030899048,0.7958709597587585,0.7013563513755798,-0.12200678884983063,0.8488215804100037,0.5815290212631226,-0.17804966866970062,0.8919257521629333,0.4960201680660248,-0.20603778958320618,0.9275131225585938,0.41285619139671326,-0.2230517715215683
76531.376,0.7314661145210266,0.9908101558685303,5.647532930197485e-07,0.628921389579773,0.9515690803527832,-0.04227476194500923,0.5334540009498596,0.8517155051231384,-0.07515901327133179,0.4647247791290283,0.7659754157066345,-0.10699456185102463,0.44763481616973877,0.6718883514404297,-0.1394859254360199,0.5843292474746704,0.6379508972167969,-0.05042381212115288,0.5260486602783203,0.511492908000946,-0.11285880208015442,0.4757998287677765,0.4665606617927551,-0.16147519648075104,0.4321896433830261,0.4415155053138733,-0.19113357365131378,0.6533614993095398,0.604755699634552,-0.06492951512336731,0.623156726360321,0.42816364765167236,-0.10906077921390533,0.5917161703109741,0.3127164840698242,-0.14748737215995789,0.5609326958656311,0.2109038531780243,-0.17476560175418854,0.7271316051483154,0.626531183719635,-0.08758645504713058,0.7192735075950623,0.45487266778945923,-0.14226512610912323,0.7010193467140198,0.3389211893081665,-0.18443839251995087,0.6804876923561096,0.22997528314590454,-0.2121521532535553,0.7968586683273315,0.6940498948097229,-0.11202128976583481,0.854628324508667,0.5800344347953796,-0.16685332357883453,0.8946541547775269,0.4927244782447815,-0.19647133350372314,0.9261748790740967,0.40662211179733276,-0.214955136179924
76531.402,0.7252256274223328,0.9929842948913574,8.900547072698828e-07,0.6219794750213623,0.948535680770874,-0.060557588934898376,0.5316305756568909,0.8486024141311646,-0.10540595650672913,0.46796172857284546,0.7643076777458191,-0.14441083371639252,0.4439159035682678,0.662427544593811,-0.1860000640153885,0.5767157673835754,0.6171339154243469,-0.0964336022734642,0.5273826122283936,0.463483989238739,-0.16176530718803406,0.48777103424072266,0.3686148226261139,-0.21078166365623474,0.4524683952331543,0.2820236086845398,-0.24727168679237366,0.6500225067138672,0.6060316562652588,-0.10930244624614716,0.620193600654602,0.42758679389953613,-0.17137980461120605,0.5904889702796936,0.3151532709598541,-0.22110582888126373,0.5598573684692383,0.2088858187198639,-0.2568345367908478,0.7218009233474731,0.6474447846412659,-0.12790949642658234,0.7127535939216614,0.4737515449523926,-0.19738641381263733,0.6958377361297607,0.3592032194137573,-0.24598924815654755,0.6757153868675232,0.24655592441558838,-0.27896326780319214,0.7864036560058594,0.730230987071991,-0.14882633090019226,0.8253000378608704,0.6190000176429749,-0.2201196849346161,0.8539583086967468,0.5353624820709229,-0.2577998638153076,0.8770859241485596,0.4497604966163635,-0.2817312479019165
76531.432,0.7324443459510803,0.9886724948883057,9.690357956060325e-07,0.6290091276168823,0.9443050622940063,-0.05806809663772583,0.5325003862380981,0.8510609269142151,-0.1060386672616005,0.4666929841041565,0.7702832818031311,-0.14796696603298187,0.44400283694267273,0.6632884740829468,-0.1918482929468155,0.5784325003623962,0.6337586641311646,-0.11591483652591705,0.5301925539970398,0.45137226581573486,-0.185556560754776,0.4952583312988281,0.3445499539375305,-0.23256924748420715,0.4667869210243225,0.2500705122947693,-0.26671233773231506,0.645259439945221,0.6344079971313477,-0.13077311217784882,0.6084120273590088,0.4500963091850281,-0.19952741265296936,0.5803929567337036,0.33738255500793457,-0.24603542685508728,0.5542264580726624,0.23111408948898315,-0.27811336517333984,0.7140412330627441,0.6801676154136658,-0.14987947046756744,0.6972138285636902,0.5200755596160889,-0.22393444180488586,0.6810004711151123,0.40667524933815,-0.2667976915836334,0.6645562648773193,0.29233255982398987,-0.2948293387889862,0.7813045382499695,0.7597992420196533,-0.1709430068731308,0.8075809478759766,0.6499944925308228,-0.24452973902225494,0.8319927453994751,0.5721518993377686,-0.2774795889854431,0.8515146374702454,0.49019259214401245,-0.2973519265651703
76531.464,0.7311121225357056,0.994629979133606,4.6575485157518415e-07,0.6211322546005249,0.9415197372436523,-0.03789202868938446,0.5290054678916931,0.8308330774307251,-0.0758172944188118,0.47154685854911804,0.7510938048362732,-0.1141931340098381,0.44520825147628784,0.6505929827690125,-0.15426282584667206,0.5863831639289856,0.638018786907196,-0.0811762586236,0.5394279956817627,0.441759318113327,-0.13228213787078857,0.5147222876548767,0.3264264464378357,-0.16845683753490448,0.4916720986366272,0.2287285327911377,-0.1975349485874176,0.6486684679985046,0.6569212675094604,-0.10229682177305222,0.5985541939735413,0.5350550413131714,-0.18479640781879425,0.5282037854194641,0.5177254676818848,-0.23491699993610382,0.46607720851898193,0.5131632089614868,-0.26088303327560425,0.7135947346687317,0.700814962387085,-0.1253422498703003,0.6873235702514648,0.588699996471405,-0.2002612054347992,0.6273908615112305,0.5331344604492188,-0.2386646419763565,0.5708827376365662,0.48902231454849243,-0.25803306698799133,0.7792232036590576,0.7652753591537476,-0.14939196407794952,0.7907647490501404,0.656900942325592,-0.21013399958610535,0.803949236869812,0.5878089666366577,-0.23750638961791992,0.81609708070755,0.5281012058258057,-0.2523057758808136
76531.497,0.7296216487884521,0.9999465942382812,4.658178056615725e-07,0.6198779344558716,0.9489754438400269,-0.030639151111245155,0.5317474007606506,0.8338296413421631,-0.05944669991731644,0.475831001996994,0.7495992183685303,-0.08908132463693619,0.45555344223976135,0.6526079773902893,-0.12059850245714188,0.5787304639816284,0.6288321018218994,-0.05267158895730972,0.5401644706726074,0.4454219341278076,-0.09672471880912781,0.522712230682373,0.33200475573539734,-0.13299180567264557,0.5116105079650879,0.23622554540634155,-0.16466668248176575,0.6479148864746094,0.6349841952323914,-0.07720828056335449,0.6170618534088135,0.48189622163772583,-0.13135088980197906,0.5832248330116272,0.4168248474597931,-0.17406229674816132,0.5524813532829285,0.3709198832511902,-0.20287595689296722,0.7167086601257324,0.6812759041786194,-0.10528618842363358,0.696535050868988,0.5396820306777954,-0.16261430084705353,0.6608617901802063,0.4522380232810974,-0.20376653969287872,0.6206811666488647,0.3740551769733429,-0.2339302897453308,0.7877785563468933,0.7599666714668274,-0.13399986922740936,0.7777599096298218,0.7205193042755127,-0.19383709132671356,0.7445353269577026,0.7126746773719788,-0.22197620570659637,0.7022452354431152,0.7042495012283325,-0.24125756323337555
76531.528,0.7285163998603821,0.9858636856079102,6.967159720261407e-07,0.6169477105140686,0.9376726150512695,-0.04643915966153145,0.525395393371582,0.8424737453460693,-0.08379355072975159,0.46464085578918457,0.7577606439590454,-0.11814018338918686,0.44757217168807983,0.6549956202507019,-0.15502646565437317,0.5735000967979431,0.616774320602417,-0.07941846549510956,0.5380988717079163,0.4442129135131836,-0.13651227951049805,0.5147294402122498,0.33556726574897766,-0.17850200831890106,0.49721816182136536,0.24032709002494812,-0.2105761468410492,0.6503806114196777,0.6084442734718323,-0.09893180429935455,0.6130781769752502,0.42879384756088257,-0.14633166790008545,0.5904119610786438,0.3102414906024933,-0.18615604937076569,0.5674148201942444,0.2076081931591034,-0.216888427734375,0.7240406274795532,0.652241587638855,-0.12336817383766174,0.70005202293396,0.501838207244873,-0.18243011832237244,0.6683688759803772,0.395766019821167,-0.22575020790100098,0.6338597536087036,0.30107182264328003,-0.2574661672115326,0.7932960391044617,0.7336525917053223,-0.1491939127445221,0.757582426071167,0.692186176776886,-0.21467770636081696,0.7232740521430969,0.6901880502700806,-0.2425580769777298,0.6896712183952332,0.689943253993988,-0.2599807381629944
76531.559,0.733741044998169,0.9833157658576965,5.526280233425496e-07,0.6211486458778381,0.937386155128479,-0.04098762944340706,0.526370644569397,0.8348351120948792,-0.07164015620946884,0.46994465589523315,0.7461413145065308,-0.10055790841579437,0.44466614723205566,0.6469579339027405,-0.13126921653747559,0.5797268152236938,0.6133095622062683,-0.05484945327043533,0.5347951650619507,0.48139137029647827,-0.1063353419303894,0.4930224120616913,0.4086468815803528,-0.14585410058498383,0.44905585050582886,0.3433607518672943,-0.1761418581008911,0.6533322334289551,0.5975257754325867,-0.07608936727046967,0.6248012185096741,0.41356849670410156,-0.11949677765369415,0.6020422577857971,0.29084181785583496,-0.15938851237297058,0.5775294303894043,0.18190714716911316,-0.1891091763973236,0.7224047183990479,0.6417300701141357,-0.10350532084703445,0.7006785869598389,0.4887549579143524,-0.1614782214164734,0.667393684387207,0.3858628273010254,-0.2078302800655365,0.6309751868247986,0.2898808717727661,-0.23954351246356964,0.7888681888580322,0.725178062915802,-0.13176582753658295,0.7641587853431702,0.6730258464813232,-0.19343003630638123,0.7335184812545776,0.6476050615310669,-0.22280949354171753,0.6980597972869873,0.62158203125,-0.24153919517993927
76531.591,0.7325165867805481,0.9683452248573303,7.388112521766743e-07,0.6212725639343262,0.9244651794433594,-0.045972686260938644,0.5296879410743713,0.8255417346954346,-0.07908108830451965,0.4750533998012543,0.737490713596344,-0.10934622585773468,0.4535995423793793,0.6377949714660645,-0.1413590908050537,0.5787733197212219,0.5981251001358032,-0.07050599902868271,0.5419173836708069,0.4312140941619873,-0.12264631688594818,0.5189240574836731,0.32628872990608215,-0.15986725687980652,0.49951493740081787,0.2357533574104309,-0.1879786252975464,0.6545144319534302,0.5911731719970703,-0.08882439881563187,0.6156648397445679,0.40711262822151184,-0.1333683431148529,0.5924798250198364,0.28726598620414734,-0.17053896188735962,0.5693594217300415,0.1846863329410553,-0.19775798916816711,0.7277701497077942,0.636458158493042,-0.1124274879693985,0.6999543309211731,0.49315130710601807,-0.17140033841133118,0.6636295318603516,0.3937336802482605,-0.21373392641544342,0.6262166500091553,0.3046630918979645,-0.2423320710659027,0.7989928722381592,0.7179107069969177,-0.13731445372104645,0.7667450904846191,0.6704432964324951,-0.20088329911231995,0.7369023561477661,0.6666972637176514,-0.22664989531040192,0.7060278654098511,0.6656692028045654,-0.24143348634243011
76531.657,0.7425315976142883,0.9607143998146057,-1.0964453167616739e-07,0.6324916481971741,0.9127300381660461,-0.027837196364998817,0.5392225384712219,0.8003839254379272,-0.047634661197662354,0.4881782531738281,0.7115798592567444,-0.06857835501432419,0.47051894664764404,0.6167024970054626,-0.08981912583112717,0.5919417142868042,0.5831304788589478,-0.037869662046432495,0.5503568649291992,0.40514713525772095,-0.07401864230632782,0.5295913219451904,0.29954880475997925,-0.10022354871034622,0.5106096863746643,0.20900383591651917,-0.12289094924926758,0.6671441793441772,0.5821719169616699,-0.05403469502925873,0.6035341620445251,0.485859215259552,-0.10369794815778732,0.5464190244674683,0.4880368709564209,-0.130768284201622,0.49910691380500793,0.49455761909484863,-0.14462794363498688,0.7405201196670532,0.6151920557022095,-0.0738551989197731,0.6906247138977051,0.5656529068946838,-0.12748996913433075,0.6239951252937317,0.5604317784309387,-0.14728526771068573,0.5621261596679688,0.5555351972579956,-0.15632306039333344,0.8123257756233215,0.6753034591674805,-0.09539961814880371,0.761330246925354,0.6983532905578613,-0.14565429091453552,0.7114348411560059,0.749675989151001,-0.15816499292850494,0.6638859510421753,0.7925137877464294,-0.1610575169324875
76531.691,0.7514908909797668,0.968229353427887,-1.459286806948512e-07,0.6334694027900696,0.909240186214447,-0.03225184604525566,0.5375446081161499,0.7897279858589172,-0.05534730851650238,0.4804380536079407,0.6989850997924805,-0.07971765846014023,0.47365638613700867,0.6020897030830383,-0.10444873571395874,0.6021722555160522,0.5789819359779358,-0.03861916437745094,0.561356782913208,0.39675652980804443,-0.07804761826992035,0.5381066799163818,0.29098671674728394,-0.10953295230865479,0.5139017701148987,0.20086199045181274,-0.13681165874004364,0.6746332049369812,0.5772973895072937,-0.0546615868806839,0.6135512590408325,0.5067142844200134,-0.11275031417608261,0.550111711025238,0.49642640352249146,-0.15020807087421417,0.4930498003959656,0.48115110397338867,-0.1719418168067932,0.745425283908844,0.6072446703910828,-0.0745093822479248,0.6872867941856384,0.5738532543182373,-0.13464650511741638,0.6181153655052185,0.5623427629470825,-0.16270695626735687,0.552239179611206,0.5443406105041504,-0.17830853164196014,0.8118129968643188,0.6649685502052307,-0.09665834903717041,0.7478377819061279,0.7118476629257202,-0.15504813194274902,0.6962174773216248,0.769588053226471,-0.17379255592823029,0.6496132612228394,0.8149376511573792,-0.18053439259529114
76531.72,0.7572277784347534,0.9695339202880859,-1.285533386408133e-07,0.6412423253059387,0.9147461652755737,-0.029324501752853394,0.5426812767982483,0.7943271994590759,-0.047855399549007416,0.485762357711792,0.7034584283828735,-0.06749765574932098,0.4705706536769867,0.6103068590164185,-0.08797356486320496,0.6055481433868408,0.5754327178001404,-0.031868983060121536,0.5645217299461365,0.3990533947944641,-0.06617560982704163,0.5412268042564392,0.29749658703804016,-0.09283458441495895,0.5204527974128723,0.20828533172607422,-0.1167202740907669,0.6784132122993469,0.5742330551147461,-0.0482693612575531,0.6122235655784607,0.47413530945777893,-0.09992879629135132,0.5491302609443665,0.45306116342544556,-0.13561910390853882,0.4979060888290405,0.43602126836776733,-0.15566925704479218,0.747356116771698,0.605310320854187,-0.06857890635728836,0.689245343208313,0.5646965503692627,-0.12684449553489685,0.6192298531532288,0.543228268623352,-0.16071319580078125,0.556107759475708,0.5210076570510864,-0.17955337464809418,0.8115106821060181,0.6627291440963745,-0.09036335349082947,0.7425998449325562,0.7101901769638062,-0.14806893467903137,0.6887412667274475,0.7686281204223633,-0.17054380476474762,0.6407719254493713,0.8157289624214172,-0.18043994903564453
76531.753,0.7517593502998352,0.9681491851806641,1.5070376946368924e-07,0.6454324722290039,0.9143024682998657,-0.02653278037905693,0.545824408531189,0.7918338179588318,-0.03788165748119354,0.49078238010406494,0.6960959434509277,-0.0495927631855011,0.47296327352523804,0.6032338738441467,-0.06168791651725769,0.5997264385223389,0.5869687795639038,-0.02406981773674488,0.5483295321464539,0.43357497453689575,-0.05637094005942345,0.524766206741333,0.33927324414253235,-0.07730485498905182,0.5113938450813293,0.25237277150154114,-0.09429434686899185,0.6733770370483398,0.5748288631439209,-0.04145462065935135,0.5988285541534424,0.4185621738433838,-0.07659056037664413,0.5522127151489258,0.3298451006412506,-0.1085498034954071,0.514998733997345,0.24791139364242554,-0.129234179854393,0.7445834875106812,0.599953293800354,-0.06324559450149536,0.6898069381713867,0.5543937683105469,-0.12211080640554428,0.6259030699729919,0.5265957117080688,-0.16364742815494537,0.5676599144935608,0.4907909631729126,-0.18618027865886688,0.8084245920181274,0.6552829146385193,-0.08494812995195389,0.7329978942871094,0.7060338258743286,-0.1457267850637436,0.6774154901504517,0.7726719379425049,-0.17101742327213287,0.6292972564697266,0.8207036852836609,-0.18334829807281494
76531.801,0.7473379373550415,0.959516167640686,4.049595361266256e-07,0.6426262259483337,0.9080355167388916,-0.026647981256246567,0.5435901284217834,0.7882232666015625,-0.041514646261930466,0.4923754930496216,0.6951413154602051,-0.05712428689002991,0.46722039580345154,0.6049720644950867,-0.07408315688371658,0.5939440727233887,0.6030068397521973,-0.03568119555711746,0.5372055768966675,0.4604857861995697,-0.07590708881616592,0.5028569102287292,0.38040709495544434,-0.10109508037567139,0.47453635931015015,0.3048860430717468,-0.1191699281334877,0.6664959192276001,0.5859090089797974,-0.05620104819536209,0.6269096732139587,0.40257182717323303,-0.09511498361825943,0.5968710780143738,0.29309120774269104,-0.12657523155212402,0.5734652280807495,0.19694340229034424,-0.1460554152727127,0.7377234697341919,0.6124364733695984,-0.08082606643438339,0.6949312686920166,0.5187992453575134,-0.14017260074615479,0.6345064640045166,0.49920839071273804,-0.177449032664299,0.5857786536216736,0.4719023108482361,-0.19622531533241272,0.8031556606292725,0.6678346395492554,-0.10524971783161163,0.732683539390564,0.6962970495223999,-0.16669759154319763,0.6761090755462646,0.7510415315628052,-0.18977119028568268,0.6335964798927307,0.787936806678772,-0.19938305020332336
76531.806,0.7439362406730652,0.9549683332443237,4.3214686229475774e-07,0.6425430774688721,0.9073456525802612,-0.029972614720463753,0.5446301102638245,0.7930285930633545,-0.046646349132061005,0.49217116832733154,0.7003106474876404,-0.063157819211483,0.4702295660972595,0.6075234413146973,-0.08073931187391281,0.594356894493103,0.5985674262046814,-0.03980925679206848,0.5361335873603821,0.4561408758163452,-0.07880780845880508,0.5039721727371216,0.37469184398651123,-0.10297068953514099,0.4796045124530792,0.2973100244998932,-0.12054678052663803,0.6676833033561707,0.5812381505966187,-0.058224063366651535,0.6267989873886108,0.4016641676425934,-0.09562880545854568,0.5970327854156494,0.2925615906715393,-0.12603485584259033,0.5742591023445129,0.1974058449268341,-0.14530867338180542,0.7393169403076172,0.6088532209396362,-0.08073201030492783,0.6988678574562073,0.518916130065918,-0.13904397189617157,0.6390145421028137,0.5015231370925903,-0.17584379017353058,0.590642511844635,0.4786696135997772,-0.19454200565814972,0.8038874864578247,0.6664820909500122,-0.10326707363128662,0.7348370552062988,0.6920457482337952,-0.1644086390733719,0.6782351136207581,0.7491589784622192,-0.18737676739692688,0.6351975798606873,0.7905917167663574,-0.19701968133449554
76531.832,0.7440686821937561,0.9503562450408936,1.9434037312748842e-07,0.6402970552444458,0.9002599120140076,-0.02070617862045765,0.5432977080345154,0.7776002287864685,-0.031331222504377365,0.4907533526420593,0.6890498995780945,-0.04359990358352661,0.46206900477409363,0.6029161214828491,-0.05693430453538895,0.5929003953933716,0.5910531878471375,-0.011483385227620602,0.5438359379768372,0.4795544147491455,-0.053285542875528336,0.4997616112232208,0.44263389706611633,-0.08745647221803665,0.4492512345314026,0.4206690192222595,-0.10934429615736008,0.661605954170227,0.5712202191352844,-0.034727081656455994,0.6359838843345642,0.38537436723709106,-0.06273939460515976,0.6144653558731079,0.27369415760040283,-0.09397109597921371,0.5919607877731323,0.179825097322464,-0.11588510870933533,0.7302606105804443,0.6004385352134705,-0.0649922639131546,0.7043470144271851,0.4739922881126404,-0.11473727226257324,0.6506562232971191,0.4103197455406189,-0.15941092371940613,0.6002755165100098,0.34974217414855957,-0.18734553456306458,0.7974587082862854,0.6607233285903931,-0.09454302489757538,0.737198531627655,0.642871618270874,-0.14720377326011658,0.6827006340026855,0.685684323310852,-0.16923022270202637,0.6350498199462891,0.7186720371246338,-0.1817931830883026
76531.864,0.7351317405700684,0.9375436902046204,6.904959946041345e-07,0.6291700601577759,0.8786428570747375,-0.03864653781056404,0.5439803004264832,0.7708495855331421,-0.06758374720811844,0.4925745725631714,0.6875287294387817,-0.09589806199073792,0.4663201570510864,0.6033295392990112,-0.12514272332191467,0.5873706936836243,0.562859833240509,-0.0523928701877594,0.5401574373245239,0.419456422328949,-0.099298395216465,0.5072092413902283,0.3326979875564575,-0.13545334339141846,0.48136764764785767,0.25425153970718384,-0.16271069645881653,0.6552761197090149,0.555963397026062,-0.06916370242834091,0.6224795579910278,0.38665318489074707,-0.11411809176206589,0.5975642204284668,0.2746201157569885,-0.1531844437122345,0.5760143399238586,0.1761607527732849,-0.18125306069850922,0.7231139540672302,0.5949094295501709,-0.09106552600860596,0.69693523645401,0.46495845913887024,-0.14263807237148285,0.6508764624595642,0.3937966227531433,-0.17979000508785248,0.6089547872543335,0.331826776266098,-0.2038438767194748,0.7884634733200073,0.6671243906021118,-0.11498534679412842,0.7635993957519531,0.5890514254570007,-0.1641199141740799,0.7341057062149048,0.550639808177948,-0.18698546290397644,0.7057992815971375,0.5173854827880859,-0.20105405151844025
76531.898,0.7299981117248535,0.9277933835983276,7.171350375756447e-07,0.6280248761177063,0.8706876039505005,-0.041345469653606415,0.5480130910873413,0.7643937468528748,-0.07613053917884827,0.498527467250824,0.6814809441566467,-0.10916062444448471,0.4721342623233795,0.5875389575958252,-0.14295043051242828,0.5884515643119812,0.5685412883758545,-0.07346236705780029,0.5481442809104919,0.4032973349094391,-0.12767477333545685,0.5252374410629272,0.30588558316230774,-0.16647018492221832,0.5089777708053589,0.2167646288871765,-0.1940104067325592,0.6463227272033691,0.5758658051490784,-0.08756111562252045,0.6057026386260986,0.4129885733127594,-0.14259226620197296,0.5712606906890869,0.3101584017276764,-0.18251098692417145,0.53815758228302,0.21257522702217102,-0.20887815952301025,0.709646999835968,0.6158445477485657,-0.10537757724523544,0.6845350861549377,0.4824974536895752,-0.16154636442661285,0.6488177180290222,0.40208175778388977,-0.1933560073375702,0.6101679801940918,0.32308441400527954,-0.21184489130973816,0.7774552702903748,0.6828324198722839,-0.1254151314496994,0.7794686555862427,0.5781553387641907,-0.1749967336654663,0.7692419290542603,0.5087617039680481,-0.1964547038078308,0.7526395916938782,0.43826237320899963,-0.2085048109292984
76531.929,0.7348451018333435,0.9316673278808594,3.378065969172894e-07,0.6309015154838562,0.8716154098510742,-0.02942305989563465,0.5472180843353271,0.7530609965324402,-0.05914699658751488,0.4987943768501282,0.6706153750419617,-0.09031848609447479,0.47230908274650574,0.5785998702049255,-0.12307698279619217,0.5946937203407288,0.5723480582237244,-0.056783296167850494,0.551856279373169,0.39913466572761536,-0.10311604291200638,0.5306243300437927,0.30001959204673767,-0.139542818069458,0.5128114223480225,0.2110472321510315,-0.16829067468643188,0.6516293287277222,0.5846613049507141,-0.07747070491313934,0.610044002532959,0.4589758515357971,-0.1467103511095047,0.5563790798187256,0.42033320665359497,-0.19330842792987823,0.5087511539459229,0.38830095529556274,-0.21808472275733948,0.7136426568031311,0.6225172877311707,-0.10041055828332901,0.6820705533027649,0.4969261586666107,-0.16016235947608948,0.6365416049957275,0.42361098527908325,-0.19245482981204987,0.5908387899398804,0.35375073552131653,-0.20962761342525482,0.779420018196106,0.6834781765937805,-0.12460411339998245,0.7803711891174316,0.5795624256134033,-0.17279605567455292,0.7703863382339478,0.5097407102584839,-0.1933501809835434,0.756707489490509,0.43948906660079956,-0.2044575959444046
76531.962,0.7334164381027222,0.9268661737442017,6.546970325871371e-07,0.6299099922180176,0.8622168302536011,-0.03824515640735626,0.5498527884483337,0.7514688968658447,-0.06892262399196625,0.5024794936180115,0.6671001315116882,-0.09816120564937592,0.48265528678894043,0.5730023384094238,-0.1282731294631958,0.5981859564781189,0.5480818748474121,-0.053636349737644196,0.5639024972915649,0.3924126625061035,-0.10219481587409973,0.5403280258178711,0.2896173596382141,-0.14253628253936768,0.5229231119155884,0.2011973261833191,-0.17429697513580322,0.6588781476020813,0.5527482628822327,-0.07059232890605927,0.6433569192886353,0.39949363470077515,-0.11551560461521149,0.6245275735855103,0.3042716681957245,-0.15315128862857819,0.6066194176673889,0.2219732701778412,-0.18176452815532684,0.7185896039009094,0.6021896600723267,-0.09273745864629745,0.703420877456665,0.4530501365661621,-0.13922326266765594,0.6757434606552124,0.3578794002532959,-0.17057089507579803,0.6484414935112,0.26812878251075745,-0.19469167292118073,0.7772589325904846,0.6871988773345947,-0.11754804104566574,0.7723288536071777,0.5998637080192566,-0.16662099957466125,0.7520243525505066,0.5360429883003235,-0.1899496465921402,0.7298011183738708,0.47038978338241577,-0.20613618195056915
76531.993,0.739273726940155,0.9203686714172363,5.858799454472319e-07,0.6317592263221741,0.8582143783569336,-0.03552151098847389,0.5490586757659912,0.7540961503982544,-0.06170628219842911,0.5013872981071472,0.6690519452095032,-0.08655498176813126,0.4749038815498352,0.5761629939079285,-0.11344531923532486,0.5960187911987305,0.5437132120132446,-0.05008390173316002,0.5524917244911194,0.41163259744644165,-0.09586881101131439,0.5187736749649048,0.32392436265945435,-0.13224081695079803,0.4903761148452759,0.24187487363815308,-0.16199225187301636,0.6635127663612366,0.5300977230072021,-0.07166505604982376,0.6328561305999756,0.3598968982696533,-0.11276932060718536,0.6092886328697205,0.24506717920303345,-0.15142130851745605,0.5866566300392151,0.1437157392501831,-0.18081088364124298,0.7259697914123535,0.5768139362335205,-0.09834959357976913,0.7130020260810852,0.411834180355072,-0.14926408231258392,0.6874569058418274,0.30045390129089355,-0.1917102038860321,0.6605449914932251,0.1964092254638672,-0.22272732853889465,0.7827455997467041,0.6645408272743225,-0.12612862884998322,0.7702698111534119,0.5977545976638794,-0.18380971252918243,0.7437648773193359,0.5398042798042297,-0.2157544642686844,0.715753436088562,0.4792225956916809,-0.23729871213436127
76532.057,0.7442945837974548,0.8967359662055969,3.4636707368917996e-07,0.641843855381012,0.8459505438804626,-0.029584109783172607,0.5542186498641968,0.7338355183601379,-0.04355593025684357,0.5084097385406494,0.6477372646331787,-0.05555056408047676,0.49420732259750366,0.5511581897735596,-0.06977906078100204,0.5991702079772949,0.525793194770813,-0.03815440461039543,0.5627265572547913,0.3661278784275055,-0.06611548364162445,0.54428631067276,0.26682841777801514,-0.08426955342292786,0.5296239256858826,0.17591270804405212,-0.10047601908445358,0.6701639890670776,0.5181088447570801,-0.056237902492284775,0.630138635635376,0.3587394952774048,-0.0804564356803894,0.607106626033783,0.251613050699234,-0.10588746517896652,0.5884854197502136,0.1524929404258728,-0.12615005671977997,0.7377074956893921,0.5519487261772156,-0.07855507731437683,0.7016688585281372,0.4465707838535309,-0.12777382135391235,0.6588215827941895,0.35398364067077637,-0.17281603813171387,0.6240135431289673,0.2655479907989502,-0.20576465129852295,0.800906240940094,0.6171622276306152,-0.10070998966693878,0.7294104695320129,0.6437863111495972,-0.16267801821231842,0.6701734066009521,0.7163580060005188,-0.19112475216388702,0.6272229552268982,0.7760093808174133,-0.20954537391662598
76532.089,0.7410640716552734,0.8979064226150513,7.775923016595243e-09,0.6391100287437439,0.8365827798843384,-0.022541314363479614,0.555651068687439,0.7284324169158936,-0.039470598101615906,0.5156252384185791,0.6304599642753601,-0.06142651289701462,0.4961646795272827,0.5489587187767029,-0.08148480206727982,0.6060928106307983,0.5224893093109131,-0.027722975239157677,0.5760045051574707,0.3473931849002838,-0.06859651207923889,0.5607737898826599,0.24860697984695435,-0.09161143004894257,0.5498502254486084,0.16248643398284912,-0.10591550171375275,0.683674156665802,0.5196669101715088,-0.04393346980214119,0.6254421472549438,0.42616981267929077,-0.1121232882142067,0.5749703645706177,0.44533848762512207,-0.1396864354610443,0.5418434739112854,0.4729881286621094,-0.14135877788066864,0.7536365389823914,0.5487526655197144,-0.0627814382314682,0.6711230874061584,0.5894381999969482,-0.12948451936244965,0.6175512671470642,0.6919313073158264,-0.13472017645835876,0.5831784009933472,0.77164626121521,-0.11818800121545792,0.810593843460083,0.60648113489151,-0.08368724584579468,0.7309719920158386,0.674048125743866,-0.12731659412384033,0.6764167547225952,0.7494921684265137,-0.1264859288930893,0.636203944683075,0.8027811050415039,-0.11245305836200714
76532.121,0.7467377185821533,0.898595929145813,-4.2537558897493e-07,0.6538330912590027,0.8357195854187012,-0.028788046911358833,0.5767147541046143,0.7344523072242737,-0.05209256336092949,0.5269922018051147,0.6444017887115479,-0.08006107062101364,0.4958620071411133,0.5530470013618469,-0.10774672776460648,0.6258001923561096,0.5195713639259338,-0.037569306790828705,0.5972285270690918,0.3474714756011963,-0.08572104573249817,0.5792825222015381,0.24423378705978394,-0.11100944131612778,0.5648409724235535,0.15835237503051758,-0.12596455216407776,0.7044141292572021,0.5142914056777954,-0.051369067281484604,0.6215848326683044,0.4662601053714752,-0.13364072144031525,0.571227490901947,0.5711675882339478,-0.15754500031471252,0.5453881025314331,0.667092502117157,-0.1522531509399414,0.7683025002479553,0.5467484593391418,-0.06872809678316116,0.6717585325241089,0.616771399974823,-0.146954745054245,0.6170306205749512,0.7338076233863831,-0.1482427418231964,0.5806580781936646,0.8138033747673035,-0.12677979469299316,0.8196829557418823,0.6078613996505737,-0.0878233090043068,0.7360662817955017,0.679916501045227,-0.1354667991399765,0.6832122802734375,0.7622583508491516,-0.1305396854877472,0.6428732872009277,0.8182440400123596,-0.11238478869199753
76532.153,0.748407781124115,0.9041886925697327,-4.375313551463478e-07,0.6499913930892944,0.8352761268615723,-0.030307592824101448,0.5695922374725342,0.734168529510498,-0.05458765849471092,0.5187686681747437,0.6457524299621582,-0.08386068046092987,0.48537784814834595,0.5535215139389038,-0.11356618255376816,0.6286683678627014,0.5228588581085205,-0.040599167346954346,0.5946080684661865,0.35534849762916565,-0.09382445365190506,0.5762511491775513,0.24913397431373596,-0.12577897310256958,0.560600757598877,0.15885305404663086,-0.14534135162830353,0.7071778774261475,0.5145896077156067,-0.05462547019124031,0.6295558214187622,0.48052656650543213,-0.14275549352169037,0.5754767656326294,0.5822768211364746,-0.1708557903766632,0.5418233871459961,0.6740998029708862,-0.168221578001976,0.7730045318603516,0.5434813499450684,-0.07254421710968018,0.6759585738182068,0.6094561219215393,-0.15575461089611053,0.6227826476097107,0.7259957790374756,-0.15639473497867584,0.5866479873657227,0.8091098666191101,-0.13330793380737305,0.8268982768058777,0.6017683744430542,-0.09263883531093597,0.7453564405441284,0.6676533222198486,-0.1439671665430069,0.6947609782218933,0.7508291006088257,-0.13718095421791077,0.6578994989395142,0.8105177879333496,-0.11632412672042847
76532.184,0.7430859804153442,0.9017398357391357,-4.204375727567822e-07,0.6431195139884949,0.8289700746536255,-0.027572285383939743,0.5621265769004822,0.7312510013580322,-0.05112912505865097,0.5137587189674377,0.6450673341751099,-0.08034352213144302,0.4943709373474121,0.5594292283058167,-0.10886584222316742,0.6193823218345642,0.5268980860710144,-0.029111027717590332,0.5747023224830627,0.373311847448349,-0.07492014765739441,0.5542519688606262,0.2761462926864624,-0.10520707070827484,0.5419431924819946,0.18998277187347412,-0.1261999011039734,0.6929338574409485,0.5214990377426147,-0.04397324472665787,0.6279652714729309,0.47666990756988525,-0.11833146214485168,0.5797664523124695,0.5475884079933167,-0.14618328213691711,0.5513181686401367,0.6103237867355347,-0.14894136786460876,0.76058429479599,0.548741340637207,-0.06313904374837875,0.6875489354133606,0.5688754320144653,-0.13239964842796326,0.6427861452102661,0.6643802523612976,-0.1330481320619583,0.6162281632423401,0.7390676736831665,-0.11506050825119019,0.8244007229804993,0.6027413606643677,-0.0852120965719223,0.7553135752677917,0.6401557922363281,-0.129338800907135,0.7085506319999695,0.7045559883117676,-0.1261707991361618,0.6788629293441772,0.755643367767334,-0.11108116060495377
76532.233,0.743375301361084,0.9155619144439697,-7.900366654212121e-07,0.6475395560264587,0.8360182046890259,-0.015371567569673061,0.5632670521736145,0.7145856618881226,-0.03077755495905876,0.5134081244468689,0.62654048204422,-0.05070029944181442,0.4997057318687439,0.5458000302314758,-0.06871696561574936,0.6400232911109924,0.5285323262214661,0.0021120046731084585,0.6048322916030884,0.4254714250564575,-0.041878197342157364,0.5527935028076172,0.422544926404953,-0.08012241870164871,0.5085023045539856,0.4340971112251282,-0.10432349890470505,0.7005909085273743,0.5313214063644409,-0.01645834371447563,0.6506350040435791,0.43126118183135986,-0.054310016334056854,0.5880213975906372,0.4359532594680786,-0.08216003328561783,0.5391486287117004,0.44971179962158203,-0.09890785068273544,0.7636224627494812,0.5615649223327637,-0.041734229773283005,0.7173393368721008,0.48458701372146606,-0.08256179094314575,0.6521883010864258,0.49728116393089294,-0.09765598177909851,0.5994918346405029,0.5155584216117859,-0.10430042445659637,0.829178512096405,0.6167458891868591,-0.06881193071603775,0.7732455730438232,0.5971589088439941,-0.10293085873126984,0.721100926399231,0.6316897869110107,-0.11026737093925476,0.6810747385025024,0.664218008518219,-0.11149878054857254
76532.24,0.7370908260345459,0.8968052864074707,-7.184493142631254e-07,0.6480083465576172,0.8348867893218994,-0.02203197218477726,0.5580244660377502,0.7183387279510498,-0.03878074511885643,0.5089475512504578,0.6275196075439453,-0.05802468582987785,0.499342143535614,0.5438865423202515,-0.07471667230129242,0.6400490999221802,0.5323992967605591,-0.0024089408107101917,0.597082257270813,0.440170556306839,-0.04880315810441971,0.5425876379013062,0.44062477350234985,-0.08876516669988632,0.4959830641746521,0.45627930760383606,-0.11333507299423218,0.6999378204345703,0.5276888012886047,-0.01564924605190754,0.6457393169403076,0.43534332513809204,-0.05415501818060875,0.5851477384567261,0.438289999961853,-0.08193829655647278,0.5383639931678772,0.4462341070175171,-0.09812547266483307,0.7623576521873474,0.5545544624328613,-0.036392465233802795,0.7156041264533997,0.4784584939479828,-0.07789133489131927,0.6538504362106323,0.49671196937561035,-0.09272685647010803,0.6031155586242676,0.516132652759552,-0.09861823171377182,0.8266148567199707,0.6075164675712585,-0.05957106500864029,0.7754972577095032,0.592452347278595,-0.09671842306852341,0.7253774404525757,0.6289030313491821,-0.10711459070444107,0.6843647360801697,0.659630298614502,-0.10972994565963745
76532.265,0.7278762459754944,0.8760417103767395,7.740997887140111e-08,0.6415961980819702,0.8225573897361755,-0.032165396958589554,0.5683732032775879,0.7238186597824097,-0.0584445483982563,0.5223391056060791,0.6510254144668579,-0.08627912402153015,0.5056719183921814,0.5822213292121887,-0.11336391419172287,0.6333429217338562,0.55184006690979,-0.023361124098300934,0.5759454369544983,0.4818982481956482,-0.08895992487668991,0.526188850402832,0.523422122001648,-0.14549750089645386,0.4917631149291992,0.5751494765281677,-0.1768949329853058,0.6865138411521912,0.5291630029678345,-0.03698806092143059,0.6447651982307434,0.37815040349960327,-0.074675053358078,0.6056051850318909,0.2854887843132019,-0.10983747243881226,0.5741991996765137,0.20151856541633606,-0.13355596363544464,0.749796450138092,0.5581265091896057,-0.05946430191397667,0.7336087226867676,0.4103304147720337,-0.09908067435026169,0.7031404972076416,0.32454898953437805,-0.12489541620016098,0.6715033650398254,0.24251747131347656,-0.13998055458068848,0.8119021654129028,0.6288257837295532,-0.08462066203355789,0.8193897008895874,0.5411065220832825,-0.11606945842504501,0.8057569265365601,0.4829375147819519,-0.1225164383649826,0.7831683158874512,0.4275124669075012,-0.12379802763462067
76532.297,0.7333690524101257,0.8748029470443726,1.8369553345110035e-07,0.6401979327201843,0.8222101926803589,-0.03122183308005333,0.5594160556793213,0.7208175659179688,-0.05972489342093468,0.5042584538459778,0.6406093239784241,-0.08962905406951904,0.49929702281951904,0.5508874654769897,-0.119300477206707,0.6291900873184204,0.5434221029281616,-0.030796024948358536,0.5743359327316284,0.45938536524772644,-0.0967947393655777,0.5276710391044617,0.48239538073539734,-0.149603009223938,0.4972236156463623,0.5184275507926941,-0.1800149828195572,0.6868525147438049,0.5165698528289795,-0.04852643609046936,0.6524272561073303,0.34773337841033936,-0.09492895007133484,0.622258722782135,0.2441684603691101,-0.13363726437091827,0.5961189270019531,0.1492110788822174,-0.1592438519001007,0.7495309710502625,0.5443631410598755,-0.07442145049571991,0.7393313646316528,0.3794395327568054,-0.12661808729171753,0.7158863544464111,0.2783375382423401,-0.16223667562007904,0.6888213157653809,0.17907726764678955,-0.1830296665430069,0.8082795143127441,0.6168997287750244,-0.10142918676137924,0.8269271850585938,0.5151505470275879,-0.14696072041988373,0.8293012976646423,0.43932729959487915,-0.16536365449428558,0.8234641551971436,0.3624962568283081,-0.17519384622573853
76532.328,0.7452135682106018,0.8733948469161987,3.8883123920641083e-07,0.6464253664016724,0.8135887384414673,-0.029208766296505928,0.5673718452453613,0.7099417448043823,-0.056580789387226105,0.5143702030181885,0.6316288709640503,-0.08527616411447525,0.49771344661712646,0.5473001003265381,-0.11581964790821075,0.6233052015304565,0.5244017243385315,-0.03428049758076668,0.5766518712043762,0.42028021812438965,-0.0920754075050354,0.5376008749008179,0.39174720644950867,-0.13984782993793488,0.5050212144851685,0.3747597932815552,-0.1703919768333435,0.6864582896232605,0.5020354390144348,-0.05601160228252411,0.6574810147285461,0.3318398594856262,-0.10047899931669235,0.6322404742240906,0.21943172812461853,-0.14107243716716766,0.6090405583381653,0.11844509840011597,-0.169523686170578,0.7501967549324036,0.5370662212371826,-0.08454830944538116,0.7409588098526001,0.3686196804046631,-0.13628248870372772,0.7208987474441528,0.261179655790329,-0.1757681965827942,0.6993265748023987,0.15626007318496704,-0.20139539241790771,0.8062520027160645,0.6145139932632446,-0.11386895924806595,0.8205488920211792,0.5155189037322998,-0.16390477120876312,0.8251717686653137,0.43717625737190247,-0.18824449181556702,0.8256425857543945,0.356203556060791,-0.20339235663414001
76532.36,0.7547467350959778,0.8733707070350647,4.4383807562553557e-07,0.6570163369178772,0.8178920745849609,-0.03355565667152405,0.5709165334701538,0.7034650444984436,-0.05190276354551315,0.5181764364242554,0.6130613088607788,-0.06816317141056061,0.5032139420509338,0.522646963596344,-0.08740489184856415,0.6292785406112671,0.5015733242034912,-0.03861038386821747,0.581315279006958,0.37456631660461426,-0.07508625835180283,0.5466749668121338,0.29394471645355225,-0.10384867340326309,0.5138745307922363,0.219063401222229,-0.1278253197669983,0.7010344862937927,0.4879467189311981,-0.05837249755859375,0.6790837645530701,0.3101557493209839,-0.08714615553617477,0.6654282212257385,0.19348222017288208,-0.11679396778345108,0.6511693596839905,0.09133163094520569,-0.13955004513263702,0.7651745676994324,0.529999315738678,-0.08386722952127457,0.7539933919906616,0.3821243643760681,-0.13222312927246094,0.7286986112594604,0.2756078243255615,-0.1771436184644699,0.7061367034912109,0.1754378378391266,-0.20950469374656677,0.8244812488555908,0.6085794568061829,-0.10952243953943253,0.7854691743850708,0.5785102248191833,-0.16817301511764526,0.744552731513977,0.6010186076164246,-0.1955300122499466,0.7118186950683594,0.6166562438011169,-0.21316929161548615
76532.391,0.7619243264198303,0.8714685440063477,4.621302878149436e-07,0.6595158576965332,0.8159665465354919,-0.03199691325426102,0.5730146765708923,0.7028313279151917,-0.04764962196350098,0.5246247053146362,0.6127062439918518,-0.05979112535715103,0.5071684122085571,0.514945387840271,-0.07361969351768494,0.6328456997871399,0.4963647723197937,-0.045869097113609314,0.5907906293869019,0.34522247314453125,-0.07770171016454697,0.562736451625824,0.2480269968509674,-0.09615452587604523,0.5369036197662354,0.16079279780387878,-0.11234669387340546,0.7092251181602478,0.48482179641723633,-0.06495656073093414,0.6988166570663452,0.3025989532470703,-0.0943860113620758,0.6953546404838562,0.1843726933002472,-0.12072566151618958,0.6908749938011169,0.08126848936080933,-0.13947369158267975,0.7735168933868408,0.5243377685546875,-0.08871497958898544,0.7520694136619568,0.4137549102306366,-0.14700765907764435,0.7298657894134521,0.3140270709991455,-0.19769644737243652,0.7138406038284302,0.21806377172470093,-0.23134858906269073,0.8276551365852356,0.5969976782798767,-0.11137255281209946,0.755317747592926,0.6191328763961792,-0.18207208812236786,0.6927720308303833,0.6863632202148438,-0.2147751897573471,0.645672619342804,0.7391340732574463,-0.23417794704437256
76532.458,0.7550562620162964,0.8715791702270508,9.278591619477083e-07,0.6543630957603455,0.7965675592422485,-0.021248985081911087,0.5741214156150818,0.6786805987358093,-0.035491302609443665,0.5338701009750366,0.5876844525337219,-0.0538371242582798,0.5191548466682434,0.5057632923126221,-0.06995261460542679,0.6363496780395508,0.5039805173873901,-0.038178544491529465,0.6157072186470032,0.327088862657547,-0.07704125344753265,0.5968136787414551,0.2249525487422943,-0.09717024862766266,0.5836747884750366,0.13564473390579224,-0.10869568586349487,0.7143843173980713,0.49951252341270447,-0.056873567402362823,0.6911028027534485,0.3212149441242218,-0.1023782342672348,0.6812440752983093,0.19640889763832092,-0.13339178264141083,0.6774134635925293,0.0932651162147522,-0.14824305474758148,0.784649670124054,0.5363872647285461,-0.0763745903968811,0.7111696600914001,0.5334119200706482,-0.13386961817741394,0.6544771790504456,0.6198345422744751,-0.14668001234531403,0.6180639266967773,0.6871320605278015,-0.1396864950656891,0.8309800028800964,0.6009829044342041,-0.09702832996845245,0.7434266805648804,0.6579806208610535,-0.14227698743343353,0.6868334412574768,0.7252684831619263,-0.1449151337146759,0.6510357856750488,0.7725703716278076,-0.13552071154117584
76532.489,0.7593018412590027,0.8697328567504883,6.695144065815839e-07,0.6602178812026978,0.7974315881729126,-0.02829575352370739,0.5841876864433289,0.6841071844100952,-0.049123577773571014,0.5468388795852661,0.5864888429641724,-0.07428093999624252,0.5253968238830566,0.4945898950099945,-0.09672346711158752,0.6379174590110779,0.5168478488922119,-0.04681254178285599,0.618261456489563,0.3462691307067871,-0.09388167411088943,0.6065636873245239,0.24558141827583313,-0.12024953216314316,0.6004185676574707,0.15384215116500854,-0.13438932597637177,0.7108635902404785,0.5045670866966248,-0.06261219084262848,0.6702792048454285,0.361786425113678,-0.11700616031885147,0.6390488743782043,0.2558850944042206,-0.1490902453660965,0.6113924980163574,0.16669440269470215,-0.16235250234603882,0.7812509536743164,0.5314947366714478,-0.0801156759262085,0.699489176273346,0.5801007747650146,-0.14266337454319,0.6447309851646423,0.6788513660430908,-0.14967048168182373,0.6045373678207397,0.7549672722816467,-0.13600489497184753,0.8336089849472046,0.5887326598167419,-0.10037966072559357,0.7502358555793762,0.6581133604049683,-0.14354868233203888,0.6979519724845886,0.7288325428962708,-0.14002810418605804,0.6574497222900391,0.7835095524787903,-0.12484053522348404
76532.52,0.7460284233093262,0.8582261800765991,-3.4407651727796917e-10,0.659010112285614,0.7966287732124329,-0.035438377410173416,0.5839066505432129,0.6891136169433594,-0.061896912753582,0.5369632244110107,0.5949926376342773,-0.09153620898723602,0.5191163420677185,0.4991716742515564,-0.12013565748929977,0.6462098360061646,0.4941219985485077,-0.04163665324449539,0.6313347816467285,0.31743884086608887,-0.09069621562957764,0.6242824792861938,0.21680021286010742,-0.11696568876504898,0.621642529964447,0.12831532955169678,-0.13209232687950134,0.7238923907279968,0.4933115541934967,-0.0528506264090538,0.6697679758071899,0.404723584651947,-0.13766396045684814,0.6142886281013489,0.47926002740859985,-0.1665162891149521,0.5817373394966125,0.5586384534835815,-0.16237027943134308,0.7875097990036011,0.526123046875,-0.06746460497379303,0.6994962692260742,0.5843659043312073,-0.14727628231048584,0.6392933130264282,0.7029326558113098,-0.15045897662639618,0.6039673089981079,0.7881184816360474,-0.1272866576910019,0.8352589011192322,0.5872020125389099,-0.08424431830644608,0.7544002532958984,0.656952977180481,-0.1322164386510849,0.7029868960380554,0.7397932410240173,-0.1279143989086151,0.6681740880012512,0.7935770750045776,-0.10868962109088898
76532.554,0.7591438293457031,0.8701086044311523,-2.032413419783552e-07,0.6631952524185181,0.7986574769020081,-0.036351628601551056,0.5859203934669495,0.6944600939750671,-0.06480459868907928,0.5376447439193726,0.6029313802719116,-0.09664725512266159,0.5155558586120605,0.5069434642791748,-0.1276615858078003,0.6546995043754578,0.49761977791786194,-0.04995741695165634,0.6389905214309692,0.3179914057254791,-0.10532133281230927,0.6322097778320312,0.21228063106536865,-0.13647855818271637,0.6285927891731262,0.1221044659614563,-0.15514469146728516,0.7307661771774292,0.493117094039917,-0.061785321682691574,0.6586417555809021,0.43596982955932617,-0.15207625925540924,0.6037144064903259,0.5288227200508118,-0.1801930069923401,0.5699869394302368,0.6159806251525879,-0.1768527776002884,0.7925897836685181,0.524117112159729,-0.07743729650974274,0.6940667033195496,0.5965055823326111,-0.16176922619342804,0.6448932886123657,0.7152710556983948,-0.1599697768688202,0.6107309460639954,0.7957010269165039,-0.1350374072790146,0.8391116261482239,0.5836645364761353,-0.09606945514678955,0.7621670365333557,0.6593928933143616,-0.1482192873954773,0.7154406309127808,0.7436143159866333,-0.1407695859670639,0.677681028842926,0.7983628511428833,-0.11954078823328018
76532.585,0.7610712051391602,0.873321533203125,-2.7812947678285127e-07,0.6598702669143677,0.8008583784103394,-0.03201959654688835,0.5813101530075073,0.6908884048461914,-0.056757040321826935,0.5354981422424316,0.5987449288368225,-0.08596436679363251,0.5132586359977722,0.5037894248962402,-0.11479511857032776,0.6482844352722168,0.49497273564338684,-0.04483149200677872,0.6349930763244629,0.31849145889282227,-0.0968145877122879,0.6318545341491699,0.21177315711975098,-0.12619119882583618,0.629768967628479,0.12293925881385803,-0.14377740025520325,0.72739577293396,0.4931473731994629,-0.057211004197597504,0.6591376662254333,0.4559498429298401,-0.1457282155752182,0.6061831116676331,0.552487313747406,-0.1731453239917755,0.5721557140350342,0.64165198802948,-0.169657364487648,0.7914169430732727,0.5262255668640137,-0.07293622940778732,0.6991182565689087,0.6017392873764038,-0.15632368624210358,0.6513359546661377,0.7224184274673462,-0.15448105335235596,0.6172547936439514,0.8061755895614624,-0.12937504053115845,0.8414626121520996,0.5858312845230103,-0.091031514108181,0.768264651298523,0.6571826338768005,-0.14310885965824127,0.720909595489502,0.7423800230026245,-0.1353825032711029,0.6821602582931519,0.7998738288879395,-0.1133894994854927
76532.617,0.7580766677856445,0.8762109279632568,-4.7248195755855704e-07,0.6605888605117798,0.8024305105209351,-0.026892859488725662,0.5825159549713135,0.6897901892662048,-0.04741370677947998,0.5401092767715454,0.5978277921676636,-0.07320684939622879,0.5183996558189392,0.5061149597167969,-0.09942972660064697,0.6482938528060913,0.49306443333625793,-0.04067208617925644,0.6360614895820618,0.32132232189178467,-0.090488500893116,0.6344918012619019,0.21245792508125305,-0.1195574402809143,0.6328890919685364,0.1234046220779419,-0.13765768706798553,0.7273386716842651,0.48952823877334595,-0.05488921329379082,0.6600573658943176,0.4818170368671417,-0.14043906331062317,0.6116816997528076,0.5968424081802368,-0.16598695516586304,0.581436038017273,0.6926957964897156,-0.16221116483211517,0.7930696606636047,0.525187611579895,-0.07200497388839722,0.7079659104347229,0.6042821407318115,-0.15345880389213562,0.6612226366996765,0.7272241115570068,-0.1505185067653656,0.6280980706214905,0.8116049766540527,-0.12548984587192535,0.8466870784759521,0.5872548222541809,-0.09094306826591492,0.7774075865745544,0.658854603767395,-0.14283397793769836,0.7319576740264893,0.7448902130126953,-0.13468793034553528,0.6960270404815674,0.8038448095321655,-0.11228620260953903
76532.665,0.7611333727836609,0.882321834564209,-5.737499577662675e-07,0.6642087697982788,0.8050537109375,-0.026104474440217018,0.5864059925079346,0.6952560544013977,-0.04632499814033508,0.5442829132080078,0.6047245860099792,-0.07194194942712784,0.5200272798538208,0.512954592704773,-0.09858167171478271,0.6456034779548645,0.49989375472068787,-0.041992463171482086,0.6314395666122437,0.33107203245162964,-0.09320857375860214,0.6270506381988525,0.2196364402770996,-0.12507790327072144,0.6217896342277527,0.12546181678771973,-0.14571018517017365,0.7262972593307495,0.49018770456314087,-0.05659223720431328,0.6568615436553955,0.5020776987075806,-0.14355643093585968,0.6133332252502441,0.625885009765625,-0.17106196284294128,0.5847733020782471,0.7238255143165588,-0.16904692351818085,0.7958823442459106,0.5218408107757568,-0.07370343804359436,0.7120174765586853,0.6094197630882263,-0.15476134419441223,0.6682420372962952,0.7334411144256592,-0.15186342597007751,0.6344996094703674,0.8170696496963501,-0.12745793163776398,0.8528758883476257,0.5791086554527283,-0.09281918406486511,0.7854798436164856,0.6553428769111633,-0.14442665874958038,0.7424924969673157,0.7396253347396851,-0.1360757201910019,0.7072652578353882,0.7970225811004639,-0.11356358230113983
76532.671,0.7598883509635925,0.8824586868286133,-5.513327323569683e-07,0.6631965637207031,0.8093116879463196,-0.02639157883822918,0.5834711790084839,0.6988047957420349,-0.04654430225491524,0.5422896146774292,0.605038046836853,-0.0720427855849266,0.5211756229400635,0.5138140320777893,-0.09866360574960709,0.6448655724525452,0.5008612871170044,-0.0419224388897419,0.6301895976066589,0.3310360014438629,-0.09239726513624191,0.6260189414024353,0.21867671608924866,-0.12389078736305237,0.6212495565414429,0.1253330409526825,-0.14442013204097748,0.7265666127204895,0.49210283160209656,-0.0564979687333107,0.6566702127456665,0.503132164478302,-0.1434060037136078,0.6130552291870117,0.6282497644424438,-0.17088563740253448,0.5843889713287354,0.7296921014785767,-0.1687152087688446,0.796691358089447,0.5255832672119141,-0.07361633330583572,0.7132236957550049,0.6086918115615845,-0.15538685023784637,0.6689726710319519,0.7329387664794922,-0.15322981774806976,0.6343159079551697,0.8193955421447754,-0.129045307636261,0.8539172410964966,0.5854097008705139,-0.09253456443548203,0.7862704992294312,0.6599172949790955,-0.1453654021024704,0.7436278462409973,0.743821382522583,-0.13775238394737244,0.7084963917732239,0.8022469282150269,-0.11550161987543106
76532.697,0.7550209760665894,0.8867816925048828,-6.837674391135806e-07,0.6557131409645081,0.8038672208786011,-0.025133756920695305,0.5783732533454895,0.6867671608924866,-0.04274505376815796,0.5385972261428833,0.5934916138648987,-0.0658782422542572,0.5214043855667114,0.5058717727661133,-0.09041208028793335,0.642005443572998,0.5046581625938416,-0.03763922303915024,0.6183248162269592,0.3486395478248596,-0.08498566597700119,0.6077792644500732,0.24575981497764587,-0.11450657248497009,0.5963032841682434,0.15683788061141968,-0.13417552411556244,0.7247447371482849,0.49166497588157654,-0.051938459277153015,0.6558692455291748,0.5123429298400879,-0.13380207121372223,0.6174054741859436,0.640781581401825,-0.15820255875587463,0.5905619263648987,0.7421214580535889,-0.15530633926391602,0.7965847253799438,0.5227707624435425,-0.06912021338939667,0.7157101035118103,0.6059855818748474,-0.14742818474769592,0.674839198589325,0.7321169376373291,-0.14372886717319489,0.6417099833488464,0.8198272585868835,-0.11940182745456696,0.8556650876998901,0.5797260403633118,-0.08821557462215424,0.7923762798309326,0.6477605104446411,-0.1385543793439865,0.7513801455497742,0.7298290729522705,-0.13037481904029846,0.7161611318588257,0.7891782522201538,-0.10867230594158173
76532.729,0.7530904412269592,0.8879644870758057,-7.981516887411999e-07,0.6577820777893066,0.8054823875427246,-0.027839522808790207,0.578732430934906,0.687372088432312,-0.04604469612240791,0.5375683903694153,0.5944073796272278,-0.06900759041309357,0.5202327966690063,0.5054439902305603,-0.09338080137968063,0.6453021168708801,0.505990743637085,-0.0316871739923954,0.6101219654083252,0.3770346939563751,-0.0778949037194252,0.5927008390426636,0.2902211546897888,-0.10923653095960617,0.5776255130767822,0.210554301738739,-0.1306142508983612,0.7252692580223083,0.4927162826061249,-0.044331349432468414,0.6553643345832825,0.5110893249511719,-0.12351658195257187,0.6144914031028748,0.6401611566543579,-0.14957472681999207,0.5850653648376465,0.7411684989929199,-0.1485351175069809,0.7966184020042419,0.5222789645195007,-0.06089560687541962,0.7182828187942505,0.5879169702529907,-0.1385098248720169,0.6743825674057007,0.7120839357376099,-0.13815732300281525,0.6401447057723999,0.8008803725242615,-0.11614779382944107,0.8577361702919006,0.5765625238418579,-0.07936296612024307,0.795529305934906,0.626712441444397,-0.1299370676279068,0.7547159194946289,0.7100130319595337,-0.12405558675527573,0.7229464054107666,0.7732090950012207,-0.10446009784936905
76532.76,0.750633955001831,0.8893729448318481,-1.1358957863194519e-06,0.6496065258979797,0.7979835271835327,-0.014894180931150913,0.5682407021522522,0.6728600263595581,-0.029669592157006264,0.526384174823761,0.5807114243507385,-0.05292317271232605,0.5126628875732422,0.49785974621772766,-0.07454905658960342,0.6523199677467346,0.4944763779640198,-0.0009901170851662755,0.6091741919517517,0.38748523592948914,-0.05759832635521889,0.582533061504364,0.4002315402030945,-0.09631245583295822,0.561248779296875,0.4346967041492462,-0.11399563401937485,0.7248125672340393,0.49334716796875,-0.017415201291441917,0.6626836061477661,0.49376875162124634,-0.08898787200450897,0.6145550012588501,0.6075736284255981,-0.11795660853385925,0.5803332924842834,0.702139139175415,-0.12052715569734573,0.7934816479682922,0.5227598547935486,-0.04094734787940979,0.7228285670280457,0.561845064163208,-0.11083852499723434,0.6698945760726929,0.6738804578781128,-0.11814254522323608,0.629414439201355,0.7612737417221069,-0.10303612798452377,0.8574461340904236,0.5736944675445557,-0.06529659777879715,0.7999606728553772,0.5965068340301514,-0.10829068720340729,0.7503044009208679,0.6733003258705139,-0.10577064007520676,0.7114964127540588,0.7339731454849243,-0.0902072936296463
76532.793,0.7500318884849548,0.8935161232948303,-1.1373105053280597e-06,0.6542272567749023,0.8013873100280762,-0.018044736236333847,0.5786008834838867,0.6931429505348206,-0.037665750831365585,0.534714937210083,0.6124823093414307,-0.06343083083629608,0.5147309899330139,0.5280162692070007,-0.08576586842536926,0.6532078981399536,0.5183923840522766,-0.00022870287648402154,0.6024771928787231,0.44597822427749634,-0.053630515933036804,0.5551985502243042,0.5018222332000732,-0.09549177438020706,0.5287514925003052,0.5583339333534241,-0.11869566887617111,0.7154783010482788,0.5217573046684265,-0.015077473595738411,0.6558066010475159,0.46672970056533813,-0.0626097247004509,0.6050878167152405,0.5459023714065552,-0.08720137178897858,0.5830375552177429,0.6008710861206055,-0.09800269454717636,0.7796400189399719,0.5503432154655457,-0.03757251426577568,0.7328687310218811,0.4901406168937683,-0.08465530723333359,0.6784379482269287,0.5663794875144958,-0.08627345412969589,0.6483798623085022,0.6254599690437317,-0.07915918529033661,0.8472387790679932,0.602169394493103,-0.06231836602091789,0.8075628280639648,0.5622561573982239,-0.09606481343507767,0.7549853324890137,0.6150892376899719,-0.09302826225757599,0.7215718030929565,0.6603026986122131,-0.0835607573390007
76532.856,0.738685131072998,0.855574369430542,1.2890104983398487e-07,0.6490170955657959,0.8029270768165588,-0.03182025998830795,0.5723361372947693,0.6969157457351685,-0.055369600653648376,0.5223021507263184,0.6174302101135254,-0.08069948107004166,0.5016733407974243,0.5315175652503967,-0.10463344305753708,0.6456823945045471,0.5341664552688599,-0.02353193424642086,0.5833317637443542,0.4808436632156372,-0.08760960400104523,0.5403814315795898,0.5538747906684875,-0.1414542943239212,0.5163693428039551,0.6235044002532959,-0.17179644107818604,0.7023945450782776,0.5057169198989868,-0.039001382887363434,0.6655676960945129,0.35501202940940857,-0.07943312078714371,0.6307346224784851,0.26284661889076233,-0.1167154312133789,0.6003345847129822,0.17319542169570923,-0.14181916415691376,0.7651575803756714,0.5315830707550049,-0.06333981454372406,0.7565090656280518,0.3785257339477539,-0.11253336071968079,0.7359843850135803,0.2813190221786499,-0.14824524521827698,0.709550678730011,0.18526366353034973,-0.16898100078105927,0.8253452777862549,0.602911114692688,-0.08879992365837097,0.8570289611816406,0.5112866163253784,-0.1298108994960785,0.8627164959907532,0.4436694085597992,-0.14444853365421295,0.8546668291091919,0.37613123655319214,-0.1516336053609848
76532.889,0.7440966367721558,0.8587428331375122,1.5061181102282717e-07,0.6523061990737915,0.807546854019165,-0.030216343700885773,0.5779404044151306,0.706100583076477,-0.056336626410484314,0.5303351879119873,0.633402407169342,-0.08478254079818726,0.5104414820671082,0.5607715249061584,-0.11350350081920624,0.6484712958335876,0.5287854075431824,-0.02678869478404522,0.5898093581199646,0.4708446264266968,-0.09195555001497269,0.5447379946708679,0.5225179195404053,-0.1465136706829071,0.5218607783317566,0.5742242336273193,-0.1774044781923294,0.7024925947189331,0.49558383226394653,-0.04508773982524872,0.6711806654930115,0.33689942955970764,-0.08611893653869629,0.6400985717773438,0.232547789812088,-0.12209345400333405,0.6147343516349792,0.12992238998413086,-0.1470182090997696,0.7624157071113586,0.5185965299606323,-0.07224689424037933,0.7582933306694031,0.3518024682998657,-0.12146288901567459,0.7398185133934021,0.24757015705108643,-0.1572478711605072,0.7180050611495972,0.1451890766620636,-0.17912045121192932,0.817173421382904,0.5896962881088257,-0.10086449235677719,0.8515980243682861,0.48905283212661743,-0.14423739910125732,0.865307092666626,0.41218769550323486,-0.161831334233284,0.8695516586303711,0.3351755142211914,-0.17177154123783112
76532.922,0.746802568435669,0.8618601560592651,2.4035833234847814e-07,0.6497247815132141,0.7991877794265747,-0.021999843418598175,0.5764707922935486,0.6938815712928772,-0.04404544457793236,0.5274299383163452,0.619053840637207,-0.06915540993213654,0.5117543935775757,0.541874349117279,-0.09608595818281174,0.6498717069625854,0.5181918144226074,-0.02086743526160717,0.5894675254821777,0.4533882439136505,-0.08137377351522446,0.5350355505943298,0.4806070923805237,-0.13332310318946838,0.5026260614395142,0.5170121192932129,-0.16346414387226105,0.7041675448417664,0.49581778049468994,-0.04357223957777023,0.6792015433311462,0.3225841522216797,-0.08446864038705826,0.6541220545768738,0.20909741520881653,-0.12143617868423462,0.6347050666809082,0.10467684268951416,-0.14616148173809052,0.7616620659828186,0.5287258625030518,-0.07383354753255844,0.7651006579399109,0.35611361265182495,-0.1245657429099083,0.7489033937454224,0.24211135506629944,-0.16347636282444,0.7309746742248535,0.13397657871246338,-0.18644732236862183,0.8093016743659973,0.6075433492660522,-0.10421605408191681,0.8365535736083984,0.5036593079566956,-0.15106609463691711,0.8485015630722046,0.4250195622444153,-0.1703663170337677,0.8556594848632812,0.3459356427192688,-0.1806601732969284
76532.953,0.7535974383354187,0.8687423467636108,3.4260347092640586e-07,0.6508311629295349,0.7997360229492188,-0.023912834003567696,0.5753215551376343,0.6872031688690186,-0.044808998703956604,0.5272877812385559,0.6046754717826843,-0.06696050614118576,0.506967306137085,0.5132815837860107,-0.09100676327943802,0.6492264866828918,0.5083552002906799,-0.020898545160889626,0.5975907444953918,0.41282525658607483,-0.07879403978586197,0.5490525364875793,0.39874228835105896,-0.12965890765190125,0.5097957849502563,0.4002324640750885,-0.15973491966724396,0.7073922753334045,0.48651692271232605,-0.04298384487628937,0.6959611177444458,0.30799323320388794,-0.08067003637552261,0.6828159689903259,0.1891128122806549,-0.1175338551402092,0.6723352670669556,0.08435499668121338,-0.14241565763950348,0.7628063559532166,0.5275957584381104,-0.07256145775318146,0.7726808190345764,0.35879993438720703,-0.11820560693740845,0.7639356851577759,0.24023845791816711,-0.1565295308828354,0.7519028186798096,0.12729954719543457,-0.181303471326828,0.8077172636985779,0.6136360168457031,-0.1023993045091629,0.8059443831443787,0.5335620045661926,-0.14548136293888092,0.7983298897743225,0.47220104932785034,-0.16205723583698273,0.7882744073867798,0.4085392951965332,-0.17169874906539917
76532.984,0.7670296430587769,0.8697836399078369,4.5133722892387595e-07,0.6631411910057068,0.8130064010620117,-0.029808446764945984,0.5743168592453003,0.6950972080230713,-0.04376547783613205,0.5286580920219421,0.603775143623352,-0.05358005687594414,0.5062332153320312,0.5051909685134888,-0.0659296065568924,0.6332166790962219,0.4989563226699829,-0.04426028952002525,0.5860947966575623,0.3655295670032501,-0.07423357665538788,0.5527939796447754,0.2806606888771057,-0.0941024199128151,0.5239579677581787,0.20306825637817383,-0.11224287003278732,0.7090595364570618,0.4829067885875702,-0.06601365655660629,0.7082859873771667,0.29783567786216736,-0.09263359755277634,0.7098008990287781,0.17399677634239197,-0.11977682262659073,0.7120683193206787,0.06019723415374756,-0.1406547576189041,0.7706354856491089,0.5253713130950928,-0.09262555837631226,0.7696433067321777,0.38581225275993347,-0.14785811305046082,0.7632151246070862,0.2635326385498047,-0.202328622341156,0.7611291408538818,0.1469254195690155,-0.24072754383087158,0.8217325210571289,0.6000953912734985,-0.11765700578689575,0.7562452554702759,0.598025381565094,-0.18833288550376892,0.6975369453430176,0.6467753052711487,-0.22445254027843475,0.6542037725448608,0.682374119758606,-0.24743178486824036
76533.019,0.7613813281059265,0.8777511119842529,7.162234965107928e-07,0.6622973084449768,0.8138286471366882,-0.032478488981723785,0.5811923146247864,0.6982901096343994,-0.04803065210580826,0.5403022766113281,0.6089824438095093,-0.06209274381399155,0.5073581337928772,0.5127534866333008,-0.07617665082216263,0.638916552066803,0.4901537597179413,-0.04645872488617897,0.5990025997161865,0.33357274532318115,-0.07909966260194778,0.5679209232330322,0.23497724533081055,-0.09428688138723373,0.5435666441917419,0.1466638147830963,-0.10653802007436752,0.715406060218811,0.48370498418807983,-0.0631633996963501,0.7134850025177002,0.2983737885951996,-0.09638898819684982,0.7159059047698975,0.17885258793830872,-0.11944764107465744,0.7210659980773926,0.07472437620162964,-0.13299287855625153,0.7788945436477661,0.5300476551055908,-0.0842035710811615,0.7446628212928772,0.44407156109809875,-0.14359956979751587,0.7180644273757935,0.4133168160915375,-0.1797281801700592,0.7052301168441772,0.3746156692504883,-0.19754824042320251,0.8272542357444763,0.6069834232330322,-0.1052728071808815,0.7401615977287292,0.6536203026771545,-0.1724523901939392,0.6764048337936401,0.7214955687522888,-0.19987164437770844,0.6368857026100159,0.7692283391952515,-0.2120034098625183
76533.048,0.7542986273765564,0.8736483454704285,1.0338670790588367e-06,0.6550983190536499,0.793327808380127,-0.018315039575099945,0.5760067701339722,0.6755205392837524,-0.033897045999765396,0.5363438129425049,0.591010570526123,-0.05368516594171524,0.5128471851348877,0.507289707660675,-0.07175729423761368,0.6387625932693481,0.5018991231918335,-0.04879392683506012,0.61539226770401,0.32134613394737244,-0.08618081361055374,0.5906865000724792,0.21862798929214478,-0.10132274776697159,0.5720686316490173,0.13027197122573853,-0.10812558978796005,0.7191125154495239,0.5029518604278564,-0.06813878566026688,0.7097025513648987,0.3182406425476074,-0.11166179180145264,0.7102885246276855,0.19060909748077393,-0.13860692083835602,0.7145521640777588,0.08642256259918213,-0.15010763704776764,0.7871698141098022,0.5459884405136108,-0.08699224144220352,0.7093471884727478,0.5647447109222412,-0.14317212998867035,0.6502337455749512,0.6553932428359985,-0.15549719333648682,0.6142164468765259,0.7223960161209106,-0.14782105386257172,0.8292619585990906,0.6144094467163086,-0.10616715997457504,0.7398717403411865,0.670991063117981,-0.1483437865972519,0.6813653707504272,0.7386847734451294,-0.14811109006404877,0.6427516937255859,0.7876967787742615,-0.13694092631340027
76533.098,0.7568068504333496,0.8792705535888672,8.816103331810154e-07,0.6611469388008118,0.8039486408233643,-0.03019552119076252,0.5858704447746277,0.6869800686836243,-0.05383913218975067,0.5463522672653198,0.5898812413215637,-0.08210781961679459,0.5129298567771912,0.4983386695384979,-0.10796808451414108,0.6337544918060303,0.5183033347129822,-0.05438939854502678,0.616470456123352,0.34477585554122925,-0.1067221462726593,0.6062780618667603,0.2389380931854248,-0.13683432340621948,0.6044033765792847,0.14213323593139648,-0.15339680016040802,0.7111254930496216,0.5062958002090454,-0.07231026142835617,0.6757205724716187,0.35538744926452637,-0.13354574143886566,0.6581224203109741,0.23646888136863708,-0.17132699489593506,0.6449389457702637,0.1330975890159607,-0.18803028762340546,0.7846214771270752,0.537203311920166,-0.09141965210437775,0.7029727697372437,0.5906513929367065,-0.15880751609802246,0.6412335634231567,0.6982930898666382,-0.16570304334163666,0.5953406095504761,0.7798165082931519,-0.15097010135650635,0.836269736289978,0.5992533564567566,-0.11349356174468994,0.7518681287765503,0.6711525321006775,-0.15856151282787323,0.6973927617073059,0.741811990737915,-0.15318702161312103,0.6540856957435608,0.7955877780914307,-0.13639186322689056
76533.104,0.7522023320198059,0.8702672123908997,8.788556442596018e-07,0.6572808623313904,0.796256422996521,-0.029614346101880074,0.5851351022720337,0.6816073656082153,-0.053197503089904785,0.5448722243309021,0.5866674184799194,-0.08079491555690765,0.5093457698822021,0.4954179525375366,-0.1062016561627388,0.6387402415275574,0.5207159519195557,-0.05995647609233856,0.6249951720237732,0.3410857021808624,-0.1104898527264595,0.6141948103904724,0.23327592015266418,-0.13838019967079163,0.6107386350631714,0.13355427980422974,-0.15359720587730408,0.713112473487854,0.5095692276954651,-0.0764978751540184,0.6760256290435791,0.3697394132614136,-0.1357416957616806,0.6509690880775452,0.25627321004867554,-0.17102590203285217,0.6314994096755981,0.15705758333206177,-0.18688194453716278,0.7841024994850159,0.5389304161071777,-0.09355416893959045,0.7021913528442383,0.5972474217414856,-0.15767769515514374,0.642301082611084,0.7032461166381836,-0.16278788447380066,0.5989491939544678,0.7839828729629517,-0.14829383790493011,0.836280345916748,0.5977490544319153,-0.11344871670007706,0.7510911822319031,0.6689351201057434,-0.15657374262809753,0.6969341039657593,0.7395120859146118,-0.1507015973329544,0.655036449432373,0.793386697769165,-0.13422846794128418
76533.13,0.7550511956214905,0.8618065118789673,-5.0205773760580996e-08,0.6623550653457642,0.8008476495742798,-0.033390168100595474,0.5872870087623596,0.6929691433906555,-0.0577353872358799,0.5413963198661804,0.597260057926178,-0.08495538681745529,0.5102928876876831,0.5047178268432617,-0.11098188161849976,0.6416260004043579,0.49972042441368103,-0.04485894367098808,0.6294018030166626,0.31999361515045166,-0.09344900399446487,0.6237981915473938,0.21739009022712708,-0.11853718757629395,0.6219491362571716,0.12645995616912842,-0.13328136503696442,0.7209268808364868,0.49739521741867065,-0.056672416627407074,0.6706410050392151,0.4181518256664276,-0.14028428494930267,0.6207596063613892,0.49915117025375366,-0.16692011058330536,0.5906797647476196,0.5803603529930115,-0.16256839036941528,0.7870431542396545,0.5303992629051208,-0.07160525768995285,0.705472469329834,0.5967159271240234,-0.15029439330101013,0.6457558274269104,0.7133803963661194,-0.15255920588970184,0.6063552498817444,0.7948627471923828,-0.13075216114521027,0.8372833132743835,0.5917050838470459,-0.08864425122737885,0.7638580799102783,0.6688273549079895,-0.13777589797973633,0.7111098766326904,0.7537356019020081,-0.13443009555339813,0.6711732745170593,0.8078057765960693,-0.11690809577703476
76533.162,0.7610082626342773,0.8754801154136658,-2.7082390374744136e-07,0.6621362566947937,0.8026757836341858,-0.033217377960681915,0.5846542119979858,0.6904417276382446,-0.056660059839487076,0.5381602644920349,0.5946203470230103,-0.0840376615524292,0.5088810324668884,0.5008161067962646,-0.11105462163686752,0.6488178372383118,0.4993818402290344,-0.04533291235566139,0.6322065591812134,0.3215847611427307,-0.09888790547847748,0.6265310049057007,0.21441256999969482,-0.1294119954109192,0.6231202483177185,0.12338525056838989,-0.1478973776102066,0.7275047898292542,0.49380290508270264,-0.05746617540717125,0.6585545539855957,0.44653475284576416,-0.14787669479846954,0.6066930294036865,0.5448601841926575,-0.17647644877433777,0.5739084482192993,0.6339458227157593,-0.1733265370130539,0.793252170085907,0.5236864686012268,-0.07318854331970215,0.7028500437736511,0.5942980647087097,-0.15788599848747253,0.6547620892524719,0.7158966064453125,-0.157171368598938,0.6187576651573181,0.798093318939209,-0.1326277256011963,0.8462581038475037,0.5811508297920227,-0.09140782803297043,0.7747108936309814,0.6540659666061401,-0.1445256918668747,0.7274503707885742,0.7381975650787354,-0.13836884498596191,0.6881740093231201,0.7918206453323364,-0.11770589649677277
76533.193,0.7599020004272461,0.8838852643966675,-2.8643864879995817e-07,0.6579375863075256,0.8073203563690186,-0.03353038802742958,0.578082263469696,0.6968626379966736,-0.05839656665921211,0.5307270884513855,0.6013920903205872,-0.08760601282119751,0.5046206712722778,0.5071747899055481,-0.11617574095726013,0.6442119479179382,0.5036922693252563,-0.044562529772520065,0.620119571685791,0.3261931538581848,-0.09910361468791962,0.6103344559669495,0.2178933322429657,-0.1308777779340744,0.6030515432357788,0.12474966049194336,-0.15039801597595215,0.7239394187927246,0.497451514005661,-0.057514965534210205,0.6592763662338257,0.44752299785614014,-0.14961498975753784,0.6105165481567383,0.5456156730651855,-0.1788731813430786,0.579184889793396,0.6337772607803345,-0.17606738209724426,0.7925548553466797,0.5254569053649902,-0.07434487342834473,0.7099360823631287,0.5849190950393677,-0.16103659570217133,0.6593577265739441,0.708573579788208,-0.16014283895492554,0.6218470335006714,0.7943922877311707,-0.13483986258506775,0.8497190475463867,0.5811305046081543,-0.09364303201436996,0.7812315225601196,0.6481031775474548,-0.14764781296253204,0.7338647246360779,0.7327862977981567,-0.14095538854599,0.69649338722229,0.7900949716567993,-0.11955097317695618
76533.255,0.7461249232292175,0.8813770413398743,-4.60787560996323e-07,0.6469206809997559,0.8035123348236084,-0.025906827300786972,0.5693409442901611,0.6917096376419067,-0.04784543812274933,0.5299376249313354,0.5991717576980591,-0.07560931891202927,0.5076804757118225,0.507294774055481,-0.10362779349088669,0.6424311995506287,0.4979664385318756,-0.03619930148124695,0.6164346933364868,0.3340024948120117,-0.08472777158021927,0.6025730967521667,0.22909444570541382,-0.11762021481990814,0.592634379863739,0.13802844285964966,-0.1407080441713333,0.7133413553237915,0.506778359413147,-0.052563466131687164,0.6524519324302673,0.4521726071834564,-0.13155296444892883,0.5927652716636658,0.5425394773483276,-0.1583847999572754,0.5592042207717896,0.6252065300941467,-0.16055145859718323,0.7777918577194214,0.5448636412620544,-0.07289279252290726,0.7139069437980652,0.52756667137146,-0.14526493847370148,0.6525803208351135,0.62263023853302,-0.14369024336338043,0.6169101595878601,0.7007087469100952,-0.12463159114122391,0.8417484164237976,0.6050494909286499,-0.09569418430328369,0.7850737571716309,0.6010734438896179,-0.14397017657756805,0.7301555871963501,0.6584574580192566,-0.1402055025100708,0.6966274380683899,0.7099707722663879,-0.1245359405875206
76533.288,0.7508957386016846,0.8963598608970642,-2.6014211584879376e-07,0.6489248275756836,0.8127158880233765,-0.024243442341685295,0.5681940317153931,0.6836614608764648,-0.041787080466747284,0.5271985530853271,0.5857838988304138,-0.06259965896606445,0.5054824948310852,0.4927496314048767,-0.08233822137117386,0.6337823271751404,0.5194612145423889,-0.01998302713036537,0.5910469889640808,0.38606101274490356,-0.0560181699693203,0.5659719109535217,0.3110525906085968,-0.08708211034536362,0.5493172407150269,0.24338552355766296,-0.1125120297074318,0.701231062412262,0.5250824093818665,-0.037026915699243546,0.6610329747200012,0.41654324531555176,-0.0841509997844696,0.6065667867660522,0.40069738030433655,-0.1119348406791687,0.5622121095657349,0.3959287405014038,-0.12771844863891602,0.7683804035186768,0.5607704520225525,-0.05923772230744362,0.7383572459220886,0.4607014060020447,-0.10842235386371613,0.6854943037033081,0.477923184633255,-0.11842696368694305,0.6413378119468689,0.5036673545837402,-0.11947862803936005,0.8377789258956909,0.6215757131576538,-0.0841384157538414,0.8052877187728882,0.5749211311340332,-0.12694454193115234,0.7560913562774658,0.5949901342391968,-0.13441172242164612,0.7154940366744995,0.6210542321205139,-0.1344066709280014
76533.321,0.7416051030158997,0.8853119015693665,2.6012511256112703e-08,0.6437598466873169,0.8064131736755371,-0.02467280440032482,0.5717202425003052,0.6967123746871948,-0.047969091683626175,0.5256868600845337,0.6128095984458923,-0.07502222061157227,0.503381609916687,0.5324916839599609,-0.1026870384812355,0.6415966153144836,0.534304678440094,-0.014957625418901443,0.5919973850250244,0.450642466545105,-0.07979192584753036,0.5370951890945435,0.47407791018486023,-0.13785220682621002,0.4952959418296814,0.511400043964386,-0.1721339076757431,0.6956619024276733,0.520190954208374,-0.03300992771983147,0.6596421599388123,0.36794841289520264,-0.06825553625822067,0.624883234500885,0.2743739187717438,-0.10399922728538513,0.5928078889846802,0.1925254762172699,-0.13082410395145416,0.7567558288574219,0.5557295083999634,-0.06011151149868965,0.7528076767921448,0.40740343928337097,-0.0995100662112236,0.7276917099952698,0.3235835134983063,-0.12878406047821045,0.6944795846939087,0.24528232216835022,-0.14893467724323273,0.8161053657531738,0.6353808641433716,-0.08945127576589584,0.8408819437026978,0.5563849806785583,-0.12627936899662018,0.8375982046127319,0.4985569715499878,-0.1404363214969635,0.8203374147415161,0.43938109278678894,-0.14915867149829865
76533.353,0.7347345948219299,0.8739962577819824,2.6559806087789184e-07,0.64122474193573,0.8082243204116821,-0.02965184859931469,0.5689601302146912,0.6973284482955933,-0.05701882764697075,0.5230317115783691,0.6110536456108093,-0.08685989677906036,0.4995895326137543,0.5235466957092285,-0.11815482378005981,0.6417044401168823,0.5318813323974609,-0.02431260608136654,0.5924279093742371,0.4588150978088379,-0.09116701781749725,0.5371633768081665,0.4705634117126465,-0.14809930324554443,0.49258655309677124,0.495236337184906,-0.18144777417182922,0.6978979706764221,0.509513258934021,-0.04425626993179321,0.671715259552002,0.3398078680038452,-0.08690445125102997,0.6426379680633545,0.23485875129699707,-0.12655678391456604,0.6157655119895935,0.1363326609134674,-0.1540110558271408,0.7583694458007812,0.5419304370880127,-0.07307222485542297,0.7563896775245667,0.3765682578086853,-0.12376432865858078,0.7330842614173889,0.27508506178855896,-0.16116337478160858,0.7041642069816589,0.1754230260848999,-0.18444755673408508,0.8136599063873291,0.6197755932807922,-0.10328827053308487,0.8418779373168945,0.5243097543716431,-0.15011465549468994,0.8511937260627747,0.4519922733306885,-0.1703362911939621,0.8504186868667603,0.3782150447368622,-0.18226690590381622
76533.385,0.7398188710212708,0.8725274801254272,2.9655879529855156e-07,0.64430832862854,0.8075786828994751,-0.031335484236478806,0.5651009678840637,0.6930891275405884,-0.059193000197410583,0.5174062252044678,0.6041771769523621,-0.08869273215532303,0.5042139291763306,0.5095052719116211,-0.11977001279592514,0.6380804777145386,0.5288633704185486,-0.030716007575392723,0.5888016819953918,0.4554494023323059,-0.09748642891645432,0.533848762512207,0.4492817521095276,-0.15335515141487122,0.48598000407218933,0.4576800763607025,-0.18663252890110016,0.6970740556716919,0.502056896686554,-0.05093773826956749,0.6739259958267212,0.3276471793651581,-0.09547380357980728,0.6517699360847473,0.21400627493858337,-0.1347273588180542,0.6311862468719482,0.10963988304138184,-0.16177229583263397,0.7589153051376343,0.5336970090866089,-0.07982240617275238,0.7574431896209717,0.36281949281692505,-0.13348586857318878,0.7392656803131104,0.2554416358470917,-0.1728251874446869,0.7153600454330444,0.1514967679977417,-0.19729791581630707,0.8147322535514832,0.6116606593132019,-0.11000768840312958,0.8455367088317871,0.5154367089271545,-0.16077569127082825,0.858232855796814,0.4391791820526123,-0.1844167858362198,0.8606394529342651,0.36176204681396484,-0.19879718124866486
76533.417,0.7490463256835938,0.8748568296432495,3.614719901179342e-07,0.6482369303703308,0.8088188171386719,-0.03163452446460724,0.5690077543258667,0.6987268924713135,-0.060670044273138046,0.5197489261627197,0.6119737029075623,-0.09098479896783829,0.49118572473526,0.5140263438224792,-0.1227007731795311,0.6364880800247192,0.5214024186134338,-0.036981429904699326,0.5792240500450134,0.4316215217113495,-0.10419890284538269,0.5196663737297058,0.4194986820220947,-0.15937942266464233,0.4675673544406891,0.42452746629714966,-0.19200465083122253,0.6989332437515259,0.49763771891593933,-0.057837482541799545,0.6774503588676453,0.3181391954421997,-0.10575608164072037,0.6561965346336365,0.2005651295185089,-0.1461096554994583,0.6343425512313843,0.09337687492370605,-0.1732933074235916,0.7608198523521423,0.534591019153595,-0.08680015057325363,0.7617400288581848,0.3625359535217285,-0.14158441126346588,0.7465319037437439,0.2510544955730438,-0.18060068786144257,0.7243736386299133,0.143751323223114,-0.2044994831085205,0.8160173892974854,0.6180455684661865,-0.11691756546497345,0.8428917527198792,0.519127368927002,-0.16657593846321106,0.8525559306144714,0.44101306796073914,-0.18861660361289978,0.8524919152259827,0.36301833391189575,-0.20169728994369507
76533.449,0.7541073560714722,0.8798931241035461,5.245818215371401e-07,0.6524841785430908,0.8113899230957031,-0.03322375938296318,0.571874737739563,0.7002184391021729,-0.06023940443992615,0.5264845490455627,0.611362099647522,-0.08692703396081924,0.49737241864204407,0.5151780843734741,-0.11591134965419769,0.6283441781997681,0.5108732581138611,-0.046340834349393845,0.5703803300857544,0.39949512481689453,-0.10068262368440628,0.5229980945587158,0.3466619849205017,-0.14342252910137177,0.4778892397880554,0.2998708486557007,-0.17230677604675293,0.6968953609466553,0.49247241020202637,-0.06717877089977264,0.6780409812927246,0.31221842765808105,-0.111421138048172,0.6637209057807922,0.1915680170059204,-0.15027505159378052,0.6479172110557556,0.08135369420051575,-0.1773807406425476,0.7610583305358887,0.5366970300674438,-0.09379605948925018,0.7557401061058044,0.37103813886642456,-0.14632879197597504,0.742412805557251,0.25875124335289,-0.18609844148159027,0.7251664996147156,0.14879858493804932,-0.21209362149238586,0.8184776902198792,0.6226999163627625,-0.12126221507787704,0.8334846496582031,0.5281369090080261,-0.17219990491867065,0.8377223014831543,0.45567381381988525,-0.19588488340377808,0.8368208408355713,0.3814048171043396,-0.21055549383163452
76533.481,0.7651577591896057,0.8761402368545532,5.491893375619838e-07,0.6609880924224854,0.8172914981842041,-0.0353422686457634,0.5754996538162231,0.7033981084823608,-0.054753538221120834,0.5278785228729248,0.611126720905304,-0.07194937765598297,0.4947010278701782,0.5156426429748535,-0.0910939872264862,0.6229745149612427,0.5056746602058411,-0.0408514104783535,0.5714578628540039,0.3750423789024353,-0.07941298931837082,0.5356723070144653,0.2907079756259918,-0.10939361900091171,0.5034269094467163,0.21282994747161865,-0.13365715742111206,0.6964889764785767,0.4845598340034485,-0.05885685980319977,0.678254246711731,0.3058074414730072,-0.09235522150993347,0.6712946891784668,0.18700355291366577,-0.12417852133512497,0.6634024381637573,0.08474624156951904,-0.1476508378982544,0.7617833614349365,0.522634744644165,-0.0824294462800026,0.7558815479278564,0.372042715549469,-0.12954020500183105,0.743206262588501,0.2644177973270416,-0.16954469680786133,0.7277748584747314,0.16291311383247375,-0.19818265736103058,0.8224837779998779,0.5987260937690735,-0.10683979094028473,0.8055816292762756,0.5459874272346497,-0.15953616797924042,0.7820385694503784,0.52470463514328,-0.18362121284008026,0.7561176419258118,0.5004809498786926,-0.1992347687482834
76533.53,0.7656259536743164,0.8793275356292725,4.2477765305193316e-07,0.6605624556541443,0.8231897354125977,-0.03318163380026817,0.5751345157623291,0.7043063640594482,-0.04666721075773239,0.5255632400512695,0.6100035905838013,-0.05711154639720917,0.4951888918876648,0.5078019499778748,-0.06909080594778061,0.630345344543457,0.5015926361083984,-0.04137898236513138,0.5826040506362915,0.3498826026916504,-0.07484632730484009,0.5492230653762817,0.25196635723114014,-0.09650932252407074,0.5234242677688599,0.16389518976211548,-0.11571086198091507,0.7033381462097168,0.4852578043937683,-0.05987801402807236,0.6838792562484741,0.30159491300582886,-0.08530383557081223,0.6730220317840576,0.1848088502883911,-0.10965272039175034,0.6671234369277954,0.082559734582901,-0.12915343046188354,0.768932580947876,0.5227404236793518,-0.08414404094219208,0.7508174180984497,0.38557517528533936,-0.13397935032844543,0.727990984916687,0.2805863320827484,-0.18092814087867737,0.7138350009918213,0.181494802236557,-0.2157851904630661,0.8266304731369019,0.5965685844421387,-0.10880240052938461,0.7616249322891235,0.6235817670822144,-0.1771993190050125,0.7034029960632324,0.6830151081085205,-0.21312737464904785,0.663364052772522,0.7260147333145142,-0.2363906055688858
76533.537,0.7659789323806763,0.8795995712280273,4.006708422821248e-07,0.6600722074508667,0.8217865824699402,-0.03291955217719078,0.5761701464653015,0.7042590975761414,-0.046801481395959854,0.5270803570747375,0.6102551817893982,-0.05771192908287048,0.4962177276611328,0.508234977722168,-0.07028025388717651,0.6304160356521606,0.5006551146507263,-0.04049568623304367,0.5824769735336304,0.34947866201400757,-0.07257642596960068,0.5488394498825073,0.25250929594039917,-0.09381386637687683,0.5230354070663452,0.16482824087142944,-0.11302666366100311,0.7046698927879333,0.48370060324668884,-0.05866854265332222,0.6860795617103577,0.30081838369369507,-0.08225136250257492,0.67425936460495,0.1839263141155243,-0.10630308836698532,0.6681750416755676,0.08263540267944336,-0.12609799206256866,0.7694998979568481,0.5212942361831665,-0.08249612152576447,0.7510030269622803,0.3864533007144928,-0.13069088757038116,0.7277801036834717,0.2794021666049957,-0.1784382164478302,0.7139570713043213,0.18124547600746155,-0.214552104473114,0.8261647820472717,0.595184326171875,-0.10666270554065704,0.7583223581314087,0.6256188154220581,-0.17474965751171112,0.7000571489334106,0.681937575340271,-0.21149449050426483,0.6600702404975891,0.724367618560791,-0.2355334609746933
76533.56,0.7556758522987366,0.8823876976966858,9.025222880154615e-07,0.6551312804222107,0.8047818541526794,-0.02557283639907837,0.5758519172668457,0.6909456253051758,-0.04460009187459946,0.5321477651596069,0.5991408824920654,-0.06733883917331696,0.5008682608604431,0.5112500786781311,-0.08809421211481094,0.6309720873832703,0.5206936597824097,-0.04926757514476776,0.5990638732910156,0.3400503396987915,-0.09429412335157394,0.572584867477417,0.23524293303489685,-0.11722308397293091,0.5537230968475342,0.14472579956054688,-0.12923727929592133,0.7108293771743774,0.5128814578056335,-0.06826832890510559,0.6832338571548462,0.3320508897304535,-0.11907447874546051,0.6670611500740051,0.2071877419948578,-0.15091963112354279,0.6572779417037964,0.10376447439193726,-0.16503484547138214,0.7839919924736023,0.5490986108779907,-0.08827251195907593,0.7098255157470703,0.5594757199287415,-0.15162745118141174,0.6546920537948608,0.6499408483505249,-0.16419176757335663,0.6198971271514893,0.7159297466278076,-0.1550501585006714,0.8344852924346924,0.6140689253807068,-0.10935946553945541,0.7464890480041504,0.6701273918151855,-0.15672887861728668,0.6917898654937744,0.7383121848106384,-0.15608325600624084,0.6581296324729919,0.7868794202804565,-0.14320845901966095
76533.592,0.7546178102493286,0.8844334483146667,1.1432567248448322e-07,0.6587888598442078,0.8127611875534058,-0.03059857152402401,0.5820598006248474,0.6976855993270874,-0.053017448633909225,0.5366805791854858,0.5990530848503113,-0.07916119694709778,0.5022540092468262,0.5069183707237244,-0.10309145599603653,0.6379954218864441,0.5205881595611572,-0.04607881233096123,0.610734760761261,0.34012818336486816,-0.09436751157045364,0.5935443639755249,0.23572278022766113,-0.11932776868343353,0.5816831588745117,0.14215198159217834,-0.13390852510929108,0.7139191627502441,0.5139765739440918,-0.060123104602098465,0.6638157963752747,0.4240662157535553,-0.1376107782125473,0.6223280429840088,0.4419405162334442,-0.1678055077791214,0.5914443731307983,0.46419471502304077,-0.1695045679807663,0.7822355031967163,0.5445401072502136,-0.07643347978591919,0.690861701965332,0.6201269030570984,-0.15036261081695557,0.6270437240600586,0.730417013168335,-0.1539529711008072,0.5831500291824341,0.8108486533164978,-0.13431362807750702,0.8313646912574768,0.6045831441879272,-0.09533044695854187,0.7486139535903931,0.6866769194602966,-0.14026564359664917,0.6955455541610718,0.762354850769043,-0.13561058044433594,0.6544548273086548,0.813326358795166,-0.11830054223537445
76533.655,0.7524701356887817,0.8928449153900146,-2.0901232744563458e-07,0.6541613340377808,0.8226336240768433,-0.03213159367442131,0.5751127600669861,0.7126222252845764,-0.056320302188396454,0.5281250476837158,0.6145311594009399,-0.08391380310058594,0.4986497759819031,0.5178955793380737,-0.11139677464962006,0.6360989809036255,0.5152844786643982,-0.04868200793862343,0.6173789501190186,0.3365710377693176,-0.10043631494045258,0.610643744468689,0.22744780778884888,-0.13047370314598083,0.6056601405143738,0.13503754138946533,-0.14944204688072205,0.7162834405899048,0.5113314986228943,-0.0617971308529377,0.6520947813987732,0.4603785276412964,-0.14800766110420227,0.5977917909622192,0.5444051623344421,-0.17845262587070465,0.5605934262275696,0.6245806813240051,-0.17888621985912323,0.784416139125824,0.5446367263793945,-0.0777163952589035,0.6962340474128723,0.6133633852005005,-0.15915174782276154,0.6322367191314697,0.720817506313324,-0.16345585882663727,0.5839395523071289,0.7986279129981995,-0.1446554809808731,0.8372641205787659,0.6057772040367126,-0.09557219594717026,0.7613460421562195,0.6793504357337952,-0.14918354153633118,0.709680438041687,0.7598099112510681,-0.14601749181747437,0.6682535409927368,0.8146885633468628,-0.1283399760723114
76533.689,0.7535380125045776,0.8962171077728271,-2.7542415637071826e-07,0.6512746214866638,0.8300985097885132,-0.03051741048693657,0.5678547620773315,0.7182936668395996,-0.05365075543522835,0.5217388868331909,0.6174609661102295,-0.08055680990219116,0.49497127532958984,0.5197839140892029,-0.10719060152769089,0.6325015425682068,0.5154975652694702,-0.044150371104478836,0.6107326149940491,0.3378600478172302,-0.09404195845127106,0.6032071709632874,0.22908085584640503,-0.12400302290916443,0.5970105528831482,0.1382705271244049,-0.14336146414279938,0.712515652179718,0.5107454657554626,-0.05750510096549988,0.6489564180374146,0.4603365659713745,-0.14224621653556824,0.595313549041748,0.5384913682937622,-0.17258352041244507,0.5587801933288574,0.6140448451042175,-0.17359447479248047,0.781589686870575,0.5409360527992249,-0.07387422770261765,0.701149582862854,0.5953678488731384,-0.15455447137355804,0.6403943300247192,0.701221227645874,-0.15863019227981567,0.5941973328590393,0.7803928852081299,-0.14002349972724915,0.8387458324432373,0.5990063548088074,-0.09218796342611313,0.7676855325698853,0.6683170199394226,-0.14651742577552795,0.7167827486991882,0.748172402381897,-0.14434604346752167,0.6768044233322144,0.8055923581123352,-0.12731923162937164
76533.722,0.7562552094459534,0.9017177820205688,-3.584856074212439e-07,0.6523723006248474,0.8270329236984253,-0.028687000274658203,0.5721992254257202,0.7127661108970642,-0.04908191040158272,0.52741539478302,0.6146482825279236,-0.07386498153209686,0.4935016632080078,0.522087574005127,-0.09856060892343521,0.6332597732543945,0.5148234367370605,-0.04143762215971947,0.60747230052948,0.3409777879714966,-0.09217964112758636,0.5955070853233337,0.23121881484985352,-0.12323973327875137,0.5847722887992859,0.13876187801361084,-0.14338435232639313,0.7142165899276733,0.5091730356216431,-0.055483922362327576,0.6438086628913879,0.47312068939208984,-0.14258262515068054,0.5903178453445435,0.5593487024307251,-0.17396794259548187,0.5546929836273193,0.6392835378646851,-0.17518168687820435,0.7844669222831726,0.538806676864624,-0.0725657269358635,0.6987519860267639,0.6027446389198303,-0.1553221344947815,0.6398078203201294,0.7127333283424377,-0.15975475311279297,0.5949259400367737,0.794163703918457,-0.14060960710048676,0.8432362675666809,0.5957160592079163,-0.09152773767709732,0.771370530128479,0.6671942472457886,-0.14652593433856964,0.721331775188446,0.7484816312789917,-0.14401182532310486,0.6816144585609436,0.8064277172088623,-0.12636081874370575
76533.753,0.7407645583152771,0.8963364362716675,-4.894498033536365e-07,0.6440980434417725,0.8223388195037842,-0.028907842934131622,0.5689582228660583,0.7120117545127869,-0.050861161202192307,0.5287378430366516,0.6151763796806335,-0.07796252518892288,0.498180091381073,0.519090473651886,-0.10510357469320297,0.6323827505111694,0.5154695510864258,-0.042935099452733994,0.6006910800933838,0.3420143127441406,-0.094269759953022,0.5845878720283508,0.23141556978225708,-0.12448721379041672,0.5723955631256104,0.1385478973388672,-0.14312642812728882,0.7102030515670776,0.5093391537666321,-0.057015642523765564,0.6353551149368286,0.49023541808128357,-0.13947021961212158,0.5775234699249268,0.58018958568573,-0.164493590593338,0.5452859997749329,0.6556267142295837,-0.16192908585071564,0.7785355448722839,0.5437408089637756,-0.07474938035011292,0.690673828125,0.6059800386428833,-0.15086539089679718,0.6404059529304504,0.7048478722572327,-0.1483791619539261,0.612914502620697,0.7693187594413757,-0.12547197937965393,0.8417243957519531,0.6046775579452515,-0.09505533427000046,0.7673976421356201,0.6588065028190613,-0.14215302467346191,0.719617486000061,0.7277068495750427,-0.13404914736747742,0.6913228631019592,0.7760109305381775,-0.11288449913263321
76533.784,0.7493222951889038,0.8954654932022095,-3.6168106021250424e-07,0.6512967944145203,0.8292458057403564,-0.02656509540975094,0.5634204745292664,0.7072596549987793,-0.04313208535313606,0.519752025604248,0.6128308773040771,-0.0629657506942749,0.501186728477478,0.5230572819709778,-0.08168832957744598,0.6145420670509338,0.5157146453857422,-0.027275579050183296,0.5658808946609497,0.3601897358894348,-0.06590420752763748,0.5552921295166016,0.26730504631996155,-0.09203428775072098,0.5548961162567139,0.17977410554885864,-0.11291836202144623,0.6893897652626038,0.5159874558448792,-0.040683526545763016,0.6234169006347656,0.463630348443985,-0.09573628008365631,0.5855217576026917,0.5001160502433777,-0.11584362387657166,0.5661430358886719,0.5116720795631409,-0.12187299877405167,0.761759877204895,0.5494311451911926,-0.05952344089746475,0.7014583945274353,0.5217676162719727,-0.11517355591058731,0.6589596271514893,0.5644434690475464,-0.11744869500398636,0.6330904364585876,0.5820474624633789,-0.11001161485910416,0.8336927890777588,0.6067259311676025,-0.08147576451301575,0.7721961140632629,0.6221790313720703,-0.12624837458133698,0.7239499688148499,0.6682000756263733,-0.12969300150871277,0.6918217539787292,0.6963448524475098,-0.1242273673415184
76533.817,0.7554813623428345,0.9108998775482178,-2.725271315284772e-07,0.6516452431678772,0.8267360925674438,-0.022692443802952766,0.5710484981536865,0.7054286003112793,-0.0437835231423378,0.5230889320373535,0.6138508319854736,-0.07012424618005753,0.49858981370925903,0.5265746712684631,-0.09606946259737015,0.6381797790527344,0.5662500858306885,-0.0037339208647608757,0.5870059728622437,0.47107523679733276,-0.07069345563650131,0.5400720834732056,0.4912848472595215,-0.12852521240711212,0.5017955303192139,0.524411141872406,-0.1617049276828766,0.6942026019096375,0.5496970415115356,-0.024861738085746765,0.6444191336631775,0.4004909098148346,-0.06609819084405899,0.6080256700515747,0.31172141432762146,-0.10508710145950317,0.5774842500686646,0.22805026173591614,-0.13275907933712006,0.7591303586959839,0.5710211992263794,-0.05617440119385719,0.7312573194503784,0.45241686701774597,-0.10407751053571701,0.6934157609939575,0.39671850204467773,-0.1339881867170334,0.6547407507896423,0.3373364806175232,-0.151986762881279,0.8280735611915588,0.6253604292869568,-0.08966204524040222,0.7953318357467651,0.5902913808822632,-0.1298273354768753,0.761361837387085,0.59135502576828,-0.1401611864566803,0.7245672941207886,0.5849850177764893,-0.1449436992406845
76533.851,0.7372384667396545,0.8819236159324646,3.662287610950443e-07,0.6420132517814636,0.8178850412368774,-0.030383244156837463,0.5673454403877258,0.7132083773612976,-0.060568299144506454,0.5201703906059265,0.6374861001968384,-0.09235332906246185,0.49939554929733276,0.5611875057220459,-0.12425649166107178,0.6345077157020569,0.5445063710212708,-0.03513664752244949,0.582609236240387,0.4723373055458069,-0.10659204423427582,0.5315206050872803,0.508324384689331,-0.1660587340593338,0.49254709482192993,0.5560445785522461,-0.19971314072608948,0.6887498497962952,0.5302575826644897,-0.056005846709012985,0.6515705585479736,0.3519136309623718,-0.09891964495182037,0.626013994216919,0.24165254831314087,-0.13802404701709747,0.6055178046226501,0.14136698842048645,-0.16511723399162292,0.7508372068405151,0.5704390406608582,-0.08516109734773636,0.7397640347480774,0.4099128544330597,-0.1344146430492401,0.7159889936447144,0.3120887279510498,-0.1693439781665802,0.6872493624687195,0.21836835145950317,-0.19084316492080688,0.8118953704833984,0.6526222825050354,-0.11568783223628998,0.8291640281677246,0.5583606362342834,-0.15941809117794037,0.8315060138702393,0.4902699589729309,-0.17423315346240997,0.8240951895713806,0.4200730323791504,-0.18206018209457397
76533.88,0.7391532063484192,0.8824777603149414,2.826114950948977e-07,0.642630398273468,0.81257164478302,-0.031441811472177505,0.5670716166496277,0.7050098180770874,-0.06261935830116272,0.5192505121231079,0.623832643032074,-0.09621940553188324,0.49232691526412964,0.5371037125587463,-0.131795734167099,0.6358834505081177,0.5409050583839417,-0.035021886229515076,0.5833249092102051,0.4735488295555115,-0.10716339945793152,0.5310190320014954,0.4900197386741638,-0.16808216273784637,0.49155479669570923,0.5184522867202759,-0.20408214628696442,0.6916216015815735,0.52301424741745,-0.05745430663228035,0.6595219373703003,0.3497855067253113,-0.10537009686231613,0.6316840648651123,0.23730331659317017,-0.14902329444885254,0.6067343354225159,0.13144654035568237,-0.1792854219675064,0.7528480291366577,0.5590977072715759,-0.08837240934371948,0.744168221950531,0.3936614990234375,-0.14384621381759644,0.7181457877159119,0.2895788252353668,-0.1842055767774582,0.687055766582489,0.1867138147354126,-0.20930272340774536,0.8094795346260071,0.6387613415718079,-0.12051310390233994,0.8315826654434204,0.5457270741462708,-0.16976697742938995,0.8328364491462708,0.4758993983268738,-0.18981540203094482,0.8241881132125854,0.40365368127822876,-0.20164984464645386
76533.913,0.7385002374649048,0.8804134130477905,3.447135554779379e-07,0.6422944068908691,0.8052310943603516,-0.029359951615333557,0.5662887096405029,0.6924022436141968,-0.05669671669602394,0.5185245275497437,0.606512188911438,-0.08595912903547287,0.49057596921920776,0.5164798498153687,-0.11707720905542374,0.6418282389640808,0.5290505886077881,-0.02785460650920868,0.5861198306083679,0.46034643054008484,-0.09594322741031647,0.526904821395874,0.46920374035835266,-0.1552271842956543,0.4788317382335663,0.4890129268169403,-0.19007213413715363,0.695145845413208,0.513278603553772,-0.04990620166063309,0.6661471128463745,0.33394569158554077,-0.09243939071893692,0.6417704224586487,0.21534106135368347,-0.13359835743904114,0.623286247253418,0.10783454775810242,-0.16207396984100342,0.7528897523880005,0.5553550720214844,-0.08036258816719055,0.7442653775215149,0.38967400789260864,-0.13148066401481628,0.7198551893234253,0.2839123606681824,-0.1705290675163269,0.6945961117744446,0.1828901469707489,-0.19462242722511292,0.8045768141746521,0.6409920454025269,-0.11198588460683823,0.813726544380188,0.5530257225036621,-0.15880081057548523,0.8143056035041809,0.4883083403110504,-0.17691127955913544,0.8110296726226807,0.42142951488494873,-0.1870131939649582
76533.962,0.7565140128135681,0.8802007436752319,7.492966602740125e-08,0.6466447114944458,0.8123512268066406,-0.017070066183805466,0.5634193420410156,0.6836814284324646,-0.031134232878684998,0.515397310256958,0.5931246876716614,-0.046778786927461624,0.4908278286457062,0.49814262986183167,-0.06580846011638641,0.6356832385063171,0.538149893283844,-0.019951632246375084,0.5873446464538574,0.43986794352531433,-0.07627912610769272,0.5317713618278503,0.4479380249977112,-0.12258501350879669,0.48744237422943115,0.4710763096809387,-0.14911673963069916,0.6955788135528564,0.5207533836364746,-0.0458940751850605,0.6723971366882324,0.3278126120567322,-0.07849153131246567,0.6505464911460876,0.2093091607093811,-0.11361731588840485,0.6380263566970825,0.0956169068813324,-0.13826890289783478,0.75737464427948,0.5534398555755615,-0.07848994433879852,0.7434664368629456,0.40516263246536255,-0.1290818452835083,0.7106432914733887,0.3052107095718384,-0.17639385163784027,0.6864820718765259,0.1962881088256836,-0.2081003189086914,0.8182249069213867,0.6209047436714172,-0.10942342877388,0.7695611119270325,0.6129364967346191,-0.1587335616350174,0.728858232498169,0.6463969945907593,-0.17643678188323975,0.7013803720474243,0.656831681728363,-0.18763966858386993
76533.968,0.7556681036949158,0.8817516565322876,1.3975815704725392e-07,0.650776743888855,0.815498948097229,-0.021188033744692802,0.5670673847198486,0.6928306818008423,-0.03713824599981308,0.51886385679245,0.6016805171966553,-0.054660163819789886,0.49245190620422363,0.5058867931365967,-0.0745936706662178,0.6361662745475769,0.5371595025062561,-0.021235257387161255,0.5880525708198547,0.44238972663879395,-0.08024845272302628,0.5301492214202881,0.45073026418685913,-0.1274152547121048,0.4852178692817688,0.47610294818878174,-0.15384116768836975,0.6971675157546997,0.5176483988761902,-0.04690217971801758,0.6698857545852661,0.3251361846923828,-0.08155321329832077,0.6505594849586487,0.2053903341293335,-0.11619124561548233,0.6410165429115295,0.09580850601196289,-0.13988545536994934,0.7604283690452576,0.5537667274475098,-0.08027905970811844,0.7424238920211792,0.40683674812316895,-0.13375058770179749,0.710136353969574,0.3084952235221863,-0.1806071251630783,0.6841467022895813,0.20474261045455933,-0.21061307191848755,0.8230809569358826,0.6260963678359985,-0.11244244873523712,0.7708535194396973,0.611774742603302,-0.16537010669708252,0.7272348403930664,0.6372975707054138,-0.1850074976682663,0.695092499256134,0.6444830298423767,-0.19646276533603668
76533.992,0.7595227360725403,0.8864244222640991,2.7256680823484203e-07,0.655689001083374,0.8274365663528442,-0.025409024208784103,0.5702319741249084,0.7030897736549377,-0.03723154589533806,0.5239375233650208,0.606759250164032,-0.046613749116659164,0.49209022521972656,0.5075703263282776,-0.0588236041367054,0.626158595085144,0.5293259024620056,-0.03884580358862877,0.5680546760559082,0.4040294885635376,-0.07455670833587646,0.5292103290557861,0.3353630304336548,-0.09680310636758804,0.49234455823898315,0.27247652411460876,-0.11331736296415329,0.7002514600753784,0.5121740102767944,-0.06039411202073097,0.6823593378067017,0.3260185718536377,-0.0912584513425827,0.6734043955802917,0.20915168523788452,-0.11920935660600662,0.6648922562599182,0.10437294840812683,-0.1374204158782959,0.7655884623527527,0.54585862159729,-0.08642417192459106,0.7385019063949585,0.44562849402427673,-0.14616915583610535,0.706756055355072,0.36075568199157715,-0.19699446856975555,0.681958019733429,0.27072733640670776,-0.229030579328537,0.8242160081863403,0.6105206608772278,-0.11068461835384369,0.7487673759460449,0.6443392634391785,-0.18061476945877075,0.6866791844367981,0.7189154624938965,-0.21093657612800598,0.638884425163269,0.7721424698829651,-0.2279224842786789
76534.058,0.7473049759864807,0.8871343731880188,8.735840992812882e-07,0.6478409767150879,0.8224027156829834,-0.026234999299049377,0.5666555762290955,0.7011286616325378,-0.04161176458001137,0.5218148827552795,0.6079885363578796,-0.05772493779659271,0.4901930093765259,0.520236611366272,-0.07367405295372009,0.625373899936676,0.5179171562194824,-0.0521094910800457,0.5880386829376221,0.34464871883392334,-0.08851946145296097,0.5603107810020447,0.24369105696678162,-0.10337436199188232,0.5373446345329285,0.1573798656463623,-0.11157357692718506,0.7047094702720642,0.5137932896614075,-0.06907838582992554,0.691773533821106,0.3220288157463074,-0.11076603829860687,0.6861166954040527,0.19367051124572754,-0.13794110715389252,0.6825243830680847,0.09332641959190369,-0.1496559977531433,0.7727367281913757,0.5551345944404602,-0.08728697896003723,0.7153339385986328,0.5290813446044922,-0.15060153603553772,0.6636655926704407,0.5611681342124939,-0.18151970207691193,0.6285825371742249,0.5848666429519653,-0.1885494887828827,0.8208264112472534,0.6260764002799988,-0.10455086827278137,0.7343885898590088,0.6954996585845947,-0.16307896375656128,0.6695448160171509,0.7676815390586853,-0.1796785145998001,0.6238611936569214,0.8208650350570679,-0.1804722547531128
76534.089,0.753516674041748,0.8910951614379883,8.451322059954691e-07,0.6494486927986145,0.8126183748245239,-0.02067556045949459,0.566669762134552,0.6903337240219116,-0.034034546464681625,0.5217569470405579,0.5990047454833984,-0.050623390823602676,0.4911576509475708,0.5153055787086487,-0.06529425084590912,0.6267354488372803,0.5365574359893799,-0.04956341162323952,0.5994738340377808,0.3490031957626343,-0.09095603972673416,0.577599823474884,0.23976290225982666,-0.11061345040798187,0.5623130798339844,0.14521875977516174,-0.12112889438867569,0.7062084674835205,0.5278145670890808,-0.06903333961963654,0.6756505370140076,0.3572731614112854,-0.11599816381931305,0.6615853905677795,0.23194876313209534,-0.1464788019657135,0.6520506739616394,0.1280522346496582,-0.16097544133663177,0.7777069807052612,0.5620829463005066,-0.08822387456893921,0.7045571208000183,0.5783922672271729,-0.14652593433856964,0.6449125409126282,0.6580888628959656,-0.15979832410812378,0.6012380123138428,0.7192965745925903,-0.1540071815252304,0.8252170085906982,0.6270081996917725,-0.10834340751171112,0.7443346977233887,0.7025236487388611,-0.15566056966781616,0.686348557472229,0.7734035849571228,-0.1583309769630432,0.6450849771499634,0.8242822885513306,-0.14903075993061066
76534.121,0.7519418597221375,0.8987277746200562,6.493685305031249e-07,0.6535213589668274,0.8291432857513428,-0.02770679071545601,0.5749062299728394,0.7054182291030884,-0.046490378677845,0.5326564311981201,0.6027857661247253,-0.06937554478645325,0.49751001596450806,0.5100294947624207,-0.08948961645364761,0.6245489120483398,0.5414992570877075,-0.045853063464164734,0.5993988513946533,0.36581963300704956,-0.09196870774030685,0.5859537720680237,0.2615339457988739,-0.11778202652931213,0.5788350105285645,0.16675427556037903,-0.13296552002429962,0.698760449886322,0.5285967588424683,-0.06405148655176163,0.6473024487495422,0.38845497369766235,-0.11990363895893097,0.6070923805236816,0.28462615609169006,-0.15473808348178864,0.5740631818771362,0.1939643919467926,-0.17036549746990204,0.7723867297172546,0.5571923851966858,-0.08382754772901535,0.6927942037582397,0.6168215870857239,-0.1468062549829483,0.6299120783805847,0.7134844064712524,-0.15534242987632751,0.5806540250778198,0.7832117080688477,-0.14408083260059357,0.8289092779159546,0.618173360824585,-0.10639409720897675,0.7477090358734131,0.7001317739486694,-0.1511024534702301,0.6926026344299316,0.7741702198982239,-0.14888006448745728,0.6481964588165283,0.8255459070205688,-0.13547605276107788
76534.154,0.7503511905670166,0.8806095123291016,-2.421004019481643e-08,0.6585109829902649,0.818766176700592,-0.03231251239776611,0.5792924165725708,0.7065336108207703,-0.05480566993355751,0.5290699005126953,0.6104726791381836,-0.08035341650247574,0.4911087155342102,0.5144372582435608,-0.10462509095668793,0.632667601108551,0.5143322348594666,-0.04222012311220169,0.6151614189147949,0.3341469466686249,-0.08997219055891037,0.6062132716178894,0.23188909888267517,-0.11492714285850525,0.6006172895431519,0.14057937264442444,-0.1302749067544937,0.7118334174156189,0.5111406445503235,-0.05523610860109329,0.6545613408088684,0.4315405488014221,-0.13618949055671692,0.6016547083854675,0.49920880794525146,-0.16447575390338898,0.570544421672821,0.5669043064117432,-0.16303804516792297,0.7787194848060608,0.5452952980995178,-0.07132670283317566,0.6951555609703064,0.6146214008331299,-0.1487213522195816,0.6263401508331299,0.7294501066207886,-0.15365542471408844,0.5804627537727356,0.8090545535087585,-0.13481837511062622,0.8286283016204834,0.6090508103370667,-0.08939044922590256,0.7476686835289001,0.6994456052780151,-0.13928581774234772,0.6916714310646057,0.7844619154930115,-0.13842493295669556,0.6507545113563538,0.8351446390151978,-0.12309975922107697
76534.184,0.7607493996620178,0.887978196144104,-2.668462570909469e-07,0.6597757935523987,0.814375638961792,-0.031073706224560738,0.5827620625495911,0.699647068977356,-0.05140103027224541,0.5341637134552002,0.6032167077064514,-0.07559522241353989,0.49425792694091797,0.5126999616622925,-0.09987591952085495,0.6380813121795654,0.5136200189590454,-0.046289779245853424,0.6222326755523682,0.33426743745803833,-0.09634263813495636,0.6160014271736145,0.2249252200126648,-0.12327899783849716,0.6104111671447754,0.13348186016082764,-0.13975615799427032,0.7169514894485474,0.508664608001709,-0.05843053758144379,0.6437988877296448,0.4718858003616333,-0.14584438502788544,0.5916432738304138,0.5716060400009155,-0.1731553077697754,0.5591400861740112,0.6668894290924072,-0.16988784074783325,0.7821813225746155,0.542270302772522,-0.07352754473686218,0.6862130761146545,0.6321113705635071,-0.15503685176372528,0.6308273077011108,0.747495710849762,-0.1569993942975998,0.5892950892448425,0.8291733860969543,-0.13579490780830383,0.8323639035224915,0.6043898463249207,-0.0908002033829689,0.7570587396621704,0.6902778744697571,-0.1420646607875824,0.7094355821609497,0.7734850645065308,-0.13807930052280426,0.6701323390007019,0.8271681666374207,-0.11998838186264038
76534.218,0.7610628008842468,0.9008105993270874,-3.967803934301628e-07,0.6599891781806946,0.8269993662834167,-0.030078299343585968,0.5833522081375122,0.7112639546394348,-0.049887653440237045,0.5359922051429749,0.609467625617981,-0.07419518381357193,0.49416622519493103,0.5164347887039185,-0.09890136867761612,0.6346253156661987,0.5182610154151917,-0.04381675273180008,0.6151809096336365,0.3443825840950012,-0.09581093490123749,0.6067687273025513,0.2315693497657776,-0.1271284967660904,0.5982404947280884,0.13713711500167847,-0.14711561799049377,0.7154502868652344,0.5081921219825745,-0.05688374117016792,0.6445860266685486,0.49471816420555115,-0.14460676908493042,0.592637300491333,0.5989121198654175,-0.17430609464645386,0.5579710006713867,0.6940042972564697,-0.173981711268425,0.783720850944519,0.5404120087623596,-0.07298369705677032,0.6942749619483948,0.6295242309570312,-0.15551212430000305,0.6393049359321594,0.7480051517486572,-0.1576491743326187,0.5972719192504883,0.8332939147949219,-0.13701540231704712,0.8364959955215454,0.6024245023727417,-0.09132229536771774,0.7640103697776794,0.690969705581665,-0.14543266594409943,0.7181793451309204,0.7735397219657898,-0.14197205007076263,0.6813441514968872,0.8290866613388062,-0.12357492744922638
76534.248,0.7456511855125427,0.8989136815071106,-4.675120521824283e-07,0.6508581638336182,0.8222601413726807,-0.026679636910557747,0.5778992772102356,0.7083797454833984,-0.04580868035554886,0.5337928533554077,0.6123630404472351,-0.0700511708855629,0.49535563588142395,0.5207785964012146,-0.09560597687959671,0.6350712180137634,0.511123538017273,-0.04003379866480827,0.6157479882240295,0.3425144553184509,-0.08892324566841125,0.6058135628700256,0.23105275630950928,-0.11810630559921265,0.5972250699996948,0.13811630010604858,-0.13599622249603271,0.7154833674430847,0.5051897168159485,-0.05352998152375221,0.6445817947387695,0.49708524346351624,-0.1362922340631485,0.5892016887664795,0.6043381094932556,-0.16247162222862244,0.5559535026550293,0.6989521384239197,-0.15967829525470734,0.7833898067474365,0.5409491062164307,-0.06986495852470398,0.6940478682518005,0.6172472834587097,-0.14956746995449066,0.6361619830131531,0.7324961423873901,-0.15108345448970795,0.5982259511947632,0.8169604539871216,-0.12932874262332916,0.8400107622146606,0.6043781042098999,-0.08766159415245056,0.7659178972244263,0.6716846227645874,-0.138061985373497,0.7193130850791931,0.7538110017776489,-0.13181421160697937,0.6885523200035095,0.8147382736206055,-0.1109992191195488
76534.282,0.7388400435447693,0.8861297965049744,-4.256065722074709e-07,0.6398020386695862,0.8123199343681335,-0.025239452719688416,0.560626208782196,0.6964539885520935,-0.04336904361844063,0.5215604901313782,0.6042559742927551,-0.06603415310382843,0.49492865800857544,0.5144809484481812,-0.087480828166008,0.6182498931884766,0.4985743761062622,-0.03143538162112236,0.5869823098182678,0.34950685501098633,-0.07715160399675369,0.5806499719619751,0.2562486231327057,-0.10711141675710678,0.5837329030036926,0.1689092516899109,-0.12843464314937592,0.6979795098304749,0.49768853187561035,-0.04608996585011482,0.6366205811500549,0.48139944672584534,-0.11517249047756195,0.600989818572998,0.5602917671203613,-0.13805998861789703,0.5886427760124207,0.6029553413391113,-0.14009889960289001,0.7692404985427856,0.536288321018219,-0.06496911495923996,0.6937508583068848,0.5750756859779358,-0.13030168414115906,0.6541280150413513,0.6715285778045654,-0.12487811595201492,0.6382743716239929,0.7261641025543213,-0.1053294688463211,0.834064245223999,0.6007529497146606,-0.08681502193212509,0.756428062915802,0.6528661251068115,-0.1300981193780899,0.7115728855133057,0.7206099629402161,-0.12383916229009628,0.69023197889328,0.7598974108695984,-0.1073085367679596
76534.313,0.7485423684120178,0.8999084234237671,-4.124020449580712e-07,0.6488579511642456,0.8217765092849731,-0.0195467472076416,0.568238377571106,0.6957960724830627,-0.03424254432320595,0.5275312662124634,0.602623701095581,-0.0530996099114418,0.5003881454467773,0.5240171551704407,-0.07190694659948349,0.6522752046585083,0.5122082829475403,-0.009196222759783268,0.6106545925140381,0.39090144634246826,-0.03983879089355469,0.5916467905044556,0.3168676495552063,-0.06778700649738312,0.582134485244751,0.24487510323524475,-0.09259669482707977,0.7170539498329163,0.515353798866272,-0.027892543002963066,0.653860330581665,0.442707359790802,-0.07241558283567429,0.5972225666046143,0.4417526125907898,-0.10118240118026733,0.5563239455223083,0.4374764859676361,-0.11844989657402039,0.7788262963294983,0.5486540198326111,-0.051662493497133255,0.721316933631897,0.4888058304786682,-0.09981410950422287,0.6604518890380859,0.4927179515361786,-0.11652355641126633,0.6127185225486755,0.49508512020111084,-0.12425751239061356,0.8402628898620605,0.6073338389396667,-0.07752031832933426,0.7780892252922058,0.5979202389717102,-0.12031663954257965,0.728395938873291,0.6284337043762207,-0.13179384171962738,0.6912176609039307,0.6538795828819275,-0.13581296801567078
76534.345,0.7360872030258179,0.8823034167289734,1.0903888636448755e-07,0.6446183323860168,0.8070605397224426,-0.024841751903295517,0.5697870850563049,0.6962541937828064,-0.05242665112018585,0.5255744457244873,0.6191242933273315,-0.0841829851269722,0.4956527650356293,0.5503482222557068,-0.11717060208320618,0.6372301578521729,0.5410558581352234,-0.030527805909514427,0.5703753232955933,0.48366743326187134,-0.10404697060585022,0.5182459354400635,0.5402947664260864,-0.16619990766048431,0.48445379734039307,0.593745231628418,-0.20151257514953613,0.6891456842422485,0.5305313467979431,-0.05413642153143883,0.6437264084815979,0.3677719831466675,-0.10216321051120758,0.6116021275520325,0.2610817849636078,-0.14636407792568207,0.5851418375968933,0.15816837549209595,-0.1770469695329666,0.7500565052032471,0.5680211782455444,-0.08560418337583542,0.7307999134063721,0.4149739742279053,-0.13884437084197998,0.7004404067993164,0.3272319436073303,-0.17572401463985443,0.6669684648513794,0.240676611661911,-0.19758862257003784,0.8073267936706543,0.6421551704406738,-0.11804451048374176,0.8227280378341675,0.5471988320350647,-0.16022664308547974,0.8251520395278931,0.4805779755115509,-0.17429612576961517,0.8188946843147278,0.4112398028373718,-0.18165181577205658
76534.392,0.7389127016067505,0.8761190176010132,1.9133480577693263e-07,0.6414292454719543,0.8118287324905396,-0.02330314926803112,0.5651732087135315,0.7016847729682922,-0.04674188420176506,0.5153940916061401,0.6205313205718994,-0.07351260632276535,0.48399025201797485,0.5344063639640808,-0.10279793292284012,0.6363372206687927,0.5360361933708191,-0.026748044416308403,0.5754581093788147,0.46534836292266846,-0.08948391675949097,0.5263678431510925,0.49370336532592773,-0.14201651513576508,0.4944308400154114,0.5282813906669617,-0.17393364012241364,0.6908040642738342,0.517335832118988,-0.05210133641958237,0.6500657796859741,0.3477395474910736,-0.09707720577716827,0.6165806651115417,0.24165692925453186,-0.13985252380371094,0.5896780490875244,0.14161238074302673,-0.1702401489019394,0.7492293119430542,0.554578423500061,-0.08482735604047775,0.7371660470962524,0.38929659128189087,-0.14198844134807587,0.708267867565155,0.28458869457244873,-0.1874106377363205,0.6793761253356934,0.1814076006412506,-0.21622982621192932,0.800078809261322,0.6332020163536072,-0.1172466054558754,0.8197124600410461,0.5374592542648315,-0.17090752720832825,0.8270980715751648,0.4670434594154358,-0.19643749296665192,0.8284894824028015,0.3928018808364868,-0.21244926750659943
76534.397,0.7424137592315674,0.881377100944519,1.9188355793176015e-07,0.6413607001304626,0.810103178024292,-0.024108102545142174,0.5646687150001526,0.698896050453186,-0.048608966171741486,0.5171689987182617,0.6163023114204407,-0.07669489085674286,0.48719310760498047,0.5309180617332458,-0.10674097388982773,0.6319175958633423,0.537665605545044,-0.027327347546815872,0.5765029788017273,0.459796667098999,-0.09334951639175415,0.5300875902175903,0.48818719387054443,-0.14753440022468567,0.4986656904220581,0.5278632640838623,-0.17919345200061798,0.6877936720848083,0.5200323462486267,-0.052117157727479935,0.6505076289176941,0.34826910495758057,-0.09911932051181793,0.6187045574188232,0.2400241196155548,-0.14233437180519104,0.5906145572662354,0.13935264945030212,-0.1724534034729004,0.7477483749389648,0.5563346743583679,-0.08454272896051407,0.7383392453193665,0.3944771885871887,-0.1414417326450348,0.7111338973045349,0.2899491488933563,-0.18477755784988403,0.6813359260559082,0.1884094774723053,-0.2117028683423996,0.800467848777771,0.6336590647697449,-0.11698587238788605,0.8229910731315613,0.5384078025817871,-0.16712786257266998,0.83088219165802,0.467212051153183,-0.18915174901485443,0.8320296406745911,0.3943811058998108,-0.20263443887233734
76534.456,0.7532011270523071,0.872582197189331,4.2909931607937324e-07,0.6549314856529236,0.8207917809486389,-0.03160342201590538,0.570824384689331,0.7017748951911926,-0.044015880674123764,0.5218556523323059,0.6090695858001709,-0.05222334712743759,0.4854394197463989,0.5111291408538818,-0.062391575425863266,0.6209521293640137,0.509202778339386,-0.04771116375923157,0.575016438961029,0.35371947288513184,-0.0771467462182045,0.5459398627281189,0.25581827759742737,-0.09335905313491821,0.5216125249862671,0.16982832551002502,-0.1075662225484848,0.6948075890541077,0.4993281364440918,-0.0641799345612526,0.6683527231216431,0.3276824951171875,-0.09066334366798401,0.6525118947029114,0.21596994996070862,-0.11433548480272293,0.6423676609992981,0.11654528975486755,-0.13123740255832672,0.7591196298599243,0.5390585660934448,-0.08479425311088562,0.7278239130973816,0.43851813673973083,-0.1385008692741394,0.6977937817573547,0.34290409088134766,-0.18690848350524902,0.6805621981620789,0.2490634024143219,-0.22009022533893585,0.8143115043640137,0.6113964915275574,-0.10449429601430893,0.7339780926704407,0.6550690531730652,-0.17348000407218933,0.6732852458953857,0.722851037979126,-0.20731370151042938,0.635110080242157,0.771926760673523,-0.22750940918922424
76534.489,0.7469334602355957,0.8802704811096191,9.596627705832361e-07,0.645962655544281,0.8078092336654663,-0.025702249258756638,0.5671331286430359,0.6874122619628906,-0.0439576730132103,0.525748610496521,0.5913887619972229,-0.06556762754917145,0.4891490340232849,0.5017654895782471,-0.08542174845933914,0.6251247525215149,0.5286871194839478,-0.055811069905757904,0.6015514135360718,0.34686553478240967,-0.10177554935216904,0.5791000127792358,0.23884114623069763,-0.12629835307598114,0.5637723803520203,0.14268013834953308,-0.14034652709960938,0.7034013867378235,0.5245422720909119,-0.07514014095067978,0.6694309115409851,0.36262577772140503,-0.1287946254014969,0.6510575413703918,0.24004647135734558,-0.1633848249912262,0.6379417777061462,0.13634446263313293,-0.18015949428081512,0.7761166095733643,0.5624995827674866,-0.09439849108457565,0.6926815509796143,0.5972436666488647,-0.15833204984664917,0.6333580613136292,0.6983624696731567,-0.16761010885238647,0.5919098854064941,0.774081826210022,-0.15689250826835632,0.8241689801216125,0.6282383799552917,-0.11527758091688156,0.7342931032180786,0.699135422706604,-0.16353023052215576,0.6761063933372498,0.7740381360054016,-0.16140471398830414,0.6344152688980103,0.8284523487091064,-0.14777573943138123
76534.52,0.749553918838501,0.8749961853027344,-4.123481645024185e-08,0.6558338403701782,0.8133963346481323,-0.03404401242733002,0.5800338983535767,0.7030875086784363,-0.058906786143779755,0.5314731001853943,0.604339063167572,-0.08635272085666656,0.4894516170024872,0.5111322999000549,-0.11239577829837799,0.629725456237793,0.5085464715957642,-0.04736696556210518,0.6054075360298157,0.3329402804374695,-0.0974336788058281,0.5945162177085876,0.23154762387275696,-0.12299991399049759,0.5891735553741455,0.14033961296081543,-0.1378103792667389,0.7076687812805176,0.5059763193130493,-0.060016240924596786,0.6549574732780457,0.42887890338897705,-0.14062714576721191,0.6090336441993713,0.5048904418945312,-0.16618280112743378,0.5810802578926086,0.5773046612739563,-0.1627442091703415,0.7726832628250122,0.5441920161247253,-0.07599171996116638,0.68818199634552,0.6195796728134155,-0.15253382921218872,0.6248151659965515,0.7314884662628174,-0.1551346480846405,0.583317756652832,0.8061463832855225,-0.13495443761348724,0.8182699680328369,0.6131393313407898,-0.09420328587293625,0.7405524849891663,0.693687915802002,-0.14079853892326355,0.6872757077217102,0.775428831577301,-0.13665732741355896,0.6479933261871338,0.8263892531394958,-0.11974960565567017
76534.554,0.7471849322319031,0.8880695104598999,-2.9720621341766673e-07,0.6485731601715088,0.8121777772903442,-0.02731144055724144,0.5797706246376038,0.6969126462936401,-0.04876093193888664,0.5379273891448975,0.5943761467933655,-0.07499023526906967,0.49762552976608276,0.5001803040504456,-0.10165708512067795,0.6421146988868713,0.5092592835426331,-0.041860781610012054,0.6196907162666321,0.33426493406295776,-0.09081824123859406,0.6079334020614624,0.2237173318862915,-0.11863180249929428,0.596959114074707,0.13285958766937256,-0.13530123233795166,0.7188120484352112,0.5071329474449158,-0.05640202760696411,0.646112322807312,0.46608301997184753,-0.13619276881217957,0.5877748727798462,0.5419772267341614,-0.16402290761470795,0.5497936010360718,0.6175768971443176,-0.16391268372535706,0.7816294431686401,0.5441635251045227,-0.07351461052894592,0.6842252612113953,0.6169089078903198,-0.1493629813194275,0.6226233839988708,0.7220844626426697,-0.1525059938430786,0.5810456871986389,0.799643874168396,-0.13356228172779083,0.8296946287155151,0.6114919781684875,-0.09241342544555664,0.7453784942626953,0.6830167770385742,-0.1402696669101715,0.6924236416816711,0.7595467567443848,-0.13551543653011322,0.6543678045272827,0.8142784833908081,-0.11737115681171417
76534.584,0.7455139756202698,0.8856843113899231,-3.4010335525636037e-07,0.6408801674842834,0.8119758367538452,-0.0190340057015419,0.5583816170692444,0.6849580407142639,-0.030643194913864136,0.5163174867630005,0.5897374153137207,-0.04870421439409256,0.49816691875457764,0.5053133964538574,-0.06449013203382492,0.6250963807106018,0.4920060932636261,-0.007403977680951357,0.5956817865371704,0.3432418704032898,-0.04551776498556137,0.5839307308197021,0.253257155418396,-0.06822681427001953,0.583290159702301,0.16680708527565002,-0.08570414781570435,0.6985088586807251,0.49186238646507263,-0.0252907145768404,0.6159245371818542,0.4554380774497986,-0.08314919471740723,0.5661761164665222,0.5112907886505127,-0.09842228144407272,0.5538589954376221,0.5108951926231384,-0.09742625057697296,0.7648704051971436,0.5299564003944397,-0.048951730132102966,0.6714835166931152,0.5383715629577637,-0.10648368299007416,0.6365577578544617,0.6293790340423584,-0.09406237304210663,0.6405701041221619,0.6543632745742798,-0.07261233031749725,0.8239818811416626,0.5956932306289673,-0.07641303539276123,0.7326290011405945,0.6512807607650757,-0.11637397855520248,0.6944757699966431,0.7205345034599304,-0.10877801477909088,0.694394588470459,0.7428916096687317,-0.09314626455307007
76534.619,0.7529022693634033,0.9127719402313232,-7.253995590872364e-07,0.6486745476722717,0.8211923837661743,-0.01188152376562357,0.5586015582084656,0.6929689645767212,-0.025337420403957367,0.5131082534790039,0.6015007495880127,-0.04530047997832298,0.47845619916915894,0.5078490972518921,-0.06580672413110733,0.6375527381896973,0.5674258470535278,0.003670939477160573,0.5593703985214233,0.5031542778015137,-0.04753949120640755,0.5148529410362244,0.5960777997970581,-0.09729492664337158,0.4885576367378235,0.6799401044845581,-0.12719525396823883,0.6941166520118713,0.5530937314033508,-0.018743174150586128,0.63711017370224,0.43676701188087463,-0.05246623232960701,0.593208372592926,0.3753688931465149,-0.09066171199083328,0.5608262419700623,0.30526405572891235,-0.11877862364053726,0.7542599439620972,0.5705645084381104,-0.048665959388017654,0.7189052700996399,0.45986056327819824,-0.09151586890220642,0.6745672821998596,0.4013693928718567,-0.1243896409869194,0.6361392736434937,0.3335285484790802,-0.1462603509426117,0.8179576992988586,0.618730902671814,-0.07844174653291702,0.7706290483474731,0.5974318385124207,-0.112345851957798,0.739238977432251,0.6117565631866455,-0.11764901876449585,0.7115969657897949,0.6124661564826965,-0.11986547708511353
76534.65,0.7282216548919678,0.8820161819458008,1.842789032480141e-07,0.6375337839126587,0.8162252902984619,-0.02695237658917904,0.5631157755851746,0.7114092111587524,-0.052415408194065094,0.5133044719696045,0.6355459690093994,-0.08038906008005142,0.48022139072418213,0.5607196688652039,-0.1088654100894928,0.6249168515205383,0.5477338433265686,-0.025953128933906555,0.5649334192276001,0.4790538251399994,-0.09399542957544327,0.5346546769142151,0.5316418409347534,-0.15009436011314392,0.5200756788253784,0.5883280634880066,-0.18221506476402283,0.6776601672172546,0.536543607711792,-0.04824208840727806,0.6280025243759155,0.3783486783504486,-0.09223375469446182,0.5904788374900818,0.2877751886844635,-0.13550744950771332,0.5609965920448303,0.20340800285339355,-0.16609343886375427,0.7373174428939819,0.57792067527771,-0.07880015671253204,0.7162767648696899,0.42562335729599,-0.13109858334064484,0.6827602982521057,0.3362538516521454,-0.1728513538837433,0.6506312489509583,0.24530130624771118,-0.19969187676906586,0.7925049662590027,0.6583361625671387,-0.10993791371583939,0.7932328581809998,0.5754359364509583,-0.15810036659240723,0.7839786410331726,0.515472948551178,-0.17969417572021484,0.7715747952461243,0.4464370012283325,-0.19252333045005798
76534.68,0.7478504180908203,0.8801301717758179,-1.0139612527382269e-07,0.6426859498023987,0.8296610116958618,-0.02117469534277916,0.5598865747451782,0.7096929550170898,-0.034273114055395126,0.5098927021026611,0.6155390739440918,-0.04838181659579277,0.47331148386001587,0.5267559289932251,-0.06402334570884705,0.6137262582778931,0.5563243627548218,-0.019700169563293457,0.5584957599639893,0.4355674386024475,-0.06495455652475357,0.5215916633605957,0.4639490246772766,-0.10192438960075378,0.5023345351219177,0.5064709782600403,-0.12380097061395645,0.6735722422599792,0.5343869924545288,-0.04087615758180618,0.6302837133407593,0.3679279685020447,-0.06171112880110741,0.5918810963630676,0.27140918374061584,-0.09359906613826752,0.5667431354522705,0.18384253978729248,-0.11996659636497498,0.736187219619751,0.5661241412162781,-0.06866277009248734,0.720683217048645,0.423891544342041,-0.10658921301364899,0.6747962832450867,0.33143171668052673,-0.1525740623474121,0.6381714344024658,0.23943161964416504,-0.18805597722530365,0.796960175037384,0.6323021054267883,-0.09568112343549728,0.748694121837616,0.6188204884529114,-0.14133703708648682,0.6970232725143433,0.6444340944290161,-0.16391287744045258,0.6567364931106567,0.6570865511894226,-0.18013280630111694
76534.713,0.753068745136261,0.8761097192764282,3.301146307421732e-07,0.6488494277000427,0.8332086205482483,-0.03631456941366196,0.5625101327896118,0.7165541052818298,-0.05078689754009247,0.5159552097320557,0.6169301271438599,-0.06101217493414879,0.4737849235534668,0.5195107460021973,-0.07250786572694778,0.6046465039253235,0.5394178628921509,-0.05222807824611664,0.5578904151916504,0.3923049569129944,-0.0858866423368454,0.5249098539352417,0.2997852861881256,-0.10563986003398895,0.49648821353912354,0.21798768639564514,-0.12130241841077805,0.6751412153244019,0.5300281047821045,-0.0660785362124443,0.6257836222648621,0.3838117718696594,-0.09887094795703888,0.5945170521736145,0.283446341753006,-0.126456156373024,0.5690521597862244,0.19109156727790833,-0.1450791209936142,0.7425430417060852,0.5634725093841553,-0.08379413932561874,0.7024587988853455,0.508164644241333,-0.14174917340278625,0.6567472815513611,0.4519893527030945,-0.18529897928237915,0.6194427013397217,0.3855544924736023,-0.21192654967308044,0.8020720481872559,0.6255717277526855,-0.10122644901275635,0.7274858951568604,0.6867861151695251,-0.16661915183067322,0.6667554378509521,0.7631244659423828,-0.1943243145942688,0.6227548122406006,0.8162519335746765,-0.20935985445976257
76534.744,0.750511646270752,0.8778015375137329,-4.3055706555605866e-08,0.6456457376480103,0.8213045001029968,-0.020752694457769394,0.5660839676856995,0.7081199884414673,-0.035447560250759125,0.523603618144989,0.6041940450668335,-0.05353262647986412,0.4801327586174011,0.5211008787155151,-0.0704525038599968,0.6103030443191528,0.5348829627037048,-0.03770154342055321,0.5655612945556641,0.36911702156066895,-0.07544811069965363,0.5357447266578674,0.2726457715034485,-0.09444674104452133,0.5102584958076477,0.18742364645004272,-0.1076233759522438,0.6882904171943665,0.5268985033035278,-0.05450922250747681,0.6353275775909424,0.45615485310554504,-0.11654625087976456,0.6020402908325195,0.4946592450141907,-0.13865183293819427,0.5791895389556885,0.529837965965271,-0.14024290442466736,0.7593786716461182,0.5598386526107788,-0.0727803036570549,0.6842889189720154,0.6238871812820435,-0.13505138456821442,0.623677670955658,0.7291536331176758,-0.13791796565055847,0.5783212184906006,0.8036041259765625,-0.12431367486715317,0.8134294748306274,0.6239809989929199,-0.09215866029262543,0.7390029430389404,0.7035260200500488,-0.13311636447906494,0.6821290254592896,0.7848833203315735,-0.1300017088651657,0.6364612579345703,0.8379251956939697,-0.11758743971586227
76534.777,0.7446622848510742,0.8934975862503052,-8.796271799837996e-07,0.6391708254814148,0.8220196962356567,-0.02106391452252865,0.5599930286407471,0.6933405995368958,-0.03156072646379471,0.5214259624481201,0.5922029614448547,-0.04591390863060951,0.4849558472633362,0.5119627714157104,-0.06138164550065994,0.6257463693618774,0.5184215307235718,-0.035026051104068756,0.5754058361053467,0.3747823238372803,-0.07667456567287445,0.5409241914749146,0.27949661016464233,-0.10071735084056854,0.5140507221221924,0.20168599486351013,-0.11782552301883698,0.7035499811172485,0.5010285377502441,-0.04979206621646881,0.621621310710907,0.5528150796890259,-0.12286949157714844,0.597121000289917,0.6913180947303772,-0.13867700099945068,0.5940391421318054,0.7885844707489014,-0.13241559267044067,0.7707955837249756,0.5380557179450989,-0.0676393061876297,0.6823925375938416,0.6474635004997253,-0.13398638367652893,0.6561040878295898,0.7643464207649231,-0.12489603459835052,0.6440184116363525,0.8369301557540894,-0.10225925594568253,0.8240059018135071,0.6070271730422974,-0.08802556246519089,0.7513142824172974,0.703002393245697,-0.13199467957019806,0.7138599157333374,0.7845163345336914,-0.12453426420688629,0.6909688115119934,0.8356705904006958,-0.1066008061170578
76534.825,0.7843972444534302,0.9359601140022278,-1.875148541330418e-06,0.6630837321281433,0.8376513719558716,-0.024855630472302437,0.5715125203132629,0.7113125920295715,-0.043659139424562454,0.5255078077316284,0.610508918762207,-0.06683280318975449,0.49598315358161926,0.5110666751861572,-0.08421050757169724,0.653039813041687,0.4905281066894531,-0.008395426906645298,0.5572646856307983,0.49935251474380493,-0.07094099372625351,0.5274567604064941,0.6203473210334778,-0.11380249261856079,0.5274330377578735,0.7343780994415283,-0.13190433382987976,0.7222445607185364,0.4877452850341797,-0.01931886002421379,0.618951678276062,0.5863147377967834,-0.07779711484909058,0.6024729609489441,0.7291907072067261,-0.10193531215190887,0.6111223101615906,0.8255479335784912,-0.10666099935770035,0.7840732932090759,0.5308197140693665,-0.038362059742212296,0.677939236164093,0.6508713364601135,-0.09251227229833603,0.6611172556877136,0.7676553726196289,-0.09336017072200775,0.6630978584289551,0.8388572335243225,-0.08096282929182053,0.8367735147476196,0.6003879308700562,-0.0605701245367527,0.745701789855957,0.6923658847808838,-0.09440568834543228,0.7213807702064514,0.7738935351371765,-0.0897248163819313,0.7163780331611633,0.8220643401145935,-0.07514097541570663
76534.856,0.7634426355361938,0.9210081100463867,-1.6247749954345636e-06,0.6586024761199951,0.8376257419586182,-0.026232047006487846,0.5755389928817749,0.7159715890884399,-0.04166527837514877,0.5287425518035889,0.6209527254104614,-0.05875299125909805,0.4855301082134247,0.5257245302200317,-0.07183639705181122,0.6401175260543823,0.5031002163887024,-0.014117090031504631,0.562020480632782,0.534576952457428,-0.06608184427022934,0.5342141389846802,0.6474876999855042,-0.10006174445152283,0.5236123204231262,0.7499798536300659,-0.11371123045682907,0.7110726237297058,0.49931442737579346,-0.022115029394626617,0.6211655139923096,0.5871753692626953,-0.07282885909080505,0.6028071641921997,0.7334485650062561,-0.09125598520040512,0.6042904853820801,0.8311452865600586,-0.09222769737243652,0.774944543838501,0.5378483533859253,-0.03685060888528824,0.6849439144134521,0.6384263038635254,-0.08536017686128616,0.6681897044181824,0.7635156512260437,-0.08202128112316132,0.668329656124115,0.838545560836792,-0.06662610918283463,0.8307983875274658,0.6016405820846558,-0.054208286106586456,0.7528579831123352,0.6756856441497803,-0.08464635163545609,0.7284700274467468,0.7606398463249207,-0.07649251073598862,0.7229493856430054,0.8087963461875916,-0.059916865080595016
76534.89,0.7270139455795288,0.9133164882659912,-1.5182002925939742e-06,0.6340749263763428,0.8483489155769348,-0.02481369860470295,0.5603466629981995,0.7256380319595337,-0.03892530873417854,0.5248663425445557,0.6293136477470398,-0.0549873523414135,0.4829743504524231,0.5429051518440247,-0.06693052500486374,0.6334176063537598,0.5204276442527771,-0.008438152261078358,0.5525298118591309,0.5298093557357788,-0.06183643266558647,0.5250007510185242,0.6382976174354553,-0.09758850187063217,0.517292320728302,0.7256329655647278,-0.11329326033592224,0.7020587921142578,0.513077437877655,-0.01745954155921936,0.6151351928710938,0.5741620659828186,-0.06720607727766037,0.5951260924339294,0.7139115333557129,-0.08321331441402435,0.5957492589950562,0.795401394367218,-0.08326045423746109,0.7648972272872925,0.546306312084198,-0.03422848880290985,0.675670325756073,0.6170337200164795,-0.08132793009281158,0.6559270620346069,0.7387529611587524,-0.0740867331624031,0.6570113897323608,0.8019148111343384,-0.05730612948536873,0.8210238218307495,0.6038689613342285,-0.05395722761750221,0.737293004989624,0.6667064428329468,-0.0841013491153717,0.708761990070343,0.7504386305809021,-0.07625149935483932,0.704986572265625,0.7913739681243896,-0.06059512495994568
76534.921,0.7271272540092468,0.9016412496566772,-1.3062139032626874e-06,0.6353500485420227,0.845456063747406,-0.035265468060970306,0.5615267157554626,0.7307807207107544,-0.05573313683271408,0.5186499357223511,0.6468197107315063,-0.07630397379398346,0.4725664258003235,0.5652977228164673,-0.09419228881597519,0.6243155598640442,0.525767982006073,-0.02329079993069172,0.5424357652664185,0.5272731184959412,-0.08393870294094086,0.5043401718139648,0.6251845359802246,-0.12392469495534897,0.48129698634147644,0.7142541408538818,-0.1409495621919632,0.6924993991851807,0.5192965269088745,-0.02976565808057785,0.5966814756393433,0.5540227890014648,-0.09142932295799255,0.551439106464386,0.6886340975761414,-0.11706642806529999,0.5283899903297424,0.786629855632782,-0.1206691712141037,0.7548770308494568,0.5516794323921204,-0.04455025494098663,0.6593350172042847,0.6059342622756958,-0.11191297322511673,0.6098275184631348,0.7368278503417969,-0.11844810843467712,0.5818942189216614,0.8262378573417664,-0.10467640310525894,0.8076712489128113,0.6096184253692627,-0.06130358949303627,0.7281484603881836,0.6558305025100708,-0.11368468403816223,0.6835746169090271,0.748317539691925,-0.11556287854909897,0.6571868658065796,0.8130203485488892,-0.10205193608999252
76534.952,0.7019884586334229,0.9148703813552856,-1.5262181705111288e-06,0.6106054186820984,0.8658547401428223,-0.030851159244775772,0.5383030772209167,0.7493305802345276,-0.048162080347537994,0.5020833015441895,0.6655102372169495,-0.06519986689090729,0.466836154460907,0.5837239027023315,-0.07831920683383942,0.6124446988105774,0.5384209156036377,-0.019869975745677948,0.5299454927444458,0.5630984902381897,-0.07372836768627167,0.5051730871200562,0.6825629472732544,-0.10799962282180786,0.5027162432670593,0.7765414714813232,-0.12152834236621857,0.6799154281616211,0.5330824851989746,-0.02601053938269615,0.58382248878479,0.5985496044158936,-0.07517066597938538,0.5615435838699341,0.7451697587966919,-0.08907490223646164,0.5649444460868835,0.8372910618782043,-0.08665970712900162,0.7404805421829224,0.5708297491073608,-0.039852552115917206,0.6458268761634827,0.6470110416412354,-0.08891650289297104,0.6212264895439148,0.7771796584129333,-0.08111047744750977,0.6211196184158325,0.8510997295379639,-0.062382858246564865,0.7945859432220459,0.6319006681442261,-0.05656559392809868,0.7110990285873413,0.6892985701560974,-0.09008819609880447,0.6797999739646912,0.7789503931999207,-0.08118128031492233,0.6736258864402771,0.8320996165275574,-0.06317707151174545
76534.985,0.7101418972015381,0.9362881183624268,-1.4302564750323654e-06,0.6102697849273682,0.8805959224700928,-0.0352938175201416,0.5374405980110168,0.7673001289367676,-0.054275888949632645,0.4989614486694336,0.6826592087745667,-0.07049890607595444,0.46331387758255005,0.5938107967376709,-0.07992687076330185,0.6091334819793701,0.550024688243866,-0.022373268380761147,0.5179805159568787,0.6102856397628784,-0.07653754204511642,0.5091647505760193,0.728515088558197,-0.10999806225299835,0.5183655619621277,0.8142313957214355,-0.12335147708654404,0.6778573393821716,0.5497339963912964,-0.02618246339261532,0.5721070170402527,0.6459987163543701,-0.0721866637468338,0.5655691027641296,0.7807478308677673,-0.08445483446121216,0.5761128067970276,0.8534417748451233,-0.0834602564573288,0.7366635799407959,0.5924040079116821,-0.03787608444690704,0.630682110786438,0.6877073645591736,-0.08069732785224915,0.6189307570457458,0.8036864995956421,-0.0694442167878151,0.6254977583885193,0.8581750392913818,-0.052129991352558136,0.7863948941230774,0.6583608388900757,-0.05389115959405899,0.693263053894043,0.7310144305229187,-0.0840032547712326,0.671596884727478,0.811633288860321,-0.07511940598487854,0.6737362146377563,0.8489075899124146,-0.05860179290175438
76535.016,0.6964719295501709,0.9501369595527649,-1.4289986438598135e-06,0.5980789661407471,0.9061242341995239,-0.03145984932780266,0.5230722427368164,0.7944580316543579,-0.04787997901439667,0.4832437038421631,0.7127417922019958,-0.06384480744600296,0.44629746675491333,0.633013129234314,-0.07455999404191971,0.5929067730903625,0.571427583694458,-0.011044977232813835,0.5030078887939453,0.622154176235199,-0.0680963322520256,0.485955148935318,0.7375596165657043,-0.10573121905326843,0.4905649423599243,0.8170756101608276,-0.12114127725362778,0.659738302230835,0.5712559223175049,-0.017567861825227737,0.5605422854423523,0.6473625302314758,-0.06633894145488739,0.5445713996887207,0.7843804955482483,-0.07983473688364029,0.5482660531997681,0.8567226529121399,-0.0774565041065216,0.7191434502601624,0.6111721396446228,-0.032922856509685516,0.6206202507019043,0.6923754811286926,-0.07890940457582474,0.5994285941123962,0.8126653432846069,-0.06800059229135513,0.5988089442253113,0.8646278381347656,-0.04852576181292534,0.769165575504303,0.6736481189727783,-0.05227065831422806,0.6838082671165466,0.7387682199478149,-0.07998141646385193,0.6594994068145752,0.8199455738067627,-0.06876686960458755,0.6595523953437805,0.8534636497497559,-0.05015714094042778
76535.049,0.6901963949203491,0.9591346383094788,-1.3272479009174276e-06,0.5949342250823975,0.9207664728164673,-0.0371268093585968,0.5155303478240967,0.8280664682388306,-0.06150924786925316,0.46129220724105835,0.7674455642700195,-0.08553238958120346,0.40984413027763367,0.7097015976905823,-0.10652069747447968,0.5769648551940918,0.5937516689300537,-0.033116284757852554,0.4786967933177948,0.6205967664718628,-0.09180708229541779,0.4400920867919922,0.724444568157196,-0.12966874241828918,0.4234330654144287,0.8120861053466797,-0.14571323990821838,0.6425175070762634,0.5893540978431702,-0.03945491462945938,0.5344357490539551,0.6453890800476074,-0.09799596667289734,0.48717257380485535,0.7818784117698669,-0.1182112842798233,0.4686957001686096,0.8756591081619263,-0.11849455535411835,0.7009137868881226,0.6268705725669861,-0.05353197082877159,0.5987556576728821,0.6862301230430603,-0.11233275383710861,0.5506885051727295,0.808777391910553,-0.11319073289632797,0.5314161777496338,0.8887782096862793,-0.09782955050468445,0.7487578392028809,0.6913468837738037,-0.07053645700216293,0.6634430289268494,0.7436641454696655,-0.1141350045800209,0.6191776394844055,0.819167971611023,-0.11304952204227448,0.5992439389228821,0.8697388768196106,-0.0984325110912323
76535.08,0.6640862226486206,0.990634024143219,-1.3169427575121517e-06,0.5687109231948853,0.9542292952537537,-0.027904272079467773,0.4923480749130249,0.8729202747344971,-0.05059798061847687,0.44485872983932495,0.8158361315727234,-0.07303641736507416,0.40013960003852844,0.7566636204719543,-0.09129324555397034,0.5712746381759644,0.6216097474098206,-0.0213237963616848,0.46721121668815613,0.6607117652893066,-0.07091980427503586,0.45681846141815186,0.7774518132209778,-0.10462334007024765,0.47835952043533325,0.8558917045593262,-0.11900661885738373,0.6317414045333862,0.6282154321670532,-0.028690217062830925,0.5172590613365173,0.7001012563705444,-0.06888359040021896,0.5057545900344849,0.8314673900604248,-0.08088061958551407,0.5232757925987244,0.9047203660011292,-0.08095278590917587,0.6859849691390991,0.6746348142623901,-0.042242538183927536,0.5739797949790955,0.7469085454940796,-0.08141395449638367,0.5576171875,0.8637638092041016,-0.07127735018730164,0.5718653798103333,0.9267266392707825,-0.054703306406736374,0.7330939173698425,0.7437505125999451,-0.05877784639596939,0.6365029215812683,0.7955749034881592,-0.08719077706336975,0.6127121448516846,0.8768535852432251,-0.07670745253562927,0.6231335997581482,0.9286596775054932,-0.05843663960695267
76535.114,0.6920714378356934,1.0048549175262451,-1.1812581988124293e-06,0.5869149565696716,0.9579963088035583,-0.03145844116806984,0.504215657711029,0.8936702609062195,-0.058269791305065155,0.44372284412384033,0.8455905914306641,-0.08357426524162292,0.4050406813621521,0.7954465746879578,-0.10282614082098007,0.5586899518966675,0.6431316137313843,-0.02683139406144619,0.46092671155929565,0.742513120174408,-0.07670824229717255,0.4584377408027649,0.8495458960533142,-0.11165617406368256,0.48129844665527344,0.9192847013473511,-0.12854275107383728,0.6186937689781189,0.6595054268836975,-0.03402811661362648,0.5059679746627808,0.7778206467628479,-0.07438553869724274,0.5065921545028687,0.890162467956543,-0.0898919627070427,0.5248345136642456,0.9503610134124756,-0.09424784779548645,0.6706174612045288,0.712689995765686,-0.04692961275577545,0.5565164685249329,0.8244703412055969,-0.08183655887842178,0.5553795695304871,0.9191795587539673,-0.07453597337007523,0.5716634392738342,0.961173951625824,-0.06310824304819107,0.7148828506469727,0.7880385518074036,-0.06402815878391266,0.6162571907043457,0.8741707801818848,-0.08781816810369492,0.6046221852302551,0.9400753378868103,-0.07940932363271713,0.6156739592552185,0.9697557687759399,-0.06509289145469666
76535.147,0.6931997537612915,1.0294562578201294,-8.637692303636868e-07,0.590168833732605,0.9822507500648499,-0.027785977348685265,0.5135864615440369,0.925127387046814,-0.05315449833869934,0.449242502450943,0.8975911140441895,-0.0772683396935463,0.40243494510650635,0.8842573761940002,-0.09388188272714615,0.541205883026123,0.6897843480110168,-0.03167295828461647,0.4375894069671631,0.8110732436180115,-0.0678003802895546,0.45157140493392944,0.8910977244377136,-0.08338481932878494,0.48489290475845337,0.897275447845459,-0.09144601225852966,0.5969456434249878,0.7106829881668091,-0.041850827634334564,0.47178903222084045,0.8791706562042236,-0.07609871029853821,0.4927009046077728,0.9509274959564209,-0.07905763387680054,0.5232100486755371,0.9422455430030823,-0.07730104774236679,0.6454014182090759,0.7685133218765259,-0.05668547376990318,0.5197417140007019,0.9249570369720459,-0.08852759003639221,0.538982093334198,0.9894977807998657,-0.07472461462020874,0.5667124390602112,0.9777441024780273,-0.061466485261917114,0.6861782073974609,0.8472463488578796,-0.07558400183916092,0.582187294960022,0.9724439978599548,-0.09901289641857147,0.5864560008049011,1.0213282108306885,-0.0909314751625061,0.6097330451011658,1.0168520212173462,-0.07801400870084763
76535.176,0.6797404289245605,1.0454955101013184,-1.0099342944158707e-06,0.5923232436180115,1.00461745262146,-0.025123700499534607,0.5090498328208923,0.9660122990608215,-0.05085434019565582,0.44659698009490967,0.9814457893371582,-0.07714487612247467,0.42045846581459045,1.0217403173446655,-0.10115934163331985,0.5023303627967834,0.7497262954711914,-0.03588855639100075,0.39487022161483765,0.9329890608787537,-0.07470255345106125,0.39609187841415405,1.039074182510376,-0.0957169383764267,0.4282030463218689,1.0778577327728271,-0.1041894182562828,0.5619105100631714,0.7733932137489319,-0.04746661335229874,0.44099634885787964,0.983512282371521,-0.08176533132791519,0.45867082476615906,1.0799438953399658,-0.09036792069673538,0.48781490325927734,1.1117883920669556,-0.09027590602636337,0.6172394752502441,0.8307145237922668,-0.061622586101293564,0.5000498294830322,1.022103190422058,-0.09058114141225815,0.5183055996894836,1.1017109155654907,-0.08183595538139343,0.5433360934257507,1.1171237230300903,-0.07034050673246384,0.6695124506950378,0.9105263948440552,-0.07895972579717636,0.5812024474143982,1.0518898963928223,-0.09707828611135483,0.582334041595459,1.1074641942977905,-0.08409775793552399,0.5989692211151123,1.1186879873275757,-0.06668063253164291
